Transaction Hash,Blockno,UnixTimestamp,DateTime (UTC),From,To,ContractAddress,Value_IN(ETH),Value_OUT(ETH),CurrentValue @ $3124.24592799961/Eth,TxnFee(ETH),TxnFee(USD),Historical $Price/Eth,Status,ErrCode,Method
0xe5fce71071909c5381fb780a09971b94fc517eb3e4d50f97641d36a84b265fd9,22929369,1752640211,16/07/25 04:30,0x0a7da29599a326568c88ef1ff2fb2f42262090fd,0xe5544a2a5fa9b175da60d8eec67add5582bb31b0,,0,0,0,2.61767E-05,0.081782376,,,,Mint
0xc450b3d15d221037bd106e726f887251ad41c5e0cadbcbb8170a3cd1a31e1421,22929342,1752639887,16/07/25 04:24,0x0a7da29599a326568c88ef1ff2fb2f42262090fd,0xe5544a2a5fa9b175da60d8eec67add5582bb31b0,,0,0,0,2.4599E-05,0.076853181,,,,Mint
0x43c4ede96f10876ab0dc71885a595e8c55c28526c510cfe9ca29578b6d5e20b3,22929251,1752638783,16/07/25 04:06,0x0a7da29599a326568c88ef1ff2fb2f42262090fd,0xe5544a2a5fa9b175da60d8eec67add5582bb31b0,,0,0,0,2.32861E-05,0.072751507,,,,Mint
0x5b7e9bd6f3635153c95e8f2ca3fe4e310aee71f9d638f597876d969b25bc592e,22928428,1752628847,16/07/25 01:20,0x0a7da29599a326568c88ef1ff2fb2f42262090fd,0xe5544a2a5fa9b175da60d8eec67add5582bb31b0,,0,0,0,6.18935E-05,0.193370663,,,,Mint
0x218f0908d201d35eb85ab1469c9d8897bd2005b4de1075ea4bfb1616351ec770,22928243,1752626603,16/07/25 00:43,0x0a7da29599a326568c88ef1ff2fb2f42262090fd,0xe5544a2a5fa9b175da60d8eec67add5582bb31b0,,0,0,0,4.79886E-05,0.14992827,,,,Mint
0x9467390d3ec0ef9ca34b146784fae40bd25cec2e7d3552c5f3229838845c8fd6,22927837,1752621719,15/07/25 23:21,0x0a7da29599a326568c88ef1ff2fb2f42262090fd,0xe5544a2a5fa9b175da60d8eec67add5582bb31b0,,0,0,0,8.93979E-05,0.279300914,3139.33,,,Mint
0x473e790c54f5e565e7ebdb727311d925672f8ad054099fbc089d36bb7ef3f8a2,22927772,1752620939,15/07/25 23:08,0x0a7da29599a326568c88ef1ff2fb2f42262090fd,0xe5544a2a5fa9b175da60d8eec67add5582bb31b0,,0,0,0,0.000109362,0.341672484,3139.33,,,Mint
0xaee3e51a7231d62ddcdfdccaf927f4c22f322df5a7d6049bbc161bb9970ba5a5,22927633,1752619271,15/07/25 22:41,0x0a7da29599a326568c88ef1ff2fb2f42262090fd,0xe5544a2a5fa9b175da60d8eec67add5582bb31b0,,0,0,0,4.18693E-05,0.130810001,3139.33,,,Mint
0xa003a87384ec5b43f23bb93d19e010f04cfa142b7e3cc877389caab4f22726c7,22927563,1752618431,15/07/25 22:27,0x0a7da29599a326568c88ef1ff2fb2f42262090fd,0xe5544a2a5fa9b175da60d8eec67add5582bb31b0,,0,0,0,4.56078E-05,0.14248983,3139.33,,,Mint
0x53203886047c08bde76db6a93ec11426e89623334aa74ff34a610b6d6c551037,22927539,1752618143,15/07/25 22:22,0x0a7da29599a326568c88ef1ff2fb2f42262090fd,0xe5544a2a5fa9b175da60d8eec67add5582bb31b0,,0,0,0,4.51111E-05,0.140938233,3139.33,,,Mint
0x0a7deb0b51ea4ab24341f19d21d4db20f01fc1e29e9596cf94ffff911c40d2bf,22927509,1752617783,15/07/25 22:16,0x0a7da29599a326568c88ef1ff2fb2f42262090fd,0xe5544a2a5fa9b175da60d8eec67add5582bb31b0,,0,0,0,5.18238E-05,0.161910304,3139.33,,,Mint
0x1dc8c1a6b543c657f3e9106f5ca83889df8c96c25b2296e049e16cc694b0a84c,22927182,1752613847,15/07/25 21:10,0x0a7da29599a326568c88ef1ff2fb2f42262090fd,0xe5544a2a5fa9b175da60d8eec67add5582bb31b0,,0,0,0,7.08128E-05,0.221236684,3139.33,,,Mint
0x03a9a8211ea20f524aeae4debf85d6187f2b1f1085671c4e7c3af44b9f8fac3d,22927164,1752613631,15/07/25 21:07,0x0a7da29599a326568c88ef1ff2fb2f42262090fd,0xe5544a2a5fa9b175da60d8eec67add5582bb31b0,,0,0,0,7.8228E-05,0.244403401,3139.33,,,Mint
0x286b29a202b17cae007c3f6d003ea7b74e6f159e37c4f9b798736b100cbfa48a,22927134,1752613259,15/07/25 21:00,0x0a7da29599a326568c88ef1ff2fb2f42262090fd,0xe5544a2a5fa9b175da60d8eec67add5582bb31b0,,0,0,0,5.85404E-05,0.1828945,3139.33,,,Mint
0x291920a3874a6cd80e0db9caf9c904b9db9cb294888221d352d8d18a90ba443b,22927115,1752613031,15/07/25 20:57,0x0a7da29599a326568c88ef1ff2fb2f42262090fd,0xe5544a2a5fa9b175da60d8eec67add5582bb31b0,,0,0,0,5.71935E-05,0.1786866,3139.33,,,Mint
0x7185681507b0b53abdc57963a71e0ea717f8afe84710d1248b71ec3f08ad9836,22926903,1752610463,15/07/25 20:14,0x0a7da29599a326568c88ef1ff2fb2f42262090fd,0xe5544a2a5fa9b175da60d8eec67add5582bb31b0,,0,0,0,9.60527E-05,0.300092245,3139.33,,,Mint
0xc54025367167296b64a0f5e9da12b8b733ac44064e7c2e965f33dba59918ff9a,22926865,1752610007,15/07/25 20:06,0x0a7da29599a326568c88ef1ff2fb2f42262090fd,0xe5544a2a5fa9b175da60d8eec67add5582bb31b0,,0,0,0,0.000129645,0.405042124,3139.33,,,Mint
0xb14e9fa735c467ab683b12af5c9c71758ce016725e9a344d51491a0bd724963a,22926605,1752606887,15/07/25 19:14,0x0a7da29599a326568c88ef1ff2fb2f42262090fd,0xe5544a2a5fa9b175da60d8eec67add5582bb31b0,,0,0,0,0.000232865,0.72752817,3139.33,,,Mint
0xb62b9c8646f5b1154d24d3b9906b6994c99b37f97a4b8fc0a5c2b67c096fb26b,22926459,1752605135,15/07/25 18:45,0x0a7da29599a326568c88ef1ff2fb2f42262090fd,0xe5544a2a5fa9b175da60d8eec67add5582bb31b0,,0,0,0,0.000290373,0.907195963,3139.33,,,Mint
0x8bce0d19ecb59456e01122c1ac96647e13c51f8bb1877e9e6c41c9fbb3dbd2c3,22925807,1752597287,15/07/25 16:34,0x0a7da29599a326568c88ef1ff2fb2f42262090fd,0xe5544a2a5fa9b175da60d8eec67add5582bb31b0,,0,0,0,0.000187802,0.586740522,3139.33,,,Mint
0x8bc0c35a00ae7b8c4198fc381e63db5f8952b30e5658ddfd78490f90ff40ff1f,22925687,1752595835,15/07/25 16:10,0x0a7da29599a326568c88ef1ff2fb2f42262090fd,0xe5544a2a5fa9b175da60d8eec67add5582bb31b0,,0,0,0,0.000212514,0.663945556,3139.33,,,Mint
0x452fdf9670bc26e6658daa0f29fbd6b37fdecfa9ec49b74f649cce47c1f2ba6c,22925655,1752595451,15/07/25 16:04,0x0a7da29599a326568c88ef1ff2fb2f42262090fd,0xe5544a2a5fa9b175da60d8eec67add5582bb31b0,,0,0,0,0.000183112,0.572087409,3139.33,,,Mint
0xa85da6b7c61212ce9f6a55aff4b3a206a6e934b19b7cb5accef1d85c0eb7d76a,22925395,1752592319,15/07/25 15:11,0x0a7da29599a326568c88ef1ff2fb2f42262090fd,0xe5544a2a5fa9b175da60d8eec67add5582bb31b0,,0,0,0,0.000297005,0.927916633,3139.33,,,Mint
0xee060714637e08e020552b39f2824be490a65031c9f6a7a8b700476985410660,22925335,1752591599,15/07/25 14:59,0x0a7da29599a326568c88ef1ff2fb2f42262090fd,0xe5544a2a5fa9b175da60d8eec67add5582bb31b0,,0,0,0,0.000532023,1.662170734,3139.33,,,Mint
0x275a6521c229853ce802dbc40df0081c37ef2a6a6026d3c20d5f74eb95a3bdb9,22925175,1752589667,15/07/25 14:27,0x0a7da29599a326568c88ef1ff2fb2f42262090fd,0xe5544a2a5fa9b175da60d8eec67add5582bb31b0,,0,0,0,0.000193215,0.603651863,3139.33,,,Mint
0xcab6f243825d327f9b6a3a0a3717b5db43852ab03581a09530e0cd03913f142b,22925106,1752588839,15/07/25 14:13,0x0a7da29599a326568c88ef1ff2fb2f42262090fd,0xe5544a2a5fa9b175da60d8eec67add5582bb31b0,,0,0,0,0.000134963,0.42165883,3139.33,,,Mint
0x13bbe2c9290bd0814ea79294d3c9776d59d8fc1966356385c2cd2bddd4a498fd,22924963,1752587099,15/07/25 13:44,0x0a7da29599a326568c88ef1ff2fb2f42262090fd,0xe5544a2a5fa9b175da60d8eec67add5582bb31b0,,0,0,0,0.000158337,0.494683302,3139.33,,,Mint
0xd016c0f5ee2651bcae0242ff2b9686499518adcd3ef98f1f4ecbbbe55deb7f3b,22924757,1752584615,15/07/25 13:03,0x0a7da29599a326568c88ef1ff2fb2f42262090fd,0xe5544a2a5fa9b175da60d8eec67add5582bb31b0,,0,0,0,0.000107098,0.334601389,3139.33,,,Mint
0xa3c132bf1b052ad5e192598bbb80473211005edba763dfeafc6a2002b36696db,22924652,1752583355,15/07/25 12:42,0x0a7da29599a326568c88ef1ff2fb2f42262090fd,0xe5544a2a5fa9b175da60d8eec67add5582bb31b0,,0,0,0,0.000110738,0.34597215,3139.33,,,Mint
0x20512e3994ad1193522a1358a80ba243877c8f1513455ec87f843431b374cb61,22924475,1752581207,15/07/25 12:06,0x0a7da29599a326568c88ef1ff2fb2f42262090fd,0xe5544a2a5fa9b175da60d8eec67add5582bb31b0,,0,0,0,4.9877E-05,0.155828154,3139.33,,,Mint
0x18d642d7e36285a731c0b295f03ddb25aabfb79f3046d1fa75815e1ed3d953c3,22924462,1752581051,15/07/25 12:04,0x0a7da29599a326568c88ef1ff2fb2f42262090fd,0xe5544a2a5fa9b175da60d8eec67add5582bb31b0,,0,0,0,5.32523E-05,0.166373315,3139.33,,,Mint
0xb46102a1bb024084cfb04f8b994ebb7eb44282b059b8ce057477d059f48339d3,22924294,1752579035,15/07/25 11:30,0x0a7da29599a326568c88ef1ff2fb2f42262090fd,0xe5544a2a5fa9b175da60d8eec67add5582bb31b0,,0,0,0,4.75072E-05,0.148424168,3139.33,,,Mint
0xff88a321aff3539c0ee0e157bbf1effc509ae4567e9391d8f7c381e2a18c9744,22924079,1752576443,15/07/25 10:47,0x0a7da29599a326568c88ef1ff2fb2f42262090fd,0xe5544a2a5fa9b175da60d8eec67add5582bb31b0,,0,0,0,6.09892E-05,0.190545289,3139.33,,,Mint
0x60c5483da40dadd05a5b60af2b609559db74ec830cc3037a90818738d142c555,22923934,1752574691,15/07/25 10:18,0x0a7da29599a326568c88ef1ff2fb2f42262090fd,0xe5544a2a5fa9b175da60d8eec67add5582bb31b0,,0,0,0,5.00675E-05,0.156423186,3139.33,,,Mint
0xd03897db17aeba8a29f5bfb5fdd444e83550e513057e6808eba6bc1e422ee92b,22923807,1752573155,15/07/25 09:52,0x0a7da29599a326568c88ef1ff2fb2f42262090fd,0xe5544a2a5fa9b175da60d8eec67add5582bb31b0,,0,0,0,4.2994E-05,0.13432368,3139.33,,,Mint
0x7e0226c653f6bc6caab037b242d8043721ac09298a0a9bd4ec7664387bf664ea,22923705,1752571931,15/07/25 09:32,0x0a7da29599a326568c88ef1ff2fb2f42262090fd,0xe5544a2a5fa9b175da60d8eec67add5582bb31b0,,0,0,0,4.60179E-05,0.143771104,3139.33,,,Mint
0xfa7e19dd7ad4853aea64e6f6680b32bf17f77a76b757e0ca6dfecc88ea8f2e60,22923323,1752567323,15/07/25 08:15,0x0a7da29599a326568c88ef1ff2fb2f42262090fd,0xe5544a2a5fa9b175da60d8eec67add5582bb31b0,,0,0,0,2.90118E-05,0.090639895,3139.33,,,Mint
0x2c97538419ce4d833ffc5372af11d4876d95c3d22bdea1eeecc24a25f9b4f71c,22923270,1752566687,15/07/25 08:04,0x0a7da29599a326568c88ef1ff2fb2f42262090fd,0xe5544a2a5fa9b175da60d8eec67add5582bb31b0,,0,0,0,4.77687E-05,0.149241181,3139.33,,,Mint
0x3bf80492043eb059fb644d9592037d241fac5a90d98ae0b75a83230157d8b3e8,22923159,1752565355,15/07/25 07:42,0x0a7da29599a326568c88ef1ff2fb2f42262090fd,0xe5544a2a5fa9b175da60d8eec67add5582bb31b0,,0,0,0,2.96762E-05,0.092715819,3139.33,,,Mint
0x4f7b0f922466ffa52bd23c108d9b522c8e2470783fc3cc5f477edbd5ce8db480,22922963,1752563003,15/07/25 07:03,0x0a7da29599a326568c88ef1ff2fb2f42262090fd,0xe5544a2a5fa9b175da60d8eec67add5582bb31b0,,0,0,0,3.13629E-05,0.097985355,3139.33,,,Mint
0x8e40aaf94180660ae7ea01a38daf5ef21150b22da260bf7b873126dbc718c6a6,22922821,1752561275,15/07/25 06:34,0x0a7da29599a326568c88ef1ff2fb2f42262090fd,0xe5544a2a5fa9b175da60d8eec67add5582bb31b0,,0,0,0,3.07941E-05,0.096208308,3139.33,,,Mint
0xa667639cc1e56b028f83bdd5daa4c3e43c8cd4b6ae3e0504ccf69ede93492c9f,22922661,1752559343,15/07/25 06:02,0x0a7da29599a326568c88ef1ff2fb2f42262090fd,0xe5544a2a5fa9b175da60d8eec67add5582bb31b0,,0,0,0,3.90846E-05,0.122109802,3139.33,,,Mint
0x75b8811138023c12d21ce086beb6d2adf16e3b3b2b50772741be06eff693bb81,22922623,1752558887,15/07/25 05:54,0x0a7da29599a326568c88ef1ff2fb2f42262090fd,0xe5544a2a5fa9b175da60d8eec67add5582bb31b0,,0,0,0,2.73162E-05,0.085342371,3139.33,,,Mint
0xf326ce9b7e44c33a758376ef87e617d41f3c564f27220861a0942a6d022a65e4,22922556,1752558083,15/07/25 05:41,0x0a7da29599a326568c88ef1ff2fb2f42262090fd,0xe5544a2a5fa9b175da60d8eec67add5582bb31b0,,0,0,0,2.76024E-05,0.086236669,3139.33,,,Mint
0xeff7142987d5fffe215380ad7440b3e861de56ed697f633fe14755ddc3e44515,22922547,1752557975,15/07/25 05:39,0x0a7da29599a326568c88ef1ff2fb2f42262090fd,0xe5544a2a5fa9b175da60d8eec67add5582bb31b0,,0,0,0,2.71997E-05,0.084978691,3139.33,,,Mint
0xa46eb9af7ddd87472025cd3a0168127042fc6d0dc7580ac051ed2af95988e316,22922480,1752557159,15/07/25 05:25,0x0a7da29599a326568c88ef1ff2fb2f42262090fd,0xe5544a2a5fa9b175da60d8eec67add5582bb31b0,,0,0,0,2.77837E-05,0.086803001,3139.33,,,Mint
0xe4d7ed21c111826549cce54768e385db2e25dd351e2e221fbd43b40f9445e8bc,22922390,1752556079,15/07/25 05:07,0x0a7da29599a326568c88ef1ff2fb2f42262090fd,0xe5544a2a5fa9b175da60d8eec67add5582bb31b0,,0,0,0,2.62104E-05,0.081887772,3139.33,,,Mint
0x97ae84c59dd24a10cf3ed01a9ff6b29e7f8a412eee59fab38b0c311ff28cfccc,22922323,1752555275,15/07/25 04:54,0x0a7da29599a326568c88ef1ff2fb2f42262090fd,0xe5544a2a5fa9b175da60d8eec67add5582bb31b0,,0,0,0,2.44223E-05,0.076301297,3139.33,,,Mint
0x4f0b8cf573e66d014e0d1903cac9815c726a4f85eba83ca9c0fc784e184515c7,22922255,1752554447,15/07/25 04:40,0x0a7da29599a326568c88ef1ff2fb2f42262090fd,0xe5544a2a5fa9b175da60d8eec67add5582bb31b0,,0,0,0,3.01908E-05,0.094323547,3139.33,,,Mint
0x63379ed8413b82913c0bd80629e8e589d29307d688366494ded70fd38ca9b92d,22922068,1752552191,15/07/25 04:03,0x0a7da29599a326568c88ef1ff2fb2f42262090fd,0xe5544a2a5fa9b175da60d8eec67add5582bb31b0,,0,0,0,2.16535E-05,0.067650942,3139.33,,,Mint
0x48d565c6877f8cae6401554ed1e3ca10a788197eaf2cee3c6789fe207efa08ad,22922038,1752551831,15/07/25 03:57,0x0a7da29599a326568c88ef1ff2fb2f42262090fd,0xe5544a2a5fa9b175da60d8eec67add5582bb31b0,,0,0,0,2.63033E-05,0.082177931,3139.33,,,Mint
0xcc5e786716432884e0ccb0dc21c930369473b7dd6d625b4c6f67ed35f42c0420,22922019,1752551603,15/07/25 03:53,0x0a7da29599a326568c88ef1ff2fb2f42262090fd,0xe5544a2a5fa9b175da60d8eec67add5582bb31b0,,0,0,0,2.87423E-05,0.089797941,3139.33,,,Mint
0x1f98539c3261b0c75fb1f53aa52741d69239b45e098a1dbfa5a08628ed568913,22921841,1752549455,15/07/25 03:17,0x0a7da29599a326568c88ef1ff2fb2f42262090fd,0xe5544a2a5fa9b175da60d8eec67add5582bb31b0,,0,0,0,8.91391E-05,0.278492364,3139.33,,,Mint
0x05dd30293e46ba51494376267443c01003a3ae618b62acbf536c2b4981994c11,22921752,1752548375,15/07/25 02:59,0x0a7da29599a326568c88ef1ff2fb2f42262090fd,0xe5544a2a5fa9b175da60d8eec67add5582bb31b0,,0,0,0,2.52608E-05,0.078921006,3139.33,,,Mint
0xb083298f6c6ed2d254fd51754659e790cc771194e68da167d3679ecc7eb2c194,22921312,1752543083,15/07/25 01:31,0x0a7da29599a326568c88ef1ff2fb2f42262090fd,0xe5544a2a5fa9b175da60d8eec67add5582bb31b0,,0,0,0,3.4659E-05,0.108283111,3139.33,,,Mint
0xb5bcf11bd278f9ee3fb989954f0e0155f441e9da5079a1380470e6c636757449,22921285,1752542759,15/07/25 01:25,0x0a7da29599a326568c88ef1ff2fb2f42262090fd,0xe5544a2a5fa9b175da60d8eec67add5582bb31b0,,0,0,0,3.50711E-05,0.10957078,3139.33,,,Mint
0x0199d462e6719fdf50dc5c05714b61c0b63f47413f57e64d74caa05951b19eca,22921202,1752541727,15/07/25 01:08,0x0a7da29599a326568c88ef1ff2fb2f42262090fd,0xe5544a2a5fa9b175da60d8eec67add5582bb31b0,,0,0,0,3.16143E-05,0.09877094,3139.33,,,Mint
0x949d761068fd26b7b0a93c169e65825804f1fb25ba53032c3fcdfb43a5e665ec,22921112,1752540647,15/07/25 00:50,0x0a7da29599a326568c88ef1ff2fb2f42262090fd,0xe5544a2a5fa9b175da60d8eec67add5582bb31b0,,0,0,0,3.21782E-05,0.100532506,3139.33,,,Mint
0xec2db9c2312e9162350843139bfa5db6e9f9f57d6e41d14cd1e94078fbbd31ed,22921067,1752540107,15/07/25 00:41,0x0a7da29599a326568c88ef1ff2fb2f42262090fd,0xe5544a2a5fa9b175da60d8eec67add5582bb31b0,,0,0,0,2.74705E-05,0.08582459,3139.33,,,Mint
0xca88e257f7d4455d771de183418f05be27050349bb8811a79e027b3977a37938,22921005,1752539363,15/07/25 00:29,0x0a7da29599a326568c88ef1ff2fb2f42262090fd,0xe5544a2a5fa9b175da60d8eec67add5582bb31b0,,0,0,0,3.26893E-05,0.102129435,3139.33,,,Mint
0xfd9edc92ab716d6f7e8844af66787f4651941a2a53f08ac6684581ced770a34a,22920885,1752537923,15/07/25 00:05,0x0a7da29599a326568c88ef1ff2fb2f42262090fd,0xe5544a2a5fa9b175da60d8eec67add5582bb31b0,,0,0,0,3.45258E-05,0.107867006,3139.33,,,Mint
0xb4a3112cadcd6e6d3880f52822e806835fab660027bef4f5b5f2f166f445cc79,22920666,1752535295,14/07/25 23:21,0x0a7da29599a326568c88ef1ff2fb2f42262090fd,0xe5544a2a5fa9b175da60d8eec67add5582bb31b0,,0,0,0,7.51512E-05,0.234790968,3014.66,,,Mint
0x2ea6e25701fce5a9feb7f48f65900a7e831539d767d9078f70521e17673ccb39,22920526,1752533615,14/07/25 22:53,0x0a7da29599a326568c88ef1ff2fb2f42262090fd,0xe5544a2a5fa9b175da60d8eec67add5582bb31b0,,0,0,0,5.35315E-05,0.167245474,3014.66,,,Mint
0x44c581fa6723d430fc773563a16c4b16ff4cb1b278995ab49b9efc52f925c688,22920397,1752532055,14/07/25 22:27,0x0a7da29599a326568c88ef1ff2fb2f42262090fd,0xe5544a2a5fa9b175da60d8eec67add5582bb31b0,,0,0,0,8.41348E-05,0.262857716,3014.66,,,Mint
0x87e994e4487ec119abfcdcdb66e56aaef762f0bfbece8d8e1740194a37573b98,22920390,1752531971,14/07/25 22:26,0x0a7da29599a326568c88ef1ff2fb2f42262090fd,0xe5544a2a5fa9b175da60d8eec67add5582bb31b0,,0,0,0,8.67215E-05,0.270939322,3014.66,,,Mint
0xfcd2f4cb94d1215e9aa29ff6b50d5742bfcd4d50bfeff91a2896fdfefad9a4a5,22920343,1752531407,14/07/25 22:16,0x0a7da29599a326568c88ef1ff2fb2f42262090fd,0xe5544a2a5fa9b175da60d8eec67add5582bb31b0,,0,0,0,0.000119181,0.372349585,3014.66,,,Mint
0x03f8cc0b7678af048bde0d512a743d7ab41fb2a7da88e49f07f4970396cd1025,22920274,1752530579,14/07/25 22:02,0x0a7da29599a326568c88ef1ff2fb2f42262090fd,0xe5544a2a5fa9b175da60d8eec67add5582bb31b0,,0,0,0,9.31677E-05,0.29107883,3014.66,,,Mint
0xd1bdcd4f3d36397068ddb534c66ba19a7a78b7e0399e13397a60bf39866903f1,22918933,1752514451,14/07/25 17:34,0x0a7da29599a326568c88ef1ff2fb2f42262090fd,0xe5544a2a5fa9b175da60d8eec67add5582bb31b0,,0,0,0,0.000151558,0.473503781,3014.66,,,Mint
0xd931e1a049048ae16cd72ef6968cece7a7ef12864e69348bfc86b81272c8847d,22918887,1752513899,14/07/25 17:24,0x0a7da29599a326568c88ef1ff2fb2f42262090fd,0xe5544a2a5fa9b175da60d8eec67add5582bb31b0,,0,0,0,0.000158195,0.494241501,3014.66,,,Mint
0x35f666e610d1409192af72d553fe0369e3943c58a452d8e918f19fd6c572b7c3,22918797,1752512819,14/07/25 17:06,0x0a7da29599a326568c88ef1ff2fb2f42262090fd,0xe5544a2a5fa9b175da60d8eec67add5582bb31b0,,0,0,0,0.000266835,0.833657985,3014.66,,,Mint
0x581bcb442235bac777d305fe41d7a3645545af119d50ebd8711be152156078cb,22918764,1752512411,14/07/25 17:00,0x0a7da29599a326568c88ef1ff2fb2f42262090fd,0xe5544a2a5fa9b175da60d8eec67add5582bb31b0,,0,0,0,0.000203046,0.634367094,3014.66,,,Mint
0xd8fad71a5cd1bb3b9dd935fcc1c695048aad03f7d8f053b4729492651f1e1c83,22918731,1752512015,14/07/25 16:53,0x0a7da29599a326568c88ef1ff2fb2f42262090fd,0xe5544a2a5fa9b175da60d8eec67add5582bb31b0,,0,0,0,0.00024227,0.756909767,3014.66,,,Mint
0xa730028f4b259d03bc3e9c3e041736171bcf48334710d7a634720a3c554c5ab1,22918606,1752510491,14/07/25 16:28,0x0a7da29599a326568c88ef1ff2fb2f42262090fd,0xe5544a2a5fa9b175da60d8eec67add5582bb31b0,,0,0,0,0.000254999,0.796679879,3014.66,,,Mint
0xf0062e01857218ecac2f0b82c6e192eb5608fd9988cf15c72c59719d155a8418,22918594,1752510347,14/07/25 16:25,0x0a7da29599a326568c88ef1ff2fb2f42262090fd,0xe5544a2a5fa9b175da60d8eec67add5582bb31b0,,0,0,0,0.000276996,0.865403554,3014.66,,,Mint
0x9c562d0b997aaaa194091e667cd38c35dbb478bdd65af0b18ca739c0ce645d6d,22918528,1752509555,14/07/25 16:12,0x0a7da29599a326568c88ef1ff2fb2f42262090fd,0xe5544a2a5fa9b175da60d8eec67add5582bb31b0,,0,0,0,0.000286562,0.895290074,3014.66,,,Mint
0xf7b9b90721191c38cbb53406b8546b58b54d3e4f6f5868284383c93abf9f7097,22918480,1752508979,14/07/25 16:02,0x0a7da29599a326568c88ef1ff2fb2f42262090fd,0xe5544a2a5fa9b175da60d8eec67add5582bb31b0,,0,0,0,0.000375696,1.173766325,3014.66,,,Mint
0x612b7ed2a42021b57f3ae7942ae75c3b83a9deebdbff671c378a3f95ae6ecf17,22918457,1752508691,14/07/25 15:58,0x0a7da29599a326568c88ef1ff2fb2f42262090fd,0xe5544a2a5fa9b175da60d8eec67add5582bb31b0,,0,0,0,0.000354055,1.106153964,3014.66,,,Mint
0x8c1be91dd9878c36da9b8e6df24bda591b9eb678b91b50912a2dbe5628b14752,22918394,1752507935,14/07/25 15:45,0x0a7da29599a326568c88ef1ff2fb2f42262090fd,0xe5544a2a5fa9b175da60d8eec67add5582bb31b0,,0,0,0,0.000207945,0.649672874,3014.66,,,Mint
0x416f1c1fadcf3e2f54c6e3b601f8b62e38696a883c063d2b4e7141cf94bc10cd,22918345,1752507347,14/07/25 15:35,0x0a7da29599a326568c88ef1ff2fb2f42262090fd,0xe5544a2a5fa9b175da60d8eec67add5582bb31b0,,0,0,0,0.00022497,0.702861889,3014.66,,,Mint
0x1519b601aa1c3e84ffe0af9cc74f6b52c56529f299308b027bba5372985d26f6,22918306,1752506879,14/07/25 15:27,0x0a7da29599a326568c88ef1ff2fb2f42262090fd,0xe5544a2a5fa9b175da60d8eec67add5582bb31b0,,0,0,0,0.000245239,0.766186547,3014.66,,,Mint
0x898021ca2347b733b6246a57e3a693c70985acbacac8bb986ec042ba415cbb47,22918242,1752506099,14/07/25 15:14,0x0a7da29599a326568c88ef1ff2fb2f42262090fd,0xe5544a2a5fa9b175da60d8eec67add5582bb31b0,,0,0,0,0.000247461,0.773130282,3014.66,,,Mint
0x00214fc9a1bc213f665abaa272b38620220a49677d867a537113adfa232f7e9c,22918232,1752505979,14/07/25 15:12,0x0a7da29599a326568c88ef1ff2fb2f42262090fd,0xe5544a2a5fa9b175da60d8eec67add5582bb31b0,,0,0,0,0.000271078,0.84691543,3014.66,,,Mint
0x9f1dbef90762cc91fa344a9f18d3ce13da53c8dbfc6d45b592242598d037d09b,22918227,1752505907,14/07/25 15:11,0x0a7da29599a326568c88ef1ff2fb2f42262090fd,0xe5544a2a5fa9b175da60d8eec67add5582bb31b0,,0,0,0,0.000238668,0.745658531,3014.66,,,Mint
0x904f1cdd87bf7b17dd98d33138b50cbf727977dabe666fce2812e1dfcaedd5a7,22918145,1752504923,14/07/25 14:55,0x0a7da29599a326568c88ef1ff2fb2f42262090fd,0xe5544a2a5fa9b175da60d8eec67add5582bb31b0,,0,0,0,0.000349154,1.090842096,3014.66,,,Mint
0xd4ed83938383d47bbc53514a115217de6ce750809dc31fa2797fb005d3ca9bc9,22918059,1752503879,14/07/25 14:37,0x0a7da29599a326568c88ef1ff2fb2f42262090fd,0xe5544a2a5fa9b175da60d8eec67add5582bb31b0,,0,0,0,0.000340948,1.065206534,3014.66,,,Mint
0x48185c53975881dca4cca8b53180c0b8bf226c2d6892209336527f40328dd618,22918001,1752503171,14/07/25 14:26,0x0a7da29599a326568c88ef1ff2fb2f42262090fd,0xe5544a2a5fa9b175da60d8eec67add5582bb31b0,,0,0,0,0.000322314,1.006988102,3014.66,,,Mint
0x1d12bad8455f49ee9fa43b41533b0fbd471969406ec3688b09dbedd96049413f,22917922,1752502211,14/07/25 14:10,0x0a7da29599a326568c88ef1ff2fb2f42262090fd,0xe5544a2a5fa9b175da60d8eec67add5582bb31b0,,0,0,0,0.000241899,0.755752561,3014.66,,,Mint
0x5a95412031a3766c3802c9207aa0c8c9ec232154605348dd3dca5613749f4509,22917911,1752502079,14/07/25 14:07,0x0a7da29599a326568c88ef1ff2fb2f42262090fd,0xe5544a2a5fa9b175da60d8eec67add5582bb31b0,,0,0,0,0.000239076,0.746932569,3014.66,,,Mint
0x15c8fba69a51bc656d85a545421de14dcfbbbbfcbb7fc8e816b38eea3715677b,22917761,1752500279,14/07/25 13:37,0x0a7da29599a326568c88ef1ff2fb2f42262090fd,0xe5544a2a5fa9b175da60d8eec67add5582bb31b0,,0,0,0,0.000241964,0.755956548,3014.66,,,Mint
0xd31dfdaaff9f04387dc66639300127a196aed30baa4f18430c0416b10dd91658,22917742,1752500051,14/07/25 13:34,0x0a7da29599a326568c88ef1ff2fb2f42262090fd,0xe5544a2a5fa9b175da60d8eec67add5582bb31b0,,0,0,0,0.000250684,0.783198663,3014.66,,,Mint
0x4e63f38bc02e771b3693ec71d8f2e5994c711737478332006e273b22861b6251,22917715,1752499715,14/07/25 13:28,0x0a7da29599a326568c88ef1ff2fb2f42262090fd,0xe5544a2a5fa9b175da60d8eec67add5582bb31b0,,0,0,0,0.000259698,0.811361038,3014.66,,,Mint
0x948cc34459d131dc6b5f104108458b816bdf453646caad27946d2b70201007c6,22917597,1752498299,14/07/25 13:04,0x0a7da29599a326568c88ef1ff2fb2f42262090fd,0xe5544a2a5fa9b175da60d8eec67add5582bb31b0,,0,0,0,0.000199226,0.622430543,3014.66,,,Mint
0xebe6ca03e0f986e9653aec1003a1b3a6a2f39b69e7e9608bb59a6782340e7c63,22917554,1752497759,14/07/25 12:55,0x0a7da29599a326568c88ef1ff2fb2f42262090fd,0xe5544a2a5fa9b175da60d8eec67add5582bb31b0,,0,0,0,0.000134652,0.420684584,3014.66,,,Mint
0x698bd59329ee5343f6325f10e3f082ceb2d26688f4618bd680109cf0712e7bc9,22917434,1752496295,14/07/25 12:31,0x0a7da29599a326568c88ef1ff2fb2f42262090fd,0xe5544a2a5fa9b175da60d8eec67add5582bb31b0,,0,0,0,0.00018426,0.575673179,3014.66,,,Mint
0x0b9bb235f9049d49ffa202117dbced877d40c749b1df3d744ddeb9321700b15a,22917345,1752495227,14/07/25 12:13,0x0a7da29599a326568c88ef1ff2fb2f42262090fd,0xe5544a2a5fa9b175da60d8eec67add5582bb31b0,,0,0,0,0.000176075,0.550101022,3014.66,,,Mint
0x2d37c3dd58c2911611baa8af1e65791f66f42836bb7e317fd56ad4017c36cce0,22917263,1752494243,14/07/25 11:57,0x0a7da29599a326568c88ef1ff2fb2f42262090fd,0xe5544a2a5fa9b175da60d8eec67add5582bb31b0,,0,0,0,0.000105827,0.33063014,3014.66,,,Mint
0xb73ef34e839c1ee6f3a7147b7288628285f43e7a734efdc5ce3d9a06863b2353,22917213,1752493643,14/07/25 11:47,0x0a7da29599a326568c88ef1ff2fb2f42262090fd,0xe5544a2a5fa9b175da60d8eec67add5582bb31b0,,0,0,0,0.000120293,0.375824385,3014.66,,,Mint
0xad93474a5b6fca740bdedd3c420a8f49adb7219c4eca1e277bfa54263e433f2d,22917138,1752492743,14/07/25 11:32,0x0a7da29599a326568c88ef1ff2fb2f42262090fd,0xe5544a2a5fa9b175da60d8eec67add5582bb31b0,,0,0,0,0.000138857,0.433822745,3014.66,,,Mint
0x864fbb3169bc84018c3d3b7f3538a4ddcfc344d7390b93998101e6c82161bf4c,22917122,1752492551,14/07/25 11:29,0x0a7da29599a326568c88ef1ff2fb2f42262090fd,0xe5544a2a5fa9b175da60d8eec67add5582bb31b0,,0,0,0,0.000114166,0.356683894,3014.66,,,Mint
0x75a5a04ce37f99026e9f2553ad3ec69118c9686882125060ad978380606a164c,22917080,1752492035,14/07/25 11:20,0x0a7da29599a326568c88ef1ff2fb2f42262090fd,0xe5544a2a5fa9b175da60d8eec67add5582bb31b0,,0,0,0,0.000132776,0.414823701,3014.66,,,Mint
0x4c63f458bd6604fff91c3abd89ad9c7a281911847a9604e20f195e7236aa1aec,22916893,1752489767,14/07/25 10:42,0x0a7da29599a326568c88ef1ff2fb2f42262090fd,0xe5544a2a5fa9b175da60d8eec67add5582bb31b0,,0,0,0,0.000171463,0.535692749,3014.66,,,Mint
0x76e0ea254b2b1497b86c1cc375f8978de1cd9d1dac7d84671792ea16decb1c6e,22916849,1752489239,14/07/25 10:33,0x0a7da29599a326568c88ef1ff2fb2f42262090fd,0xe5544a2a5fa9b175da60d8eec67add5582bb31b0,,0,0,0,0.000159448,0.498156265,3014.66,,,Mint
0x20d4618c64a4c851000c197fc11447052a55697ec040dea82395fec33b2755d8,22916838,1752489107,14/07/25 10:31,0x0a7da29599a326568c88ef1ff2fb2f42262090fd,0xe5544a2a5fa9b175da60d8eec67add5582bb31b0,,0,0,0,0.000165931,0.518410007,3014.66,,,Mint
0x1422f400ddc8c1277de1ede855e0c01f7bdd8f93aff80797511efd368db5b6ea,22916797,1752488603,14/07/25 10:23,0x0a7da29599a326568c88ef1ff2fb2f42262090fd,0xe5544a2a5fa9b175da60d8eec67add5582bb31b0,,0,0,0,0.0001869,0.58392086,3014.66,,,Mint
0xae40da38164bc66fba54f2dba22b0927d15456da5f822d9a63be07586637d4c6,22916710,1752487559,14/07/25 10:05,0x0a7da29599a326568c88ef1ff2fb2f42262090fd,0xe5544a2a5fa9b175da60d8eec67add5582bb31b0,,0,0,0,0.000364405,1.13848939,3014.66,,,Mint
0x06e493c131625d53d62d446124767ee278bf41ad29c0060dfd7b1249b5ca1a9f,22916518,1752485243,14/07/25 09:27,0x0a7da29599a326568c88ef1ff2fb2f42262090fd,0xe5544a2a5fa9b175da60d8eec67add5582bb31b0,,0,0,0,9.7416E-05,0.30435168,3014.66,,,Mint
0xcdf3a376824d66dbba15622bfd09b0065dd2255127c080399c305ec6bf12ea2a,22916407,1752483887,14/07/25 09:04,0x0a7da29599a326568c88ef1ff2fb2f42262090fd,0xe5544a2a5fa9b175da60d8eec67add5582bb31b0,,0,0,0,9.93522E-05,0.310400745,3014.66,,,Mint
0xdceb0a0f13b6d333643f7063ccca2708c608a51f903a19c7991d22d0616af875,22916280,1752482363,14/07/25 08:39,0x0a7da29599a326568c88ef1ff2fb2f42262090fd,0xe5544a2a5fa9b175da60d8eec67add5582bb31b0,,0,0,0,7.96108E-05,0.248723736,3014.66,,,Mint
0x01fde357a3345845ae4d6a5f35e9e054d63e9f7722f67b980bf85d4fbe260a5d,22916275,1752482303,14/07/25 08:38,0x0a7da29599a326568c88ef1ff2fb2f42262090fd,0xe5544a2a5fa9b175da60d8eec67add5582bb31b0,,0,0,0,7.45953E-05,0.233054153,3014.66,,,Mint
0x903422e66b1de466a631401ae58a651812190ff3d5b457bbda0304feaea622bc,22916029,1752479351,14/07/25 07:49,0x0a7da29599a326568c88ef1ff2fb2f42262090fd,0xe5544a2a5fa9b175da60d8eec67add5582bb31b0,,0,0,0,8.52637E-05,0.266384662,3014.66,,,Mint
0xd0ab5017826f5ea1042962ec058b48b140a9544f0b1bc9957f1091a28abf483f,22916018,1752479219,14/07/25 07:46,0x0a7da29599a326568c88ef1ff2fb2f42262090fd,0xe5544a2a5fa9b175da60d8eec67add5582bb31b0,,0,0,0,8.3785E-05,0.261764861,3014.66,,,Mint
0xe591e026a6859b50ece003b95b57079ffe566502125330071afdef835f42d957,22916014,1752479171,14/07/25 07:46,0x0a7da29599a326568c88ef1ff2fb2f42262090fd,0xe5544a2a5fa9b175da60d8eec67add5582bb31b0,,0,0,0,8.76018E-05,0.273689552,3014.66,,,Mint
0x33f143a8487785870ff8029aecfaee3cdaa098bb3ef2d436c869c90cbbac0733,22915982,1752478787,14/07/25 07:39,0x0a7da29599a326568c88ef1ff2fb2f42262090fd,0xe5544a2a5fa9b175da60d8eec67add5582bb31b0,,0,0,0,5.83501E-05,0.182300101,3014.66,,,Mint
0x1ea9d327287a1e17a332ae5f47ae1066d137fbc1536529ac34347f3922704b3f,22915961,1752478535,14/07/25 07:35,0x0a7da29599a326568c88ef1ff2fb2f42262090fd,0xe5544a2a5fa9b175da60d8eec67add5582bb31b0,,0,0,0,4.76885E-05,0.148990711,3014.66,,,Mint
0xc005ac53f75c357faf7397e1f89b3b9322507baeb70adb9608a65bb6eaa29de7,22915514,1752473159,14/07/25 06:05,0x0a7da29599a326568c88ef1ff2fb2f42262090fd,0xe5544a2a5fa9b175da60d8eec67add5582bb31b0,,0,0,0,0.00012604,0.393780144,3014.66,,,Mint
0x06cba911b72df0b71f7c45eaca08c57b5eb7d9baf8abf9956a7dc48a0bb0d255,22915508,1752473087,14/07/25 06:04,0x0a7da29599a326568c88ef1ff2fb2f42262090fd,0xe5544a2a5fa9b175da60d8eec67add5582bb31b0,,0,0,0,0.000130472,0.407627195,3014.66,,,Mint
0xd2e2e40cd77e774687135080c84a5f926cb5f8c5692bd969f429f625a319463b,22915320,1752470819,14/07/25 05:26,0x0a7da29599a326568c88ef1ff2fb2f42262090fd,0xe5544a2a5fa9b175da60d8eec67add5582bb31b0,,0,0,0,6.19045E-05,0.193404781,3014.66,,,Mint
0xa73e78f0a8145c0240f5fcf1aaf4ff5d7edfdd7c1f747016036d09cf13541089,22915289,1752470447,14/07/25 05:20,0x0a7da29599a326568c88ef1ff2fb2f42262090fd,0xe5544a2a5fa9b175da60d8eec67add5582bb31b0,,0,0,0,4.22427E-05,0.131976667,3014.66,,,Mint
0x06749318fd3c6a66f9cd5be7f4fe488cd0eb1133214992f9e50a6dca1fbb2b84,22915241,1752469871,14/07/25 05:11,0x0a7da29599a326568c88ef1ff2fb2f42262090fd,0xe5544a2a5fa9b175da60d8eec67add5582bb31b0,,0,0,0,7.12721E-05,0.222671639,3014.66,,,Mint
0x2683e9b504dbe0ae80dcb2366512ad42c9a76ee4b01edaccb1da64e8143999da,22915217,1752469583,14/07/25 05:06,0x0a7da29599a326568c88ef1ff2fb2f42262090fd,0xe5544a2a5fa9b175da60d8eec67add5582bb31b0,,0,0,0,9.34434E-05,0.29194021,3014.66,,,Mint
0xafc361f2601e203f860f231f8f070de2ed6bc6c0f0aab916844671f4fbd232d5,22915203,1752469415,14/07/25 05:03,0x0a7da29599a326568c88ef1ff2fb2f42262090fd,0xe5544a2a5fa9b175da60d8eec67add5582bb31b0,,0,0,0,8.86854E-05,0.277075131,3014.66,,,Mint
0x5385707c70906872b53500d90d4463e49908efbd2d0986829787e76ffbfc1649,22915180,1752469139,14/07/25 04:58,0x0a7da29599a326568c88ef1ff2fb2f42262090fd,0xe5544a2a5fa9b175da60d8eec67add5582bb31b0,,0,0,0,6.87073E-05,0.214658392,3014.66,,,Mint
0x84e1efa4117057385a9a15f9ea3232d21ea1fedbd0c809c33211557b6e4bf1bb,22915049,1752467555,14/07/25 04:32,0x0a7da29599a326568c88ef1ff2fb2f42262090fd,0xe5544a2a5fa9b175da60d8eec67add5582bb31b0,,0,0,0,7.02081E-05,0.219347217,3014.66,,,Mint
0x0e76dad8a28521ccb9351b1b4915de755591967b8a11508023102adffd2ffd77,22914931,1752466127,14/07/25 04:08,0x0a7da29599a326568c88ef1ff2fb2f42262090fd,0xe5544a2a5fa9b175da60d8eec67add5582bb31b0,,0,0,0,6.22402E-05,0.194453691,3014.66,,,Mint
0x87e5a8ae6781515109bea65f8f6e7e12b0da05906f44ea215b0485f2b64d40a9,22914903,1752465779,14/07/25 04:02,0x0a7da29599a326568c88ef1ff2fb2f42262090fd,0xe5544a2a5fa9b175da60d8eec67add5582bb31b0,,0,0,0,6.28485E-05,0.196354304,3014.66,,,Mint
0x3bf5eacd52a8db28ee757ee1f2eceb94c58a6d167f7845bce8d500bed02ee719,22914884,1752465551,14/07/25 03:59,0x0a7da29599a326568c88ef1ff2fb2f42262090fd,0xe5544a2a5fa9b175da60d8eec67add5582bb31b0,,0,0,0,5.92993E-05,0.185265534,3014.66,,,Mint
0x0c678ecbc7c8c80411cda2a202001b36099c05a82df965b710bf767cf6063f18,22914871,1752465383,14/07/25 03:56,0x0a7da29599a326568c88ef1ff2fb2f42262090fd,0xe5544a2a5fa9b175da60d8eec67add5582bb31b0,,0,0,0,6.01455E-05,0.187909401,3014.66,,,Mint
0xa2f0a6edf87fe88fe2b31ba99cc22f44f7df1469dedddae75d5f621e722bc84e,22914799,1752464519,14/07/25 03:41,0x0a7da29599a326568c88ef1ff2fb2f42262090fd,0xe5544a2a5fa9b175da60d8eec67add5582bb31b0,,0,0,0,4.61461E-05,0.144171904,3014.66,,,Mint
0xb8c2fc09a6bd3923ec9495d6e003bc3baa29501f5641eb5a3df069647a69eac8,22914728,1752463655,14/07/25 03:27,0x0a7da29599a326568c88ef1ff2fb2f42262090fd,0xe5544a2a5fa9b175da60d8eec67add5582bb31b0,,0,0,0,5.44414E-05,0.170088461,3014.66,,,Mint
0xb0b832270e904dddc60f49979b150b6431f2fb46f2a5d1660ecc0705cdfb54dc,22914709,1752463427,14/07/25 03:23,0x0a7da29599a326568c88ef1ff2fb2f42262090fd,0xe5544a2a5fa9b175da60d8eec67add5582bb31b0,,0,0,0,3.82831E-05,0.119605942,3014.66,,,Mint
0x96270629a913c1de64f8ec828b4ea1fb4bcdfd28338101b85d93c85c1f3e70b8,22914671,1752462971,14/07/25 03:16,0x0a7da29599a326568c88ef1ff2fb2f42262090fd,0xe5544a2a5fa9b175da60d8eec67add5582bb31b0,,0,0,0,3.87309E-05,0.121004702,3014.66,,,Mint
0x85a4379a462315b417375c6f68c875273ed6f7049586b76d97878eaa1400c0cc,22914665,1752462899,14/07/25 03:14,0x0a7da29599a326568c88ef1ff2fb2f42262090fd,0xe5544a2a5fa9b175da60d8eec67add5582bb31b0,,0,0,0,3.71678E-05,0.116121387,3014.66,,,Mint
0xb4381e99d2d2ec9ad140773fe129677c096af2fc0fafdae70836dfeae179e0ed,22914638,1752462575,14/07/25 03:09,0x0a7da29599a326568c88ef1ff2fb2f42262090fd,0xe5544a2a5fa9b175da60d8eec67add5582bb31b0,,0,0,0,2.96594E-05,0.092663263,3014.66,,,Mint
0xd85d26627a8d28dfb37307ff30fd7adfc9406f794c31885e6a61b48962464116,22914451,1752460331,14/07/25 02:32,0x0a7da29599a326568c88ef1ff2fb2f42262090fd,0xe5544a2a5fa9b175da60d8eec67add5582bb31b0,,0,0,0,3.99206E-05,0.124721679,3014.66,,,Mint
0x928193c806e8e5ea4ce28ad31b1865b5858553833104753a00c540753da9ee1e,22914427,1752460043,14/07/25 02:27,0x0a7da29599a326568c88ef1ff2fb2f42262090fd,0xe5544a2a5fa9b175da60d8eec67add5582bb31b0,,0,0,0,3.49992E-05,0.109345969,3014.66,,,Mint
0x53b4a03d8ebad7ce4608a69e876776c12ba70080bd7e79828199b2241327609f,22914375,1752459419,14/07/25 02:16,0x0a7da29599a326568c88ef1ff2fb2f42262090fd,0xe5544a2a5fa9b175da60d8eec67add5582bb31b0,,0,0,0,1.82298E-05,0.056954526,3014.66,,,Mint
0x4ef1d401d5cbb33e5284acad6978e0fc233c6ef16098a6f7b954aec12059b320,22914328,1752458855,14/07/25 02:07,0x0a7da29599a326568c88ef1ff2fb2f42262090fd,0xe5544a2a5fa9b175da60d8eec67add5582bb31b0,,0,0,0,2.41731E-05,0.075522572,3014.66,,,Mint
0x534c5888c7798afa49f8ad7c7d86844d4d7c7abeac3e1f3f8c40a1c563ba89b0,22914297,1752458483,14/07/25 02:01,0x0a7da29599a326568c88ef1ff2fb2f42262090fd,0xe5544a2a5fa9b175da60d8eec67add5582bb31b0,,0,0,0,2.61187E-05,0.081601285,3014.66,,,Mint
0x5408a7aa946c796ad394502331ae6ec420b8dc8aeed2977d31051921b8338dc4,22914145,1752456647,14/07/25 01:30,0x0a7da29599a326568c88ef1ff2fb2f42262090fd,0xe5544a2a5fa9b175da60d8eec67add5582bb31b0,,0,0,0,1.37015E-05,0.042806978,3014.66,,,Mint
0xda6f7e0a39832f1977ec56c458e167d8718ae1e5bac8524043984f96694c496a,22914023,1752455183,14/07/25 01:06,0x0a7da29599a326568c88ef1ff2fb2f42262090fd,0xe5544a2a5fa9b175da60d8eec67add5582bb31b0,,0,0,0,1.82907E-05,0.057144626,3014.66,,,Mint
0xf7997faec00a6ed393a475da1d02b7bde22818bcaa23ae9b4e33f66de96fd818,22913993,1752454811,14/07/25 01:00,0x0a7da29599a326568c88ef1ff2fb2f42262090fd,0xe5544a2a5fa9b175da60d8eec67add5582bb31b0,,0,0,0,1.55658E-05,0.048631428,3014.66,,,Mint
0x21e84cfafa52b2201c742669997c6989d5b0ae9a356912a5ecfd91ca90e88c0c,22913786,1752452315,14/07/25 00:18,0x0a7da29599a326568c88ef1ff2fb2f42262090fd,0xe5544a2a5fa9b175da60d8eec67add5582bb31b0,,0,0,0,1.94972E-05,0.060913939,3014.66,,,Mint
0x3f285a32ad7fd72d443db624afc54a58861807cfcaeeecd2c1d5aa06f13b44f2,22913674,1752450959,13/07/25 23:55,0x0a7da29599a326568c88ef1ff2fb2f42262090fd,0xe5544a2a5fa9b175da60d8eec67add5582bb31b0,,0,0,0,1.76593E-05,0.055172111,2973.01,,,Mint
0x3cefcc55f35cfbbcba838fdaa6385f3c4bdd040c61623284b29cc919c9932b37,22913589,1752449939,13/07/25 23:38,0x0a7da29599a326568c88ef1ff2fb2f42262090fd,0xe5544a2a5fa9b175da60d8eec67add5582bb31b0,,0,0,0,2.37234E-05,0.07411763,2973.01,,,Mint
0xf66af2bdf3a7c4076a859e0e22c2261a026d20343fc192e1fdc7714105ee10df,22913579,1752449819,13/07/25 23:36,0x0a7da29599a326568c88ef1ff2fb2f42262090fd,0xe5544a2a5fa9b175da60d8eec67add5582bb31b0,,0,0,0,2.263E-05,0.070701802,2973.01,,,Mint
0xc87bfe3c365189c3f74a81ee91bcabe991e331826bde002ddfed32183a9860aa,22913530,1752449219,13/07/25 23:26,0x0a7da29599a326568c88ef1ff2fb2f42262090fd,0xe5544a2a5fa9b175da60d8eec67add5582bb31b0,,0,0,0,2.30847E-05,0.072122373,2973.01,,,Mint
0x6d177a4f0bf09d06527c7daed01248374aa25bcf08f7f7d5b93c6f7c36c58704,22913518,1752449063,13/07/25 23:24,0x0a7da29599a326568c88ef1ff2fb2f42262090fd,0xe5544a2a5fa9b175da60d8eec67add5582bb31b0,,0,0,0,2.28799E-05,0.071482346,2973.01,,,Mint
0xcb788cc565e855a93483a9837c553f5cd3a9817ac0780162f72a84d4b9dd37b8,22913501,1752448859,13/07/25 23:20,0x0a7da29599a326568c88ef1ff2fb2f42262090fd,0xe5544a2a5fa9b175da60d8eec67add5582bb31b0,,0,0,0,2.4401E-05,0.076234611,2973.01,,,Mint
0x1a5c2cbcd18f15971df6bdfb9b4a180102725c5c8c7d7b866d4b3d2d6e58a4de,22913486,1752448679,13/07/25 23:17,0x0a7da29599a326568c88ef1ff2fb2f42262090fd,0xe5544a2a5fa9b175da60d8eec67add5582bb31b0,,0,0,0,2.22736E-05,0.069588354,2973.01,,,Mint
0xaa2c54ce64d0e23acbbc06438ad00ad120cd44b93109b8931045c0d335c399e7,22913457,1752448331,13/07/25 23:12,0x0a7da29599a326568c88ef1ff2fb2f42262090fd,0xe5544a2a5fa9b175da60d8eec67add5582bb31b0,,0,0,0,2.34773E-05,0.073348905,2973.01,,,Mint
0xfc79d79fecef600378465fd18172d2cd768822bb3bd41556cc4a2854d73ab9eb,22913395,1752447587,13/07/25 22:59,0x0a7da29599a326568c88ef1ff2fb2f42262090fd,0xe5544a2a5fa9b175da60d8eec67add5582bb31b0,,0,0,0,2.57255E-05,0.080372859,2973.01,,,Mint
0xd6f09960c6ba14355c9629a12c3eef0a9f9a2c3b08a53f7746420ec7f325cfd5,22913373,1752447323,13/07/25 22:55,0x0a7da29599a326568c88ef1ff2fb2f42262090fd,0xe5544a2a5fa9b175da60d8eec67add5582bb31b0,,0,0,0,2.74487E-05,0.085756474,2973.01,,,Mint
0xeb2c9227d7556f210a40419197fde4dad1602227400b1f820461a1e98b2c4904,22913363,1752447203,13/07/25 22:53,0x0a7da29599a326568c88ef1ff2fb2f42262090fd,0xe5544a2a5fa9b175da60d8eec67add5582bb31b0,,0,0,0,2.31639E-05,0.072369596,2973.01,,,Mint
0xea7ab9f06033b2ca1252b111d906a767442504cd40aa51380aebd730be2f4085,22913319,1752446675,13/07/25 22:44,0x0a7da29599a326568c88ef1ff2fb2f42262090fd,0xe5544a2a5fa9b175da60d8eec67add5582bb31b0,,0,0,0,3.20646E-05,0.100177734,2973.01,,,Mint
0x6d0974d8bb1435d403ee3152f188f190d0cbeb96241f2efb3cd05e9b08594848,22913267,1752446051,13/07/25 22:34,0x0a7da29599a326568c88ef1ff2fb2f42262090fd,0xe5544a2a5fa9b175da60d8eec67add5582bb31b0,,0,0,0,3.5113E-05,0.109701521,2973.01,,,Mint
0x247a0328a607113c4c0da4685556d8e87c31c6e88aab8fca26f14e03ed7d44d7,22913134,1752444431,13/07/25 22:07,0x0a7da29599a326568c88ef1ff2fb2f42262090fd,0xe5544a2a5fa9b175da60d8eec67add5582bb31b0,,0,0,0,4.38752E-05,0.137076974,2973.01,,,Mint
0xbd1e7fbd86f8c277f537d442539283b780c8e23b69ad8dd190e9d07b9b3df596,22913081,1752443795,13/07/25 21:56,0x0a7da29599a326568c88ef1ff2fb2f42262090fd,0xe5544a2a5fa9b175da60d8eec67add5582bb31b0,,0,0,0,5.3925E-05,0.168474965,2973.01,,,Mint
0xf5959588bb428eb423be0ddae3256ba9992fadd477f286eb1a75d983b915f835,22913058,1752443519,13/07/25 21:51,0x0a7da29599a326568c88ef1ff2fb2f42262090fd,0xe5544a2a5fa9b175da60d8eec67add5582bb31b0,,0,0,0,7.3829E-05,0.230659909,2973.01,,,Mint
0xd45ba29ea7fcbd95f32df3917ffb1f9640f4d593230e3b9ff29ece080c34633c,22913026,1752443135,13/07/25 21:45,0x0a7da29599a326568c88ef1ff2fb2f42262090fd,0xe5544a2a5fa9b175da60d8eec67add5582bb31b0,,0,0,0,8.47438E-05,0.264760491,2973.01,,,Mint
0x5b6a4e522fda319e9c0442ed45696ec4d094f74b944bcda4567121dc35344937,22913002,1752442847,13/07/25 21:40,0x0a7da29599a326568c88ef1ff2fb2f42262090fd,0xe5544a2a5fa9b175da60d8eec67add5582bb31b0,,0,0,0,6.93737E-05,0.216740643,2973.01,,,Mint
0x90fbb9872c5c03753d079fe6f7ae7f26c33916db9c6a921d65bdfd2c88761fe6,22912980,1752442583,13/07/25 21:36,0x0a7da29599a326568c88ef1ff2fb2f42262090fd,0xe5544a2a5fa9b175da60d8eec67add5582bb31b0,,0,0,0,3.96377E-05,0.12383791,2973.01,,,Mint
0x8886d796b8eca566197e97f9324cd87f729c605e49585ed14b76e61b3f8294a3,22912975,1752442523,13/07/25 21:35,0x0a7da29599a326568c88ef1ff2fb2f42262090fd,0xe5544a2a5fa9b175da60d8eec67add5582bb31b0,,0,0,0,3.54933E-05,0.110889837,2973.01,,,Mint
0x1dd06e3a2ebf6ecd06dca3cb2b68503f49d020061a69c5a393515a8346ca33d1,22912948,1752442199,13/07/25 21:29,0x0a7da29599a326568c88ef1ff2fb2f42262090fd,0xe5544a2a5fa9b175da60d8eec67add5582bb31b0,,0,0,0,3.66038E-05,0.114359361,2973.01,,,Mint
0x4b30368aeea3254be896517f8cd29168f33b8db7412690fc25de4e3df88c23f9,22912914,1752441779,13/07/25 21:22,0x0a7da29599a326568c88ef1ff2fb2f42262090fd,0xe5544a2a5fa9b175da60d8eec67add5582bb31b0,,0,0,0,4.07878E-05,0.127431043,2973.01,,,Mint
0xd76ed631019f61222f8ef3a2e51441996603207e9dd61166777988308499137f,22912837,1752440831,13/07/25 21:07,0x0a7da29599a326568c88ef1ff2fb2f42262090fd,0xe5544a2a5fa9b175da60d8eec67add5582bb31b0,,0,0,0,3.48115E-05,0.108759791,2973.01,,,Mint
0x8e27beb5010f0e4831bf6fbdb29448de2ad8f257b01e96408c0075c3f22b1ac5,22912668,1752438803,13/07/25 20:33,0x0a7da29599a326568c88ef1ff2fb2f42262090fd,0xe5544a2a5fa9b175da60d8eec67add5582bb31b0,,0,0,0,4.36779E-05,0.136460358,2973.01,,,Mint
0xcdd005488e1df1ba722055f8e5a118e98e981ee617cb3db2eaf34f92ced6e729,22912626,1752438299,13/07/25 20:24,0x0a7da29599a326568c88ef1ff2fb2f42262090fd,0xe5544a2a5fa9b175da60d8eec67add5582bb31b0,,0,0,0,5.65279E-05,0.17660714,2973.01,,,Mint
0x6ad4c2dbe2d8172a868cfed64d10af56a4abdbf7489f47439740d59f0c6cbd33,22912578,1752437699,13/07/25 20:14,0x0a7da29599a326568c88ef1ff2fb2f42262090fd,0xe5544a2a5fa9b175da60d8eec67add5582bb31b0,,0,0,0,5.51948E-05,0.172442045,2973.01,,,Mint
0x9a5f93bbc27b3985e91ff1dd9106a1234a2d66908391ddf72cf077eb5293a628,22912505,1752436823,13/07/25 20:00,0x0a7da29599a326568c88ef1ff2fb2f42262090fd,0xe5544a2a5fa9b175da60d8eec67add5582bb31b0,,0,0,0,4.5811E-05,0.143124744,2973.01,,,Mint
0x42ee264177568f5d9d868eedef85e2de330a1099ccb54447ef8ac253a08a7a6e,22912494,1752436691,13/07/25 19:58,0x0a7da29599a326568c88ef1ff2fb2f42262090fd,0xe5544a2a5fa9b175da60d8eec67add5582bb31b0,,0,0,0,4.3383E-05,0.135539223,2973.01,,,Mint
0x735f2330ddbbc5af3d519f8ac7510eaacada535cde0f328fb0674299fc356c02,22912481,1752436535,13/07/25 19:55,0x0a7da29599a326568c88ef1ff2fb2f42262090fd,0xe5544a2a5fa9b175da60d8eec67add5582bb31b0,,0,0,0,4.82169E-05,0.150641514,2973.01,,,Mint
0xfd474aba5e5ec0a001720bc70a856c2858c312891574f78220d9fd45d550c61e,22912472,1752436427,13/07/25 19:53,0x0a7da29599a326568c88ef1ff2fb2f42262090fd,0xe5544a2a5fa9b175da60d8eec67add5582bb31b0,,0,0,0,5.47627E-05,0.171092272,2973.01,,,Mint
0x715f6f7437cb983568a720ca9c628c016d0a67e80ef62366020dd30a0cd346ff,22912461,1752436295,13/07/25 19:51,0x0a7da29599a326568c88ef1ff2fb2f42262090fd,0xe5544a2a5fa9b175da60d8eec67add5582bb31b0,,0,0,0,5.8656E-05,0.18325571,2973.01,,,Mint
0x7503dda13b4774448b4afb77e06e4e474a87f58ddb0d59a4ed1a7528fcfbb451,22912449,1752436151,13/07/25 19:49,0x0a7da29599a326568c88ef1ff2fb2f42262090fd,0xe5544a2a5fa9b175da60d8eec67add5582bb31b0,,0,0,0,5.45975E-05,0.170576117,2973.01,,,Mint
0x645fb809353f9b573650ba2cfee606e442cb2c2071e5fc4693d1eeac8eb25aeb,22912403,1752435599,13/07/25 19:39,0x0a7da29599a326568c88ef1ff2fb2f42262090fd,0xe5544a2a5fa9b175da60d8eec67add5582bb31b0,,0,0,0,5.99781E-05,0.187386317,2973.01,,,Mint
0xff940e0d832af1438b6ab0d0ac100a8cf1abc1c4c238f45a37d49a014896408c,22912379,1752435311,13/07/25 19:35,0x0a7da29599a326568c88ef1ff2fb2f42262090fd,0xe5544a2a5fa9b175da60d8eec67add5582bb31b0,,0,0,0,6.28791E-05,0.196449683,2973.01,,,Mint
0xefab00bd3e8ada1d61402e2ea522c70f91107d3a3c6fd5175bfc165a25da242a,22912375,1752435263,13/07/25 19:34,0x0a7da29599a326568c88ef1ff2fb2f42262090fd,0xe5544a2a5fa9b175da60d8eec67add5582bb31b0,,0,0,0,6.66733E-05,0.208303879,2973.01,,,Mint
0xd0f5544327190f3fcec8619514595f440ee6c9342a8d95ece26b81e33ecfa9dc,22912358,1752435059,13/07/25 19:30,0x0a7da29599a326568c88ef1ff2fb2f42262090fd,0xe5544a2a5fa9b175da60d8eec67add5582bb31b0,,0,0,0,5.90964E-05,0.184631806,2973.01,,,Mint
0x262707d114f5f923e7cdc625147fd402bc0147dde64c74a87dab22d46cf461d4,22912341,1752434855,13/07/25 19:27,0x0a7da29599a326568c88ef1ff2fb2f42262090fd,0xe5544a2a5fa9b175da60d8eec67add5582bb31b0,,0,0,0,5.60714E-05,0.175180719,2973.01,,,Mint
0x2ec0d8ee1f18f7215dcb13601261c50de6139eff85e45131c98629d1e9c46133,22912286,1752434195,13/07/25 19:16,0x0a7da29599a326568c88ef1ff2fb2f42262090fd,0xe5544a2a5fa9b175da60d8eec67add5582bb31b0,,0,0,0,4.14879E-05,0.129618535,2973.01,,,Mint
0xd59e6e49b2e292972c3fe9ebe66fc5f20da869163f074301c49d7a982ac487a1,22912263,1752433919,13/07/25 19:11,0x0a7da29599a326568c88ef1ff2fb2f42262090fd,0xe5544a2a5fa9b175da60d8eec67add5582bb31b0,,0,0,0,4.38424E-05,0.136974338,2973.01,,,Mint
0x5c9156558984ddbe6898657c580fa2f6afdcf7200c7468adec9f6eedd7acf208,22912205,1752433223,13/07/25 19:00,0x0a7da29599a326568c88ef1ff2fb2f42262090fd,0xe5544a2a5fa9b175da60d8eec67add5582bb31b0,,0,0,0,5.13506E-05,0.160431942,2973.01,,,Mint
0xe45a87a2eea90c058afac7feb169036fbcaefd20e706d289e9a001fd63b020f6,22912139,1752432419,13/07/25 18:46,0x0a7da29599a326568c88ef1ff2fb2f42262090fd,0xe5544a2a5fa9b175da60d8eec67add5582bb31b0,,0,0,0,4.74591E-05,0.148273766,2973.01,,,Mint
0x1bc61d42d85f5b6d4326a728bace4e39f8061487a57355c85c476bcca28ca0ed,22912108,1752432047,13/07/25 18:40,0x0a7da29599a326568c88ef1ff2fb2f42262090fd,0xe5544a2a5fa9b175da60d8eec67add5582bb31b0,,0,0,0,6.22704E-05,0.194548097,2973.01,,,Mint
0x434c09386a0a47295f5f62293a21dfaf291f3824cb072590fab5be3046480a47,22912093,1752431867,13/07/25 18:37,0x0a7da29599a326568c88ef1ff2fb2f42262090fd,0xe5544a2a5fa9b175da60d8eec67add5582bb31b0,,0,0,0,5.766E-05,0.180144008,2973.01,,,Mint
0x62d4bdc53739e3648d74358a647da0585b7e948fa859d2810879d52a2b83dbba,22912044,1752431279,13/07/25 18:27,0x0a7da29599a326568c88ef1ff2fb2f42262090fd,0xe5544a2a5fa9b175da60d8eec67add5582bb31b0,,0,0,0,7.98347E-05,0.249423155,2973.01,,,Mint
0xbae94a7f16ef2fd164c5327f59ade963d147556b072ea30e51f60085f81f4fe8,22911976,1752430451,13/07/25 18:14,0x0a7da29599a326568c88ef1ff2fb2f42262090fd,0xe5544a2a5fa9b175da60d8eec67add5582bb31b0,,0,0,0,5.50809E-05,0.172086149,2973.01,,,Mint
0xdf81d220cb9d69888734702fedcac4a3aa145fe0c0738e8d4c53f8380a3529ad,22911966,1752430319,13/07/25 18:11,0x0a7da29599a326568c88ef1ff2fb2f42262090fd,0xe5544a2a5fa9b175da60d8eec67add5582bb31b0,,0,0,0,5.27185E-05,0.164705406,2973.01,,,Mint
0x095b2464f745ae1e6f96427a77cfdc39984dbf069ded1e943ec56cd9c6fe004f,22911912,1752429671,13/07/25 18:01,0x0a7da29599a326568c88ef1ff2fb2f42262090fd,0xe5544a2a5fa9b175da60d8eec67add5582bb31b0,,0,0,0,5.59734E-05,0.174874757,2973.01,,,Mint
0x18f853cf537af024404fde471e9123b3a26b9f7d7e1e350c726f6d4fdad0da2d,22911868,1752429131,13/07/25 17:52,0x0a7da29599a326568c88ef1ff2fb2f42262090fd,0xe5544a2a5fa9b175da60d8eec67add5582bb31b0,,0,0,0,4.99742E-05,0.156131754,2973.01,,,Mint
0x8d849e960df4f016593e390aa058e3e24871f9dcc33f270d0e92488e9a467485,22911381,1752423287,13/07/25 16:14,0x0a7da29599a326568c88ef1ff2fb2f42262090fd,0xe5544a2a5fa9b175da60d8eec67add5582bb31b0,,0,0,0,6.34054E-05,0.198094203,2973.01,,,Mint
0x3516a3a86689245dcf769af98873e01a274d0afb1d572e19d9c35694a01439f7,22911376,1752423227,13/07/25 16:13,0x0a7da29599a326568c88ef1ff2fb2f42262090fd,0xe5544a2a5fa9b175da60d8eec67add5582bb31b0,,0,0,0,7.14553E-05,0.223243853,2973.01,,,Mint
0x16aa6574de8e50e0fd2ba84fb2edfafc453681b912f851c829edacec54626adc,22911353,1752422951,13/07/25 16:09,0x0a7da29599a326568c88ef1ff2fb2f42262090fd,0xe5544a2a5fa9b175da60d8eec67add5582bb31b0,,0,0,0,6.20385E-05,0.193823398,2973.01,,,Mint
0x967322a08273a00759f290fcef52dee74ac9958b72b7f905f627941790a3ff9b,22911310,1752422435,13/07/25 16:00,0x0a7da29599a326568c88ef1ff2fb2f42262090fd,0xe5544a2a5fa9b175da60d8eec67add5582bb31b0,,0,0,0,6.18766E-05,0.193317648,2973.01,,,Mint
0x4799aba7e961c3d46118d59b78686b9420bfab73df5fe4cbea72d6c457e57172,22911303,1752422351,13/07/25 15:59,0x0a7da29599a326568c88ef1ff2fb2f42262090fd,0xe5544a2a5fa9b175da60d8eec67add5582bb31b0,,0,0,0,5.67643E-05,0.177345696,2973.01,,,Mint
0x8830dd857d1edb9d29a445eba49898599b151bae5076f5a68e0d0db226c0a562,22911277,1752422039,13/07/25 15:53,0x0a7da29599a326568c88ef1ff2fb2f42262090fd,0xe5544a2a5fa9b175da60d8eec67add5582bb31b0,,0,0,0,6.6445E-05,0.207590612,2973.01,,,Mint
0x562179d7948c7dd215a971b23e0a03915fb647f50e1a56e19d53f456384c5e03,22911253,1752421751,13/07/25 15:49,0x0a7da29599a326568c88ef1ff2fb2f42262090fd,0xe5544a2a5fa9b175da60d8eec67add5582bb31b0,,0,0,0,7.58667E-05,0.237026305,2973.01,,,Mint
0x9fc79fa8f4904b3e2b1cd58c11b1d23e2e4c2dde008d128b83a4f31b38f8dbbf,22911224,1752421403,13/07/25 15:43,0x0a7da29599a326568c88ef1ff2fb2f42262090fd,0xe5544a2a5fa9b175da60d8eec67add5582bb31b0,,0,0,0,8.69806E-05,0.271748931,2973.01,,,Mint
0x336630562086cf7f7c5e05a242486611fd2d32c47a9c45e29cc108c1cd9417e2,22911199,1752421103,13/07/25 15:38,0x0a7da29599a326568c88ef1ff2fb2f42262090fd,0xe5544a2a5fa9b175da60d8eec67add5582bb31b0,,0,0,0,9.18505E-05,0.286963685,2973.01,,,Mint
0xeee3e9169859fe486fe40f69e3d131d4ef9cc81f0072f8db8eaf293aff5f3534,22911189,1752420983,13/07/25 15:36,0x0a7da29599a326568c88ef1ff2fb2f42262090fd,0xe5544a2a5fa9b175da60d8eec67add5582bb31b0,,0,0,0,8.48385E-05,0.265056447,2973.01,,,Mint
0x92cbade5dfcccb5b28c2294727a5f49c188ac377550a35b2e4d51abb96f06f9e,22911159,1752420623,13/07/25 15:30,0x0a7da29599a326568c88ef1ff2fb2f42262090fd,0xe5544a2a5fa9b175da60d8eec67add5582bb31b0,,0,0,0,8.78895E-05,0.274588262,2973.01,,,Mint
0xbe397559160eb50e65fa7f31af8125133cb5cedb9003e18a57ccd2eadaf38159,22911072,1752419579,13/07/25 15:12,0x0a7da29599a326568c88ef1ff2fb2f42262090fd,0xe5544a2a5fa9b175da60d8eec67add5582bb31b0,,0,0,0,0.000112187,0.350499463,2973.01,,,Mint
0x30b02ecc1c8eedca272e0a20ba7350c744ee0e91566a8a067ae3f2ed5b3ed4fe,22911018,1752418931,13/07/25 15:02,0x0a7da29599a326568c88ef1ff2fb2f42262090fd,0xe5544a2a5fa9b175da60d8eec67add5582bb31b0,,0,0,0,0.000173157,0.540986036,2973.01,,,Mint
0x0398d79d28a43d82730160f810be8c3b8060963ab2af5672598c02d4194677c1,22910995,1752418655,13/07/25 14:57,0x0a7da29599a326568c88ef1ff2fb2f42262090fd,0xe5544a2a5fa9b175da60d8eec67add5582bb31b0,,0,0,0,0.000173928,0.543395043,2973.01,,,Mint
0xb77e83f772dc06712971737ac0cd3a0ccc9a85e13718a58ac730fe0491c2f0e8,22910988,1752418571,13/07/25 14:56,0x0a7da29599a326568c88ef1ff2fb2f42262090fd,0xe5544a2a5fa9b175da60d8eec67add5582bb31b0,,0,0,0,0.000178696,0.558289913,2973.01,,,Mint
0x917a83928329086e9c156d9d24da849ab0f92e849b1df1832e3c33f4d72c2597,22910982,1752418499,13/07/25 14:54,0x0a7da29599a326568c88ef1ff2fb2f42262090fd,0xe5544a2a5fa9b175da60d8eec67add5582bb31b0,,0,0,0,0.00018907,0.590701788,2973.01,,,Mint
0xf1f6a560ca623af284239a649d46e54c5b5af4cb12ee3c7e2a37bfdad2dc833b,22910963,1752418271,13/07/25 14:51,0x0a7da29599a326568c88ef1ff2fb2f42262090fd,0xe5544a2a5fa9b175da60d8eec67add5582bb31b0,,0,0,0,0.000164165,0.512892592,2973.01,,,Mint
0x7b355ac2df156eb88cc9647e60c416268cf3df27ce4d237c665f0f949a045330,22910935,1752417935,13/07/25 14:45,0x0a7da29599a326568c88ef1ff2fb2f42262090fd,0xe5544a2a5fa9b175da60d8eec67add5582bb31b0,,0,0,0,0.000172524,0.539007245,2973.01,,,Mint
0xf90db7c583c0d30efe889a9cd6bcb3f1391f49078f72a85e183f0156182ec9cf,22910928,1752417851,13/07/25 14:44,0x0a7da29599a326568c88ef1ff2fb2f42262090fd,0xe5544a2a5fa9b175da60d8eec67add5582bb31b0,,0,0,0,0.000183234,0.572469315,2973.01,,,Mint
0x68bdd88077eead17161acfee3d18924dc08281e54f8e97ad9261e1fbb6f23bb9,22910855,1752416975,13/07/25 14:29,0x0a7da29599a326568c88ef1ff2fb2f42262090fd,0xe5544a2a5fa9b175da60d8eec67add5582bb31b0,,0,0,0,0.000113721,0.355291103,2973.01,,,Mint
0xaed399e56096f422f5fdd29e0baff3e0d098f86d4a165cc8eb2ea0d7f9632a2b,22910820,1752416555,13/07/25 14:22,0x0a7da29599a326568c88ef1ff2fb2f42262090fd,0xe5544a2a5fa9b175da60d8eec67add5582bb31b0,,0,0,0,0.000123847,0.386927168,2973.01,,,Mint
0x98a22e77afc69825604a4ad963fe29b043264241a8b0ec6b62530a7d73e3684d,22910793,1752416207,13/07/25 14:16,0x0a7da29599a326568c88ef1ff2fb2f42262090fd,0xe5544a2a5fa9b175da60d8eec67add5582bb31b0,,0,0,0,6.43398E-05,0.201013342,2973.01,,,Mint
0xe6036e686c8c00e7f5259fcbae27c0c56955c8a26681b121e8aaf57201b4a1b6,22910762,1752415823,13/07/25 14:10,0x0a7da29599a326568c88ef1ff2fb2f42262090fd,0xe5544a2a5fa9b175da60d8eec67add5582bb31b0,,0,0,0,4.70695E-05,0.147056597,2973.01,,,Mint
0x740c71c301218f78c5420f3e57108f245b846db97075350aceac4f9a983d4e82,22910745,1752415619,13/07/25 14:06,0x0a7da29599a326568c88ef1ff2fb2f42262090fd,0xe5544a2a5fa9b175da60d8eec67add5582bb31b0,,0,0,0,3.78749E-05,0.118330387,2973.01,,,Mint
0xf41aa8919b4eca0076e696ea678ae6064a959a33fcda3ac2ad20ef174cc1f5a9,22910645,1752414407,13/07/25 13:46,0x0a7da29599a326568c88ef1ff2fb2f42262090fd,0xe5544a2a5fa9b175da60d8eec67add5582bb31b0,,0,0,0,4.23016E-05,0.132160572,2973.01,,,Mint
0x6f785ca1d28c22f5ee33008d8ad21f81d64e8e36a9604f75d0e7d7fd2d502b7c,22910610,1752413975,13/07/25 13:39,0x0a7da29599a326568c88ef1ff2fb2f42262090fd,0xe5544a2a5fa9b175da60d8eec67add5582bb31b0,,0,0,0,4.73998E-05,0.148088715,2973.01,,,Mint
0xb9384251ee61c3fb5a78e0a0bfada2d49e005c57501cfbfb5150dfce7d21be27,22910598,1752413831,13/07/25 13:37,0x0a7da29599a326568c88ef1ff2fb2f42262090fd,0xe5544a2a5fa9b175da60d8eec67add5582bb31b0,,0,0,0,5.1343E-05,0.16040808,2973.01,,,Mint
0xc6116863662bbc27a2c4c65ba16146e8bc13987d327c42a70c4e4d608707f33e,22910591,1752413747,13/07/25 13:35,0x0a7da29599a326568c88ef1ff2fb2f42262090fd,0xe5544a2a5fa9b175da60d8eec67add5582bb31b0,,0,0,0,5.14683E-05,0.160799763,2973.01,,,Mint
0x8e45a5bab08248923d64d859af590d25877562ffe538ca93d52adc8d2cd835c5,22910578,1752413579,13/07/25 13:32,0x0a7da29599a326568c88ef1ff2fb2f42262090fd,0xe5544a2a5fa9b175da60d8eec67add5582bb31b0,,0,0,0,4.3505E-05,0.135920423,2973.01,,,Mint
0x22e0c89cbbc35be76af6f82c5aa0f798027f886b66049283b373750ec2140796,22910550,1752413231,13/07/25 13:27,0x0a7da29599a326568c88ef1ff2fb2f42262090fd,0xe5544a2a5fa9b175da60d8eec67add5582bb31b0,,0,0,0,3.91263E-05,0.122240084,2973.01,,,Mint
0x1358dd7558dcec17516dbc61d0f1ac145576eac416b82ebf39bcfb66227ef6cc,22910519,1752412859,13/07/25 13:20,0x0a7da29599a326568c88ef1ff2fb2f42262090fd,0xe5544a2a5fa9b175da60d8eec67add5582bb31b0,,0,0,0,3.31767E-05,0.103652282,2973.01,,,Mint
0xf661cc5862bf13c974795f7cb618a10014c2a23283c1b290c566d914fca0e5fb,22910508,1752412727,13/07/25 13:18,0x0a7da29599a326568c88ef1ff2fb2f42262090fd,0xe5544a2a5fa9b175da60d8eec67add5582bb31b0,,0,0,0,3.33006E-05,0.104039327,2973.01,,,Mint
0xe0bfffeb01bf052b19a83ee2f729e7fec840c0b8f32f863f2cb227ba11c0e58e,22910502,1752412655,13/07/25 13:17,0x0a7da29599a326568c88ef1ff2fb2f42262090fd,0xe5544a2a5fa9b175da60d8eec67add5582bb31b0,,0,0,0,3.25342E-05,0.101644903,2973.01,,,Mint
0xc3b949b8ce1abde8de4340e0f19e570c536940edf3afd4243cb586a4a83b5deb,22910487,1752412463,13/07/25 13:14,0x0a7da29599a326568c88ef1ff2fb2f42262090fd,0xe5544a2a5fa9b175da60d8eec67add5582bb31b0,,0,0,0,3.2235E-05,0.100710062,2973.01,,,Mint
0xbf2f368f7de23eec29564abe167ed8b55b7c030813870aedf2a21e6c775e8ff9,22910471,1752412271,13/07/25 13:11,0x0a7da29599a326568c88ef1ff2fb2f42262090fd,0xe5544a2a5fa9b175da60d8eec67add5582bb31b0,,0,0,0,2.97043E-05,0.092803432,2973.01,,,Mint
0xdb085d41af78b770c47411a8643af2aa56f0d1948a0030c6dbf718cd55b449d2,22910446,1752411971,13/07/25 13:06,0x0a7da29599a326568c88ef1ff2fb2f42262090fd,0xe5544a2a5fa9b175da60d8eec67add5582bb31b0,,0,0,0,2.91651E-05,0.091118793,2973.01,,,Mint
0xd359061fcc2285d62bf26f77b8f4e7416af7e9389281ed80f266753f7353515f,22910436,1752411851,13/07/25 13:04,0x0a7da29599a326568c88ef1ff2fb2f42262090fd,0xe5544a2a5fa9b175da60d8eec67add5582bb31b0,,0,0,0,2.76802E-05,0.08647979,2973.01,,,Mint
0xadf6a965f06403f680bc4b7ff95abd9d774ae415b3e289a8e41b04035e86b658,22910409,1752411515,13/07/25 12:58,0x0a7da29599a326568c88ef1ff2fb2f42262090fd,0xe5544a2a5fa9b175da60d8eec67add5582bb31b0,,0,0,0,2.0258E-05,0.063290979,2973.01,,,Mint
0x020e2f157c0c6f940c2de45f89fde44539a5718e29d4b11c2fb492a258f62677,22910395,1752411347,13/07/25 12:55,0x0a7da29599a326568c88ef1ff2fb2f42262090fd,0xe5544a2a5fa9b175da60d8eec67add5582bb31b0,,0,0,0,2.41162E-05,0.075344938,2973.01,,,Mint
0xce7f2847ed25487b4bfea2276a6e16be0660ea23a64099c4338eee1ac274a25e,22910353,1752410843,13/07/25 12:47,0x0a7da29599a326568c88ef1ff2fb2f42262090fd,0xe5544a2a5fa9b175da60d8eec67add5582bb31b0,,0,0,0,1.28377E-05,0.040108264,2973.01,,,Mint
0x8751d2325022eec996a67cda867fa3f9c18c8aae783c2cf82ad32f591aa62de5,22910332,1752410591,13/07/25 12:43,0x0a7da29599a326568c88ef1ff2fb2f42262090fd,0xe5544a2a5fa9b175da60d8eec67add5582bb31b0,,0,0,0,1.34829E-05,0.042123775,2973.01,,,Mint
0x14f3617caf64011e6343462bf98b3a9a9db33e600af979122fd29a03083a2eb7,22910326,1752410519,13/07/25 12:41,0x0a7da29599a326568c88ef1ff2fb2f42262090fd,0xe5544a2a5fa9b175da60d8eec67add5582bb31b0,,0,0,0,1.50586E-05,0.047046785,2973.01,,,Mint
0x31253839032ca61e8b63ab307d85c18ccdb1802a4afaa26be868916f1e7f34f2,22910319,1752410435,13/07/25 12:40,0x0a7da29599a326568c88ef1ff2fb2f42262090fd,0xe5544a2a5fa9b175da60d8eec67add5582bb31b0,,0,0,0,1.57943E-05,0.049345175,2973.01,,,Mint
0x636de67067fb83ea3849127340ec21d49b13d75e24022aa8c80801f26079aec6,22910308,1752410303,13/07/25 12:38,0x0a7da29599a326568c88ef1ff2fb2f42262090fd,0xe5544a2a5fa9b175da60d8eec67add5582bb31b0,,0,0,0,1.71301E-05,0.053518516,2973.01,,,Mint
0xe3c414778749cb337a1b412309ce0ef5c70659dfde3dea91a6a97207c2fb16f8,22910287,1752410051,13/07/25 12:34,0x0a7da29599a326568c88ef1ff2fb2f42262090fd,0xe5544a2a5fa9b175da60d8eec67add5582bb31b0,,0,0,0,1.40153E-05,0.04378725,2973.01,,,Mint
0x454dd90f436615384e540c1579e0ea3c2e4a8fc7ceae45550f6403fc2bdd2b61,22910282,1752409991,13/07/25 12:33,0x0a7da29599a326568c88ef1ff2fb2f42262090fd,0xe5544a2a5fa9b175da60d8eec67add5582bb31b0,,0,0,0,1.31686E-05,0.041141938,2973.01,,,Mint
0x34edbcde9f20592aff25ea4fc9223829f415018389d4d74c595a250dd2b2383d,22910268,1752409823,13/07/25 12:30,0x0a7da29599a326568c88ef1ff2fb2f42262090fd,0xe5544a2a5fa9b175da60d8eec67add5582bb31b0,,0,0,0,1.30941E-05,0.040909187,2973.01,,,Mint
0xfc77b48260b1cab29d062c0b1086388ffb292cc00b47513cabf0fe605040f61a,22910120,1752408035,13/07/25 12:00,0x0a7da29599a326568c88ef1ff2fb2f42262090fd,0xe5544a2a5fa9b175da60d8eec67add5582bb31b0,,0,0,0,1.44743E-05,0.045221382,2973.01,,,Mint
0xc47ea58d84ee24af47d703edc2ecf88931230cdf3ec58e2df6e057bbf6a2e687,22910106,1752407867,13/07/25 11:57,0x0a7da29599a326568c88ef1ff2fb2f42262090fd,0xe5544a2a5fa9b175da60d8eec67add5582bb31b0,,0,0,0,1.14262E-05,0.03569824,2973.01,,,Mint
0x8b80b89367eb1b84fb296f712ea44818c13e700d8b44da428db2761363bf4f06,22910089,1752407663,13/07/25 11:54,0x0a7da29599a326568c88ef1ff2fb2f42262090fd,0xe5544a2a5fa9b175da60d8eec67add5582bb31b0,,0,0,0,1.36538E-05,0.042657972,2973.01,,,Mint
0x63127c5c052eaff602e8082ca089ee38b9634b3f998a7ff9adaaae33469e775a,22909909,1752405491,13/07/25 11:18,0x0a7da29599a326568c88ef1ff2fb2f42262090fd,0xe5544a2a5fa9b175da60d8eec67add5582bb31b0,,0,0,0,1.47188E-05,0.045985193,2973.01,,,Mint
0x09abce12c9622791b5edc423cf9161aede507060354ec73958fb4a5f9fb3c366,22909897,1752405347,13/07/25 11:15,0x0a7da29599a326568c88ef1ff2fb2f42262090fd,0xe5544a2a5fa9b175da60d8eec67add5582bb31b0,,0,0,0,1.4178E-05,0.044295641,2973.01,,,Mint
0x6a96bd107077271dde87d7546798b30c94f1bf4e2bbb6c61d6188b744b52fd81,22909892,1752405287,13/07/25 11:14,0x0a7da29599a326568c88ef1ff2fb2f42262090fd,0xe5544a2a5fa9b175da60d8eec67add5582bb31b0,,0,0,0,1.27423E-05,0.039810178,2973.01,,,Mint
0xc4caddb6623a46ac18983fb7e30eecb8730c228e47b8204c4c1d5181d17ade04,22909855,1752404843,13/07/25 11:07,0x0a7da29599a326568c88ef1ff2fb2f42262090fd,0xe5544a2a5fa9b175da60d8eec67add5582bb31b0,,0,0,0,1.12967E-05,0.035293785,2973.01,,,Mint
0xa1e20abb544db823a97bfe58b6c0bbe49fa34b5ed373fef6eca2e8b19d9c3a68,22909826,1752404483,13/07/25 11:01,0x0a7da29599a326568c88ef1ff2fb2f42262090fd,0xe5544a2a5fa9b175da60d8eec67add5582bb31b0,,0,0,0,1.25302E-05,0.03914744,2973.01,,,Mint
0x09fa8e755646c3b89f186149487a051a03385e6bd73d7559eca9b10a66360091,22909818,1752404387,13/07/25 10:59,0x0a7da29599a326568c88ef1ff2fb2f42262090fd,0xe5544a2a5fa9b175da60d8eec67add5582bb31b0,,0,0,0,1.12688E-05,0.035206632,2973.01,,,Mint
0x7b456638080fda5161725bf0a19327cd567e71c39a75e93256c95699132966ea,22909802,1752404195,13/07/25 10:56,0x0a7da29599a326568c88ef1ff2fb2f42262090fd,0xe5544a2a5fa9b175da60d8eec67add5582bb31b0,,0,0,0,1.1794E-05,0.036847484,2973.01,,,Mint
0xff13097f56a6bdb6630955bd431444683cb3604d54c07fb353e6ea1c95155f1c,22909791,1752404063,13/07/25 10:54,0x0a7da29599a326568c88ef1ff2fb2f42262090fd,0xe5544a2a5fa9b175da60d8eec67add5582bb31b0,,0,0,0,1.14721E-05,0.03584177,2973.01,,,Mint
0x00af4db5c6181a9ba7e7517d73f414b2f8f9a2ba37781b5ab5761bc08dfa9cf9,22909766,1752403763,13/07/25 10:49,0x0a7da29599a326568c88ef1ff2fb2f42262090fd,0xe5544a2a5fa9b175da60d8eec67add5582bb31b0,,0,0,0,1.33106E-05,0.041585538,2973.01,,,Mint
0x4c90108191f5740c5376eef3aeff46cfa78bb7c12f7a4555f5d7c16b95556d77,22909744,1752403499,13/07/25 10:44,0x0a7da29599a326568c88ef1ff2fb2f42262090fd,0xe5544a2a5fa9b175da60d8eec67add5582bb31b0,,0,0,0,1.22845E-05,0.038379708,2973.01,,,Mint
0xc3b0997f921aac30b63472c8a15afe143e7c1a02e7609762b0a1d103c36915ab,22909728,1752403295,13/07/25 10:41,0x0a7da29599a326568c88ef1ff2fb2f42262090fd,0xe5544a2a5fa9b175da60d8eec67add5582bb31b0,,0,0,0,1.19834E-05,0.037438936,2973.01,,,Mint
0x3081705c2e4caf94b8cabd7036f59a150caefb7895c05a3d8e9f47143be01cff,22909709,1752403067,13/07/25 10:37,0x0a7da29599a326568c88ef1ff2fb2f42262090fd,0xe5544a2a5fa9b175da60d8eec67add5582bb31b0,,0,0,0,1.53955E-05,0.048099483,2973.01,,,Mint
0x9df2eba4735b1c0c9104cc37af6c529e628bbec1e865be17ac0025c602a02033,22909705,1752403019,13/07/25 10:36,0x0a7da29599a326568c88ef1ff2fb2f42262090fd,0xe5544a2a5fa9b175da60d8eec67add5582bb31b0,,0,0,0,1.5139E-05,0.047297986,2973.01,,,Mint
0x8498907b7e85519a5bb136c4bbffc355834d23d45469984f5d10e945071b3d4f,22909692,1752402863,13/07/25 10:34,0x0a7da29599a326568c88ef1ff2fb2f42262090fd,0xe5544a2a5fa9b175da60d8eec67add5582bb31b0,,0,0,0,1.92365E-05,0.0600995,2973.01,,,Mint
0x0dde6f0c81506cbeb69f854364672fea57a9541ebc47daae1f3035584b316f84,22909647,1752402323,13/07/25 10:25,0x0a7da29599a326568c88ef1ff2fb2f42262090fd,0xe5544a2a5fa9b175da60d8eec67add5582bb31b0,,0,0,0,1.80887E-05,0.056513533,2973.01,,,Mint
0x64a25916a267ec38289f577384a4c2c1e6dd45ac57d1409bac3181ffcee878d2,22909633,1752402155,13/07/25 10:22,0x0a7da29599a326568c88ef1ff2fb2f42262090fd,0xe5544a2a5fa9b175da60d8eec67add5582bb31b0,,0,0,0,1.81624E-05,0.056743658,2973.01,,,Mint
0xd8df3419854a42cd548fad5d2c82ed531d192f81c9f12bd0ff8a6cd0f9ea6421,22909626,1752402071,13/07/25 10:21,0x0a7da29599a326568c88ef1ff2fb2f42262090fd,0xe5544a2a5fa9b175da60d8eec67add5582bb31b0,,0,0,0,1.67725E-05,0.052401275,2973.01,,,Mint
0x2eaa90b7de26e22386980d5d8abefd9de93e98315b032bedced7e4e2cb46fb63,22909600,1752401759,13/07/25 10:15,0x0a7da29599a326568c88ef1ff2fb2f42262090fd,0xe5544a2a5fa9b175da60d8eec67add5582bb31b0,,0,0,0,2.61115E-05,0.081578807,2973.01,,,Mint
0x6eeabbf1d25020176c9f7c1ccd7a467de52223a5795880bc98b751aa19dd1b2a,22909596,1752401711,13/07/25 10:15,0x0a7da29599a326568c88ef1ff2fb2f42262090fd,0xe5544a2a5fa9b175da60d8eec67add5582bb31b0,,0,0,0,2.50382E-05,0.078225458,2973.01,,,Mint
0xba8f5873febf50ea3770eb15a9314734717c97371df38b559aeeaef9a43ddda7,22909582,1752401543,13/07/25 10:12,0x0a7da29599a326568c88ef1ff2fb2f42262090fd,0xe5544a2a5fa9b175da60d8eec67add5582bb31b0,,0,0,0,2.73999E-05,0.085603953,2973.01,,,Mint
0x461b7acbdd735268308266d4b6131587a3993225000f30a25fddc09cba0b879a,22909577,1752401483,13/07/25 10:11,0x0a7da29599a326568c88ef1ff2fb2f42262090fd,0xe5544a2a5fa9b175da60d8eec67add5582bb31b0,,0,0,0,2.88223E-05,0.090047927,2973.01,,,Mint
0xc49456bfd3ee9997a35e405c865f70fdb250f8d27e1c8f3f1871a0548e588c39,22909566,1752401351,13/07/25 10:09,0x0a7da29599a326568c88ef1ff2fb2f42262090fd,0xe5544a2a5fa9b175da60d8eec67add5582bb31b0,,0,0,0,2.55298E-05,0.079761224,2973.01,,,Mint
0x603be1941545f05a0f6ad57762b38954d85390130dc8eba22955935e32a8fd3d,22909552,1752401183,13/07/25 10:06,0x0a7da29599a326568c88ef1ff2fb2f42262090fd,0xe5544a2a5fa9b175da60d8eec67add5582bb31b0,,0,0,0,2.20964E-05,0.069034495,2973.01,,,Mint
0x472be930080a42b2efa55d077b91d61510e024d78747c4eb904c42e67477382a,22909527,1752400883,13/07/25 10:01,0x0a7da29599a326568c88ef1ff2fb2f42262090fd,0xe5544a2a5fa9b175da60d8eec67add5582bb31b0,,0,0,0,2.35209E-05,0.073485157,2973.01,,,Mint
0xb4a2e0efc5fade51ab7dad2b59ae010ddf5f31ac37b8be75e9db68d4296c6a0f,22909498,1752400535,13/07/25 09:55,0x0a7da29599a326568c88ef1ff2fb2f42262090fd,0xe5544a2a5fa9b175da60d8eec67add5582bb31b0,,0,0,0,2.09913E-05,0.065582137,2973.01,,,Mint
0x95021a0106d360f6b739100903cb1d477134535e8e7a1ac3215b514977986ea5,22909483,1752400355,13/07/25 09:52,0x0a7da29599a326568c88ef1ff2fb2f42262090fd,0xe5544a2a5fa9b175da60d8eec67add5582bb31b0,,0,0,0,2.42651E-05,0.075810284,2973.01,,,Mint
0x1a6f7ce81408076774f0e12746366bd9cceb206271da8fbd021ea055be4f624c,22909453,1752399995,13/07/25 09:46,0x0a7da29599a326568c88ef1ff2fb2f42262090fd,0xe5544a2a5fa9b175da60d8eec67add5582bb31b0,,0,0,0,2.19567E-05,0.068598173,2973.01,,,Mint
0xfb0b985a47f26331b0ffaf45d13e656cfe64e9ca85b2d076fb41156f8920dd7a,22909437,1752399803,13/07/25 09:43,0x0a7da29599a326568c88ef1ff2fb2f42262090fd,0xe5544a2a5fa9b175da60d8eec67add5582bb31b0,,0,0,0,2.28521E-05,0.071395556,2973.01,,,Mint
0xba67b6f7907a7d9005bc0add48c50201fb39cc6c4af2924e5fa488677eebb227,22909432,1752399743,13/07/25 09:42,0x0a7da29599a326568c88ef1ff2fb2f42262090fd,0xe5544a2a5fa9b175da60d8eec67add5582bb31b0,,0,0,0,2.11491E-05,0.066074989,2973.01,,,Mint
0x34d55eb68133393f841f1f11f48acca54f578702b804aa10648cbb749286c1f5,22909427,1752399683,13/07/25 09:41,0x0a7da29599a326568c88ef1ff2fb2f42262090fd,0xe5544a2a5fa9b175da60d8eec67add5582bb31b0,,0,0,0,2.09195E-05,0.065357776,2973.01,,,Mint
0x3db3e2f16c9e873b2f7621911f2b3aacac946e2a46f8556ccd68d5bd0b610771,22909402,1752399383,13/07/25 09:36,0x0a7da29599a326568c88ef1ff2fb2f42262090fd,0xe5544a2a5fa9b175da60d8eec67add5582bb31b0,,0,0,0,2.14133E-05,0.066900457,2973.01,,,Mint
0x26fb81b0edb11775dd5700f4975d4ba597fa1fe490d2da296e45a851f9341872,22909394,1752399287,13/07/25 09:34,0x0a7da29599a326568c88ef1ff2fb2f42262090fd,0xe5544a2a5fa9b175da60d8eec67add5582bb31b0,,0,0,0,1.98325E-05,0.061961593,2973.01,,,Mint
0x8fcfc4e75ee3c18b6fdc336d44a0ded7094d8b55d61761adb081149367ee8b48,22909361,1752398891,13/07/25 09:28,0x0a7da29599a326568c88ef1ff2fb2f42262090fd,0xe5544a2a5fa9b175da60d8eec67add5582bb31b0,,0,0,0,1.39171E-05,0.043480308,2973.01,,,Mint
0xb8ef45dc16d82444bb5e0c7ffa5c58558ff8989c0708b1138765dfcba18381ac,22909357,1752398843,13/07/25 09:27,0x0a7da29599a326568c88ef1ff2fb2f42262090fd,0xe5544a2a5fa9b175da60d8eec67add5582bb31b0,,0,0,0,1.2212E-05,0.038153178,2973.01,,,Mint
0x9c0d9e79c19a7c7ce75d574c99e1a51bcf542b78dbc2e118eea52365db7b4120,22909327,1752398483,13/07/25 09:21,0x0a7da29599a326568c88ef1ff2fb2f42262090fd,0xe5544a2a5fa9b175da60d8eec67add5582bb31b0,,0,0,0,1.41584E-05,0.044234296,2973.01,,,Mint
0x4003760dfe054acaad1f1cf87e0574355fc2fa2777329bb0d745fc7b90c721b7,22909316,1752398351,13/07/25 09:19,0x0a7da29599a326568c88ef1ff2fb2f42262090fd,0xe5544a2a5fa9b175da60d8eec67add5582bb31b0,,0,0,0,1.29187E-05,0.040361255,2973.01,,,Mint
0x7777be453aa1a30dedb9175cc1893c437d9c5d06e0f3d72d91e756abfe3c34a3,22909309,1752398267,13/07/25 09:17,0x0a7da29599a326568c88ef1ff2fb2f42262090fd,0xe5544a2a5fa9b175da60d8eec67add5582bb31b0,,0,0,0,1.13264E-05,0.035386596,2973.01,,,Mint
0x612ba34334d05f0b1a4060e570d29ab5bbec773a243ecf371f48bebc5863bc3f,22909303,1752398195,13/07/25 09:16,0x0a7da29599a326568c88ef1ff2fb2f42262090fd,0xe5544a2a5fa9b175da60d8eec67add5582bb31b0,,0,0,0,1.18247E-05,0.036943298,2973.01,,,Mint
0x1ca6c9e45e1deb1020684ffbb216f48ab874a6ea144f568c07dda4500ad7d2de,22909268,1752397775,13/07/25 09:09,0x0a7da29599a326568c88ef1ff2fb2f42262090fd,0xe5544a2a5fa9b175da60d8eec67add5582bb31b0,,0,0,0,1.21984E-05,0.038110805,2973.01,,,Mint
0xdc1692f5641b389752264581dd09768ea76275cb1a0b08786e38a80208919ede,22909263,1752397715,13/07/25 09:08,0x0a7da29599a326568c88ef1ff2fb2f42262090fd,0xe5544a2a5fa9b175da60d8eec67add5582bb31b0,,0,0,0,1.24482E-05,0.03889127,2973.01,,,Mint
0xd9ad7733a578295bfac7673f6502d4b814cd8591244a9b072bffbd50fb8a6f52,22909247,1752397523,13/07/25 09:05,0x0a7da29599a326568c88ef1ff2fb2f42262090fd,0xe5544a2a5fa9b175da60d8eec67add5582bb31b0,,0,0,0,1.37028E-05,0.042810942,2973.01,,,Mint
0xd8f977cf3cce93dbaf37632a8636c9ffba1cfae1eb9c2ab2d794d8c0c7f26e1d,22909242,1752397463,13/07/25 09:04,0x0a7da29599a326568c88ef1ff2fb2f42262090fd,0xe5544a2a5fa9b175da60d8eec67add5582bb31b0,,0,0,0,1.21555E-05,0.037976788,2973.01,,,Mint
0xeb78962f2b1884c813e32a5bdc98e2687d976e38e71f17948432068184bda429,22909162,1752396503,13/07/25 08:48,0x0a7da29599a326568c88ef1ff2fb2f42262090fd,0xe5544a2a5fa9b175da60d8eec67add5582bb31b0,,0,0,0,1.4978E-05,0.046794868,2973.01,,,Mint
0xaf88434dc68069712e30d1b5775163b44b929192473fd0f10bd2d34657e6fe6a,22909156,1752396431,13/07/25 08:47,0x0a7da29599a326568c88ef1ff2fb2f42262090fd,0xe5544a2a5fa9b175da60d8eec67add5582bb31b0,,0,0,0,1.37612E-05,0.042993309,2973.01,,,Mint
0x23fbb716b1cb4aaea9ae28e67016412f24bea9cbd69d934c6dec1564501b4f49,22909111,1752395879,13/07/25 08:37,0x0a7da29599a326568c88ef1ff2fb2f42262090fd,0xe5544a2a5fa9b175da60d8eec67add5582bb31b0,,0,0,0,1.19895E-05,0.037458234,2973.01,,,Mint
0x83261b1fc515bb177ff0f91ae93f5310e72fb1f5ac574d708b598006a10afed5,22909101,1752395759,13/07/25 08:35,0x0a7da29599a326568c88ef1ff2fb2f42262090fd,0xe5544a2a5fa9b175da60d8eec67add5582bb31b0,,0,0,0,1.20861E-05,0.03775998,2973.01,,,Mint
0x42fcf896974b8807723b27ab3f80f44fa5768ba18cc6d5c3060632608cd8591e,22909071,1752395399,13/07/25 08:29,0x0a7da29599a326568c88ef1ff2fb2f42262090fd,0xe5544a2a5fa9b175da60d8eec67add5582bb31b0,,0,0,0,1.49361E-05,0.046664173,2973.01,,,Mint
0x99ecb76c49b84ddd562ed9c17aebec26adbce7fa74150fc00085e3dd09dd6a04,22909066,1752395327,13/07/25 08:28,0x0a7da29599a326568c88ef1ff2fb2f42262090fd,0xe5544a2a5fa9b175da60d8eec67add5582bb31b0,,0,0,0,1.36681E-05,0.042702457,2973.01,,,Mint
0x81290350c36beb80c376d442b0a8abab2ed61610e25aa86f54c075eb442710dd,22908856,1752392783,13/07/25 07:46,0x0a7da29599a326568c88ef1ff2fb2f42262090fd,0xe5544a2a5fa9b175da60d8eec67add5582bb31b0,,0,0,0,1.48779E-05,0.046482356,2973.01,,,Mint
0xda649cbcc177be62234dc46f1e2e2567584200921644fb0add5925ac87de28a6,22908739,1752391343,13/07/25 07:22,0x0a7da29599a326568c88ef1ff2fb2f42262090fd,0xe5544a2a5fa9b175da60d8eec67add5582bb31b0,,0,0,0,1.2648E-05,0.039515455,2973.01,,,Mint
0x00bea6a8455876e1fc9a12e2f134863492ff6744a72c58eace12f31e610a82e7,22908373,1752386939,13/07/25 06:08,0x0a7da29599a326568c88ef1ff2fb2f42262090fd,0xe5544a2a5fa9b175da60d8eec67add5582bb31b0,,0,0,0,1.22968E-05,0.038418087,2973.01,,,Mint
0xe189d7467836393a741158e1507b146840f709189db77798c6d202de35a10936,22908345,1752386603,13/07/25 06:03,0x0a7da29599a326568c88ef1ff2fb2f42262090fd,0xe5544a2a5fa9b175da60d8eec67add5582bb31b0,,0,0,0,1.20396E-05,0.037614727,2973.01,,,Mint
0x970c1ea265cbe1a3fc0aac32a424b7548843302f1f7f816a7e0605bb2dfe4e0d,22908310,1752386183,13/07/25 05:56,0x0a7da29599a326568c88ef1ff2fb2f42262090fd,0xe5544a2a5fa9b175da60d8eec67add5582bb31b0,,0,0,0,1.23688E-05,0.038643159,2973.01,,,Mint
0x043b5b38411a67e7f359ad50fa581ce037da4590c8fecf29adf3236ddaa760ff,22908277,1752385787,13/07/25 05:49,0x0a7da29599a326568c88ef1ff2fb2f42262090fd,0xe5544a2a5fa9b175da60d8eec67add5582bb31b0,,0,0,0,1.36076E-05,0.042513425,2973.01,,,Mint
0x6d9e70b40665a6fee8caa5ec0418f0c1ddc65873a08cc87da4a8f74fdab95e8b,22908235,1752385283,13/07/25 05:41,0x0a7da29599a326568c88ef1ff2fb2f42262090fd,0xe5544a2a5fa9b175da60d8eec67add5582bb31b0,,0,0,0,1.47226E-05,0.045996872,2973.01,,,Mint
0x30eaf30e9af11a1b1762b75e72899d5ca17cc299404e64a86bf8c6fa2f3360a7,22907958,1752381959,13/07/25 04:45,0x0a7da29599a326568c88ef1ff2fb2f42262090fd,0xe5544a2a5fa9b175da60d8eec67add5582bb31b0,,0,0,0,2.00867E-05,0.062755753,2973.01,,,Mint
0x4fa31a7f4c501287fe068bc2b673e4e47847a852e1aa2353867a6189dd6fe5a6,22907943,1752381779,13/07/25 04:42,0x0a7da29599a326568c88ef1ff2fb2f42262090fd,0xe5544a2a5fa9b175da60d8eec67add5582bb31b0,,0,0,0,2.28531E-05,0.071398592,2973.01,,,Mint
0x79eb8d0016dd399b031fa67132a3545fa8d5ebe941e67229a6f595e4ef16514d,22907812,1752380207,13/07/25 04:16,0x0a7da29599a326568c88ef1ff2fb2f42262090fd,0xe5544a2a5fa9b175da60d8eec67add5582bb31b0,,0,0,0,2.05096E-05,0.064076999,2973.01,,,Mint
0xe6d8acc428ca95384f7859fd4bca4a5a82b2b0e115d4196174d28aa315c4b0de,22907795,1752380003,13/07/25 04:13,0x0a7da29599a326568c88ef1ff2fb2f42262090fd,0xe5544a2a5fa9b175da60d8eec67add5582bb31b0,,0,0,0,2.00547E-05,0.06265574,2973.01,,,Mint
0x943db1d36b4f004b5b6367f52aeccccfda51e2ae7a753c1621327d724f198e4a,22907771,1752379715,13/07/25 04:08,0x0a7da29599a326568c88ef1ff2fb2f42262090fd,0xe5544a2a5fa9b175da60d8eec67add5582bb31b0,,0,0,0,2.05355E-05,0.06415802,2973.01,,,Mint
0x3aad717dce8285681985785920fb3024292d310e060907834e17bd0c2076c6b8,22907730,1752379223,13/07/25 04:00,0x0a7da29599a326568c88ef1ff2fb2f42262090fd,0xe5544a2a5fa9b175da60d8eec67add5582bb31b0,,0,0,0,1.74207E-05,0.054426562,2973.01,,,Mint
0x3528ad8a15477c541f1049c4db9cddad28ad2c3b18df7a3cf0c66f1a0c9dc908,22907561,1752377195,13/07/25 03:26,0x0a7da29599a326568c88ef1ff2fb2f42262090fd,0xe5544a2a5fa9b175da60d8eec67add5582bb31b0,,0,0,0,2.19722E-05,0.068646451,2973.01,,,Mint
0x2c646820a6abdf90d7b6aacd75347cbbac1359be768208345f8bedd8e5878584,22907499,1752376451,13/07/25 03:14,0x0a7da29599a326568c88ef1ff2fb2f42262090fd,0xe5544a2a5fa9b175da60d8eec67add5582bb31b0,,0,0,0,1.55563E-05,0.048601651,2973.01,,,Mint
0x68377f2ad60e015429fec7a6552ab79c7aaaff8b31262ab0bbf076688bdaa230,22907447,1752375827,13/07/25 03:03,0x0a7da29599a326568c88ef1ff2fb2f42262090fd,0xe5544a2a5fa9b175da60d8eec67add5582bb31b0,,0,0,0,1.57474E-05,0.049198612,2973.01,,,Mint
0xa98d650fc2880e7c41793e1893af6b856e300e024fd35133db9930a40b3336dc,22907419,1752375479,13/07/25 02:57,0x0a7da29599a326568c88ef1ff2fb2f42262090fd,0xe5544a2a5fa9b175da60d8eec67add5582bb31b0,,0,0,0,1.87639E-05,0.058623046,2973.01,,,Mint
0x4565ac74118d44765a336bfdfbbd76768f40f351d20584f3bb43817ba1a1e80d,22907344,1752374567,13/07/25 02:42,0x0a7da29599a326568c88ef1ff2fb2f42262090fd,0xe5544a2a5fa9b175da60d8eec67add5582bb31b0,,0,0,0,1.69794E-05,0.053047975,2973.01,,,Mint
0x7904fc342574021ea40fbc4b41642be4a9164cfa4d1e9245d6c973e8dfa4c1bc,22907227,1752373163,13/07/25 02:19,0x0a7da29599a326568c88ef1ff2fb2f42262090fd,0xe5544a2a5fa9b175da60d8eec67add5582bb31b0,,0,0,0,1.80276E-05,0.056322626,2973.01,,,Mint
0x5c155664153def0e5246abdd3680c5ce53b531bf44272c2c87c53fbf431c30d4,22907185,1752372647,13/07/25 02:10,0x0a7da29599a326568c88ef1ff2fb2f42262090fd,0xe5544a2a5fa9b175da60d8eec67add5582bb31b0,,0,0,0,1.62885E-05,0.050889312,2973.01,,,Mint
0x3cc219268245843cc4a5ac7e2b86dcba2ef5cf131fdcde331afda438e4241302,22907174,1752372515,13/07/25 02:08,0x0a7da29599a326568c88ef1ff2fb2f42262090fd,0xe5544a2a5fa9b175da60d8eec67add5582bb31b0,,0,0,0,1.76736E-05,0.055216542,2973.01,,,Mint
0x23995f64597f780094e38b44fb439c3423cdeb1c675757c8004ab326441da12e,22907092,1752371531,13/07/25 01:52,0x0a7da29599a326568c88ef1ff2fb2f42262090fd,0xe5544a2a5fa9b175da60d8eec67add5582bb31b0,,0,0,0,1.74984E-05,0.054669378,2973.01,,,Mint
0x9caf62a312cc94928c3e9fd1441a100707992e972d85c94652ced7dab4078cca,22906982,1752370211,13/07/25 01:30,0x0a7da29599a326568c88ef1ff2fb2f42262090fd,0xe5544a2a5fa9b175da60d8eec67add5582bb31b0,,0,0,0,2.05319E-05,0.064146837,2973.01,,,Mint
0x5cb17a8a0cfce26fa5968c66863568c27ca0c6136aa2b38979113cd40e069589,22906943,1752369743,13/07/25 01:22,0x0a7da29599a326568c88ef1ff2fb2f42262090fd,0xe5544a2a5fa9b175da60d8eec67add5582bb31b0,,0,0,0,1.78197E-05,0.055673097,2973.01,,,Mint
0x11066918b4c7b1639ba647e46ca6dec03a1742bc77dfd6c1765aeb4ee9bb4866,22906898,1752369191,13/07/25 01:13,0x0a7da29599a326568c88ef1ff2fb2f42262090fd,0xe5544a2a5fa9b175da60d8eec67add5582bb31b0,,0,0,0,1.59401E-05,0.049800864,2973.01,,,Mint
0xe8c0df27fadbbb8891d6e6b8c1439a0f2475cbdd20092c5d921c7adf8f7dc36c,22906817,1752368207,13/07/25 00:56,0x0a7da29599a326568c88ef1ff2fb2f42262090fd,0xe5544a2a5fa9b175da60d8eec67add5582bb31b0,,0,0,0,1.46394E-05,0.045737099,2973.01,,,Mint
0xf7097d3cd29ae52cd1cef883af2503bcdec84971e04d8a51c9b075948f898822,22906777,1752367727,13/07/25 00:48,0x0a7da29599a326568c88ef1ff2fb2f42262090fd,0xe5544a2a5fa9b175da60d8eec67add5582bb31b0,,0,0,0,1.48082E-05,0.0462644,2973.01,,,Mint
0x5a8fc5dfbd6dbc4161fd980c95586df398d93c9a9c978ccf14b66d7fd7be1355,22906650,1752366203,13/07/25 00:23,0x0a7da29599a326568c88ef1ff2fb2f42262090fd,0xe5544a2a5fa9b175da60d8eec67add5582bb31b0,,0,0,0,1.51201E-05,0.047238916,2973.01,,,Mint
0x24b21074257de3af8dbad6b9ede3188560c02f9073339d2d22ccbfb37d7423a6,22906543,1752364919,13/07/25 00:01,0x0a7da29599a326568c88ef1ff2fb2f42262090fd,0xe5544a2a5fa9b175da60d8eec67add5582bb31b0,,0,0,0,1.50205E-05,0.046927607,2973.01,,,Mint
0x6012dbb622d3a916dde8605a1be7d2ced6e5861c5b8ec1407aa636c86f8bccdf,22906493,1752364319,12/07/25 23:51,0x0a7da29599a326568c88ef1ff2fb2f42262090fd,0xe5544a2a5fa9b175da60d8eec67add5582bb31b0,,0,0,0,1.6353E-05,0.051090913,2944.27,,,Mint
0xdff6ab5119a0a1f013bb7448bc5949eec8f6a3a6f34174c33d1309f25b31e989,22906482,1752364163,12/07/25 23:49,0x0a7da29599a326568c88ef1ff2fb2f42262090fd,0xe5544a2a5fa9b175da60d8eec67add5582bb31b0,,0,0,0,1.41105E-05,0.044084585,2944.27,,,Mint
0x836f1c83e4a76acb11e10412d01bb9e78cae53f4b558e7d170745acc78e8358c,22906397,1752363131,12/07/25 23:32,0x0a7da29599a326568c88ef1ff2fb2f42262090fd,0xe5544a2a5fa9b175da60d8eec67add5582bb31b0,,0,0,0,1.07118E-05,0.033466263,2944.27,,,Mint
0x63205943ec1d085e42d9438bbb4f5494672a47eec460821ab4009416f6165998,22906380,1752362927,12/07/25 23:28,0x0a7da29599a326568c88ef1ff2fb2f42262090fd,0xe5544a2a5fa9b175da60d8eec67add5582bb31b0,,0,0,0,1.28863E-05,0.040259854,2944.27,,,Mint
0x2ba72ea06d13f339b2fbf40e90cf00aabb19cd278194fddad2dbe645b307675a,22906348,1752362543,12/07/25 23:22,0x0a7da29599a326568c88ef1ff2fb2f42262090fd,0xe5544a2a5fa9b175da60d8eec67add5582bb31b0,,0,0,0,1.50368E-05,0.046978702,2944.27,,,Mint
0x278ff61eba9b87044e386bb2d19ed68eaced65bf6ff8bd2e5592c8dae561ec2d,22906241,1752361259,12/07/25 23:00,0x0a7da29599a326568c88ef1ff2fb2f42262090fd,0xe5544a2a5fa9b175da60d8eec67add5582bb31b0,,0,0,0,1.84531E-05,0.05765207,2944.27,,,Mint
0x670cf8ea1dd8470eb2efb3ac8fdf443c88f70077a61e54d41ba28b2bfc648bd9,22906234,1752361175,12/07/25 22:59,0x0a7da29599a326568c88ef1ff2fb2f42262090fd,0xe5544a2a5fa9b175da60d8eec67add5582bb31b0,,0,0,0,1.61202E-05,0.050363381,2944.27,,,Mint
0xf8c6139ef358112628252efda1851cf573ff16e50b555396b92775e060179897,22906208,1752360863,12/07/25 22:54,0x0a7da29599a326568c88ef1ff2fb2f42262090fd,0xe5544a2a5fa9b175da60d8eec67add5582bb31b0,,0,0,0,1.86124E-05,0.058149799,2944.27,,,Mint
0xc5d06e688b7688ffcfc97188799cf32bd4991e036aa8b6f1a10adc60c5a0dbab,22906185,1752360587,12/07/25 22:49,0x0a7da29599a326568c88ef1ff2fb2f42262090fd,0xe5544a2a5fa9b175da60d8eec67add5582bb31b0,,0,0,0,2.08194E-05,0.065044796,2944.27,,,Mint
0xb59cff54d0b01890e2821381ee4371dd9acef23b8223524b885c06d616a49101,22906152,1752360191,12/07/25 22:43,0x0a7da29599a326568c88ef1ff2fb2f42262090fd,0xe5544a2a5fa9b175da60d8eec67add5582bb31b0,,0,0,0,1.57162E-05,0.049101183,2944.27,,,Mint
0xf62919fdd139e36c52dad758b1f28471fc73c5d58e18d3522ee2ceef71055473,22906132,1752359951,12/07/25 22:39,0x0a7da29599a326568c88ef1ff2fb2f42262090fd,0xe5544a2a5fa9b175da60d8eec67add5582bb31b0,,0,0,0,1.6413E-05,0.051278296,2944.27,,,Mint
0xc4ed9628e941e0eac3476e3ca7a43cf0b10dab32123d66406dd1bcb60d7b6ae9,22906032,1752358751,12/07/25 22:19,0x0a7da29599a326568c88ef1ff2fb2f42262090fd,0xe5544a2a5fa9b175da60d8eec67add5582bb31b0,,0,0,0,1.23557E-05,0.038602201,2944.27,,,Mint
0xf19c123f5e086cba3b3a80e32d93bcb629a2a9ed224973527e3406635fee1aec,22906022,1752358631,12/07/25 22:17,0x0a7da29599a326568c88ef1ff2fb2f42262090fd,0xe5544a2a5fa9b175da60d8eec67add5582bb31b0,,0,0,0,1.14144E-05,0.035661294,2944.27,,,Mint
0xbabc37a1ee3cc23f128b833d619519f54b87679c798494c73cb8d5f396c5624f,22905946,1752357719,12/07/25 22:01,0x0a7da29599a326568c88ef1ff2fb2f42262090fd,0xe5544a2a5fa9b175da60d8eec67add5582bb31b0,,0,0,0,1.73482E-05,0.054199988,2944.27,,,Mint
0xddcda427538d51d65dfe251cbf1ed0c0ef680d9e0e09a5a6efc6f05760e1efec,22905871,1752356819,12/07/25 21:46,0x0a7da29599a326568c88ef1ff2fb2f42262090fd,0xe5544a2a5fa9b175da60d8eec67add5582bb31b0,,0,0,0,1.49927E-05,0.046840787,2944.27,,,Mint
0x3825d8ad9b9d298c7219d3bad3b05e4ceaaa038fa3f5a60a64a3fec2dc5f0f46,22905806,1752356039,12/07/25 21:33,0x0a7da29599a326568c88ef1ff2fb2f42262090fd,0xe5544a2a5fa9b175da60d8eec67add5582bb31b0,,0,0,0,1.37375E-05,0.042919219,2944.27,,,Mint
0x05e3cca37326d1b22ee7d742e3ed6c0254ea7688ec84d90a0b47bb77ad457d84,22905706,1752354839,12/07/25 21:13,0x0a7da29599a326568c88ef1ff2fb2f42262090fd,0xe5544a2a5fa9b175da60d8eec67add5582bb31b0,,0,0,0,1.49538E-05,0.046719481,2944.27,,,Mint
0xea2fae75d6802b1a94201e805ea71a524efd633f525f84d0d34055a238f50666,22905644,1752354095,12/07/25 21:01,0x0a7da29599a326568c88ef1ff2fb2f42262090fd,0xe5544a2a5fa9b175da60d8eec67add5582bb31b0,,0,0,0,1.90383E-05,0.059480382,2944.27,,,Mint
0x5a5a35d74b3cac597500caf48fd954876ef44dd52d2f1cf09350a7ff3964fff3,22905638,1752354023,12/07/25 21:00,0x0a7da29599a326568c88ef1ff2fb2f42262090fd,0xe5544a2a5fa9b175da60d8eec67add5582bb31b0,,0,0,0,1.61365E-05,0.050414539,2944.27,,,Mint
0x55c37842e4aec7c857cad4cf8ac4e1642a8e2d5734696fc8826b27312e327341,22905613,1752353723,12/07/25 20:55,0x0a7da29599a326568c88ef1ff2fb2f42262090fd,0xe5544a2a5fa9b175da60d8eec67add5582bb31b0,,0,0,0,1.78339E-05,0.055717446,2944.27,,,Mint
0x5e3b76b9742f73657dfa612e24ccfd5b75e18856a15f7a471c62cce78dc51eb3,22905575,1752353267,12/07/25 20:47,0x0a7da29599a326568c88ef1ff2fb2f42262090fd,0xe5544a2a5fa9b175da60d8eec67add5582bb31b0,,0,0,0,2.11721E-05,0.066146728,2944.27,,,Mint
0x6dc67e49ba3d93045974d13b6bd43464983b7297ef484ef1607ab4578f6ca957,22905558,1752353063,12/07/25 20:44,0x0a7da29599a326568c88ef1ff2fb2f42262090fd,0xe5544a2a5fa9b175da60d8eec67add5582bb31b0,,0,0,0,2.09763E-05,0.065535129,2944.27,,,Mint
0x8fb804939567c7b32a2f066025a6a2660c0fdbd9e19a799d1540e9cd202bb8a2,22905545,1752352907,12/07/25 20:41,0x0a7da29599a326568c88ef1ff2fb2f42262090fd,0xe5544a2a5fa9b175da60d8eec67add5582bb31b0,,0,0,0,2.27458E-05,0.071063554,2944.27,,,Mint
0x087a4c1d915dfb208bdc8a6176d96f3e94830c8e79095c5193e1360fb9c096f6,22905459,1752351863,12/07/25 20:24,0x0a7da29599a326568c88ef1ff2fb2f42262090fd,0xe5544a2a5fa9b175da60d8eec67add5582bb31b0,,0,0,0,2.15904E-05,0.067453732,2944.27,,,Mint
0x69b5d9c4ef117a2ba691a4a31dde3afdaf706d5dc2b24041a1ad9b37730df06a,22905454,1752351803,12/07/25 20:23,0x0a7da29599a326568c88ef1ff2fb2f42262090fd,0xe5544a2a5fa9b175da60d8eec67add5582bb31b0,,0,0,0,1.99027E-05,0.0621808,2944.27,,,Mint
0xcd34a6dd80cbc45898133bdb4f99ccc05528049651749bdda4c191808b649d2d,22905415,1752351335,12/07/25 20:15,0x0a7da29599a326568c88ef1ff2fb2f42262090fd,0xe5544a2a5fa9b175da60d8eec67add5582bb31b0,,0,0,0,2.17159E-05,0.06784589,2944.27,,,Mint
0xa55229682805a0b6472bd3eed746e73967b0f36097e7136a154fabd80285080a,22905388,1752351011,12/07/25 20:10,0x0a7da29599a326568c88ef1ff2fb2f42262090fd,0xe5544a2a5fa9b175da60d8eec67add5582bb31b0,,0,0,0,1.98834E-05,0.062120714,2944.27,,,Mint
0x27eda5ff0fdfc0becd4d6e46f3f1ac984676143a213673cb1c9e76a7100aac69,22905380,1752350915,12/07/25 20:08,0x0a7da29599a326568c88ef1ff2fb2f42262090fd,0xe5544a2a5fa9b175da60d8eec67add5582bb31b0,,0,0,0,2.18318E-05,0.06820792,2944.27,,,Mint
0x3481a742f9e6f1c90338435b0b891c3e8c196fb18a9497ae842a1df0f872615f,22905371,1752350807,12/07/25 20:06,0x0a7da29599a326568c88ef1ff2fb2f42262090fd,0xe5544a2a5fa9b175da60d8eec67add5582bb31b0,,0,0,0,3.07748E-05,0.096147952,2944.27,,,Mint
0x0a30ffa4d0c0b02ab4d7870ece2e5dea2cc8f739a4e382b838bf9f634c7e88f7,22905347,1752350519,12/07/25 20:01,0x0a7da29599a326568c88ef1ff2fb2f42262090fd,0xe5544a2a5fa9b175da60d8eec67add5582bb31b0,,0,0,0,2.07679E-05,0.064884085,2944.27,,,Mint
0xd305b6b327025eeb77a915f1fae757a883090a018cde2493e2fc129522ea4318,22905323,1752350231,12/07/25 19:57,0x0a7da29599a326568c88ef1ff2fb2f42262090fd,0xe5544a2a5fa9b175da60d8eec67add5582bb31b0,,0,0,0,2.12429E-05,0.066368082,2944.27,,,Mint
0xededa00f7a1382f786e83625646bf29781860866431b147e60810fc2802e193b,22905265,1752349523,12/07/25 19:45,0x0a7da29599a326568c88ef1ff2fb2f42262090fd,0xe5544a2a5fa9b175da60d8eec67add5582bb31b0,,0,0,0,1.99508E-05,0.062331223,2944.27,,,Mint
0x01f642a383dbef970783c1454d44bd0e8f116eca6e1865fc445edff61c7f3c6a,22905233,1752349139,12/07/25 19:38,0x0a7da29599a326568c88ef1ff2fb2f42262090fd,0xe5544a2a5fa9b175da60d8eec67add5582bb31b0,,0,0,0,2.46168E-05,0.076908855,2944.27,,,Mint
0x6639d7b33e12ab9f2309d2cc8e06d8b5f23fcdb0fee724966957bda059bf543b,22905178,1752348479,12/07/25 19:27,0x0a7da29599a326568c88ef1ff2fb2f42262090fd,0xe5544a2a5fa9b175da60d8eec67add5582bb31b0,,0,0,0,1.9708E-05,0.061572788,2944.27,,,Mint
0x1f4c48c1f9317f7022e82542fb2de0a2bf82fd6577dfc979b80e15356ad70bba,22905152,1752348167,12/07/25 19:22,0x0a7da29599a326568c88ef1ff2fb2f42262090fd,0xe5544a2a5fa9b175da60d8eec67add5582bb31b0,,0,0,0,2.27257E-05,0.071000701,2944.27,,,Mint
0x3bbc986afd522a068c585d1e28e81c2bd213774cc7301cb9a34a6c909b49e760,22905139,1752348011,12/07/25 19:20,0x0a7da29599a326568c88ef1ff2fb2f42262090fd,0xe5544a2a5fa9b175da60d8eec67add5582bb31b0,,0,0,0,2.0368E-05,0.063634797,2944.27,,,Mint
0x1ff66ed932372d90e0d4ef4e412945c93d895f4e323bc89cd3c8d6b343f1f485,22905119,1752347771,12/07/25 19:16,0x0a7da29599a326568c88ef1ff2fb2f42262090fd,0xe5544a2a5fa9b175da60d8eec67add5582bb31b0,,0,0,0,2.20388E-05,0.068854674,2944.27,,,Mint
0xe54025f3d80c495d537b8846888806840c1e02acfb0f83be9d6d312924d0e77f,22905114,1752347711,12/07/25 19:15,0x0a7da29599a326568c88ef1ff2fb2f42262090fd,0xe5544a2a5fa9b175da60d8eec67add5582bb31b0,,0,0,0,1.78193E-05,0.055671853,2944.27,,,Mint
0x2c832c8b7bff3f626a02bbef52693a1d7737fbd07d6168736cc72356800f5942,22905058,1752347039,12/07/25 19:03,0x0a7da29599a326568c88ef1ff2fb2f42262090fd,0xe5544a2a5fa9b175da60d8eec67add5582bb31b0,,0,0,0,1.96169E-05,0.061288166,2944.27,,,Mint
0xbd5a77b350fbaaec713045fdf145c4bc4dca3b979eacf6ed5ad06fef1d44c2f8,22905040,1752346823,12/07/25 19:00,0x0a7da29599a326568c88ef1ff2fb2f42262090fd,0xe5544a2a5fa9b175da60d8eec67add5582bb31b0,,0,0,0,2.0697E-05,0.064662416,2944.27,,,Mint
0x08fd7c8d667e7b26cb05f6a2ad55cfbec7b95a55bfdebd6be708d30d5422a7bb,22905006,1752346415,12/07/25 18:53,0x0a7da29599a326568c88ef1ff2fb2f42262090fd,0xe5544a2a5fa9b175da60d8eec67add5582bb31b0,,0,0,0,2.63456E-05,0.082310044,2944.27,,,Mint
0x636bd333a444fd7adafe954c78fb5a1d17ddb20f992b1fcfeba699f92e9fb53e,22904987,1752346187,12/07/25 18:49,0x0a7da29599a326568c88ef1ff2fb2f42262090fd,0xe5544a2a5fa9b175da60d8eec67add5582bb31b0,,0,0,0,2.85395E-05,0.089164425,2944.27,,,Mint
0xc52f7801ed9dc8bee387f60b8639ebd5ca6724bc21e1f8192f5941b66087c121,22904961,1752345875,12/07/25 18:44,0x0a7da29599a326568c88ef1ff2fb2f42262090fd,0xe5544a2a5fa9b175da60d8eec67add5582bb31b0,,0,0,0,2.32736E-05,0.072712406,2944.27,,,Mint
0x2c1cc8300d54cfd49e3ee0b4bffd9967c30f3ba467e1b65348f0cb4403f4e55d,22904930,1752345503,12/07/25 18:38,0x0a7da29599a326568c88ef1ff2fb2f42262090fd,0xe5544a2a5fa9b175da60d8eec67add5582bb31b0,,0,0,0,2.67174E-05,0.083471653,2944.27,,,Mint
0x3d183de092d41915d73ebdedb7ef209dd781abcd5105270c55b0ac3f00c8b15e,22904923,1752345419,12/07/25 18:36,0x0a7da29599a326568c88ef1ff2fb2f42262090fd,0xe5544a2a5fa9b175da60d8eec67add5582bb31b0,,0,0,0,2.64941E-05,0.082774137,2944.27,,,Mint
0x2d6b91a989504af59d3724affe8075a0eea456e4db19b85e3790f6836987d880,22904867,1752344747,12/07/25 18:25,0x0a7da29599a326568c88ef1ff2fb2f42262090fd,0xe5544a2a5fa9b175da60d8eec67add5582bb31b0,,0,0,0,1.96045E-05,0.061249145,2944.27,,,Mint
0x4abf1a5d7b981de81cfc86a8e7e9e70e50739cda3e0765c919bed89c530d4647,22904850,1752344543,12/07/25 18:22,0x0a7da29599a326568c88ef1ff2fb2f42262090fd,0xe5544a2a5fa9b175da60d8eec67add5582bb31b0,,0,0,0,2.17444E-05,0.067934906,2944.27,,,Mint
0xb82cad5f5e3997634b6d8aac536dbf29041010b896b3550e67a4e0d8e8006bee,22904814,1752344111,12/07/25 18:15,0x0a7da29599a326568c88ef1ff2fb2f42262090fd,0xe5544a2a5fa9b175da60d8eec67add5582bb31b0,,0,0,0,2.08326E-05,0.065086031,2944.27,,,Mint
0xe64dbee42d2b9b1814415c37ceff4cdacf44cdd6968b5101c62ff36929df31fc,22904680,1752342491,12/07/25 17:48,0x0a7da29599a326568c88ef1ff2fb2f42262090fd,0xe5544a2a5fa9b175da60d8eec67add5582bb31b0,,0,0,0,1.92892E-05,0.060264193,2944.27,,,Mint
0x7a59e1ccd08605e15efadf0c8b3d0a5e977ec804c00ba02c7397769b947adac3,22904651,1752342143,12/07/25 17:42,0x0a7da29599a326568c88ef1ff2fb2f42262090fd,0xe5544a2a5fa9b175da60d8eec67add5582bb31b0,,0,0,0,2.30518E-05,0.072019374,2944.27,,,Mint
0xf5a5d782579ec44257a14c9c85d421911e2f9bd6fc0491ea121faa442bc3d6ad,22904626,1752341843,12/07/25 17:37,0x0a7da29599a326568c88ef1ff2fb2f42262090fd,0xe5544a2a5fa9b175da60d8eec67add5582bb31b0,,0,0,0,2.08701E-05,0.065203395,2944.27,,,Mint
0x01fdabb1bab3f096fc629b570b504cfab3ca930af8e12d7c81fe4f6218537c33,22904608,1752341627,12/07/25 17:33,0x0a7da29599a326568c88ef1ff2fb2f42262090fd,0xe5544a2a5fa9b175da60d8eec67add5582bb31b0,,0,0,0,2.05396E-05,0.064170652,2944.27,,,Mint
0x1c19aefdb4213f4fb4153534cfb81389a3a1bec81c8432157a7c1d610b46ab65,22904562,1752341075,12/07/25 17:24,0x0a7da29599a326568c88ef1ff2fb2f42262090fd,0xe5544a2a5fa9b175da60d8eec67add5582bb31b0,,0,0,0,2.12339E-05,0.066339964,2944.27,,,Mint
0xb3a82ee3f8cca85a85abe723ee562b47679cffe4e5ed40707a101e91c30efa5f,22904557,1752341015,12/07/25 17:23,0x0a7da29599a326568c88ef1ff2fb2f42262090fd,0xe5544a2a5fa9b175da60d8eec67add5582bb31b0,,0,0,0,2.20704E-05,0.0689534,2944.27,,,Mint
0xfd15cde74d4cce04de38f34eacd7684d609bdd208987a8a9f1aa194a09e47587,22904470,1752339959,12/07/25 17:05,0x0a7da29599a326568c88ef1ff2fb2f42262090fd,0xe5544a2a5fa9b175da60d8eec67add5582bb31b0,,0,0,0,3.55684E-05,0.111124549,2944.27,,,Mint
0x9cdbb0daa7d0216a9446c2a4034b4acc3c642a11d2406f533d7a892630b965a9,22904313,1752338075,12/07/25 16:34,0x0a7da29599a326568c88ef1ff2fb2f42262090fd,0xe5544a2a5fa9b175da60d8eec67add5582bb31b0,,0,0,0,6.22989E-05,0.194637186,2944.27,,,Mint
0xbc35e24999bd1280d42a4c23104c1d7fc29bcbfcf2d323f2a1a60ced3371395e,22904229,1752337067,12/07/25 16:17,0x0a7da29599a326568c88ef1ff2fb2f42262090fd,0xe5544a2a5fa9b175da60d8eec67add5582bb31b0,,0,0,0,4.67602E-05,0.146090254,2944.27,,,Mint
0x50314fa292f651cbe1913571b85cef74923f76502b2304c2667fb104d314de2b,22904175,1752336419,12/07/25 16:06,0x0a7da29599a326568c88ef1ff2fb2f42262090fd,0xe5544a2a5fa9b175da60d8eec67add5582bb31b0,,0,0,0,5.68477E-05,0.177606317,2944.27,,,Mint
0xf34209c3f607740016106db9c5a2bd2bb5bec94a70bac4ba594a545974a0fa58,22904108,1752335615,12/07/25 15:53,0x0a7da29599a326568c88ef1ff2fb2f42262090fd,0xe5544a2a5fa9b175da60d8eec67add5582bb31b0,,0,0,0,7.34964E-05,0.229620834,2944.27,,,Mint
0xff4d1091b3ba990d771d09efa415dbd3b860ab749e826de430aa7c7d51457dfe,22904033,1752334715,12/07/25 15:38,0x0a7da29599a326568c88ef1ff2fb2f42262090fd,0xe5544a2a5fa9b175da60d8eec67add5582bb31b0,,0,0,0,6.78897E-05,0.212104224,2944.27,,,Mint
0x5023891601eedc4903ff2d992cb52a7aa36a7f01dcdab391dd54492db01ae8c3,22903918,1752333335,12/07/25 15:15,0x0a7da29599a326568c88ef1ff2fb2f42262090fd,0xe5544a2a5fa9b175da60d8eec67add5582bb31b0,,0,0,0,6.63175E-05,0.207192108,2944.27,,,Mint
0xc21f5f0282d66e1fffcc378f87390f80cf4cf8e123baa3d213145880b5789619,22903740,1752331199,12/07/25 14:39,0x0a7da29599a326568c88ef1ff2fb2f42262090fd,0xe5544a2a5fa9b175da60d8eec67add5582bb31b0,,0,0,0,4.91186E-05,0.153458742,2944.27,,,Mint
0x5b3742e444bc4b2d08f3c61e8d35b71a22571add464506fa44a6a564b1a46d9d,22903668,1752330323,12/07/25 14:25,0x0a7da29599a326568c88ef1ff2fb2f42262090fd,0xe5544a2a5fa9b175da60d8eec67add5582bb31b0,,0,0,0,4.44368E-05,0.138831427,2944.27,,,Mint
0x067b8cd6a14fd66870032f60f1f853353db00846b850c304b3a3303be5590194,22903624,1752329795,12/07/25 14:16,0x0a7da29599a326568c88ef1ff2fb2f42262090fd,0xe5544a2a5fa9b175da60d8eec67add5582bb31b0,,0,0,0,5.96642E-05,0.186405717,2944.27,,,Mint
0x60e173468728dc0015b6e016f4068a0d89ff0cdf376c18f755c6f4151201d502,22903560,1752329027,12/07/25 14:03,0x0a7da29599a326568c88ef1ff2fb2f42262090fd,0xe5544a2a5fa9b175da60d8eec67add5582bb31b0,,0,0,0,5.5727E-05,0.174104865,2944.27,,,Mint
0xc31109ac57a7716c6e9fa5547498056737454eb35c9f73ae26c6135418566148,22903538,1752328751,12/07/25 13:59,0x0a7da29599a326568c88ef1ff2fb2f42262090fd,0xe5544a2a5fa9b175da60d8eec67add5582bb31b0,,0,0,0,5.25884E-05,0.164299022,2944.27,,,Mint
0x4083f01f294b796742efae443afe46ba1aaaddf42653152f6dcc5701ef24b707,22903347,1752326447,12/07/25 13:20,0x0a7da29599a326568c88ef1ff2fb2f42262090fd,0xe5544a2a5fa9b175da60d8eec67add5582bb31b0,,0,0,0,5.86114E-05,0.183116384,2944.27,,,Mint
0x17cd8ce300dcccf4a2d8f1703773bad76234bd8da77f4059166dbcbd3529077c,22903286,1752325715,12/07/25 13:08,0x0a7da29599a326568c88ef1ff2fb2f42262090fd,0xe5544a2a5fa9b175da60d8eec67add5582bb31b0,,0,0,0,6.49563E-05,0.20293952,2944.27,,,Mint
0xcaff0f8bb199f69b397b544d9a361405fdc70e1135957950be7e19dd8e0cf79d,22903184,1752324491,12/07/25 12:48,0x0a7da29599a326568c88ef1ff2fb2f42262090fd,0xe5544a2a5fa9b175da60d8eec67add5582bb31b0,,0,0,0,8.03237E-05,0.250951131,2944.27,,,Mint
0x4906637f69e4c1c5977207ac247d85a638fa1c1b1c1aefe3531cf84488a15c2d,22903142,1752323987,12/07/25 12:39,0x0a7da29599a326568c88ef1ff2fb2f42262090fd,0xe5544a2a5fa9b175da60d8eec67add5582bb31b0,,0,0,0,4.51816E-05,0.141158329,2944.27,,,Mint
0xf81421b3678fb38b88bb7c0fc4bd7fe53d67c9acf88c0aa7735a14d81e365aa6,22903096,1752323435,12/07/25 12:30,0x0a7da29599a326568c88ef1ff2fb2f42262090fd,0xe5544a2a5fa9b175da60d8eec67add5582bb31b0,,0,0,0,3.86672E-05,0.120805735,2944.27,,,Mint
0x6323596aa31e41e4f04169d588e422f003f7f9c74845e37af631284906644008,22903071,1752323123,12/07/25 12:25,0x0a7da29599a326568c88ef1ff2fb2f42262090fd,0xe5544a2a5fa9b175da60d8eec67add5582bb31b0,,0,0,0,3.79004E-05,0.118410177,2944.27,,,Mint
0xc7ff1e5cefb5a410c68122f17770e738a635c7671b88f2737c8d8fc513b7fcfd,22903026,1752322583,12/07/25 12:16,0x0a7da29599a326568c88ef1ff2fb2f42262090fd,0xe5544a2a5fa9b175da60d8eec67add5582bb31b0,,0,0,0,2.94108E-05,0.091886624,2944.27,,,Mint
0x3d4eab034cb78bcabf8eb3deda8a4381d8d8f1274f9e0beb2a15c07c90123263,22902972,1752321923,12/07/25 12:05,0x0a7da29599a326568c88ef1ff2fb2f42262090fd,0xe5544a2a5fa9b175da60d8eec67add5582bb31b0,,0,0,0,2.86568E-05,0.089530897,2944.27,,,Mint
0xb1d28a3241109b669dfcc195988341e74f3c831275a08c00f1722677ed71795c,22902794,1752319775,12/07/25 11:29,0x0a7da29599a326568c88ef1ff2fb2f42262090fd,0xe5544a2a5fa9b175da60d8eec67add5582bb31b0,,0,0,0,2.35986E-05,0.07372787,2944.27,,,Mint
0x3e4456dcc6e00e459a0632e75fd1404e71212b1bf264672da59f028b562bc20a,22902773,1752319523,12/07/25 11:25,0x0a7da29599a326568c88ef1ff2fb2f42262090fd,0xe5544a2a5fa9b175da60d8eec67add5582bb31b0,,0,0,0,2.32724E-05,0.072708642,2944.27,,,Mint
0x52578da06e13266e9a38e727b1222ff2af973a662b9e15c5f013d43e6154cb6b,22902724,1752318923,12/07/25 11:15,0x0a7da29599a326568c88ef1ff2fb2f42262090fd,0xe5544a2a5fa9b175da60d8eec67add5582bb31b0,,0,0,0,2.28354E-05,0.071343507,2944.27,,,Mint
0x24c40e0c194c4dd11f4f7f625e6ce82a745946857bdeb7f81930e37c774572b1,22902699,1752318623,12/07/25 11:10,0x0a7da29599a326568c88ef1ff2fb2f42262090fd,0xe5544a2a5fa9b175da60d8eec67add5582bb31b0,,0,0,0,2.30759E-05,0.072094886,2944.27,,,Mint
0x1a530a513dc4a6fc665d4a7dde512124098b880a5319fa5b09bce7ea9d7824e5,22902599,1752317411,12/07/25 10:50,0x0a7da29599a326568c88ef1ff2fb2f42262090fd,0xe5544a2a5fa9b175da60d8eec67add5582bb31b0,,0,0,0,2.07973E-05,0.064975795,2944.27,,,Mint
0x2ade8b51fe4821afe09d7d92e441e4d5137bcddf423270f41435bf69f23ffe15,22902378,1752314747,12/07/25 10:05,0x0a7da29599a326568c88ef1ff2fb2f42262090fd,0xe5544a2a5fa9b175da60d8eec67add5582bb31b0,,0,0,0,2.41009E-05,0.075297099,2944.27,,,Mint
0xd6052ca13e11107957b40bfb7f803d8b722e0e42eef4833c0c9a25c74748fa4d,22902358,1752314507,12/07/25 10:01,0x0a7da29599a326568c88ef1ff2fb2f42262090fd,0xe5544a2a5fa9b175da60d8eec67add5582bb31b0,,0,0,0,2.57679E-05,0.080505279,2944.27,,,Mint
0xa54c41f87d342469751411d86968253ff140c98a108cea80aa7f4621fe5fe126,22902277,1752313535,12/07/25 09:45,0x0a7da29599a326568c88ef1ff2fb2f42262090fd,0xe5544a2a5fa9b175da60d8eec67add5582bb31b0,,0,0,0,2.97975E-05,0.093094847,2944.27,,,Mint
0xb44601212be02074bf07b917c91adb38fd641c90a7a751970da17ad013c6c3ff,22902209,1752312719,12/07/25 09:31,0x0a7da29599a326568c88ef1ff2fb2f42262090fd,0xe5544a2a5fa9b175da60d8eec67add5582bb31b0,,0,0,0,3.51999E-05,0.109973084,2944.27,,,Mint
0x20e04d11c3b46e275665d656b1822e48eb7dc5fded473e74418d27f24958cd7d,22902169,1752312239,12/07/25 09:23,0x0a7da29599a326568c88ef1ff2fb2f42262090fd,0xe5544a2a5fa9b175da60d8eec67add5582bb31b0,,0,0,0,3.73197E-05,0.116596039,2944.27,,,Mint
0x96bdd57f89d9a06a74a556afc07e6a7375cf8755e5e951533a6d2b6f98dc26e7,22902116,1752311603,12/07/25 09:13,0x0a7da29599a326568c88ef1ff2fb2f42262090fd,0xe5544a2a5fa9b175da60d8eec67add5582bb31b0,,0,0,0,4.95969E-05,0.154952999,2944.27,,,Mint
0xa705f9aeee6f6e262820d8f4c130d9cf1f5128b159f42426e4977733a1e3d2c7,22902039,1752310679,12/07/25 08:57,0x0a7da29599a326568c88ef1ff2fb2f42262090fd,0xe5544a2a5fa9b175da60d8eec67add5582bb31b0,,0,0,0,3.38086E-05,0.105626373,2944.27,,,Mint
0x783aaa8b09c80af622e5f02f3a32bff065186a47f0c15c9e702d882642ca18f4,22901910,1752309131,12/07/25 08:32,0x0a7da29599a326568c88ef1ff2fb2f42262090fd,0xe5544a2a5fa9b175da60d8eec67add5582bb31b0,,0,0,0,2.3046E-05,0.072001236,2944.27,,,Mint
0x1d7211f916541b421bce7c83df43259d16e935cec36b98361da2400fae95c95d,22901745,1752307127,12/07/25 07:58,0x0a7da29599a326568c88ef1ff2fb2f42262090fd,0xe5544a2a5fa9b175da60d8eec67add5582bb31b0,,0,0,0,2.06837E-05,0.064620966,2944.27,,,Mint
0x278d92246a874119927263b10c94bcde3220bbce2a5a465dcade84f838808a23,22901721,1752306839,12/07/25 07:53,0x0a7da29599a326568c88ef1ff2fb2f42262090fd,0xe5544a2a5fa9b175da60d8eec67add5582bb31b0,,0,0,0,2.29535E-05,0.071712233,2944.27,,,Mint
0x08cfe6aadf2ac28bb75eb6df6e325f4d28b60c22af6b1c1314e432b93dd3a164,22901564,1752304931,12/07/25 07:22,0x0a7da29599a326568c88ef1ff2fb2f42262090fd,0xe5544a2a5fa9b175da60d8eec67add5582bb31b0,,0,0,0,2.3218E-05,0.07253861,2944.27,,,Mint
0x47324e583c29f9bad2990e15f97f88a42e85ad130ebe87ec3e73cd8f7d2f3209,22901495,1752304103,12/07/25 07:08,0x0a7da29599a326568c88ef1ff2fb2f42262090fd,0xe5544a2a5fa9b175da60d8eec67add5582bb31b0,,0,0,0,2.10259E-05,0.065690171,2944.27,,,Mint
0x5345006622cc50f8a71af5696bd49075a7293f65c66da969e028d0951bb4b230,22901398,1752302939,12/07/25 06:48,0x0a7da29599a326568c88ef1ff2fb2f42262090fd,0xe5544a2a5fa9b175da60d8eec67add5582bb31b0,,0,0,0,2.28616E-05,0.071425124,2944.27,,,Mint
0xf6326c0fe654ee9f7d139ee0f724a6b27f05e8a50b8b0106618ee6d2e72d7188,22901221,1752300791,12/07/25 06:13,0x0a7da29599a326568c88ef1ff2fb2f42262090fd,0xe5544a2a5fa9b175da60d8eec67add5582bb31b0,,0,0,0,2.47169E-05,0.07722179,2944.27,,,Mint
0xb35789da286c2c17ddbf04d299254e89bb8f7eb1d688d882ca992f8e2ed81768,22901166,1752300131,12/07/25 06:02,0x0a7da29599a326568c88ef1ff2fb2f42262090fd,0xe5544a2a5fa9b175da60d8eec67add5582bb31b0,,0,0,0,2.6347E-05,0.08231451,2944.27,,,Mint
0xeed67fd4f7e4e69d8cd32b671d8b9d2136d9cb66888e4fac5c4f6b28002887f4,22901132,1752299723,12/07/25 05:55,0x0a7da29599a326568c88ef1ff2fb2f42262090fd,0xe5544a2a5fa9b175da60d8eec67add5582bb31b0,,0,0,0,2.01633E-05,0.062995213,2944.27,,,Mint
0x42720b17d4ecdc28913e3b07d538ac24a6ab5445e30f9666cfa50d82d8ab4998,22901011,1752298271,12/07/25 05:31,0x0a7da29599a326568c88ef1ff2fb2f42262090fd,0xe5544a2a5fa9b175da60d8eec67add5582bb31b0,,0,0,0,2.22278E-05,0.069445267,2944.27,,,Mint
0x7be5becec0755dba431dce7bc409867cb6d45d0829b07265a7b0ef86b04e15a9,22900978,1752297875,12/07/25 05:24,0x0a7da29599a326568c88ef1ff2fb2f42262090fd,0xe5544a2a5fa9b175da60d8eec67add5582bb31b0,,0,0,0,2.22853E-05,0.069624797,2944.27,,,Mint
0x51932af2eaaacfad7385e45e6f95060825d58304add6eb8c640aef2cf53f88d0,22900877,1752296663,12/07/25 05:04,0x0a7da29599a326568c88ef1ff2fb2f42262090fd,0xe5544a2a5fa9b175da60d8eec67add5582bb31b0,,0,0,0,3.01646E-05,0.094241564,2944.27,,,Mint
0x5ef909cd95d075f2725145683eab613f267394bbc55afb23bc850a339e172739,22900662,1752294059,12/07/25 04:20,0x0a7da29599a326568c88ef1ff2fb2f42262090fd,0xe5544a2a5fa9b175da60d8eec67add5582bb31b0,,0,0,0,2.77465E-05,0.086686818,2944.27,,,Mint
0x22c8d2ffb211d256d2283cb3eb354c9b2cbebb50818b79ecbaaf9403f7c1825e,22900435,1752291311,12/07/25 03:35,0x0a7da29599a326568c88ef1ff2fb2f42262090fd,0xe5544a2a5fa9b175da60d8eec67add5582bb31b0,,0,0,0,2.86026E-05,0.089361615,2944.27,,,Mint
0xcede5ca43aa20f152517a7dc525cfcede96fdc364584e0578a2846945807c408,22900321,1752289943,12/07/25 03:12,0x0a7da29599a326568c88ef1ff2fb2f42262090fd,0xe5544a2a5fa9b175da60d8eec67add5582bb31b0,,0,0,0,3.07383E-05,0.096034077,2944.27,,,Mint
0x0204b8e5eb1d6fcab7e3d738463a620847074b04b3ac7f365a29bb42eef21727,22900317,1752289895,12/07/25 03:11,0x0a7da29599a326568c88ef1ff2fb2f42262090fd,0xe5544a2a5fa9b175da60d8eec67add5582bb31b0,,0,0,0,2.9797E-05,0.093093231,2944.27,,,Mint
0x0b23907184da961fa8a56bd729d1bb169df21bea9e402f3f17080ad8362fe163,22900277,1752289403,12/07/25 03:03,0x0a7da29599a326568c88ef1ff2fb2f42262090fd,0xe5544a2a5fa9b175da60d8eec67add5582bb31b0,,0,0,0,3.30731E-05,0.103328552,2944.27,,,Mint
0x201f16d5cc02075cbc1dc167c493c75e59904e895f15d44f3b86372afdd5de3b,22900249,1752289067,12/07/25 02:57,0x0a7da29599a326568c88ef1ff2fb2f42262090fd,0xe5544a2a5fa9b175da60d8eec67add5582bb31b0,,0,0,0,3.03647E-05,0.094866643,2944.27,,,Mint
0xfe35cde67a96324694e2c992c6c9c25c8a9febb8416407044f41e3c8f97eeafd,22900231,1752288851,12/07/25 02:54,0x0a7da29599a326568c88ef1ff2fb2f42262090fd,0xe5544a2a5fa9b175da60d8eec67add5582bb31b0,,0,0,0,3.29741E-05,0.103019315,2944.27,,,Mint
0x2eb5cd46fd218b3665bbce75d115bc3e224c6349e24f04ae8607ad6b6960946c,22900100,1752287231,12/07/25 02:27,0x0a7da29599a326568c88ef1ff2fb2f42262090fd,0xe5544a2a5fa9b175da60d8eec67add5582bb31b0,,0,0,0,4.16526E-05,0.130133037,2944.27,,,Mint
0x9e3bacbacb444f1e824052d0dd50b6afc1bbfbafba6822bdae45b77f43ac4258,22900084,1752287039,12/07/25 02:23,0x0a7da29599a326568c88ef1ff2fb2f42262090fd,0xe5544a2a5fa9b175da60d8eec67add5582bb31b0,,0,0,0,3.90549E-05,0.122016987,2944.27,,,Mint
0x79aeda0707812d367ab11db31a62a5b8be81492e5acc8c2c00c48fa7e376afad,22899729,1752282743,12/07/25 01:12,0x0a7da29599a326568c88ef1ff2fb2f42262090fd,0xe5544a2a5fa9b175da60d8eec67add5582bb31b0,,0,0,0,5.45256E-05,0.170351423,2944.27,,,Mint
0x5061ae62a09c561087e27a2ef0fba84eec632dd907332d05a3dde1f1af90874b,22899700,1752282395,12/07/25 01:06,0x0a7da29599a326568c88ef1ff2fb2f42262090fd,0xe5544a2a5fa9b175da60d8eec67add5582bb31b0,,0,0,0,5.10766E-05,0.159575849,2944.27,,,Mint
0x3c095cce0b9f80551fe43dede2fcd28ef0d38acc639978e74c0ac676e576cb6f,22899642,1752281687,12/07/25 00:54,0x0a7da29599a326568c88ef1ff2fb2f42262090fd,0xe5544a2a5fa9b175da60d8eec67add5582bb31b0,,0,0,0,4.36428E-05,0.136350723,2944.27,,,Mint
0xb5cc003d15b10d584cfe4e4270e02e0798a0cc86c479da862cddb428fa7fb33c,22899539,1752280451,12/07/25 00:34,0x0a7da29599a326568c88ef1ff2fb2f42262090fd,0xe5544a2a5fa9b175da60d8eec67add5582bb31b0,,0,0,0,4.30485E-05,0.134494041,2944.27,,,Mint
0x270e7c1723cdc66dd3c8fc10a1e8d3c336ed9e0a70e58fe3337afdd60542f5d3,22899510,1752280103,12/07/25 00:28,0x0a7da29599a326568c88ef1ff2fb2f42262090fd,0xe5544a2a5fa9b175da60d8eec67add5582bb31b0,,0,0,0,4.37901E-05,0.136810998,2944.27,,,Mint
0xc71e957e18508f3082196c3acfc990e9fa36caa48ba1dc38414bb6984c9bba3e,22899502,1752280007,12/07/25 00:26,0x0a7da29599a326568c88ef1ff2fb2f42262090fd,0xe5544a2a5fa9b175da60d8eec67add5582bb31b0,,0,0,0,4.79371E-05,0.149767299,2944.27,,,Mint
0xe68f8924bf0f9144f3218347d6f8577a07da125984adebbdf6940516c60db36c,22899423,1752279047,12/07/25 00:10,0x0a7da29599a326568c88ef1ff2fb2f42262090fd,0xe5544a2a5fa9b175da60d8eec67add5582bb31b0,,0,0,0,4.35407E-05,0.136031806,2944.27,,,Mint
0x5a3eb46b1eee1b7bdf74c54f5ce093df5b19683db96f1fc3665b8391e68a110a,22899377,1752278483,12/07/25 00:01,0x0a7da29599a326568c88ef1ff2fb2f42262090fd,0xe5544a2a5fa9b175da60d8eec67add5582bb31b0,,0,0,0,5.01581E-05,0.156706223,2944.27,,,Mint
0xe888c811a858ba1a65cbe58ef99afc08558f410b24f68c2ce5ddb6011abc79d5,22899227,1752276671,11/07/25 23:31,0x0a7da29599a326568c88ef1ff2fb2f42262090fd,0xe5544a2a5fa9b175da60d8eec67add5582bb31b0,,0,0,0,6.07952E-05,0.189939094,2959.03,,,Mint
0x74c814bdad8dd02f17a44cc531e932dede88f4da7cc7ebed74a78931df8a8340,22899157,1752275831,11/07/25 23:17,0x0a7da29599a326568c88ef1ff2fb2f42262090fd,0xe5544a2a5fa9b175da60d8eec67add5582bb31b0,,0,0,0,6.94629E-05,0.217019311,2959.03,,,Mint
0x632f607dbd66d138b4cc60ef8c2b6dc746e14128c12a1e72ba1ed58771c48a82,22899125,1752275447,11/07/25 23:10,0x0a7da29599a326568c88ef1ff2fb2f42262090fd,0xe5544a2a5fa9b175da60d8eec67add5582bb31b0,,0,0,0,6.83599E-05,0.213573216,2959.03,,,Mint
0x802db1e2fe023326fdc6d210afb9c58a758d5be04a3ecbc18fd9aa7c03f3bc95,22899101,1752275159,11/07/25 23:05,0x0a7da29599a326568c88ef1ff2fb2f42262090fd,0xe5544a2a5fa9b175da60d8eec67add5582bb31b0,,0,0,0,6.48534E-05,0.202617842,2959.03,,,Mint
0xc023d8fc1fad8b55646f966e8afc1e1da59192f37ba4eb6861bf36b73277d377,22899085,1752274967,11/07/25 23:02,0x0a7da29599a326568c88ef1ff2fb2f42262090fd,0xe5544a2a5fa9b175da60d8eec67add5582bb31b0,,0,0,0,7.22253E-05,0.225649523,2959.03,,,Mint
0x658877ac3e2336bfae1ee00886754909bd8a3d9e3c4d400c675759a6e0b4ac2d,22898980,1752273683,11/07/25 22:41,0x0a7da29599a326568c88ef1ff2fb2f42262090fd,0xe5544a2a5fa9b175da60d8eec67add5582bb31b0,,0,0,0,0.000130814,0.408694838,2959.03,,,Mint
0x1664846d63daf54ea22ec0e5fd738fb0dc23e12b46fc317ede82f5445cbf87ac,22898910,1752272843,11/07/25 22:27,0x0a7da29599a326568c88ef1ff2fb2f42262090fd,0xe5544a2a5fa9b175da60d8eec67add5582bb31b0,,0,0,0,0.000131983,0.412346521,2959.03,,,Mint
0xaa096850f73b2db3d65d0da1eaf60a2db9ef13a8299e7561d2e1220a698b449d,22898871,1752272375,11/07/25 22:19,0x0a7da29599a326568c88ef1ff2fb2f42262090fd,0xe5544a2a5fa9b175da60d8eec67add5582bb31b0,,0,0,0,8.62825E-05,0.269567725,2959.03,,,Mint
0x573c9df91f76fabfbcd7f868142ac6792dc2e69fcf74044a64c5545ece223dd5,22898825,1752271823,11/07/25 22:10,0x0a7da29599a326568c88ef1ff2fb2f42262090fd,0xe5544a2a5fa9b175da60d8eec67add5582bb31b0,,0,0,0,6.72768E-05,0.210189297,2959.03,,,Mint
0xe75b4326a873a7eff94ba70c6fb97c7bd954484846f0c2e2f699e1a8d70014d0,22898671,1752269975,11/07/25 21:39,0x0a7da29599a326568c88ef1ff2fb2f42262090fd,0xe5544a2a5fa9b175da60d8eec67add5582bb31b0,,0,0,0,0.000111809,0.349319424,2959.03,,,Mint
0x1a8fc1b8817363363db30d0b772ff87f4964e077d3710394879676b581d94002,22898658,1752269819,11/07/25 21:36,0x0a7da29599a326568c88ef1ff2fb2f42262090fd,0xe5544a2a5fa9b175da60d8eec67add5582bb31b0,,0,0,0,8.82806E-05,0.275810264,2959.03,,,Mint
0x700b55dd1a5bcca3d9daa33d850517f6ee7449b3292ff4f4941d9ae75f175ba4,22898402,1752266735,11/07/25 20:45,0x0a7da29599a326568c88ef1ff2fb2f42262090fd,0xe5544a2a5fa9b175da60d8eec67add5582bb31b0,,0,0,0,0.000128882,0.402660017,2959.03,,,Mint
0xa9a88667f53202855cf0eb0c152fc1a58d067ab774f9354a8be3d4561c598c35,22898391,1752266603,11/07/25 20:43,0x0a7da29599a326568c88ef1ff2fb2f42262090fd,0xe5544a2a5fa9b175da60d8eec67add5582bb31b0,,0,0,0,0.000121461,0.379473536,2959.03,,,Mint
0xd0de11bc72c5e5d6637a9e605ffa91ba4bcdebbc95094a3ba22c6bac54be17a7,22898271,1752265151,11/07/25 20:19,0x0a7da29599a326568c88ef1ff2fb2f42262090fd,0xe5544a2a5fa9b175da60d8eec67add5582bb31b0,,0,0,0,0.000101568,0.317322849,2959.03,,,Mint
0x4d0cba692d9b29252b3a32a5d1d06119c114d7904920ecccf0d2541400c5d791,22898199,1752264287,11/07/25 20:04,0x0a7da29599a326568c88ef1ff2fb2f42262090fd,0xe5544a2a5fa9b175da60d8eec67add5582bb31b0,,0,0,0,9.53009E-05,0.297743552,2959.03,,,Mint
0x8b8ea258eb8c4b03029da09042bb220bc85aadf5f13e8c9848d5f793d428a33b,22898159,1752263807,11/07/25 19:56,0x0a7da29599a326568c88ef1ff2fb2f42262090fd,0xe5544a2a5fa9b175da60d8eec67add5582bb31b0,,0,0,0,9.77795E-05,0.305487344,2959.03,,,Mint
0x82681609e1334e9761f6879f2a03dbdd870514db17dbbc8fd6f030b6edaf012c,22898109,1752263207,11/07/25 19:46,0x0a7da29599a326568c88ef1ff2fb2f42262090fd,0xe5544a2a5fa9b175da60d8eec67add5582bb31b0,,0,0,0,9.96187E-05,0.311233223,2959.03,,,Mint
0x07ac4dfd1901442f19715b1fe43f01a39466553ebd9bd7a8c5244e6657d22bac,22898007,1752261983,11/07/25 19:26,0x0a7da29599a326568c88ef1ff2fb2f42262090fd,0xe5544a2a5fa9b175da60d8eec67add5582bb31b0,,0,0,0,0.000115169,0.35981596,2959.03,,,Mint
0x9dab00b9e1dfe5769aada8667326d4ac76c7e1726297aced9eac22660ae30c7c,22897817,1752259703,11/07/25 18:48,0x0a7da29599a326568c88ef1ff2fb2f42262090fd,0xe5544a2a5fa9b175da60d8eec67add5582bb31b0,,0,0,0,0.000118878,0.371404355,2959.03,,,Mint
0x5a01cadf958c7221b7b4eed577a73d90077e10d8b3945c46e9d259e0a7138ad0,22897731,1752258647,11/07/25 18:30,0x0a7da29599a326568c88ef1ff2fb2f42262090fd,0xe5544a2a5fa9b175da60d8eec67add5582bb31b0,,0,0,0,0.000111355,0.347900871,2959.03,,,Mint
0x4c390ea4f515eff94b640f8f4ec2794dcb0f6c34ddddc12c5dee85133efbf2d1,22897715,1752258455,11/07/25 18:27,0x0a7da29599a326568c88ef1ff2fb2f42262090fd,0xe5544a2a5fa9b175da60d8eec67add5582bb31b0,,0,0,0,0.000129306,0.40398239,2959.03,,,Mint
0x8bb47c92daddce5a7f2b1a058ad256b465190066c333b12752a8464fbe11153a,22897682,1752258059,11/07/25 18:20,0x0a7da29599a326568c88ef1ff2fb2f42262090fd,0xe5544a2a5fa9b175da60d8eec67add5582bb31b0,,0,0,0,0.000129915,0.405885092,2959.03,,,Mint
0x24be032c4fed0f888862ef35425499d34800d6d8781942e86fbbdd0ab5bb2145,22897655,1752257735,11/07/25 18:15,0x0a7da29599a326568c88ef1ff2fb2f42262090fd,0xe5544a2a5fa9b175da60d8eec67add5582bb31b0,,0,0,0,0.000128963,0.402910974,2959.03,,,Mint
0xaab07f5041adbd2bfc7f55e38cd4e7791c87489823e3aa43d7b9b01e3db94a0c,22897644,1752257603,11/07/25 18:13,0x0a7da29599a326568c88ef1ff2fb2f42262090fd,0xe5544a2a5fa9b175da60d8eec67add5582bb31b0,,0,0,0,0.00014743,0.460608448,2959.03,,,Mint
0x661b073478191ae74f1a8f794e893b9ae3ea695585115a10f6885a85cb63bb44,22897564,1752256631,11/07/25 17:57,0x0a7da29599a326568c88ef1ff2fb2f42262090fd,0xe5544a2a5fa9b175da60d8eec67add5582bb31b0,,0,0,0,0.000123198,0.38490072,2959.03,,,Mint
0xbf4f60b7d25a4e597674e6cfd89e2414f0dbd2da0f527c271f266d57a8fc2966,22897498,1752255839,11/07/25 17:43,0x0a7da29599a326568c88ef1ff2fb2f42262090fd,0xe5544a2a5fa9b175da60d8eec67add5582bb31b0,,0,0,0,0.000150359,0.469758632,2959.03,,,Mint
0x1a6dee05cfc7761d8200c14a0e5928968d6e9588a39a268d1c33f44c189f5b35,22897474,1752255551,11/07/25 17:39,0x0a7da29599a326568c88ef1ff2fb2f42262090fd,0xe5544a2a5fa9b175da60d8eec67add5582bb31b0,,0,0,0,0.000164672,0.514476615,2959.03,,,Mint
0x089fd574013695faf106ce34088a2ae22607d215a3534bb4d3e2507915e9bd03,22897439,1752255119,11/07/25 17:31,0x0a7da29599a326568c88ef1ff2fb2f42262090fd,0xe5544a2a5fa9b175da60d8eec67add5582bb31b0,,0,0,0,0.000141074,0.440749703,2959.03,,,Mint
0xde717104570566081f0385a11f7f5819de9aaefb06cccc4316130a0a8d05c9d4,22897417,1752254843,11/07/25 17:27,0x0a7da29599a326568c88ef1ff2fb2f42262090fd,0xe5544a2a5fa9b175da60d8eec67add5582bb31b0,,0,0,0,0.000152513,0.476486921,2959.03,,,Mint
0xa9c744cfa5eb537e375ed6669af43350f91bffc692b7b7efe1ef4d0ad9f5e18b,22897394,1752254567,11/07/25 17:22,0x0a7da29599a326568c88ef1ff2fb2f42262090fd,0xe5544a2a5fa9b175da60d8eec67add5582bb31b0,,0,0,0,0.000190163,0.594114877,2959.03,,,Mint
0x8a0176d0b8e66d9ad1c49db50e8e176ac567c766314e85f8b8344f128fb2bb62,22897344,1752253943,11/07/25 17:12,0x0a7da29599a326568c88ef1ff2fb2f42262090fd,0xe5544a2a5fa9b175da60d8eec67add5582bb31b0,,0,0,0,0.000193741,0.605294604,2959.03,,,Mint
0x108bd59f1f21af1b2fbe317021f4196979a1f352ce2a418a01e67e943bd6a2f6,22897333,1752253811,11/07/25 17:10,0x0a7da29599a326568c88ef1ff2fb2f42262090fd,0xe5544a2a5fa9b175da60d8eec67add5582bb31b0,,0,0,0,0.000183742,0.574054298,2959.03,,,Mint
0x556889cad521b3626bb0ee77148878b55f65754e0b0b631123f52c574bc129ba,22897297,1752253379,11/07/25 17:02,0x0a7da29599a326568c88ef1ff2fb2f42262090fd,0xe5544a2a5fa9b175da60d8eec67add5582bb31b0,,0,0,0,0.000173679,0.542614825,2959.03,,,Mint
0xe10d985eff69ab4108817ea59a8aa736a1873b729d7d20c9bab2fb6879d40bc4,22897243,1752252731,11/07/25 16:52,0x0a7da29599a326568c88ef1ff2fb2f42262090fd,0xe5544a2a5fa9b175da60d8eec67add5582bb31b0,,0,0,0,0.000189278,0.591350036,2959.03,,,Mint
0x75d7805be93c462c4f04423113d9c15bd21ece0976c0f34fb0c0f5a287d6f604,22897202,1752252227,11/07/25 16:43,0x0a7da29599a326568c88ef1ff2fb2f42262090fd,0xe5544a2a5fa9b175da60d8eec67add5582bb31b0,,0,0,0,0.000212035,0.662450512,2959.03,,,Mint
0x1d9aca1791db4ad9be0c09d20792d641cd5c4504c067b2b08917c35f2a0a9e18,22897127,1752251327,11/07/25 16:28,0x0a7da29599a326568c88ef1ff2fb2f42262090fd,0xe5544a2a5fa9b175da60d8eec67add5582bb31b0,,0,0,0,0.0003027,0.945708371,2959.03,,,Mint
0xc0eb7b648c4d2dd77994dbc187fb50fdd28c53ec00b4996fe64533263f7adb6b,22897113,1752251159,11/07/25 16:25,0x0a7da29599a326568c88ef1ff2fb2f42262090fd,0xe5544a2a5fa9b175da60d8eec67add5582bb31b0,,0,0,0,0.00033532,1.047622909,2959.03,,,Mint
0xa0d358b5599aa4c203ece1592a6aeee8823eb2ed851b815b934400f3365f5c7d,22897069,1752250619,11/07/25 16:16,0x0a7da29599a326568c88ef1ff2fb2f42262090fd,0xe5544a2a5fa9b175da60d8eec67add5582bb31b0,,0,0,0,0.000360279,1.125598876,2959.03,,,Mint
0xc5fab467bb3133fc11cc89d9f5407ecd68d6ad8fde39eef4fa3c2bfd7bf5e8c1,22897035,1752250211,11/07/25 16:10,0x0a7da29599a326568c88ef1ff2fb2f42262090fd,0xe5544a2a5fa9b175da60d8eec67add5582bb31b0,,0,0,0,0.000431113,1.346903244,2959.03,,,Mint
0x3cb44df18b435bdf01829ab35f13ca24df5b42aae033a7f7bcf3e2520d9632ba,22897026,1752250103,11/07/25 16:08,0x0a7da29599a326568c88ef1ff2fb2f42262090fd,0xe5544a2a5fa9b175da60d8eec67add5582bb31b0,,0,0,0,0.000505139,1.578179414,2959.03,,,Mint
0x5a11ce7978fb0002a5ad62c4f7dda957b44da4e39659f9a33a48d9b7135e9c5b,22896996,1752249743,11/07/25 16:02,0x0a7da29599a326568c88ef1ff2fb2f42262090fd,0xe5544a2a5fa9b175da60d8eec67add5582bb31b0,,0,0,0,0.00055336,1.728833919,2959.03,,,Mint
0xa75b8e06d52b48024d6b2c85063cb6b8e1428eedd1210885e0df9957a9db8b24,22896982,1752249575,11/07/25 15:59,0x0a7da29599a326568c88ef1ff2fb2f42262090fd,0xe5544a2a5fa9b175da60d8eec67add5582bb31b0,,0,0,0,0.000490149,1.531347455,2959.03,,,Mint
0xf6364a4e38bb5a85f85e1df7e3645338b0415c04a49003ff40808260ce0cd761,22896936,1752249023,11/07/25 15:50,0x0a7da29599a326568c88ef1ff2fb2f42262090fd,0xe5544a2a5fa9b175da60d8eec67add5582bb31b0,,0,0,0,0.000285034,0.890517148,2959.03,,,Mint
0x3f167b6f4c480a34098edd4973b1ad9bff218bfc9241c44b5c530b810839e175,22896823,1752247643,11/07/25 15:27,0x0a7da29599a326568c88ef1ff2fb2f42262090fd,0xe5544a2a5fa9b175da60d8eec67add5582bb31b0,,0,0,0,0.000270964,0.846558821,2959.03,,,Mint
0x6afa5188249fffc7ddda1b1242d5bcf0a35452357b4736c613d4f1e18044545e,22896785,1752247187,11/07/25 15:19,0x0a7da29599a326568c88ef1ff2fb2f42262090fd,0xe5544a2a5fa9b175da60d8eec67add5582bb31b0,,0,0,0,0.000278529,0.870191771,2959.03,,,Mint
0xa9d3368cf5563b0708dbdefdf0657d2befb8db3c917f2be53ac05853ddf885de,22896751,1752246779,11/07/25 15:12,0x0a7da29599a326568c88ef1ff2fb2f42262090fd,0xe5544a2a5fa9b175da60d8eec67add5582bb31b0,,0,0,0,0.000345683,1.079997275,2959.03,,,Mint
0xede4476fdd1703721d5912df34066cb55114740f250933bb04d45d5009597e4c,22896728,1752246491,11/07/25 15:08,0x0a7da29599a326568c88ef1ff2fb2f42262090fd,0xe5544a2a5fa9b175da60d8eec67add5582bb31b0,,0,0,0,0.000322581,1.007823296,2959.03,,,Mint
0x2c89ef217b790ec7fd3ed6912b5f6816d583576cb9208ecb1235d7cb0abcea41,22896676,1752245867,11/07/25 14:57,0x0a7da29599a326568c88ef1ff2fb2f42262090fd,0xe5544a2a5fa9b175da60d8eec67add5582bb31b0,,0,0,0,0.000295485,0.923167112,2959.03,,,Mint
0xc67b42e37e8d2645867aabd0ce10321ae0dc97553cc2469be5e91bfb2abf2736,22896621,1752245195,11/07/25 14:46,0x0a7da29599a326568c88ef1ff2fb2f42262090fd,0xe5544a2a5fa9b175da60d8eec67add5582bb31b0,,0,0,0,0.000315235,0.984870842,2959.03,,,Mint
0xf1cbcd630fccc63d537b831d1180914cd7732060d8822340aa2d2457e8298813,22896604,1752244991,11/07/25 14:43,0x0a7da29599a326568c88ef1ff2fb2f42262090fd,0xe5544a2a5fa9b175da60d8eec67add5582bb31b0,,0,0,0,0.000306508,0.957606831,2959.03,,,Mint
0x47e67dea542e7f396186993f7845a248608ec9e5882c605b0b6d5edde518f71f,22896588,1752244799,11/07/25 14:39,0x0a7da29599a326568c88ef1ff2fb2f42262090fd,0xe5544a2a5fa9b175da60d8eec67add5582bb31b0,,0,0,0,0.000296604,0.926664156,2959.03,,,Mint
0xe4d6406638daf3792169232d624b8e223581a1b37d34906c4edd5fd1b8305c67,22896580,1752244703,11/07/25 14:38,0x0a7da29599a326568c88ef1ff2fb2f42262090fd,0xe5544a2a5fa9b175da60d8eec67add5582bb31b0,,0,0,0,0.000301072,0.940622439,2959.03,,,Mint
0xa7039abf8cbb44f0e795841c5c04c8199a330eb932353821f117dbb66a6497f3,22896561,1752244463,11/07/25 14:34,0x0a7da29599a326568c88ef1ff2fb2f42262090fd,0xe5544a2a5fa9b175da60d8eec67add5582bb31b0,,0,0,0,0.000228978,0.715382662,2959.03,,,Mint
0x3a67595d9552653f5c694aef1c025c5a5c41c84191d90c81e47a2ac62942232e,22896550,1752244331,11/07/25 14:32,0x0a7da29599a326568c88ef1ff2fb2f42262090fd,0xe5544a2a5fa9b175da60d8eec67add5582bb31b0,,0,0,0,0.000242358,0.757186524,2959.03,,,Mint
0x62c38d9e59255db4fd5f323ca79f64c91f3c03e29561c8287ebe6b1345716122,22896541,1752244223,11/07/25 14:30,0x0a7da29599a326568c88ef1ff2fb2f42262090fd,0xe5544a2a5fa9b175da60d8eec67add5582bb31b0,,0,0,0,0.000280774,0.877207886,2959.03,,,Mint
0xcdeaf86a154faf9eb30054886bcda2e38862549986e901032bb25e5a7a4954bf,22896526,1752244043,11/07/25 14:27,0x0a7da29599a326568c88ef1ff2fb2f42262090fd,0xe5544a2a5fa9b175da60d8eec67add5582bb31b0,,0,0,0,0.000266316,0.832036256,2959.03,,,Mint
0x28ecb249f9d7b76ab068bc644553a2aea07d9bf9ad7480dd13df6af278a7440c,22896456,1752243191,11/07/25 14:13,0x0a7da29599a326568c88ef1ff2fb2f42262090fd,0xe5544a2a5fa9b175da60d8eec67add5582bb31b0,,0,0,0,0.000235343,0.7352704,2959.03,,,Mint
0x4f9aeb3a876bb74b2ef43953211474d5adf1952d7facffbba03e5ab19f224f51,22896451,1752243131,11/07/25 14:12,0x0a7da29599a326568c88ef1ff2fb2f42262090fd,0xe5544a2a5fa9b175da60d8eec67add5582bb31b0,,0,0,0,0.00024088,0.752568001,2959.03,,,Mint
0x63ce93a38408490208211200a8bdf4a72f717158d1538f69d3348ba674b4dbbe,22896394,1752242435,11/07/25 14:00,0x0a7da29599a326568c88ef1ff2fb2f42262090fd,0xe5544a2a5fa9b175da60d8eec67add5582bb31b0,,0,0,0,0.00023788,0.743196661,2959.03,,,Mint
0x77b47209bcfdb621cc328f272aa49371edb855728564080f009a4abd3764b37a,22896379,1752242255,11/07/25 13:57,0x0a7da29599a326568c88ef1ff2fb2f42262090fd,0xe5544a2a5fa9b175da60d8eec67add5582bb31b0,,0,0,0,0.000235262,0.735016632,2959.03,,,Mint
0xc5ba88cefeef53d0dcd276c78bbe7818a884447c85a321ed3160893034e7f4f2,22896331,1752241679,11/07/25 13:47,0x0a7da29599a326568c88ef1ff2fb2f42262090fd,0xe5544a2a5fa9b175da60d8eec67add5582bb31b0,,0,0,0,0.000260752,0.814652926,2959.03,,,Mint
0x71e3dd1199cb3887249220ab21a2d8066ce59ccaeef82ef426a06dbd8a8874f9,22896320,1752241547,11/07/25 13:45,0x0a7da29599a326568c88ef1ff2fb2f42262090fd,0xe5544a2a5fa9b175da60d8eec67add5582bb31b0,,0,0,0,0.000212193,0.662941849,2959.03,,,Mint
0x502500c2bbdf1790ca6f5569918c04cb2a36bcd5d3cd9015e52a44263860471b,22896277,1752241031,11/07/25 13:37,0x0a7da29599a326568c88ef1ff2fb2f42262090fd,0xe5544a2a5fa9b175da60d8eec67add5582bb31b0,,0,0,0,0.000227504,0.710779711,2959.03,,,Mint
0xbf04fd7486819335df866fe8252b7e4a8cca115f3259acc0eda8bb3125c50967,22896269,1752240935,11/07/25 13:35,0x0a7da29599a326568c88ef1ff2fb2f42262090fd,0xe5544a2a5fa9b175da60d8eec67add5582bb31b0,,0,0,0,0.000204957,0.640336203,2959.03,,,Mint
0xc871c1013a80d4e78075ccc0073601701242c4ec897ab2acb2221bfba26ed7fe,22896240,1752240587,11/07/25 13:29,0x0a7da29599a326568c88ef1ff2fb2f42262090fd,0xe5544a2a5fa9b175da60d8eec67add5582bb31b0,,0,0,0,0.000186129,0.581512392,2959.03,,,Mint
0x3772dba7ba414212cdd3048b21e19f190bc46e818ddb31e47d8fe84df7dab2f7,22896229,1752240455,11/07/25 13:27,0x0a7da29599a326568c88ef1ff2fb2f42262090fd,0xe5544a2a5fa9b175da60d8eec67add5582bb31b0,,0,0,0,0.000204227,0.638055485,2959.03,,,Mint
0xe94bdb43a81a6c98810a49ef5bd96d7bddbe61a9e383464835b6ef7b32c91102,22896180,1752239867,11/07/25 13:17,0x0a7da29599a326568c88ef1ff2fb2f42262090fd,0xe5544a2a5fa9b175da60d8eec67add5582bb31b0,,0,0,0,0.000155518,0.485875808,2959.03,,,Mint
0x7c70ff70139bbc07a0c0cd22e5f8e88d00d67e45127555313674232ec9155d6c,22896168,1752239723,11/07/25 13:15,0x0a7da29599a326568c88ef1ff2fb2f42262090fd,0xe5544a2a5fa9b175da60d8eec67add5582bb31b0,,0,0,0,0.000179242,0.55999561,2959.03,,,Mint
0xf02ac5d9aeee053a06afc7adc69361f10f4a3d231dbab5466486c9dcd06bb6eb,22896055,1752238343,11/07/25 12:52,0x0a7da29599a326568c88ef1ff2fb2f42262090fd,0xe5544a2a5fa9b175da60d8eec67add5582bb31b0,,0,0,0,0.000133401,0.416777677,2959.03,,,Mint
0xf1a4570ee4448d723ffef82d28fe70221d4334cdc25cfa8dfc69ed8c5eda8619,22896001,1752237683,11/07/25 12:41,0x0a7da29599a326568c88ef1ff2fb2f42262090fd,0xe5544a2a5fa9b175da60d8eec67add5582bb31b0,,0,0,0,0.000150075,0.46887263,2959.03,,,Mint
0x9264b3ad8c1ce5a9f5e0ae067c06ca371f9274215e472e5b3ce1fdf03c02e638,22895917,1752236663,11/07/25 12:24,0x0a7da29599a326568c88ef1ff2fb2f42262090fd,0xe5544a2a5fa9b175da60d8eec67add5582bb31b0,,0,0,0,0.000134484,0.420160378,2959.03,,,Mint
0xa594c6496c900f8b4b85ce0d6238d8900f209989181eac7eb5f3d4e1b748a7f8,22895909,1752236567,11/07/25 12:22,0x0a7da29599a326568c88ef1ff2fb2f42262090fd,0xe5544a2a5fa9b175da60d8eec67add5582bb31b0,,0,0,0,0.00014696,0.45913882,2959.03,,,Mint
0xe46ac5333f4f672c0c314e22e6fdb6a2468f39d616e42cfa543ff9e69e4383ae,22895893,1752236375,11/07/25 12:19,0x0a7da29599a326568c88ef1ff2fb2f42262090fd,0xe5544a2a5fa9b175da60d8eec67add5582bb31b0,,0,0,0,0.000160739,0.502187138,2959.03,,,Mint
0x962cc1562e2652fa044ce30ca80a7093229bf31723202eee191f8190c9428152,22895883,1752236255,11/07/25 12:17,0x0a7da29599a326568c88ef1ff2fb2f42262090fd,0xe5544a2a5fa9b175da60d8eec67add5582bb31b0,,0,0,0,0.000169269,0.528838897,2959.03,,,Mint
0x834bfc5356cecbb5293e1fc1238f7fe02ee6d5d181d5d683ea51dda6e9350bce,22895879,1752236195,11/07/25 12:16,0x0a7da29599a326568c88ef1ff2fb2f42262090fd,0xe5544a2a5fa9b175da60d8eec67add5582bb31b0,,0,0,0,0.000179024,0.559313567,2959.03,,,Mint
0xad1f891dd9dc7affd0b50add5932e056a1ef53a948b47b98be2af2a14231b5d7,22895855,1752235907,11/07/25 12:11,0x0a7da29599a326568c88ef1ff2fb2f42262090fd,0xe5544a2a5fa9b175da60d8eec67add5582bb31b0,,0,0,0,0.000197247,0.616248974,2959.03,,,Mint
0x0befb168368c3a142c9177ffd62613ea27d487186dbc1bb15179cd1c407840e8,22895836,1752235679,11/07/25 12:07,0x0a7da29599a326568c88ef1ff2fb2f42262090fd,0xe5544a2a5fa9b175da60d8eec67add5582bb31b0,,0,0,0,0.000175771,0.549150518,2959.03,,,Mint
0x46c7f1b60e033826e5ea7ddfb85a17bc8a085a1eadad9ff7d9cdb0c1750d16c1,22895825,1752235547,11/07/25 12:05,0x0a7da29599a326568c88ef1ff2fb2f42262090fd,0xe5544a2a5fa9b175da60d8eec67add5582bb31b0,,0,0,0,0.000168261,0.525687234,2959.03,,,Mint
0x425db3053cd1aa10032912e75eff88b3c975c3582900e4a6513cbef5d323985c,22895812,1752235391,11/07/25 12:03,0x0a7da29599a326568c88ef1ff2fb2f42262090fd,0xe5544a2a5fa9b175da60d8eec67add5582bb31b0,,0,0,0,0.000175171,0.547277475,2959.03,,,Mint
0x4cda24465fdb8a00117524ab23b568eed6fd3fd83697840a6dcbd7a63753a3aa,22895772,1752234899,11/07/25 11:54,0x0a7da29599a326568c88ef1ff2fb2f42262090fd,0xe5544a2a5fa9b175da60d8eec67add5582bb31b0,,0,0,0,0.000127514,0.39838486,2959.03,,,Mint
0xd9d269ab7c9ce792beb9b436e4409b9b0564316c7a5fa65fc65e6d906121a281,22895749,1752234623,11/07/25 11:50,0x0a7da29599a326568c88ef1ff2fb2f42262090fd,0xe5544a2a5fa9b175da60d8eec67add5582bb31b0,,0,0,0,0.000129665,0.405106298,2959.03,,,Mint
0x8ae6493907482177712a909980ba8a938e34eb980b7e67d41fabdc9c03e4bf35,22895738,1752234491,11/07/25 11:48,0x0a7da29599a326568c88ef1ff2fb2f42262090fd,0xe5544a2a5fa9b175da60d8eec67add5582bb31b0,,0,0,0,0.000136134,0.425316902,2959.03,,,Mint
0xe814ef0048f92b1db9f55dc9a36be7037817bee8138f9d4f0fc51eac0ee3d2e4,22895713,1752234191,11/07/25 11:43,0x0a7da29599a326568c88ef1ff2fb2f42262090fd,0xe5544a2a5fa9b175da60d8eec67add5582bb31b0,,0,0,0,0.000125069,0.390745168,2959.03,,,Mint
0x365c563f4c6f291c21f6c4870add42fe6faedb3c35b2da52581cbee5a324b5ef,22895662,1752233579,11/07/25 11:32,0x0a7da29599a326568c88ef1ff2fb2f42262090fd,0xe5544a2a5fa9b175da60d8eec67add5582bb31b0,,0,0,0,0.000131782,0.411718355,2959.03,,,Mint
0x8a7307c0b5cc6f27194c5bca1e6bcd581e5dc743666ae57c4a5e0aef27707129,22895618,1752233051,11/07/25 11:24,0x0a7da29599a326568c88ef1ff2fb2f42262090fd,0xe5544a2a5fa9b175da60d8eec67add5582bb31b0,,0,0,0,0.000149904,0.468337655,2959.03,,,Mint
0x2451aa8537f12f4a5c79f73b1840c0d69b36e9473340f7f08202db82509a2c65,22895600,1752232835,11/07/25 11:20,0x0a7da29599a326568c88ef1ff2fb2f42262090fd,0xe5544a2a5fa9b175da60d8eec67add5582bb31b0,,0,0,0,0.00014996,0.468512747,2959.03,,,Mint
0x5507de080242f3d1eadaa4774fed654cdcb4419fe03022ac2f4d2d8ead55bb27,22895594,1752232763,11/07/25 11:19,0x0a7da29599a326568c88ef1ff2fb2f42262090fd,0xe5544a2a5fa9b175da60d8eec67add5582bb31b0,,0,0,0,0.000147589,0.461104544,2959.03,,,Mint
0x8dfdd2cd3ef79529f0c2401a6079d6df6aac9596e9e73353a7668730008998af,22895538,1752232091,11/07/25 11:08,0x0a7da29599a326568c88ef1ff2fb2f42262090fd,0xe5544a2a5fa9b175da60d8eec67add5582bb31b0,,0,0,0,0.000131132,0.409689208,2959.03,,,Mint
0x3af6baf04d66f70f2160a461e0f8ce1306314dee11e401a6352989b51c6c8da1,22895531,1752232007,11/07/25 11:06,0x0a7da29599a326568c88ef1ff2fb2f42262090fd,0xe5544a2a5fa9b175da60d8eec67add5582bb31b0,,0,0,0,0.000129645,0.405041606,2959.03,,,Mint
0x052bf3c7f386ea9760a3f1f7684b8271f68b9272a5f475fbc7d36be414a10cec,22895519,1752231863,11/07/25 11:04,0x0a7da29599a326568c88ef1ff2fb2f42262090fd,0xe5544a2a5fa9b175da60d8eec67add5582bb31b0,,0,0,0,0.000147404,0.46052697,2959.03,,,Mint
0x13d8f24562383266c4bd6ce394d5d9a4623852ced629e5bfbb005c107264360c,22895475,1752231335,11/07/25 10:55,0x0a7da29599a326568c88ef1ff2fb2f42262090fd,0xe5544a2a5fa9b175da60d8eec67add5582bb31b0,,0,0,0,0.000141965,0.443532998,2959.03,,,Mint
0xa93bc86503ad617f3483c35df8ddb6fb55f325fa608883ee7041c54dd3703967,22895464,1752231203,11/07/25 10:53,0x0a7da29599a326568c88ef1ff2fb2f42262090fd,0xe5544a2a5fa9b175da60d8eec67add5582bb31b0,,0,0,0,0.00014873,0.46466882,2959.03,,,Mint
0xf70fbb2d92819e29b77f0f75f3b33cd740a5546a485dbbba086a39db8306d290,22895458,1752231131,11/07/25 10:52,0x0a7da29599a326568c88ef1ff2fb2f42262090fd,0xe5544a2a5fa9b175da60d8eec67add5582bb31b0,,0,0,0,0.000142542,0.445335994,2959.03,,,Mint
0x7c8153386aa0a9be4b898f6353f450395f808029dbec4fb40676c2376e799913,22895411,1752230567,11/07/25 10:42,0x0a7da29599a326568c88ef1ff2fb2f42262090fd,0xe5544a2a5fa9b175da60d8eec67add5582bb31b0,,0,0,0,0.0001442,0.45051735,2959.03,,,Mint
0xf8dc040f66af71b19539ba9eb181e48711abbf3972a1ef3e60b00267acacc267,22895398,1752230411,11/07/25 10:40,0x0a7da29599a326568c88ef1ff2fb2f42262090fd,0xe5544a2a5fa9b175da60d8eec67add5582bb31b0,,0,0,0,0.000173413,0.541784529,2959.03,,,Mint
0xb88fb4cd3ca3d0c97dfd646820ad3e3670a67d2dfdeba83470a22b1170947c1a,22895369,1752230063,11/07/25 10:34,0x0a7da29599a326568c88ef1ff2fb2f42262090fd,0xe5544a2a5fa9b175da60d8eec67add5582bb31b0,,0,0,0,0.00018284,0.571238076,2959.03,,,Mint
0x41e39529e7938fbab14e368a16fcef4aedf2b701a71ff898329a60ab9207fcf6,22895336,1752229667,11/07/25 10:27,0x0a7da29599a326568c88ef1ff2fb2f42262090fd,0xe5544a2a5fa9b175da60d8eec67add5582bb31b0,,0,0,0,0.000221182,0.691026785,2959.03,,,Mint
0x17daae474524911d4bea79c4bc47fc579c7e184429eda9bb32667ba54c83d753,22895329,1752229583,11/07/25 10:26,0x0a7da29599a326568c88ef1ff2fb2f42262090fd,0xe5544a2a5fa9b175da60d8eec67add5582bb31b0,,0,0,0,0.000193027,0.603062324,2959.03,,,Mint
0xa7d35aa8e3f5766b60a982df647987a437a7051a3209d9655e1889a93d289cd7,22895318,1752229451,11/07/25 10:24,0x0a7da29599a326568c88ef1ff2fb2f42262090fd,0xe5544a2a5fa9b175da60d8eec67add5582bb31b0,,0,0,0,0.000188046,0.587502062,2959.03,,,Mint
0xa743b89d4f4f686e4d0ed6104f136762e6717fbbd07bbaa17559a8a7dc33c94f,22895301,1752229247,11/07/25 10:20,0x0a7da29599a326568c88ef1ff2fb2f42262090fd,0xe5544a2a5fa9b175da60d8eec67add5582bb31b0,,0,0,0,0.000185067,0.578195827,2959.03,,,Mint
0xa820b00ff891509ef47fc7da36b39679f0177c5ed7e19e5d39453a871d555054,22895294,1752229163,11/07/25 10:19,0x0a7da29599a326568c88ef1ff2fb2f42262090fd,0xe5544a2a5fa9b175da60d8eec67add5582bb31b0,,0,0,0,0.000180075,0.56259823,2959.03,,,Mint
0x44a976b257e0e9e65bf41415ed64ef8c3099e8f0789835aba4a475b4217fd089,22895289,1752229103,11/07/25 10:18,0x0a7da29599a326568c88ef1ff2fb2f42262090fd,0xe5544a2a5fa9b175da60d8eec67add5582bb31b0,,0,0,0,0.000179883,0.562000079,2959.03,,,Mint
0xf6ce0b69e22c7b2ffc9473bad45d8c96d62ba59a9ac3d494f595ca2d3f21c2d5,22895283,1752229031,11/07/25 10:17,0x0a7da29599a326568c88ef1ff2fb2f42262090fd,0xe5544a2a5fa9b175da60d8eec67add5582bb31b0,,0,0,0,0.000191201,0.597359085,2959.03,,,Mint
0x5da9e997a399d83d0607d1fda21c476f93d7b5227f6b34b34b7d6f05b120e1d8,22895276,1752228947,11/07/25 10:15,0x0a7da29599a326568c88ef1ff2fb2f42262090fd,0xe5544a2a5fa9b175da60d8eec67add5582bb31b0,,0,0,0,0.000187982,0.587302689,2959.03,,,Mint
0x30c5d23086ed6a9d70e7a00dfae46260460fc1df150293613c3808ed162b0a9e,22895265,1752228815,11/07/25 10:13,0x0a7da29599a326568c88ef1ff2fb2f42262090fd,0xe5544a2a5fa9b175da60d8eec67add5582bb31b0,,0,0,0,0.000208931,0.652752722,2959.03,,,Mint
0xfe9d31b4b9ea4bd626295a93cff6dc6e4468b545adb35523c0d5a644743f46df,22895245,1752228575,11/07/25 10:09,0x0a7da29599a326568c88ef1ff2fb2f42262090fd,0xe5544a2a5fa9b175da60d8eec67add5582bb31b0,,0,0,0,0.000173021,0.540558675,2959.03,,,Mint
0x3df38cbd9364e8f3b56d31a77922ed0b4f724e6ee876da7156a5b6ade3cb31f6,22895229,1752228383,11/07/25 10:06,0x0a7da29599a326568c88ef1ff2fb2f42262090fd,0xe5544a2a5fa9b175da60d8eec67add5582bb31b0,,0,0,0,0.000206743,0.645916285,2959.03,,,Mint
0xef979e1acb70db8df1adb56de5164af03ec77698bdabed64449ea5f4832a07d0,22895201,1752228023,11/07/25 10:00,0x0a7da29599a326568c88ef1ff2fb2f42262090fd,0xe5544a2a5fa9b175da60d8eec67add5582bb31b0,,0,0,0,0.000178387,0.557325728,2959.03,,,Mint
0x19cbdc43f42fd9bd39d9d7a5c4105741ae7a3cecbad28f678e2e4401dc41acd7,22895167,1752227615,11/07/25 09:53,0x0a7da29599a326568c88ef1ff2fb2f42262090fd,0xe5544a2a5fa9b175da60d8eec67add5582bb31b0,,0,0,0,0.000190027,0.593691542,2959.03,,,Mint
0xc80b537a79eb1d69b5d07c60346a88fb7bcede584b2b90aad797001539e87003,22895116,1752227003,11/07/25 09:43,0x0a7da29599a326568c88ef1ff2fb2f42262090fd,0xe5544a2a5fa9b175da60d8eec67add5582bb31b0,,0,0,0,0.000165788,0.517961394,2959.03,,,Mint
0x566169c0d065d7dd1a7a3a808cacdd14383fc392f6b838fcc2cbb001e7bd97fb,22895102,1752226835,11/07/25 09:40,0x0a7da29599a326568c88ef1ff2fb2f42262090fd,0xe5544a2a5fa9b175da60d8eec67add5582bb31b0,,0,0,0,0.000168506,0.526453943,2959.03,,,Mint
0x9c41f96040bc8b0f99dbdaa770cbd853ca526c020c383edc67ddbeb684d48dac,22895094,1752226739,11/07/25 09:38,0x0a7da29599a326568c88ef1ff2fb2f42262090fd,0xe5544a2a5fa9b175da60d8eec67add5582bb31b0,,0,0,0,0.000172318,0.538362964,2959.03,,,Mint
0x8509c1caae2cb4ace67a289dd8a7c7a2a5a2a7003d9693dfb2264804887b45b3,22895088,1752226667,11/07/25 09:37,0x0a7da29599a326568c88ef1ff2fb2f42262090fd,0xe5544a2a5fa9b175da60d8eec67add5582bb31b0,,0,0,0,0.00018245,0.570019331,2959.03,,,Mint
0xb19defad0000030206c977adb3cc96d92791caddeb2b797a74787cf22ac6a1fe,22895068,1752226427,11/07/25 09:33,0x0a7da29599a326568c88ef1ff2fb2f42262090fd,0xe5544a2a5fa9b175da60d8eec67add5582bb31b0,,0,0,0,0.000141611,0.442428505,2959.03,,,Mint
0xefd4f0220930a320c93c558a4fe8288e8885c742d80139043ebccf5b67e558c4,22895042,1752226115,11/07/25 09:28,0x0a7da29599a326568c88ef1ff2fb2f42262090fd,0xe5544a2a5fa9b175da60d8eec67add5582bb31b0,,0,0,0,0.000160948,0.502841365,2959.03,,,Mint
0x2ab4cd40fe7929b3621f118430487eff99d69ae9c3b2601a6fc41f92e5e2df9b,22895034,1752226019,11/07/25 09:26,0x0a7da29599a326568c88ef1ff2fb2f42262090fd,0xe5544a2a5fa9b175da60d8eec67add5582bb31b0,,0,0,0,0.000148752,0.464738491,2959.03,,,Mint
0x5d946e5c83af244271805ea9126dfc1e550fc1d68f2ca491eb3c47eb78ccd22d,22895013,1752225767,11/07/25 09:22,0x0a7da29599a326568c88ef1ff2fb2f42262090fd,0xe5544a2a5fa9b175da60d8eec67add5582bb31b0,,0,0,0,0.000175395,0.547978663,2959.03,,,Mint
0xd1006468f95c0e2b34c903fe714733bb34f5987732602f9dd6bbc849a47c6574,22895004,1752225659,11/07/25 09:20,0x0a7da29599a326568c88ef1ff2fb2f42262090fd,0xe5544a2a5fa9b175da60d8eec67add5582bb31b0,,0,0,0,0.000166476,0.520111858,2959.03,,,Mint
0xa06ffa4a85082c68824a39f5f14db599afa4f0d594fd606da160e2e5824124cc,22894977,1752225335,11/07/25 09:15,0x0a7da29599a326568c88ef1ff2fb2f42262090fd,0xe5544a2a5fa9b175da60d8eec67add5582bb31b0,,0,0,0,0.000133711,0.417745457,2959.03,,,Mint
0x4aee769cfbb2ed29367144dd0c64f8b876167fe685550c36c381f54a57fd5112,22894969,1752225227,11/07/25 09:13,0x0a7da29599a326568c88ef1ff2fb2f42262090fd,0xe5544a2a5fa9b175da60d8eec67add5582bb31b0,,0,0,0,0.000128426,0.401233693,2959.03,,,Mint
0xbc103cd3d3dd31f8dc520e5368887c986510484ec40ff2002dc688a9562839e8,22894964,1752225167,11/07/25 09:12,0x0a7da29599a326568c88ef1ff2fb2f42262090fd,0xe5544a2a5fa9b175da60d8eec67add5582bb31b0,,0,0,0,0.000125084,0.390792849,2959.03,,,Mint
0x26f4c7ebfd7563581e2ed7a8284b83e33f493f08a8cb3ce26016f492135a9827,22894959,1752225107,11/07/25 09:11,0x0a7da29599a326568c88ef1ff2fb2f42262090fd,0xe5544a2a5fa9b175da60d8eec67add5582bb31b0,,0,0,0,0.000143907,0.449601101,2959.03,,,Mint
0x165e9e36572d3faf6e81c65854aa85c5dfb4a98d46d8932f1768673a2a62ec16,22894937,1752224843,11/07/25 09:07,0x0a7da29599a326568c88ef1ff2fb2f42262090fd,0xe5544a2a5fa9b175da60d8eec67add5582bb31b0,,0,0,0,0.000157676,0.492618206,2959.03,,,Mint
0x67eaa8dfc785ff9359820d6998e234039319c6a8eb77c9f44fc3d3ff609513d1,22894912,1752224543,11/07/25 09:02,0x0a7da29599a326568c88ef1ff2fb2f42262090fd,0xe5544a2a5fa9b175da60d8eec67add5582bb31b0,,0,0,0,0.000131022,0.409344813,2959.03,,,Mint
0xb97e2728c66b356d97205d11112202032ea00bc9035ceced00bb7a51e3cf6b60,22894904,1752224447,11/07/25 09:00,0x0a7da29599a326568c88ef1ff2fb2f42262090fd,0xe5544a2a5fa9b175da60d8eec67add5582bb31b0,,0,0,0,0.000141557,0.442260352,2959.03,,,Mint
0xc92f343a9ba600575f1ee45f586ef9b0605370d300a098be65b79d182b7cc312,22894897,1752224363,11/07/25 08:59,0x0a7da29599a326568c88ef1ff2fb2f42262090fd,0xe5544a2a5fa9b175da60d8eec67add5582bb31b0,,0,0,0,0.000126587,0.395489218,2959.03,,,Mint
0x3f6d8b3f28aa467790dc89d9e3b0e03e3d9bc0500f149077c435b934ff244fca,22894892,1752224303,11/07/25 08:58,0x0a7da29599a326568c88ef1ff2fb2f42262090fd,0xe5544a2a5fa9b175da60d8eec67add5582bb31b0,,0,0,0,0.000129977,0.406079241,2959.03,,,Mint
0x909c2d8a57140a861e1c9f2cf39f3763caac41c49f1b07b1bd254bb77a48717e,22894874,1752224087,11/07/25 08:54,0x0a7da29599a326568c88ef1ff2fb2f42262090fd,0xe5544a2a5fa9b175da60d8eec67add5582bb31b0,,0,0,0,0.000143092,0.447054624,2959.03,,,Mint
0x0adde52bbf9bc3ea19e27ad62847ef97dd41bc6facd7abd80a48b98e95cefcc9,22894868,1752224015,11/07/25 08:53,0x0a7da29599a326568c88ef1ff2fb2f42262090fd,0xe5544a2a5fa9b175da60d8eec67add5582bb31b0,,0,0,0,0.00012937,0.404183568,2959.03,,,Mint
0xf12d18c77a608282d51b23fae28dc083615860e37d634b6030151782771c898f,22894827,1752223523,11/07/25 08:45,0x0a7da29599a326568c88ef1ff2fb2f42262090fd,0xe5544a2a5fa9b175da60d8eec67add5582bb31b0,,0,0,0,0.000121411,0.379318085,2959.03,,,Mint
0x8840f91f7262fcc73efffaf3fba9d9914062cd52dc7b164888560a483a861deb,22894803,1752223235,11/07/25 08:40,0x0a7da29599a326568c88ef1ff2fb2f42262090fd,0xe5544a2a5fa9b175da60d8eec67add5582bb31b0,,0,0,0,0.000131841,0.411902205,2959.03,,,Mint
0x0c206746f8699ab3bcefa8d1eea86a0d69fa9d864453609a3acaca14b7302042,22894781,1752222971,11/07/25 08:36,0x0a7da29599a326568c88ef1ff2fb2f42262090fd,0xe5544a2a5fa9b175da60d8eec67add5582bb31b0,,0,0,0,0.000130598,0.408021254,2959.03,,,Mint
0xb0350a0e0f38267f6004859ef8baadb3876f251ca98b65ff83dc7328235d9908,22894775,1752222899,11/07/25 08:34,0x0a7da29599a326568c88ef1ff2fb2f42262090fd,0xe5544a2a5fa9b175da60d8eec67add5582bb31b0,,0,0,0,0.00011351,0.354634466,2959.03,,,Mint
0x5ce814b17d60e7b9c61e09205d52e740bdac24d460b72ac18a51bf274d6835ef,22894764,1752222767,11/07/25 08:32,0x0a7da29599a326568c88ef1ff2fb2f42262090fd,0xe5544a2a5fa9b175da60d8eec67add5582bb31b0,,0,0,0,0.000113954,0.356019434,2959.03,,,Mint
0xfbb47cef1c6dbdf7fa72ee121efb467ac6a23eacc2f8034bd0d6537618a48e29,22894746,1752222551,11/07/25 08:29,0x0a7da29599a326568c88ef1ff2fb2f42262090fd,0xe5544a2a5fa9b175da60d8eec67add5582bb31b0,,0,0,0,0.000136723,0.427155814,2959.03,,,Mint
0xae5f962ff3967c15dd11c8c351906b5470664c8f7bd2754f31d05819ef6244fc,22894724,1752222287,11/07/25 08:24,0x0a7da29599a326568c88ef1ff2fb2f42262090fd,0xe5544a2a5fa9b175da60d8eec67add5582bb31b0,,0,0,0,0.000151146,0.472217423,2959.03,,,Mint
0xa84f302fd899b95cb6960f6b515f42e377dbd5b07f5e5534620f4240b8d1c729,22894709,1752222107,11/07/25 08:21,0x0a7da29599a326568c88ef1ff2fb2f42262090fd,0xe5544a2a5fa9b175da60d8eec67add5582bb31b0,,0,0,0,0.000143985,0.44984393,2959.03,,,Mint
0x13e097ee27b99e05720390e48c509a94317548821daca23a522cadf98fd45d9b,22894697,1752221963,11/07/25 08:19,0x0a7da29599a326568c88ef1ff2fb2f42262090fd,0xe5544a2a5fa9b175da60d8eec67add5582bb31b0,,0,0,0,0.000146806,0.458656997,2959.03,,,Mint
0x0a48d29ee3ba4b256f36962df30a52197b6bf37ef48833d8924c72021f20c99c,22894692,1752221903,11/07/25 08:18,0x0a7da29599a326568c88ef1ff2fb2f42262090fd,0xe5544a2a5fa9b175da60d8eec67add5582bb31b0,,0,0,0,0.000145523,0.454649393,2959.03,,,Mint
0xf1f0eb8face22453b5b586d9642dafeb2f4a10c7b7653fe851a58acc388d9534,22894688,1752221855,11/07/25 08:17,0x0a7da29599a326568c88ef1ff2fb2f42262090fd,0xe5544a2a5fa9b175da60d8eec67add5582bb31b0,,0,0,0,0.000136655,0.426944716,2959.03,,,Mint
0xa467f825569f8457c9c92d4fd2b5ae6c0f22f205ba975f505dbcd5a10e7d6d68,22894663,1752221555,11/07/25 08:12,0x0a7da29599a326568c88ef1ff2fb2f42262090fd,0xe5544a2a5fa9b175da60d8eec67add5582bb31b0,,0,0,0,0.000130361,0.407281319,2959.03,,,Mint
0x0c6c4fe5bd0e90ac09017efeedde93d3004af6fd0eefb466f66cd273098a8b61,22894653,1752221435,11/07/25 08:10,0x0a7da29599a326568c88ef1ff2fb2f42262090fd,0xe5544a2a5fa9b175da60d8eec67add5582bb31b0,,0,0,0,0.000125688,0.392680352,2959.03,,,Mint
0x5121bb426341e96095cbfbba0ccf99b06e0c2f3d3ac78ebf33f845658f17b0a6,22894647,1752221363,11/07/25 08:09,0x0a7da29599a326568c88ef1ff2fb2f42262090fd,0xe5544a2a5fa9b175da60d8eec67add5582bb31b0,,0,0,0,0.000143517,0.448380856,2959.03,,,Mint
0x41a17e4cee4a84445377b2cb120bb6aead705750c6498d85c5fe734bb1c2353f,22894624,1752221087,11/07/25 08:04,0x0a7da29599a326568c88ef1ff2fb2f42262090fd,0xe5544a2a5fa9b175da60d8eec67add5582bb31b0,,0,0,0,0.000155021,0.48432499,2959.03,,,Mint
0x6334196398bd99c6ca09ef2c872e6f587f8f13bb47111b788116371fad705429,22894616,1752220991,11/07/25 08:03,0x0a7da29599a326568c88ef1ff2fb2f42262090fd,0xe5544a2a5fa9b175da60d8eec67add5582bb31b0,,0,0,0,0.00015597,0.487288987,2959.03,,,Mint
0xea3205952fad426ba0b20eabcad0ace2d88342412199ff171121668c56c07561,22894606,1752220871,11/07/25 08:01,0x0a7da29599a326568c88ef1ff2fb2f42262090fd,0xe5544a2a5fa9b175da60d8eec67add5582bb31b0,,0,0,0,0.000159809,0.499281523,2959.03,,,Mint
0x2bc38bb0fcfc862f6dec4e19fd987a292be26f8bcbde1ac604d5b3f245d19285,22894581,1752220571,11/07/25 07:56,0x0a7da29599a326568c88ef1ff2fb2f42262090fd,0xe5544a2a5fa9b175da60d8eec67add5582bb31b0,,0,0,0,0.000157546,0.492213503,2959.03,,,Mint
0x4a4e78bb3d55bf36f2ab34e7e21eb5f6b2d56fd773450036c3cba58b1db74410,22894549,1752220187,11/07/25 07:49,0x0a7da29599a326568c88ef1ff2fb2f42262090fd,0xe5544a2a5fa9b175da60d8eec67add5582bb31b0,,0,0,0,0.000169798,0.530491357,2959.03,,,Mint
0x1a76d4907ffaade34a14d67c757bfc77b222a733e51cd61414a4c0d25d4e687e,22894532,1752219983,11/07/25 07:46,0x0a7da29599a326568c88ef1ff2fb2f42262090fd,0xe5544a2a5fa9b175da60d8eec67add5582bb31b0,,0,0,0,0.0001387,0.433331711,2959.03,,,Mint
0xbfeaaafeef00d4a0605c855ae7d296db2a93c1f10bc7a97db4887f3f698c1965,22894525,1752219899,11/07/25 07:44,0x0a7da29599a326568c88ef1ff2fb2f42262090fd,0xe5544a2a5fa9b175da60d8eec67add5582bb31b0,,0,0,0,0.000147702,0.461456544,2959.03,,,Mint
0xce968ff840f0d4e880f6f502e9aec41e357b607618dcb888e76fcc8486f34a29,22894400,1752218399,11/07/25 07:19,0x0a7da29599a326568c88ef1ff2fb2f42262090fd,0xe5544a2a5fa9b175da60d8eec67add5582bb31b0,,0,0,0,0.000187972,0.587270157,2959.03,,,Mint
0xe9b50b8d7e29de751453c3a94f064d78e59242a3946b02f097d8158e2d7a127c,22894390,1752218279,11/07/25 07:17,0x0a7da29599a326568c88ef1ff2fb2f42262090fd,0xe5544a2a5fa9b175da60d8eec67add5582bb31b0,,0,0,0,0.000179936,0.562163844,2959.03,,,Mint
0xd3ba944c7ffe5e320fda2f7fd61043bf9f17c5ccdaeb992ca4fc24011da1d85f,22894382,1752218183,11/07/25 07:16,0x0a7da29599a326568c88ef1ff2fb2f42262090fd,0xe5544a2a5fa9b175da60d8eec67add5582bb31b0,,0,0,0,0.000185389,0.579201732,2959.03,,,Mint
0xd2f8d7da819f7b63472e2fcc7e14a0e388b381a82c96ed83854cc7363b10a455,22894359,1752217907,11/07/25 07:11,0x0a7da29599a326568c88ef1ff2fb2f42262090fd,0xe5544a2a5fa9b175da60d8eec67add5582bb31b0,,0,0,0,0.000193943,0.605924476,2959.03,,,Mint
0x4068f1a29cef4ad97b1f1d3529973f0fcc70ea2784c06b7e99d3fd9ebf765209,22894339,1752217667,11/07/25 07:07,0x0a7da29599a326568c88ef1ff2fb2f42262090fd,0xe5544a2a5fa9b175da60d8eec67add5582bb31b0,,0,0,0,0.000206576,0.645395549,2959.03,,,Mint
0xc40a59b6b8cc272306cbb00f93d3e1d0561c2b10328e49a4b704ef9a1f8ad755,22894325,1752217499,11/07/25 07:04,0x0a7da29599a326568c88ef1ff2fb2f42262090fd,0xe5544a2a5fa9b175da60d8eec67add5582bb31b0,,0,0,0,0.000217712,0.680184519,2959.03,,,Mint
0x6b78f80c320e384fdb233f6b86c75f6c556e9348b003ad1b65b42955dc2c9543,22894197,1752215939,11/07/25 06:38,0x0a7da29599a326568c88ef1ff2fb2f42262090fd,0xe5544a2a5fa9b175da60d8eec67add5582bb31b0,,0,0,0,0.00021478,0.671025961,2959.03,,,Mint
0x05bcae5f92b4b3a575302d01994f4c46ebae6a9d64cd538686d5a515ffcb3dfd,22894191,1752215867,11/07/25 06:37,0x0a7da29599a326568c88ef1ff2fb2f42262090fd,0xe5544a2a5fa9b175da60d8eec67add5582bb31b0,,0,0,0,0.000230938,0.721506497,2959.03,,,Mint
0x0bb7a7071a028027a2515a6ad81a63d8b75b45ef3076c33162ed95ee0e8dc096,22894181,1752215735,11/07/25 06:35,0x0a7da29599a326568c88ef1ff2fb2f42262090fd,0xe5544a2a5fa9b175da60d8eec67add5582bb31b0,,0,0,0,0.000243901,0.762006009,2959.03,,,Mint
0x04dc5c175b64815c557320d7d0709569bde931b391fe9e8b3d67974c62cecd5c,22894151,1752215363,11/07/25 06:29,0x0a7da29599a326568c88ef1ff2fb2f42262090fd,0xe5544a2a5fa9b175da60d8eec67add5582bb31b0,,0,0,0,0.000242587,0.757900151,2959.03,,,Mint
0xe4d9ec2af00be7b6c9e599088d1177778dfa4ce0c6f56692307ae58e2279c1c0,22894145,1752215291,11/07/25 06:28,0x0a7da29599a326568c88ef1ff2fb2f42262090fd,0xe5544a2a5fa9b175da60d8eec67add5582bb31b0,,0,0,0,0.000234373,0.732238324,2959.03,,,Mint
0x83268e9ec1fe208ab1e8cadd3bdbd5e181155dab8f3a9c4837c4193aea8bae27,22894131,1752215123,11/07/25 06:25,0x0a7da29599a326568c88ef1ff2fb2f42262090fd,0xe5544a2a5fa9b175da60d8eec67add5582bb31b0,,0,0,0,0.000233958,0.730941443,2959.03,,,Mint
0x9638d8a750ddc2fbe26cadb9dd57b745b71d1ae963a83e97e123a24eda007330,22894104,1752214787,11/07/25 06:19,0x0a7da29599a326568c88ef1ff2fb2f42262090fd,0xe5544a2a5fa9b175da60d8eec67add5582bb31b0,,0,0,0,0.000225831,0.705551032,2959.03,,,Mint
0x2167a42bb134d443eae3de38f9710e5fa70aa72f41de95cdb980a9e7cdee5fc7,22894099,1752214727,11/07/25 06:18,0x0a7da29599a326568c88ef1ff2fb2f42262090fd,0xe5544a2a5fa9b175da60d8eec67add5582bb31b0,,0,0,0,0.000211018,0.659271793,2959.03,,,Mint
0x1e19c0df8478d31e67f494944bf65ad0f1ad5b1ef5b39dc85501363ea1d7ccc5,22894089,1752214607,11/07/25 06:16,0x0a7da29599a326568c88ef1ff2fb2f42262090fd,0xe5544a2a5fa9b175da60d8eec67add5582bb31b0,,0,0,0,0.00023322,0.728637331,2959.03,,,Mint
0xa938ee7eb438f01af3c34bb64038e3dea130c2cb54ca3e16fe97b6a1b40867b1,22894082,1752214523,11/07/25 06:15,0x0a7da29599a326568c88ef1ff2fb2f42262090fd,0xe5544a2a5fa9b175da60d8eec67add5582bb31b0,,0,0,0,0.000219419,0.685518719,2959.03,,,Mint
0x489c56abf4acba8765343102d66bb944107be6da128ee42e8c286d8041d7a91c,22894029,1752213875,11/07/25 06:04,0x0a7da29599a326568c88ef1ff2fb2f42262090fd,0xe5544a2a5fa9b175da60d8eec67add5582bb31b0,,0,0,0,0.000244964,0.765327844,2959.03,,,Mint
0x7490fccd6a9ca6c3428652ab7851dbe49ee907526186309576bdbee5430a7917,22894016,1752213719,11/07/25 06:01,0x0a7da29599a326568c88ef1ff2fb2f42262090fd,0xe5544a2a5fa9b175da60d8eec67add5582bb31b0,,0,0,0,0.000246878,0.77130608,2959.03,,,Mint
0x9c144b877591cd716e5f2b8331fead4fc503c3b9e43781ca29ed0efb50a56092,22894009,1752213635,11/07/25 06:00,0x0a7da29599a326568c88ef1ff2fb2f42262090fd,0xe5544a2a5fa9b175da60d8eec67add5582bb31b0,,0,0,0,0.000248567,0.776585621,2959.03,,,Mint
0xf1b133467353750fa03f4be3e2f8327eb459bbfe6de12ecee313c78657f55e66,22893985,1752213347,11/07/25 05:55,0x0a7da29599a326568c88ef1ff2fb2f42262090fd,0xe5544a2a5fa9b175da60d8eec67add5582bb31b0,,0,0,0,0.000273113,0.853271784,2959.03,,,Mint
0xd94abc1ae37895aad29cadb1958c2387ffcd32d1c049689d63b37edc20ece682,22893979,1752213275,11/07/25 05:54,0x0a7da29599a326568c88ef1ff2fb2f42262090fd,0xe5544a2a5fa9b175da60d8eec67add5582bb31b0,,0,0,0,0.000299619,0.936082906,2959.03,,,Mint
0x14aa8894b11cae4f385b892cac49b39fad3078871a06fbfb483f55cb865800cd,22893952,1752212951,11/07/25 05:49,0x0a7da29599a326568c88ef1ff2fb2f42262090fd,0xe5544a2a5fa9b175da60d8eec67add5582bb31b0,,0,0,0,0.000268237,0.838037149,2959.03,,,Mint
0x9cffa75e8cc666d3864ea0574c8835fef4398ddee9b9820aa1510509228cb6fb,22893942,1752212831,11/07/25 05:47,0x0a7da29599a326568c88ef1ff2fb2f42262090fd,0xe5544a2a5fa9b175da60d8eec67add5582bb31b0,,0,0,0,0.000227778,0.711633306,2959.03,,,Mint
0x95abf64ee179770f66262dbdcc0bca70258fafb977dc6a783c074ec3a3b5650e,22893894,1752212243,11/07/25 05:37,0x0a7da29599a326568c88ef1ff2fb2f42262090fd,0xe5544a2a5fa9b175da60d8eec67add5582bb31b0,,0,0,0,0.000196299,0.613287018,2959.03,,,Mint
0xdbf7efb9ee1860a5a30b5df416948dea5b532dff7bd78d6cd2db2612f1147c63,22893888,1752212159,11/07/25 05:35,0x0a7da29599a326568c88ef1ff2fb2f42262090fd,0xe5544a2a5fa9b175da60d8eec67add5582bb31b0,,0,0,0,0.000188047,0.587504658,2959.03,,,Mint
0x7701009fa292f7b97c1046a500c8c650ea5a442e9e8951f1debc0ee814f18eb5,22893838,1752211559,11/07/25 05:25,0x0a7da29599a326568c88ef1ff2fb2f42262090fd,0xe5544a2a5fa9b175da60d8eec67add5582bb31b0,,0,0,0,0.000125715,0.392763131,2959.03,,,Mint
0xd4e306d990ab771633f201291b217ddb2ea445edf63f1be14f0a97089fc7b99d,22893810,1752211223,11/07/25 05:20,0x0a7da29599a326568c88ef1ff2fb2f42262090fd,0xe5544a2a5fa9b175da60d8eec67add5582bb31b0,,0,0,0,0.000152435,0.476245609,2959.03,,,Mint
0x74f1e5866ff65df8b0194c022dcb1b81a3d065a620cfa30eebac1faaede538a3,22893797,1752211067,11/07/25 05:17,0x0a7da29599a326568c88ef1ff2fb2f42262090fd,0xe5544a2a5fa9b175da60d8eec67add5582bb31b0,,0,0,0,0.000165141,0.515940922,2959.03,,,Mint
0xb0c165abde3483dd0ea85c41fdc6329974be8387d9f98a6f63f46d942b20b40e,22893778,1752210839,11/07/25 05:13,0x0a7da29599a326568c88ef1ff2fb2f42262090fd,0xe5544a2a5fa9b175da60d8eec67add5582bb31b0,,0,0,0,0.000163228,0.509964427,2959.03,,,Mint
0x52280c094415f288b17b94dabbd1dfab8bd7a3fe02d1186a3a6b5391ae9959a5,22893766,1752210695,11/07/25 05:11,0x0a7da29599a326568c88ef1ff2fb2f42262090fd,0xe5544a2a5fa9b175da60d8eec67add5582bb31b0,,0,0,0,0.000167841,0.5243779,2959.03,,,Mint
0x4a7647953f42abb6d241f1cbc84737dba238d694b5251815b62c003174e586b8,22893758,1752210599,11/07/25 05:09,0x0a7da29599a326568c88ef1ff2fb2f42262090fd,0xe5544a2a5fa9b175da60d8eec67add5582bb31b0,,0,0,0,0.000146049,0.456292369,2959.03,,,Mint
0xa5f3ad80775284ffb792eedb5879ec0dfe1c65003368e2ef58143ee5378b3111,22893728,1752210239,11/07/25 05:03,0x0a7da29599a326568c88ef1ff2fb2f42262090fd,0xe5544a2a5fa9b175da60d8eec67add5582bb31b0,,0,0,0,0.000135168,0.422298201,2959.03,,,Mint
0x7f4728bdd4bfa8fc7ab115465bb97c93a60cac071b0ef3c44ee40aab732b3d53,22893722,1752210167,11/07/25 05:02,0x0a7da29599a326568c88ef1ff2fb2f42262090fd,0xe5544a2a5fa9b175da60d8eec67add5582bb31b0,,0,0,0,0.000107311,0.335266031,2959.03,,,Mint
0xe5881b59f2ee81afb816075540cbb8e34217c88cfb5fca1aba510c1e15483db4,22893713,1752210059,11/07/25 05:00,0x0a7da29599a326568c88ef1ff2fb2f42262090fd,0xe5544a2a5fa9b175da60d8eec67add5582bb31b0,,0,0,0,9.5086E-05,0.297071908,2959.03,,,Mint
0xa9284af3ee867aedeb42edb281fb7d95a4a45954a5b8a0c9cd76f8dfb1d18c71,22893692,1752209807,11/07/25 04:56,0x0a7da29599a326568c88ef1ff2fb2f42262090fd,0xe5544a2a5fa9b175da60d8eec67add5582bb31b0,,0,0,0,9.71116E-05,0.303400662,2959.03,,,Mint
0x7cf3bea29af12e39e3c24cbef6a481cae73ca22462a4b24febe23efa7a1f6f31,22893682,1752209687,11/07/25 04:54,0x0a7da29599a326568c88ef1ff2fb2f42262090fd,0xe5544a2a5fa9b175da60d8eec67add5582bb31b0,,0,0,0,9.26333E-05,0.289409311,2959.03,,,Mint
0xc602a1d3c0382237649bb9152b696aaa746b97cf4570e9e62c51e846885010db,22893663,1752209459,11/07/25 04:50,0x0a7da29599a326568c88ef1ff2fb2f42262090fd,0xe5544a2a5fa9b175da60d8eec67add5582bb31b0,,0,0,0,8.305E-05,0.259468617,2959.03,,,Mint
0x92a53071786786d065269821db73812d1245665a69507103b5c100c09e8b922b,22893646,1752209243,11/07/25 04:47,0x0a7da29599a326568c88ef1ff2fb2f42262090fd,0xe5544a2a5fa9b175da60d8eec67add5582bb31b0,,0,0,0,8.1883E-05,0.255822693,2959.03,,,Mint
0x0ed7714447d732606e53107799b1a9b89372ccdec7349186ebc80b24fed0f772,22893636,1752209111,11/07/25 04:45,0x0a7da29599a326568c88ef1ff2fb2f42262090fd,0xe5544a2a5fa9b175da60d8eec67add5582bb31b0,,0,0,0,6.71999E-05,0.20994896,2959.03,,,Mint
0x88aaf0bc53352fd816da4130a7e1683815f39cafd796d3a8165532616034ce34,22893612,1752208823,11/07/25 04:40,0x0a7da29599a326568c88ef1ff2fb2f42262090fd,0xe5544a2a5fa9b175da60d8eec67add5582bb31b0,,0,0,0,6.45176E-05,0.201568854,2959.03,,,Mint
0x5a0f3587cf5ae4c957595bbc51386a31df874cb141f0f4f408d41da7d9dea4cc,22893602,1752208703,11/07/25 04:38,0x0a7da29599a326568c88ef1ff2fb2f42262090fd,0xe5544a2a5fa9b175da60d8eec67add5582bb31b0,,0,0,0,6.69578E-05,0.209192742,2959.03,,,Mint
0xd94f0771e00cbb45fc4687282f5ded8be10bac766769b8affefe5f107a75d702,22893533,1752207875,11/07/25 04:24,0x0a7da29599a326568c88ef1ff2fb2f42262090fd,0xe5544a2a5fa9b175da60d8eec67add5582bb31b0,,0,0,0,7.74062E-05,0.241835853,2959.03,,,Mint
0x9b0fec3e6b6778e16a580594184b0c4660f32accbe914a26bea1f7955d79994d,22893525,1752207779,11/07/25 04:22,0x0a7da29599a326568c88ef1ff2fb2f42262090fd,0xe5544a2a5fa9b175da60d8eec67add5582bb31b0,,0,0,0,7.583E-05,0.236911697,2959.03,,,Mint
0xb3a7c3b34ee81446deba97143a1bb0ddd7d63d0c7aad656f4284f00b06ad88df,22893514,1752207647,11/07/25 04:20,0x0a7da29599a326568c88ef1ff2fb2f42262090fd,0xe5544a2a5fa9b175da60d8eec67add5582bb31b0,,0,0,0,7.96664E-05,0.248897297,2959.03,,,Mint
0x297296235665c07555b7b5c1f95c41b9e4a3a17d7cf13bf89f2bc155b6491cf5,22893501,1752207491,11/07/25 04:18,0x0a7da29599a326568c88ef1ff2fb2f42262090fd,0xe5544a2a5fa9b175da60d8eec67add5582bb31b0,,0,0,0,7.26973E-05,0.227124243,2959.03,,,Mint
0x07ccf7621542a8b667b7942e183d675f1ca03bd12feec1c91238d86a4d9841ec,22893125,1752202967,11/07/25 03:02,0x0a7da29599a326568c88ef1ff2fb2f42262090fd,0xe5544a2a5fa9b175da60d8eec67add5582bb31b0,,0,0,0,0.000112301,0.350855515,2959.03,,,Mint
0xdb6c0adc0ed1572f9e12ab040554e876e664668f99f469da0aeca3a8bfc01142,22893112,1752202811,11/07/25 03:00,0x0a7da29599a326568c88ef1ff2fb2f42262090fd,0xe5544a2a5fa9b175da60d8eec67add5582bb31b0,,0,0,0,9.83462E-05,0.307257759,2959.03,,,Mint
0xa7642a41b088ebb76b1fe961d6fe55d9c4beee3c3123bd382cc09ed6bda66c2f,22893094,1752202571,11/07/25 02:56,0x0a7da29599a326568c88ef1ff2fb2f42262090fd,0xe5544a2a5fa9b175da60d8eec67add5582bb31b0,,0,0,0,9.63853E-05,0.301131529,2959.03,,,Mint
0xa1724c0ada7081f04d0ec322d314a02ddb910c63391071f3f779d10f4ccdba14,22893049,1752202031,11/07/25 02:47,0x0a7da29599a326568c88ef1ff2fb2f42262090fd,0xe5544a2a5fa9b175da60d8eec67add5582bb31b0,,0,0,0,0.000103992,0.324896022,2959.03,,,Mint
0xc5d10b65925f903b9b9893ccff0c82a9719383cb6633f20dfa270f3f411d6f74,22893034,1752201851,11/07/25 02:44,0x0a7da29599a326568c88ef1ff2fb2f42262090fd,0xe5544a2a5fa9b175da60d8eec67add5582bb31b0,,0,0,0,8.78962E-05,0.274609349,2959.03,,,Mint
0xf4151cb0f1e95dc5ff377c2630b7b99c524baf887537f9542885c328dfd046ee,22892988,1752201287,11/07/25 02:34,0x0a7da29599a326568c88ef1ff2fb2f42262090fd,0xe5544a2a5fa9b175da60d8eec67add5582bb31b0,,0,0,0,8.85547E-05,0.276666569,2959.03,,,Mint
0x6ccab90247de29f365a9220a6a9512da90e5f4fe34d2a8e39534d659754fc357,22892956,1752200903,11/07/25 02:28,0x0a7da29599a326568c88ef1ff2fb2f42262090fd,0xe5544a2a5fa9b175da60d8eec67add5582bb31b0,,0,0,0,0.000100071,0.312645955,2959.03,,,Mint
0x403d265644991e4fc8031e8efc4c14a7bea4c37ff79ad60ba612d402ba2d67eb,22892913,1752200387,11/07/25 02:19,0x0a7da29599a326568c88ef1ff2fb2f42262090fd,0xe5544a2a5fa9b175da60d8eec67add5582bb31b0,,0,0,0,0.000111426,0.348121091,2959.03,,,Mint
0x93c11fdb14fbcf57bd7e982151a5efa176650e898ec02a58b954d4af5349d82f,22892900,1752200231,11/07/25 02:17,0x0a7da29599a326568c88ef1ff2fb2f42262090fd,0xe5544a2a5fa9b175da60d8eec67add5582bb31b0,,0,0,0,0.000124639,0.389404242,2959.03,,,Mint
0x053b9eb613c55599189631a3b9323d452eb3db9a3cb22da81ba1e725c5fdc8c1,22892812,1752199151,11/07/25 01:59,0x0a7da29599a326568c88ef1ff2fb2f42262090fd,0xe5544a2a5fa9b175da60d8eec67add5582bb31b0,,0,0,0,7.02006E-05,0.219324073,2959.03,,,Mint
0x381d1105baeccd231b741a6391046817ef843f567af759cd120fa2149b221a35,22892779,1752198755,11/07/25 01:52,0x0a7da29599a326568c88ef1ff2fb2f42262090fd,0xe5544a2a5fa9b175da60d8eec67add5582bb31b0,,0,0,0,7.34186E-05,0.229377867,2959.03,,,Mint
0x69d2a471d3d51661d53960815706da9d43a51a43b9fc1e996d2b3bd9cac371e4,22892741,1752198299,11/07/25 01:44,0x0a7da29599a326568c88ef1ff2fb2f42262090fd,0xe5544a2a5fa9b175da60d8eec67add5582bb31b0,,0,0,0,7.18944E-05,0.224615757,2959.03,,,Mint
0x5b0bdeff723e970f82a81fabc7d9ca4b0bbe19c1d930ec2729251695560103ef,22892704,1752197855,11/07/25 01:37,0x0a7da29599a326568c88ef1ff2fb2f42262090fd,0xe5544a2a5fa9b175da60d8eec67add5582bb31b0,,0,0,0,7.85704E-05,0.245473203,2959.03,,,Mint
0xaa6c961e899b948b05eb3ed608183624dbc30d6d59d419f53b3ce20068ebf3c9,22892661,1752197339,11/07/25 01:28,0x0a7da29599a326568c88ef1ff2fb2f42262090fd,0xe5544a2a5fa9b175da60d8eec67add5582bb31b0,,0,0,0,8.80009E-05,0.274936543,2959.03,,,Mint
0x5da4024fab1674ddba11814c077d74c05e4f2de5c0b8ef14a3d7969a91edcac1,22892654,1752197255,11/07/25 01:27,0x0a7da29599a326568c88ef1ff2fb2f42262090fd,0xe5544a2a5fa9b175da60d8eec67add5582bb31b0,,0,0,0,9.85959E-05,0.308037915,2959.03,,,Mint
0xc60e815b552dd77e6f26f0db97196cafd443160c29df1612cc2b9b7285d79735,22892640,1752197087,11/07/25 01:24,0x0a7da29599a326568c88ef1ff2fb2f42262090fd,0xe5544a2a5fa9b175da60d8eec67add5582bb31b0,,0,0,0,0.000113195,0.353648431,2959.03,,,Mint
0x3375b95abbfd58abb72a0680e5a810b69fbc79188ce2177013dccb003053588c,22892572,1752196247,11/07/25 01:10,0x0a7da29599a326568c88ef1ff2fb2f42262090fd,0xe5544a2a5fa9b175da60d8eec67add5582bb31b0,,0,0,0,0.000119343,0.372858121,2959.03,,,Mint
0xe39b86baa95ce0ccbc65e79ffc2925f60ea8fc4d063024faa6124d3cfcab4a0c,22892545,1752195923,11/07/25 01:05,0x0a7da29599a326568c88ef1ff2fb2f42262090fd,0xe5544a2a5fa9b175da60d8eec67add5582bb31b0,,0,0,0,9.71372E-05,0.303480368,2959.03,,,Mint
0xa92bea9f7860da0272a253fe7403e5cd2ca7ab439e0b490c2b1cb2090be193ed,22892536,1752195815,11/07/25 01:03,0x0a7da29599a326568c88ef1ff2fb2f42262090fd,0xe5544a2a5fa9b175da60d8eec67add5582bb31b0,,0,0,0,8.75782E-05,0.273615694,2959.03,,,Mint
0x15f5f6658dde705c39846d610813760e5f08cbe3c0c34a14a79105433d693a4b,22892517,1752195587,11/07/25 00:59,0x0a7da29599a326568c88ef1ff2fb2f42262090fd,0xe5544a2a5fa9b175da60d8eec67add5582bb31b0,,0,0,0,8.31967E-05,0.25992688,2959.03,,,Mint
0x566b15d2ab1ddf703fed907bf9017d2981ccab9b15d83ed2dd3f743aa81f3d10,22892427,1752194495,11/07/25 00:41,0x0a7da29599a326568c88ef1ff2fb2f42262090fd,0xe5544a2a5fa9b175da60d8eec67add5582bb31b0,,0,0,0,0.000114477,0.357654381,2959.03,,,Mint
0x7ecdb9903ede76017b7f1eff11b63d25ba079ad03d90418fb9f52089c463fbc6,22892402,1752194195,11/07/25 00:36,0x0a7da29599a326568c88ef1ff2fb2f42262090fd,0xe5544a2a5fa9b175da60d8eec67add5582bb31b0,,0,0,0,0.00011742,0.366850399,2959.03,,,Mint
0x3a487410ac9e0f5d481ea0c9af912f546efd04fb049bf71f61d966951a9ed6eb,22892355,1752193631,11/07/25 00:27,0x0a7da29599a326568c88ef1ff2fb2f42262090fd,0xe5544a2a5fa9b175da60d8eec67add5582bb31b0,,0,0,0,0.000157689,0.492658563,2959.03,,,Mint
0x8b09c712c93b96eef6a361cfca4f89a2c2a19879d82c267c5a8a93243b75d7b6,22892334,1752193367,11/07/25 00:22,0x0a7da29599a326568c88ef1ff2fb2f42262090fd,0xe5544a2a5fa9b175da60d8eec67add5582bb31b0,,0,0,0,0.000149048,0.465662735,2959.03,,,Mint
0x6069cacd8949c148281a17f991d27609fc480ae5e1d1230cfcb57f7296c3070e,22892315,1752193139,11/07/25 00:18,0x0a7da29599a326568c88ef1ff2fb2f42262090fd,0xe5544a2a5fa9b175da60d8eec67add5582bb31b0,,0,0,0,0.000154634,0.483114957,2959.03,,,Mint
0x11956be320f3b9c997a5119be6fedad1ed509a2a4c61e79d4ba3140cb8dc58e3,22892256,1752192419,11/07/25 00:06,0x0a7da29599a326568c88ef1ff2fb2f42262090fd,0xe5544a2a5fa9b175da60d8eec67add5582bb31b0,,0,0,0,0.000139314,0.435251629,2959.03,,,Mint
0xd97f4edfa39036be39baff63e4ae9439c7f0d53226c3b8b1eff3dda291532a5f,22892163,1752191303,10/07/25 23:48,0x0a7da29599a326568c88ef1ff2fb2f42262090fd,0xe5544a2a5fa9b175da60d8eec67add5582bb31b0,,0,0,0,0.000119442,0.373167549,2951.31,,,Mint
0x3e513dff4ba281597186897688eb9179a16dae0de54a291101d590fe2c937c68,22892126,1752190859,10/07/25 23:40,0x0a7da29599a326568c88ef1ff2fb2f42262090fd,0xe5544a2a5fa9b175da60d8eec67add5582bb31b0,,0,0,0,0.000122286,0.382050619,2951.31,,,Mint
0x28d9c1ce43c51e72c42d1df348a0b954561ce1948791163fa65602098113d0e3,22892115,1752190727,10/07/25 23:38,0x0a7da29599a326568c88ef1ff2fb2f42262090fd,0xe5544a2a5fa9b175da60d8eec67add5582bb31b0,,0,0,0,0.000130506,0.407733542,2951.31,,,Mint
0xe811d5d95fe2460c508ea2431289bcfbd82c25c405b787d9af22c27f0fcb57d8,22892078,1752190283,10/07/25 23:31,0x0a7da29599a326568c88ef1ff2fb2f42262090fd,0xe5544a2a5fa9b175da60d8eec67add5582bb31b0,,0,0,0,0.000148539,0.464072921,2951.31,,,Mint
0xb6446c631ee5e4349dd72dbb281b3e30fc806def4e213d48ddd006858cf668cf,22892055,1752189995,10/07/25 23:26,0x0a7da29599a326568c88ef1ff2fb2f42262090fd,0xe5544a2a5fa9b175da60d8eec67add5582bb31b0,,0,0,0,0.000140005,0.437409678,2951.31,,,Mint
0xae69f688e8030b542ae53088b68ad4bb3faf4fda7eae4e679d29dc17c46a69ba,22892045,1752189875,10/07/25 23:24,0x0a7da29599a326568c88ef1ff2fb2f42262090fd,0xe5544a2a5fa9b175da60d8eec67add5582bb31b0,,0,0,0,0.0001472,0.459889238,2951.31,,,Mint
0x188d9a452697812ea6bb789d8eab748f465b8607fb797b5b60ed6950c925f9f1,22892038,1752189791,10/07/25 23:23,0x0a7da29599a326568c88ef1ff2fb2f42262090fd,0xe5544a2a5fa9b175da60d8eec67add5582bb31b0,,0,0,0,0.000156626,0.489338122,2951.31,,,Mint
0x103bcd6bc80b01e19e83acc14229c5c9febcadf396a959cb29b3c5198c543e06,22892013,1752189491,10/07/25 23:18,0x0a7da29599a326568c88ef1ff2fb2f42262090fd,0xe5544a2a5fa9b175da60d8eec67add5582bb31b0,,0,0,0,0.00015413,0.481541489,2951.31,,,Mint
0x7a1f1bfb56352d75ab33eebd0ef16b06dd076b088f62e7cf29c82c6b796cc471,22891987,1752189179,10/07/25 23:12,0x0a7da29599a326568c88ef1ff2fb2f42262090fd,0xe5544a2a5fa9b175da60d8eec67add5582bb31b0,,0,0,0,0.000189811,0.593015167,2951.31,,,Mint
0xbad9889e0d20b45eeb475a20f34f3fbd8a347bac1cd9728c634e985d3d42f581,22891976,1752189047,10/07/25 23:10,0x0a7da29599a326568c88ef1ff2fb2f42262090fd,0xe5544a2a5fa9b175da60d8eec67add5582bb31b0,,0,0,0,0.000196195,0.612961394,2951.31,,,Mint
0x1dd972447300548b86309fdfaf06b637fcd1974b8ba731d39fe512249b0bc341,22891963,1752188891,10/07/25 23:08,0x0a7da29599a326568c88ef1ff2fb2f42262090fd,0xe5544a2a5fa9b175da60d8eec67add5582bb31b0,,0,0,0,0.000201828,0.630558932,2951.31,,,Mint
0x26ec865f975aae565d35ced929f54263cfb5a85b5faa35a5c20e41aa5344904d,22891940,1752188603,10/07/25 23:03,0x0a7da29599a326568c88ef1ff2fb2f42262090fd,0xe5544a2a5fa9b175da60d8eec67add5582bb31b0,,0,0,0,0.000206073,0.64382422,2951.31,,,Mint
0xa431be693b373284ff06601c41f6f7f29010b005dcc5f97788a9825e4b47a500,22891930,1752188483,10/07/25 23:01,0x0a7da29599a326568c88ef1ff2fb2f42262090fd,0xe5544a2a5fa9b175da60d8eec67add5582bb31b0,,0,0,0,0.000229571,0.717234902,2951.31,,,Mint
0x3524774d0cf968a7af898b6d2489c62cef094e17beef81e2dfc4980e31a057a3,22891924,1752188411,10/07/25 23:00,0x0a7da29599a326568c88ef1ff2fb2f42262090fd,0xe5544a2a5fa9b175da60d8eec67add5582bb31b0,,0,0,0,0.000211588,0.661051706,2951.31,,,Mint
0x351100305f57b58443078af89cd970370c44d7cd736c7011504bc207f19c0d96,22891902,1752188147,10/07/25 22:55,0x0a7da29599a326568c88ef1ff2fb2f42262090fd,0xe5544a2a5fa9b175da60d8eec67add5582bb31b0,,0,0,0,0.00024471,0.76453499,2951.31,,,Mint
0x7234d4407a14319fc3ff9dcacaf10c23f5394aa8430d6108b549cc46ba7406a4,22891892,1752188027,10/07/25 22:53,0x0a7da29599a326568c88ef1ff2fb2f42262090fd,0xe5544a2a5fa9b175da60d8eec67add5582bb31b0,,0,0,0,0.000269679,0.842543208,2951.31,,,Mint
0xa34b315e295eb1bc9b2c41c065fb000ae3a2e77e9795213eb864ac5e5f8b11c7,22891871,1752187775,10/07/25 22:49,0x0a7da29599a326568c88ef1ff2fb2f42262090fd,0xe5544a2a5fa9b175da60d8eec67add5582bb31b0,,0,0,0,0.000277818,0.867970825,2951.31,,,Mint
0x5602c045a5e066b8bf9af7764ffa787e31a991131eea08ae78c618bdb7f302f0,22891860,1752187643,10/07/25 22:47,0x0a7da29599a326568c88ef1ff2fb2f42262090fd,0xe5544a2a5fa9b175da60d8eec67add5582bb31b0,,0,0,0,0.000273474,0.854400269,2951.31,,,Mint
0xeae0aa0a33c00e267a9d03784f08e368314414c5d600e4c2e77b86f591d1df9d,22891852,1752187547,10/07/25 22:45,0x0a7da29599a326568c88ef1ff2fb2f42262090fd,0xe5544a2a5fa9b175da60d8eec67add5582bb31b0,,0,0,0,0.000262012,0.818589821,2951.31,,,Mint
0xb4ee6cdc72b4547af3627cd26374a6b9627a8e1ae6d7bd7432507e29e6a8dd2a,22891842,1752187427,10/07/25 22:43,0x0a7da29599a326568c88ef1ff2fb2f42262090fd,0xe5544a2a5fa9b175da60d8eec67add5582bb31b0,,0,0,0,0.000298859,0.933707592,2951.31,,,Mint
0xfaee755370c9c49d0ca2f282a9230d9d51e1f1de02ccae6373307ca36a821027,22891833,1752187319,10/07/25 22:41,0x0a7da29599a326568c88ef1ff2fb2f42262090fd,0xe5544a2a5fa9b175da60d8eec67add5582bb31b0,,0,0,0,0.000309821,0.96795761,2951.31,,,Mint
0x05e381a568e814eb92eaa94efcd1d2d3b1d0d02891967ec523c5e33934979876,22891820,1752187163,10/07/25 22:39,0x0a7da29599a326568c88ef1ff2fb2f42262090fd,0xe5544a2a5fa9b175da60d8eec67add5582bb31b0,,0,0,0,0.000326583,1.020325581,2951.31,,,Mint
0x02503903ce076a3f7db8dd50c39b924151c4f63898f54cf34f3e74de0ab41ac5,22891791,1752186815,10/07/25 22:33,0x0a7da29599a326568c88ef1ff2fb2f42262090fd,0xe5544a2a5fa9b175da60d8eec67add5582bb31b0,,0,0,0,0.000369414,1.154139931,2951.31,,,Mint
0x7eb1c42120e1eebdf740c0f9fec5570b4790890ab18d0b148c04af35d5a74ef4,22891787,1752186767,10/07/25 22:32,0x0a7da29599a326568c88ef1ff2fb2f42262090fd,0xe5544a2a5fa9b175da60d8eec67add5582bb31b0,,0,0,0,0.00035935,1.122696981,2951.31,,,Mint
0xfcb574b73232613e170b9c4bc09aa6ae9a1807c382f0ddd2af3f81b3567bc34e,22891745,1752186263,10/07/25 22:24,0x0a7da29599a326568c88ef1ff2fb2f42262090fd,0xe5544a2a5fa9b175da60d8eec67add5582bb31b0,,0,0,0,0.000478438,1.494758629,2951.31,,,Mint
0x0b2e3de4b955c04fb2e4333ff1d4696b82b1ee9e9878c9ab112c09ebf5ac54ca,22891737,1752186167,10/07/25 22:22,0x0a7da29599a326568c88ef1ff2fb2f42262090fd,0xe5544a2a5fa9b175da60d8eec67add5582bb31b0,,0,0,0,0.000551987,1.72454163,2951.31,,,Mint
0xfdda7d1d122b48c56068fa8c0458cadb0e5314dc9df415dc7f4d1aaf40bacaf9,22891728,1752186059,10/07/25 22:20,0x0a7da29599a326568c88ef1ff2fb2f42262090fd,0xe5544a2a5fa9b175da60d8eec67add5582bb31b0,,0,0,0,0.000502739,1.570681316,2951.31,,,Mint
0x5668b821e9f169d0937a8a69c68d1f1c20660efe28569528a645520046d4c811,22891722,1752185987,10/07/25 22:19,0x0a7da29599a326568c88ef1ff2fb2f42262090fd,0xe5544a2a5fa9b175da60d8eec67add5582bb31b0,,0,0,0,0.000502481,1.569875454,2951.31,,,Mint
0xd875060a60606102e6767c497c6f0006f5e5e278187fa2489b5a5890cde24465,22891684,1752185531,10/07/25 22:12,0x0a7da29599a326568c88ef1ff2fb2f42262090fd,0xe5544a2a5fa9b175da60d8eec67add5582bb31b0,,0,0,0,0.000513247,1.603510852,2951.31,,,Mint
0x1cb6c1e2ceb7192aedf05f67db23cd1a0b5c9c2dc0632c67b26903638ad3eeee,22891658,1752185219,10/07/25 22:06,0x0a7da29599a326568c88ef1ff2fb2f42262090fd,0xe5544a2a5fa9b175da60d8eec67add5582bb31b0,,0,0,0,0.000730336,2.281750502,2951.31,,,Mint
0xa91cf0f866f1c726ea320da5bc2bb42ddea30fd47d8b80d6df79756c2e1b7d5f,22891654,1752185171,10/07/25 22:06,0x0a7da29599a326568c88ef1ff2fb2f42262090fd,0xe5544a2a5fa9b175da60d8eec67add5582bb31b0,,0,0,0,0.000690702,2.157923195,2951.31,,,Mint
0x826b04e7b970ceccbcc00cafcf1b8455922131fe096bf5ef377e2851ae75287d,22891640,1752185003,10/07/25 22:03,0x0a7da29599a326568c88ef1ff2fb2f42262090fd,0xe5544a2a5fa9b175da60d8eec67add5582bb31b0,,0,0,0,0.000817116,2.552872498,2951.31,,,Mint
0xafab0098260a5e10d80a82a249ebae4eab8e6e393070791c9a264365e57fc32f,22891630,1752184883,10/07/25 22:01,0x0a7da29599a326568c88ef1ff2fb2f42262090fd,0xe5544a2a5fa9b175da60d8eec67add5582bb31b0,,0,0,0,0.000819654,2.560799979,2951.31,,,Mint
0x154cc85792488b98b2eba6f5a9e661cc9e7c6e74eaf8d28eb9cc2c45dbf02e98,22891625,1752184823,10/07/25 22:00,0x0a7da29599a326568c88ef1ff2fb2f42262090fd,0xe5544a2a5fa9b175da60d8eec67add5582bb31b0,,0,0,0,0.000722934,2.258623137,2951.31,,,Mint
0xe98910d6dea02d7f13c981c142e033df83401f4ef94303ac007de16f61960189,22891615,1752184703,10/07/25 21:58,0x0a7da29599a326568c88ef1ff2fb2f42262090fd,0xe5544a2a5fa9b175da60d8eec67add5582bb31b0,,0,0,0,0.000908444,2.838201129,2951.31,,,Mint
0xa88f822e6201a9c4054b26e0c3ecb5c241ea99aaf57c8c702e958b7e81e6a29b,22891607,1752184607,10/07/25 21:56,0x0a7da29599a326568c88ef1ff2fb2f42262090fd,0xe5544a2a5fa9b175da60d8eec67add5582bb31b0,,0,0,0,0.000899798,2.811191179,2951.31,,,Mint
0x5d05f40e6a89e4390acbc4ecc78d8f59bf595dcaab17868ba25e77ee1e29595d,22891587,1752184367,10/07/25 21:52,0x0a7da29599a326568c88ef1ff2fb2f42262090fd,0xe5544a2a5fa9b175da60d8eec67add5582bb31b0,,0,0,0,0.00087418,2.731154746,2951.31,,,Mint
0x2b6e635e780e17c7b62f3916cbac8f0d67d52a43eb09bd051be57a0418fbe4b8,22891571,1752184175,10/07/25 21:49,0x0a7da29599a326568c88ef1ff2fb2f42262090fd,0xe5544a2a5fa9b175da60d8eec67add5582bb31b0,,0,0,0,0.000766691,2.395330083,2951.31,,,Mint
0xe04002393b3fc3c7b11fafde4c8976ce7d504cb3ba34b76811c4d5e327b6339d,22891559,1752184031,10/07/25 21:47,0x0a7da29599a326568c88ef1ff2fb2f42262090fd,0xe5544a2a5fa9b175da60d8eec67add5582bb31b0,,0,0,0,0.000852245,2.662624433,2951.31,,,Mint
0x16b0a422b7654de24852557f51f99a04bc53bbd764f5edd152a6a08e69c0cf6c,22891551,1752183935,10/07/25 21:45,0x0a7da29599a326568c88ef1ff2fb2f42262090fd,0xe5544a2a5fa9b175da60d8eec67add5582bb31b0,,0,0,0,0.000824278,2.575247302,2951.31,,,Mint
0xda6d209bfd2a7645d4280c3a5acf5840fb66d4bbda0e5b418aa843f5ae0353a8,22891545,1752183863,10/07/25 21:44,0x0a7da29599a326568c88ef1ff2fb2f42262090fd,0xe5544a2a5fa9b175da60d8eec67add5582bb31b0,,0,0,0,0.000642812,2.008301649,2951.31,,,Mint
0x0b9406c9675842ab8aad7b5c4a6bb26ade885a4e4a346d6d2c8eda6107072b23,22891519,1752183551,10/07/25 21:39,0x0a7da29599a326568c88ef1ff2fb2f42262090fd,0xe5544a2a5fa9b175da60d8eec67add5582bb31b0,,0,0,0,0.000410968,1.283964447,2951.31,,,Mint
0x2fca18cc5b37e61a0fbd130c76b8f6737a8ef0a2dcf6a5bb7cff9cc2316fe56d,22891504,1752183371,10/07/25 21:36,0x0a7da29599a326568c88ef1ff2fb2f42262090fd,0xe5544a2a5fa9b175da60d8eec67add5582bb31b0,,0,0,0,0.000494809,1.54590385,2951.31,,,Mint
0x2e331af3bfcf2cfc3d92bf79533af204b26d46f5c665c76f0570d25621fc5d54,22891497,1752183287,10/07/25 21:34,0x0a7da29599a326568c88ef1ff2fb2f42262090fd,0xe5544a2a5fa9b175da60d8eec67add5582bb31b0,,0,0,0,0.000475582,1.485835877,2951.31,,,Mint
0x5da6e443d2d9ea6fd575ddfbfd4d054a75d3f7930137b9b83ac1d98c11e99fe0,22891486,1752183155,10/07/25 21:32,0x0a7da29599a326568c88ef1ff2fb2f42262090fd,0xe5544a2a5fa9b175da60d8eec67add5582bb31b0,,0,0,0,0.000537983,1.68079145,2951.31,,,Mint
0xefbec65f2c5e57c35ac432cff919c87931b32fc78fc0a56b872d294c300c97b8,22891462,1752182867,10/07/25 21:27,0x0a7da29599a326568c88ef1ff2fb2f42262090fd,0xe5544a2a5fa9b175da60d8eec67add5582bb31b0,,0,0,0,0.000436178,1.362726799,2951.31,,,Mint
0xa1101a2691c8ee53ca716fd592f6a17bb7c63d572e4d609f619c65125c4ba24e,22891437,1752182567,10/07/25 21:22,0x0a7da29599a326568c88ef1ff2fb2f42262090fd,0xe5544a2a5fa9b175da60d8eec67add5582bb31b0,,0,0,0,0.000189737,0.592786015,2951.31,,,Mint
0xc19f8b2d442130ee4f77d126d4d760a524c60e0fe5266a5db5fab910324d902e,22891433,1752182519,10/07/25 21:21,0x0a7da29599a326568c88ef1ff2fb2f42262090fd,0xe5544a2a5fa9b175da60d8eec67add5582bb31b0,,0,0,0,0.000166064,0.518823819,2951.31,,,Mint
0x949c8a78d38602062ad03c05a1980a29a49ac9421a10fd7ca075b754986dd161,22891405,1752182183,10/07/25 21:16,0x0a7da29599a326568c88ef1ff2fb2f42262090fd,0xe5544a2a5fa9b175da60d8eec67add5582bb31b0,,0,0,0,0.000115486,0.360807716,2951.31,,,Mint
0x5531d01b1c8c7f5c20a3df45355f35b9ab8ac994039202e7013c21ca40f86641,22891397,1752182087,10/07/25 21:14,0x0a7da29599a326568c88ef1ff2fb2f42262090fd,0xe5544a2a5fa9b175da60d8eec67add5582bb31b0,,0,0,0,0.000125302,0.391475324,2951.31,,,Mint
0x4a6d2dd4ef9027875b5422b5f4ca619c4e73dfabbefa8c13c4695e5cab6764a7,22891387,1752181967,10/07/25 21:12,0x0a7da29599a326568c88ef1ff2fb2f42262090fd,0xe5544a2a5fa9b175da60d8eec67add5582bb31b0,,0,0,0,0.000114001,0.356165935,2951.31,,,Mint
0x85959312d041a3409e125c32c960e24a401097af869d13db7ac4735a203dd55d,22891363,1752181679,10/07/25 21:07,0x0a7da29599a326568c88ef1ff2fb2f42262090fd,0xe5544a2a5fa9b175da60d8eec67add5582bb31b0,,0,0,0,0.00010645,0.332576548,2951.31,,,Mint
0xca9b1348426c3834735e7e162a4923a0ed4e9d04ddebf7737145e1aa9ebbbf47,22891348,1752181499,10/07/25 21:04,0x0a7da29599a326568c88ef1ff2fb2f42262090fd,0xe5544a2a5fa9b175da60d8eec67add5582bb31b0,,0,0,0,0.000106772,0.333583422,2951.31,,,Mint
0xa5693b2fcadeeaadbfd8f86a0951d8a66c8104cfeaa4b8489a8b9975eed4a445,22891322,1752181187,10/07/25 20:59,0x0a7da29599a326568c88ef1ff2fb2f42262090fd,0xe5544a2a5fa9b175da60d8eec67add5582bb31b0,,0,0,0,0.000114197,0.356778613,2951.31,,,Mint
0xf9ff44dcb41746f5d045167af8f8c6ca4e56df010876b25e0eb975d178d7addc,22891276,1752180635,10/07/25 20:50,0x0a7da29599a326568c88ef1ff2fb2f42262090fd,0xe5544a2a5fa9b175da60d8eec67add5582bb31b0,,0,0,0,0.000125772,0.392941693,2951.31,,,Mint
0x89ab8e145db4e6572a7a174ab1318296949cd68710f9e63a30181ab2cc31f3d2,22891247,1752180287,10/07/25 20:44,0x0a7da29599a326568c88ef1ff2fb2f42262090fd,0xe5544a2a5fa9b175da60d8eec67add5582bb31b0,,0,0,0,0.000127083,0.397037567,2951.31,,,Mint
0x7975b8cbaf2dd7abf786fc68782069a7050a9bb2809b70157f732a796cf9e421,22891238,1752180179,10/07/25 20:42,0x0a7da29599a326568c88ef1ff2fb2f42262090fd,0xe5544a2a5fa9b175da60d8eec67add5582bb31b0,,0,0,0,0.000129368,0.40417702,2951.31,,,Mint
0xee7e067dae7019f9def5661491ca944f36cc494edbda3d800992596cd9bd0f8f,22891232,1752180107,10/07/25 20:41,0x0a7da29599a326568c88ef1ff2fb2f42262090fd,0xe5544a2a5fa9b175da60d8eec67add5582bb31b0,,0,0,0,0.000122192,0.381758847,2951.31,,,Mint
0xfa7085d8cd0cd9e52d2dfb11e80f12f800c151e37413b9402cd666ca6b1762a0,22891196,1752179675,10/07/25 20:34,0x0a7da29599a326568c88ef1ff2fb2f42262090fd,0xe5544a2a5fa9b175da60d8eec67add5582bb31b0,,0,0,0,0.000119855,0.374457859,2951.31,,,Mint
0xdb601252f14d888d6519e0063c12ae3ba39b4f03620fd9a6bb7c8590240580ab,22891191,1752179615,10/07/25 20:33,0x0a7da29599a326568c88ef1ff2fb2f42262090fd,0xe5544a2a5fa9b175da60d8eec67add5582bb31b0,,0,0,0,0.000124789,0.389872729,2951.31,,,Mint
0x406596c19961df37f66abaa99b2fb764bc9cc050b48eb87fb82f09cdd216e702,22891165,1752179303,10/07/25 20:28,0x0a7da29599a326568c88ef1ff2fb2f42262090fd,0xe5544a2a5fa9b175da60d8eec67add5582bb31b0,,0,0,0,0.000116055,0.362584345,2951.31,,,Mint
0xd426c87f91c736aee5d8d493418afa125b815e5b816dd6ec3f908990d5927979,22891142,1752179027,10/07/25 20:23,0x0a7da29599a326568c88ef1ff2fb2f42262090fd,0xe5544a2a5fa9b175da60d8eec67add5582bb31b0,,0,0,0,0.000110219,0.344352394,2951.31,,,Mint
0xab7f0ff9e8306fab7e84a3371800c8566b36c2335d75b88b784ec0bada1b71f9,22891133,1752178919,10/07/25 20:21,0x0a7da29599a326568c88ef1ff2fb2f42262090fd,0xe5544a2a5fa9b175da60d8eec67add5582bb31b0,,0,0,0,0.000110394,0.344897403,2951.31,,,Mint
0x636b5a2deb9402a2010e65988049ee67fcf76cbe3f3d9994f51c3e4c6f8f8044,22891112,1752178667,10/07/25 20:17,0x0a7da29599a326568c88ef1ff2fb2f42262090fd,0xe5544a2a5fa9b175da60d8eec67add5582bb31b0,,0,0,0,0.000115221,0.359977901,2951.31,,,Mint
0x1c98c1c377771d4e27266262756f29b77b875884657261c4210c14f440643715,22891097,1752178487,10/07/25 20:14,0x0a7da29599a326568c88ef1ff2fb2f42262090fd,0xe5544a2a5fa9b175da60d8eec67add5582bb31b0,,0,0,0,0.000142651,0.445676495,2951.31,,,Mint
0x6981b99f102f3d015baf9375223eaed9836b12fd72a792272ca30cb2a6fe8e22,22891073,1752178199,10/07/25 20:09,0x0a7da29599a326568c88ef1ff2fb2f42262090fd,0xe5544a2a5fa9b175da60d8eec67add5582bb31b0,,0,0,0,0.000149402,0.466769833,2951.31,,,Mint
0x5f1515bc0aa9cd3cb251cb99088e6d8630529de6c7f28f606d8cd1afa1401819,22891035,1752177743,10/07/25 20:02,0x0a7da29599a326568c88ef1ff2fb2f42262090fd,0xe5544a2a5fa9b175da60d8eec67add5582bb31b0,,0,0,0,0.000120183,0.375480676,2951.31,,,Mint
0x9d523606d8249c82d4946ada1434041ec52d032d572b0872c5a7d824dd279524,22891017,1752177527,10/07/25 19:58,0x0a7da29599a326568c88ef1ff2fb2f42262090fd,0xe5544a2a5fa9b175da60d8eec67add5582bb31b0,,0,0,0,0.000115902,0.362106454,2951.31,,,Mint
0x22beb19376bda0ec9ac2371699b803c6f95d3405db119e43d125781bb5337ff4,22891005,1752177383,10/07/25 19:56,0x0a7da29599a326568c88ef1ff2fb2f42262090fd,0xe5544a2a5fa9b175da60d8eec67add5582bb31b0,,0,0,0,0.00011815,0.369129595,2951.31,,,Mint
0x2205474d6608c361c885df422895814dc246361f701497c9f120ecf702826d85,22890995,1752177263,10/07/25 19:54,0x0a7da29599a326568c88ef1ff2fb2f42262090fd,0xe5544a2a5fa9b175da60d8eec67add5582bb31b0,,0,0,0,0.000111809,0.349317878,2951.31,,,Mint
0xe4d2e2a4514eee3aadc925f39241a99848e88e982fac0b99acdd0bd3db7a5c6a,22890989,1752177191,10/07/25 19:53,0x0a7da29599a326568c88ef1ff2fb2f42262090fd,0xe5544a2a5fa9b175da60d8eec67add5582bb31b0,,0,0,0,0.000124926,0.390299682,2951.31,,,Mint
0x5db52f88e776238796c9fa5e8d0d012acd841863d31efe173af2cae564685561,22890973,1752176999,10/07/25 19:49,0x0a7da29599a326568c88ef1ff2fb2f42262090fd,0xe5544a2a5fa9b175da60d8eec67add5582bb31b0,,0,0,0,0.00013354,0.417211186,2951.31,,,Mint
0x90342aa55cd95de75364d89f5abc3709abac1a8cbc0a9072275f46885d11ceb3,22890965,1752176903,10/07/25 19:48,0x0a7da29599a326568c88ef1ff2fb2f42262090fd,0xe5544a2a5fa9b175da60d8eec67add5582bb31b0,,0,0,0,0.000137388,0.429232628,2951.31,,,Mint
0x4ee22f031e12a96a8d2196ed59848f2a30220471f148a2656619f645370d5470,22890960,1752176843,10/07/25 19:47,0x0a7da29599a326568c88ef1ff2fb2f42262090fd,0xe5544a2a5fa9b175da60d8eec67add5582bb31b0,,0,0,0,0.000144727,0.452162969,2951.31,,,Mint
0xbb758096d4bd2c3b5601038e6a4a6e848c17107f380f999653abb59cd59f97ce,22890951,1752176735,10/07/25 19:45,0x0a7da29599a326568c88ef1ff2fb2f42262090fd,0xe5544a2a5fa9b175da60d8eec67add5582bb31b0,,0,0,0,0.000130476,0.407640497,2951.31,,,Mint
0x9ac9e855de5017b0c7e5730574c6e793930cf80e087df1b80955fcd0fc544db7,22890947,1752176687,10/07/25 19:44,0x0a7da29599a326568c88ef1ff2fb2f42262090fd,0xe5544a2a5fa9b175da60d8eec67add5582bb31b0,,0,0,0,0.000141279,0.441389778,2951.31,,,Mint
0xa2c1631a82e36af11d7783256ed3d21fbf75a9c0e168c710d322fa065c3020d7,22890941,1752176615,10/07/25 19:43,0x0a7da29599a326568c88ef1ff2fb2f42262090fd,0xe5544a2a5fa9b175da60d8eec67add5582bb31b0,,0,0,0,0.000147299,0.46019961,2951.31,,,Mint
0x6875ea50c09c509a58c95a7a6efc530b8f3802c3031c4518eeeee032e66539a0,22890929,1752176471,10/07/25 19:41,0x0a7da29599a326568c88ef1ff2fb2f42262090fd,0xe5544a2a5fa9b175da60d8eec67add5582bb31b0,,0,0,0,0.000130422,0.40747116,2951.31,,,Mint
0x0743169a6babf9683dde594b3b2921d16984a15b1c71d3239de6811ecbe11828,22890919,1752176351,10/07/25 19:39,0x0a7da29599a326568c88ef1ff2fb2f42262090fd,0xe5544a2a5fa9b175da60d8eec67add5582bb31b0,,0,0,0,0.000158478,0.495123935,2951.31,,,Mint
0xa1e48d8227c103bb62874cac107d11fdb1b75591c428c120cc9d76d510ff79e2,22890893,1752176027,10/07/25 19:33,0x0a7da29599a326568c88ef1ff2fb2f42262090fd,0xe5544a2a5fa9b175da60d8eec67add5582bb31b0,,0,0,0,0.000150913,0.47148867,2951.31,,,Mint
0xf60dcf58853f46026756f09a12de7ea4f62f532da60e6879709e1ef7b85438ed,22890866,1752175691,10/07/25 19:28,0x0a7da29599a326568c88ef1ff2fb2f42262090fd,0xe5544a2a5fa9b175da60d8eec67add5582bb31b0,,0,0,0,0.000147431,0.460609931,2951.31,,,Mint
0x8a69fc1870294a476742a73562a83209e0240f5250dd0ef959b243c59b701959,22890853,1752175535,10/07/25 19:25,0x0a7da29599a326568c88ef1ff2fb2f42262090fd,0xe5544a2a5fa9b175da60d8eec67add5582bb31b0,,0,0,0,0.00014501,0.453045964,2951.31,,,Mint
0xa50b6ac1061e7e7d59b768fd9e921a39281e863cef24c34644d50fbccb291a2c,22890849,1752175487,10/07/25 19:24,0x0a7da29599a326568c88ef1ff2fb2f42262090fd,0xe5544a2a5fa9b175da60d8eec67add5582bb31b0,,0,0,0,0.000155339,0.485316261,2951.31,,,Mint
0x7d51fa5cda6d0a96203d0b9f75b08a478cfe66465917971189fdbb067a1a2a37,22890831,1752175271,10/07/25 19:21,0x0a7da29599a326568c88ef1ff2fb2f42262090fd,0xe5544a2a5fa9b175da60d8eec67add5582bb31b0,,0,0,0,0.000143431,0.448114899,2951.31,,,Mint
0x404fc87ff06b7e02d13e87de7472ae0d72ceb4bfb934fd611f01572278324b01,22890818,1752175115,10/07/25 19:18,0x0a7da29599a326568c88ef1ff2fb2f42262090fd,0xe5544a2a5fa9b175da60d8eec67add5582bb31b0,,0,0,0,0.000158216,0.494306908,2951.31,,,Mint
0xe930ccf8a285ae82ed7489fd5047d5de32098c02f1effd3dae27448b77315beb,22890810,1752175019,10/07/25 19:16,0x0a7da29599a326568c88ef1ff2fb2f42262090fd,0xe5544a2a5fa9b175da60d8eec67add5582bb31b0,,0,0,0,0.000144698,0.45207327,2951.31,,,Mint
0xd7aaefe7dc03d354861cfbe7e6f82d163cdd2b598eef566db2163fdcde8a59d4,22890798,1752174875,10/07/25 19:14,0x0a7da29599a326568c88ef1ff2fb2f42262090fd,0xe5544a2a5fa9b175da60d8eec67add5582bb31b0,,0,0,0,0.000163356,0.510363228,2951.31,,,Mint
0x644fe0299e34bbf0e37e5e542eac71350dc93185ee3abee79be30a8e7856c17b,22890793,1752174815,10/07/25 19:13,0x0a7da29599a326568c88ef1ff2fb2f42262090fd,0xe5544a2a5fa9b175da60d8eec67add5582bb31b0,,0,0,0,0.000142825,0.446220479,2951.31,,,Mint
0x46c162d2784fedb62676349a59d241a4653fa9a26be1de964f33efc61d9d56a5,22890781,1752174671,10/07/25 19:11,0x0a7da29599a326568c88ef1ff2fb2f42262090fd,0xe5544a2a5fa9b175da60d8eec67add5582bb31b0,,0,0,0,0.000172385,0.538573533,2951.31,,,Mint
0x1e0c4b3820ca715ac825bda3b11a78f7e029ea3c1a73db5635c3bfae61440dc0,22890768,1752174503,10/07/25 19:08,0x0a7da29599a326568c88ef1ff2fb2f42262090fd,0xe5544a2a5fa9b175da60d8eec67add5582bb31b0,,0,0,0,0.000186032,0.581208734,2951.31,,,Mint
0x8e4a1bfd43cb9fc0ce7873246a53db0116a244582b3164370b5fd703cdc360b0,22890756,1752174359,10/07/25 19:05,0x0a7da29599a326568c88ef1ff2fb2f42262090fd,0xe5544a2a5fa9b175da60d8eec67add5582bb31b0,,0,0,0,0.000196722,0.614606927,2951.31,,,Mint
0xbe59e449e74c3ec4a12cb9c007cb80528b6790cfff9bdb384652432c364e0808,22890738,1752174131,10/07/25 19:02,0x0a7da29599a326568c88ef1ff2fb2f42262090fd,0xe5544a2a5fa9b175da60d8eec67add5582bb31b0,,0,0,0,0.000200991,0.627945213,2951.31,,,Mint
0x12d78b89d6feaa3e8d691147ba0a1283dd1c6a119339a4c40fa18d8cfe6302cc,22890725,1752173975,10/07/25 18:59,0x0559d4f52c63732853ac1f4c50b6f293cee0b646,0xe5544a2a5fa9b175da60d8eec67add5582bb31b0,,0,0,0,0.000169136,0.528422206,2951.31,,,Mint
0xd4ea69e622397f6c087fb1516697b06496904d9f7cd449928bd29250f59b8997,22890609,1752172583,10/07/25 18:36,0x0a7da29599a326568c88ef1ff2fb2f42262090fd,0xe5544a2a5fa9b175da60d8eec67add5582bb31b0,,0,0,0,0.000320388,1.000971606,2951.31,,,Mint
0x79b9a0d646beee994114cd269d0410eb4daa7210c9cfd3942d0ee8be157bad04,22890575,1752172175,10/07/25 18:29,0x0a7da29599a326568c88ef1ff2fb2f42262090fd,0xe5544a2a5fa9b175da60d8eec67add5582bb31b0,,0,0,0,0.000380459,1.18864613,2951.31,,,Mint
0x26e4a7d6419b7f53d47ee48664d53cde12b5f7c552f2fb74cfc3b753c45a5f51,22890531,1752171635,10/07/25 18:20,0x0a7da29599a326568c88ef1ff2fb2f42262090fd,0xe5544a2a5fa9b175da60d8eec67add5582bb31b0,,0,0,0,0.00041975,1.311402914,2951.31,,,Mint
0x1e9255bab8c1c16b12db0fcd95fe48d0e60b57e04993dda4208539cd925d95d0,22890521,1752171515,10/07/25 18:18,0x0a7da29599a326568c88ef1ff2fb2f42262090fd,0xe5544a2a5fa9b175da60d8eec67add5582bb31b0,,0,0,0,0.00041148,1.285564725,2951.31,,,Mint
0xfec2f269177137fc6e59cd8b978a0f370d1a63ffcd5944a441ecab11cb221d05,22890506,1752171335,10/07/25 18:15,0x0a7da29599a326568c88ef1ff2fb2f42262090fd,0xe5544a2a5fa9b175da60d8eec67add5582bb31b0,,0,0,0,0.000348215,1.08791021,2951.31,,,Mint
0x666ca852612ec86267011ffa7a0630274a00ceff8bdff38a5124051155e3b0e6,22890496,1752171203,10/07/25 18:13,0x0a7da29599a326568c88ef1ff2fb2f42262090fd,0xe5544a2a5fa9b175da60d8eec67add5582bb31b0,,0,0,0,0.000364045,1.137365191,2951.31,,,Mint
0x47cb56c343c126170061f4fd8e58b466f8d52e666eac2834f494ca04e97f7af1,22890478,1752170987,10/07/25 18:09,0x0a7da29599a326568c88ef1ff2fb2f42262090fd,0xe5544a2a5fa9b175da60d8eec67add5582bb31b0,,0,0,0,0.000447257,1.397341626,2951.31,,,Mint
0xc05b0ee6fcb4e153043280c90b209d240e2fc8319075b18782f65d387c7cec3e,22890452,1752170675,10/07/25 18:04,0x0a7da29599a326568c88ef1ff2fb2f42262090fd,0xe5544a2a5fa9b175da60d8eec67add5582bb31b0,,0,0,0,0.000366239,1.144220822,2951.31,,,Mint
0x1b2d8827e393f636bb82727cbf9b274a78ec1ac784396de262fa6d2de9e23ec9,22890447,1752170615,10/07/25 18:03,0x0a7da29599a326568c88ef1ff2fb2f42262090fd,0xe5544a2a5fa9b175da60d8eec67add5582bb31b0,,0,0,0,0.000373799,1.16784047,2951.31,,,Mint
0x65bc6a24f99065be3efd3ae670fae468a733e9405af791fd4fe82d7f4765fef2,22890428,1752170387,10/07/25 17:59,0x0a7da29599a326568c88ef1ff2fb2f42262090fd,0xe5544a2a5fa9b175da60d8eec67add5582bb31b0,,0,0,0,0.000375464,1.173041278,2951.31,,,Mint
0x69da2e88eac68dc092f2a00bc3e5d7c5e9a08bb614d676136e77ecd4ad9ef494,22890412,1752170195,10/07/25 17:56,0x0a7da29599a326568c88ef1ff2fb2f42262090fd,0xe5544a2a5fa9b175da60d8eec67add5582bb31b0,,0,0,0,0.000363493,1.135640626,2951.31,,,Mint
0x5608c3d92d7306fd18970388691ec5bc04298c77f643ec02406deca041bbf145,22890379,1752169799,10/07/25 17:49,0x0a7da29599a326568c88ef1ff2fb2f42262090fd,0xe5544a2a5fa9b175da60d8eec67add5582bb31b0,,0,0,0,0.00040697,1.271474355,2951.31,,,Mint
0x96406522b02ac9ef404d9da21fbcabe5ddb10696a7e9b3aa433f2513e6b62f71,22889873,1752163679,10/07/25 16:07,0x0559d4f52c63732853ac1f4c50b6f293cee0b646,0xe5544a2a5fa9b175da60d8eec67add5582bb31b0,,0,0,0,0.000133116,0.415886881,2951.31,,,Mint
0x6276175af3a36f234daea96e9bc98c604b0e8c4cd23efcc3fa49612920de1a82,22888763,1752150287,10/07/25 12:24,0x0559d4f52c63732853ac1f4c50b6f293cee0b646,0xe5544a2a5fa9b175da60d8eec67add5582bb31b0,,0,0,0,9.1397E-05,0.285546686,2951.31,,,Mint
0x347fb65d4f2834d8e7cfcf6d80110c6fb49fd20dfe7d04b68ca34ac4f4b8de77,22888675,1752149207,10/07/25 12:06,0x0559d4f52c63732853ac1f4c50b6f293cee0b646,0xe5544a2a5fa9b175da60d8eec67add5582bb31b0,,0,0,0,9.44967E-05,0.29523086,2951.31,,,Mint
0x44d5059e3e494a7a13a1a7d9b1ed3b03de2dd531894f635d1100f8b3a325916b,22888415,1752146087,10/07/25 11:14,0x0559d4f52c63732853ac1f4c50b6f293cee0b646,0xe5544a2a5fa9b175da60d8eec67add5582bb31b0,,0,0,0,9.10018E-05,0.284312148,2951.31,,,Mint
0x7ad07b5207364cb53392ef5063f2b5f1b90e9b65c39701b2b7c796a5bf213c10,22888407,1752145991,10/07/25 11:13,0x0559d4f52c63732853ac1f4c50b6f293cee0b646,0xe5544a2a5fa9b175da60d8eec67add5582bb31b0,,0,0,0,0.000102234,0.31940475,2951.31,,,Mint
0x6c03218a009652dc9ce2e5336b54fd13e2f42fc2e3881190e7e6ac37d0ba6bf5,22888243,1752144023,10/07/25 10:40,0x0559d4f52c63732853ac1f4c50b6f293cee0b646,0xe5544a2a5fa9b175da60d8eec67add5582bb31b0,,0,0,0,6.03019E-05,0.188397899,2951.31,,,Mint
0x3970171ae53354af4fe0ed0970371607cd6faa56e9ce486f7e500313c347cfc7,22888190,1752143387,10/07/25 10:29,0x0559d4f52c63732853ac1f4c50b6f293cee0b646,0xe5544a2a5fa9b175da60d8eec67add5582bb31b0,,0,0,0,5.832E-05,0.182205915,2951.31,,,Mint
0x4a1dc85b6533acc850c70afe099698b2215f15a4822b581283505107f9434cb7,22888178,1752143231,10/07/25 10:27,0x0559d4f52c63732853ac1f4c50b6f293cee0b646,0xe5544a2a5fa9b175da60d8eec67add5582bb31b0,,0,0,0,6.01119E-05,0.187804405,2951.31,,,Mint
0xda263a51401afbb7681e38cb280a4144432ae8ab578e31bd2b65a47a1a526bae,22888114,1752142451,10/07/25 10:14,0x0559d4f52c63732853ac1f4c50b6f293cee0b646,0xe5544a2a5fa9b175da60d8eec67add5582bb31b0,,0,0,0,6.27378E-05,0.196008331,2951.31,,,Mint
0xd05fa5fb7731a42eeb063c9228a8ffb1d16bc4cda6cee6d1c87f53c6304aa814,22887942,1752140387,10/07/25 09:39,0x0559d4f52c63732853ac1f4c50b6f293cee0b646,0xe5544a2a5fa9b175da60d8eec67add5582bb31b0,,0,0,0,6.66533E-05,0.208241179,2951.31,,,Mint
0x42eaec76762751c9abb82d67552b75367dac281a13892726deca57bb8b81e220,22887912,1752140027,10/07/25 09:33,0x0559d4f52c63732853ac1f4c50b6f293cee0b646,0xe5544a2a5fa9b175da60d8eec67add5582bb31b0,,0,0,0,6.73293E-05,0.21035322,2951.31,,,Mint
0x7345a61b3bc73c759fac1b9d466f74f68d00ba74e15bf338dd137bfe6115804d,22887783,1752138467,10/07/25 09:07,0x0559d4f52c63732853ac1f4c50b6f293cee0b646,0xe5544a2a5fa9b175da60d8eec67add5582bb31b0,,0,0,0,9.67789E-05,0.302361047,2951.31,,,Mint
0xae850b5e4650e4c909e672bb219c058ef8e0e06e29d9e5f9afb68eb2d22c4d84,22887747,1752138035,10/07/25 09:00,0x0559d4f52c63732853ac1f4c50b6f293cee0b646,0xe5544a2a5fa9b175da60d8eec67add5582bb31b0,,0,0,0,8.77512E-05,0.274156345,2951.31,,,Mint
0x3fa99a4e5e4cdc6cfccc09c9b4db2f2973f167a2de3d0144819da7c27ebeeb17,22887722,1752137735,10/07/25 08:55,0x0559d4f52c63732853ac1f4c50b6f293cee0b646,0xe5544a2a5fa9b175da60d8eec67add5582bb31b0,,0,0,0,7.57552E-05,0.236677813,2951.31,,,Mint
0xbc2696d4970c9c8c3b0b1037744517653ba27eca15ab69b5dd3b3bcf71c3a393,22887627,1752136595,10/07/25 08:36,0x0559d4f52c63732853ac1f4c50b6f293cee0b646,0xe5544a2a5fa9b175da60d8eec67add5582bb31b0,,0,0,0,5.24354E-05,0.163821097,2951.31,,,Mint
0xb102c3036e393a77480fb0172c677838fe865fcb0362c1acb3d80a8dcdbf0464,22887611,1752136403,10/07/25 08:33,0x0559d4f52c63732853ac1f4c50b6f293cee0b646,0xe5544a2a5fa9b175da60d8eec67add5582bb31b0,,0,0,0,5.95482E-05,0.186043231,2951.31,,,Mint
0xc0ebc2ba217856991d4aeab17a416d960c362dec0d5c5b24f65b7ec155979df0,22887602,1752136295,10/07/25 08:31,0x0559d4f52c63732853ac1f4c50b6f293cee0b646,0xe5544a2a5fa9b175da60d8eec67add5582bb31b0,,0,0,0,6.49924E-05,0.203052357,2951.31,,,Mint
0xf4177e0fabe1a22457e868e553a17831b854003ea16690beeab4b97a0cd554ba,22887594,1752136199,10/07/25 08:29,0x0559d4f52c63732853ac1f4c50b6f293cee0b646,0xe5544a2a5fa9b175da60d8eec67add5582bb31b0,,0,0,0,6.18227E-05,0.193149222,2951.31,,,Mint
0x2071ab098c05392b0a2378f0934d231c88b72281d1261b2f5412b1b63be3be1d,22887574,1752135959,10/07/25 08:25,0x0559d4f52c63732853ac1f4c50b6f293cee0b646,0xe5544a2a5fa9b175da60d8eec67add5582bb31b0,,0,0,0,5.97168E-05,0.186569988,2951.31,,,Mint
0x87a3ef75edbe2f0078fd3a10b78e3d12deb3dba0d0676e2985a1c4073b37b544,22887514,1752135239,10/07/25 08:13,0x0559d4f52c63732853ac1f4c50b6f293cee0b646,0xe5544a2a5fa9b175da60d8eec67add5582bb31b0,,0,0,0,7.84936E-05,0.245233246,2951.31,,,Mint
0x647c36954206c8538b58bec21920fde5d4fdc491620b470c54acbde2eef88908,22887497,1752135035,10/07/25 08:10,0x0559d4f52c63732853ac1f4c50b6f293cee0b646,0xe5544a2a5fa9b175da60d8eec67add5582bb31b0,,0,0,0,9.38042E-05,0.293067485,2951.31,,,Mint
0x256d3c93785c0dc85b7518f5a7b8f587778ae86bce7a58ab38c269727cd28927,22887491,1752134963,10/07/25 08:09,0x0559d4f52c63732853ac1f4c50b6f293cee0b646,0xe5544a2a5fa9b175da60d8eec67add5582bb31b0,,0,0,0,8.32676E-05,0.260148528,2951.31,,,Mint
0x93d60ae1c104fc0d77e823bd4d19ecc56f0ed10b8a2f5e072dd18c433780063b,22887483,1752134867,10/07/25 08:07,0x0559d4f52c63732853ac1f4c50b6f293cee0b646,0xe5544a2a5fa9b175da60d8eec67add5582bb31b0,,0,0,0,8.65872E-05,0.270519649,2951.31,,,Mint
0xcc9fe49f7f31a761d0b4a1fede9a11319c87614e523cfcc7d127925c06413e87,22887418,1752134087,10/07/25 07:54,0x0559d4f52c63732853ac1f4c50b6f293cee0b646,0xe5544a2a5fa9b175da60d8eec67add5582bb31b0,,0,0,0,8.68603E-05,0.27137288,2951.31,,,Mint
0xa649c0cd9cf9dc94b90fb303d4e34690936d289bd9ef8e1fb4efa8cd274797a4,22887391,1752133763,10/07/25 07:49,0x0559d4f52c63732853ac1f4c50b6f293cee0b646,0xe5544a2a5fa9b175da60d8eec67add5582bb31b0,,0,0,0,0.000106662,0.333239603,2951.31,,,Mint
0xd351bbacfce8d97770248a44f83b7c708b540c1ca998c21542a1e5791c32a73a,22887377,1752133595,10/07/25 07:46,0x0559d4f52c63732853ac1f4c50b6f293cee0b646,0xe5544a2a5fa9b175da60d8eec67add5582bb31b0,,0,0,0,9.9731E-05,0.311584125,2951.31,,,Mint
0x501cac561044e3156adfdf34cc3d27cff5c8b87c65f2fb472d7410dead89554e,22887371,1752133523,10/07/25 07:45,0x0559d4f52c63732853ac1f4c50b6f293cee0b646,0xe5544a2a5fa9b175da60d8eec67add5582bb31b0,,0,0,0,9.35939E-05,0.292410266,2951.31,,,Mint
0x02a43429c2e755ed3a4da00fc0a1e7063e1a36e5e01f1ee82b9b5198db8c48e9,22887348,1752133247,10/07/25 07:40,0x0559d4f52c63732853ac1f4c50b6f293cee0b646,0xe5544a2a5fa9b175da60d8eec67add5582bb31b0,,0,0,0,0.000101197,0.316165019,2951.31,,,Mint
0x85f733d66da68c61d9c96adf985eb97bdbc16a2890c1eb06f34755716c0c01da,22887306,1752132743,10/07/25 07:32,0x0559d4f52c63732853ac1f4c50b6f293cee0b646,0xe5544a2a5fa9b175da60d8eec67add5582bb31b0,,0,0,0,9.99655E-05,0.312316705,2951.31,,,Mint
0x0d86243c79f65b2ec4142012117395e293406de7090279b4eed9f0eef688a77a,22887301,1752132683,10/07/25 07:31,0x0559d4f52c63732853ac1f4c50b6f293cee0b646,0xe5544a2a5fa9b175da60d8eec67add5582bb31b0,,0,0,0,0.000111877,0.349530082,2951.31,,,Mint
0x43b3793523e86b5a338d19376285356d672f3f2d1293228b5333cc37e3e65376,22887164,1752131027,10/07/25 07:03,0x0559d4f52c63732853ac1f4c50b6f293cee0b646,0xe5544a2a5fa9b175da60d8eec67add5582bb31b0,,0,0,0,3.94162E-05,0.123145823,2951.31,,,Mint
0xe6157f8e2a9ca35180be9f307ee3ec31bb0b861b122c4c199b2ea25f44b9a850,22887153,1752130895,10/07/25 07:01,0x0559d4f52c63732853ac1f4c50b6f293cee0b646,0xe5544a2a5fa9b175da60d8eec67add5582bb31b0,,0,0,0,4.21035E-05,0.131541735,2951.31,,,Mint
0x677b9d47bb518ec2d9bacdb8eeb57bb150b7ed3aae2c1c30495b0b7afded0842,22887132,1752130643,10/07/25 06:57,0x0559d4f52c63732853ac1f4c50b6f293cee0b646,0xe5544a2a5fa9b175da60d8eec67add5582bb31b0,,0,0,0,3.82885E-05,0.119622586,2951.31,,,Mint
0xba5df128b0a8ff45e0d4878fe2e4e39e16933aa93dd36de5f4f753a9edf4784c,22887118,1752130475,10/07/25 06:54,0x0559d4f52c63732853ac1f4c50b6f293cee0b646,0xe5544a2a5fa9b175da60d8eec67add5582bb31b0,,0,0,0,3.69758E-05,0.115521591,2951.31,,,Mint
0xdb2510b039fc26fd07b99836103f6730b290fc1eacdcf915da83509fb915862b,22887104,1752130307,10/07/25 06:51,0x0559d4f52c63732853ac1f4c50b6f293cee0b646,0xe5544a2a5fa9b175da60d8eec67add5582bb31b0,,0,0,0,4.14298E-05,0.129436957,2951.31,,,Mint
0x01ad5a64926e2408293fa18c037c83d5dcb82fac2c4bd32eaaebff9e8bd73b60,22887075,1752129947,10/07/25 06:45,0x0559d4f52c63732853ac1f4c50b6f293cee0b646,0xe5544a2a5fa9b175da60d8eec67add5582bb31b0,,0,0,0,4.36656E-05,0.136422086,2951.31,,,Mint
0xae31ea2a2d12ddd3f862b7a2f1770bd88058cc5e6b9be307cb0d49beb44a3ced,22887034,1752129443,10/07/25 06:37,0x0559d4f52c63732853ac1f4c50b6f293cee0b646,0xe5544a2a5fa9b175da60d8eec67add5582bb31b0,,0,0,0,5.4305E-05,0.169662055,2951.31,,,Mint
0x7ae7b4fc312ad7705b148116f9d73dcd60554dd5ee901c56bbff58dfa5e52280,22886977,1752128759,10/07/25 06:25,0x0559d4f52c63732853ac1f4c50b6f293cee0b646,0xe5544a2a5fa9b175da60d8eec67add5582bb31b0,,0,0,0,4.55076E-05,0.142176962,2951.31,,,Mint
0x7f6f5cb7ecebcbf0c7cc772a316b6be7ba2197b2772dc13a7d2f9738622826c7,22886891,1752127727,10/07/25 06:08,0x0559d4f52c63732853ac1f4c50b6f293cee0b646,0xe5544a2a5fa9b175da60d8eec67add5582bb31b0,,0,0,0,5.18738E-05,0.162066454,2951.31,,,Mint
0x1d4d2ec578449d950d003d84dc7ff1b03c5291592775f74e6503fbc619fad7fb,22886879,1752127583,10/07/25 06:06,0x0559d4f52c63732853ac1f4c50b6f293cee0b646,0xe5544a2a5fa9b175da60d8eec67add5582bb31b0,,0,0,0,5.15439E-05,0.161035679,2951.31,,,Mint
0x05d47eae3f605bf89369cb3b2300b3abff43c46086a5948d97d49f7b4f60a1d8,22886853,1752127259,10/07/25 06:00,0x0559d4f52c63732853ac1f4c50b6f293cee0b646,0xe5544a2a5fa9b175da60d8eec67add5582bb31b0,,0,0,0,5.09766E-05,0.159263477,2951.31,,,Mint
0xbd23766e354fcc4780ffe0d10d8136b77cbb25a97e240a513b5fed485a20df67,22886821,1752126875,10/07/25 05:54,0x0a7da29599a326568c88ef1ff2fb2f42262090fd,0xe5544a2a5fa9b175da60d8eec67add5582bb31b0,,0,0,0,5.37549E-05,0.167943661,2951.31,,,Mint
0x39fcb51b20aa7c3523ab51f5f444badb8a526853dc0b9f86e05aaf0199726eac,22886737,1752125867,10/07/25 05:37,0x0559d4f52c63732853ac1f4c50b6f293cee0b646,0xe5544a2a5fa9b175da60d8eec67add5582bb31b0,,0,0,0,3.82124E-05,0.119384819,2951.31,,,Mint
0x89051a51563cd6ca41082fec6795e756b710fcc2de1daf78059dd3e6949921af,22886727,1752125747,10/07/25 05:35,0x0559d4f52c63732853ac1f4c50b6f293cee0b646,0xe5544a2a5fa9b175da60d8eec67add5582bb31b0,,0,0,0,3.83093E-05,0.11968769,2951.31,,,Mint
0xe79bbadc62e6c7f8832dfdb75fb41e6ef2f6bd11fc0a7d63109e5fc92c40bbe2,22886634,1752124607,10/07/25 05:16,0x0559d4f52c63732853ac1f4c50b6f293cee0b646,0xe5544a2a5fa9b175da60d8eec67add5582bb31b0,,0,0,0,3.50163E-05,0.109399578,2951.31,,,Mint
0xb7b1b930e40ff2e8458c4f3141ace5a48e4972a04d436c1774e5e320d0364411,22886584,1752123995,10/07/25 05:06,0x0559d4f52c63732853ac1f4c50b6f293cee0b646,0xe5544a2a5fa9b175da60d8eec67add5582bb31b0,,0,0,0,3.01093E-05,0.094068739,2951.31,,,Mint
0x124b45f6f7a9c1dcbd207804d4522e1c88b2f9d28782b2e14b6002f8f3b57b46,22886575,1752123887,10/07/25 05:04,0x0559d4f52c63732853ac1f4c50b6f293cee0b646,0xe5544a2a5fa9b175da60d8eec67add5582bb31b0,,0,0,0,2.83102E-05,0.088448161,2951.31,,,Mint
0x9824709de1e6c52956d6fb012a78daf677d5842fd0981ca70c9cc4e111e5d206,22886454,1752122435,10/07/25 04:40,0x0a7da29599a326568c88ef1ff2fb2f42262090fd,0xe5544a2a5fa9b175da60d8eec67add5582bb31b0,,0,0,0,3.91085E-05,0.122184492,2951.31,,,Mint
0x1acd2344a4e4d0966de7fea1de3d78a343b670d8d43b0e922688d94067cefd70,22885949,1752116327,10/07/25 02:58,0x0a7da29599a326568c88ef1ff2fb2f42262090fd,0xe5544a2a5fa9b175da60d8eec67add5582bb31b0,,0,0,0,4.96798E-05,0.155212041,2951.31,,,Mint
0x55feae25483e0fa49bde3467ab4bb69a2850d87dff158996dc200d91e448fac3,22885868,1752115355,10/07/25 02:42,0x0a7da29599a326568c88ef1ff2fb2f42262090fd,0xe5544a2a5fa9b175da60d8eec67add5582bb31b0,,0,0,0,6.00076E-05,0.187478573,2951.31,,,Mint
0xfb835f685fcb6c484d244303a30a1df981950db6337648438db47860f94280ab,22885331,1752108899,10/07/25 00:54,0x0a7da29599a326568c88ef1ff2fb2f42262090fd,0xe5544a2a5fa9b175da60d8eec67add5582bb31b0,,0,0,0,4.91265E-05,0.153483393,2951.31,,,Mint
0x3706284cb74e94ad55524d1b04974b67479b835a61b69b2e0c593f98dfe034a9,22884971,1752104579,09/07/25 23:42,0x0a7da29599a326568c88ef1ff2fb2f42262090fd,0xe5544a2a5fa9b175da60d8eec67add5582bb31b0,,0,0,0,5.03988E-05,0.157458336,2769.99,,,Mint
0x82bed5eb7f3a4db032966a3b42516a09c4391c909096b19479efc3ca2a4e7016,22884728,1752101651,09/07/25 22:54,0x0a7da29599a326568c88ef1ff2fb2f42262090fd,0xe5544a2a5fa9b175da60d8eec67add5582bb31b0,,0,0,0,7.341E-05,0.229350847,2769.99,,,Mint
0x7220c511bfd99c696fd93bf190839a0e00af830b11ff92094f44102f0ebc46fd,22883776,1752090023,09/07/25 19:40,0x0559d4f52c63732853ac1f4c50b6f293cee0b646,0xe5544a2a5fa9b175da60d8eec67add5582bb31b0,,0,0,0,0.000232159,0.725320459,2769.99,,,Mint
0xbf854619d9f1f0ebca9befa76102ffa01b9b08fd03d9d68a6c08ebb2350c5d8e,22883752,1752089735,09/07/25 19:35,0x0559d4f52c63732853ac1f4c50b6f293cee0b646,0xe5544a2a5fa9b175da60d8eec67add5582bb31b0,,0,0,0,0.00023232,0.725824748,2769.99,,,Mint
0x1489a1f0919a75d83a3f3e38e8219ec64431bbb80d7b8fe5b8063bbce1dc764b,22883740,1752089591,09/07/25 19:33,0x0559d4f52c63732853ac1f4c50b6f293cee0b646,0xe5544a2a5fa9b175da60d8eec67add5582bb31b0,,0,0,0,0.00025866,0.808118338,2769.99,,,Mint
0x8a9fe26f38f7f1c1c8f32ac63ec4005b420b606e338700d60019d2dc091a96c2,22883730,1752089471,09/07/25 19:31,0x0559d4f52c63732853ac1f4c50b6f293cee0b646,0xe5544a2a5fa9b175da60d8eec67add5582bb31b0,,0,0,0,0.00024577,0.767845961,2769.99,,,Mint
0xf2de0d4a943c27f9b38eb7dc735f2e874d1d043331f903e4b44e822cde4edc60,22883724,1752089399,09/07/25 19:29,0x0559d4f52c63732853ac1f4c50b6f293cee0b646,0xe5544a2a5fa9b175da60d8eec67add5582bb31b0,,0,0,0,0.000225959,0.705951687,2769.99,,,Mint
0xc5af98630dafcfd20ddf0d0df13927272c45419c9b7f470c0bc3519615d7037d,22883659,1752088607,09/07/25 19:16,0x0559d4f52c63732853ac1f4c50b6f293cee0b646,0xe5544a2a5fa9b175da60d8eec67add5582bb31b0,,0,0,0,0.000170919,0.533991908,2769.99,,,Mint
0x58518f76decd6dd17ce3f8f1d664733e6a3a693b4bcf1bd3d378f3a83be2868f,22883642,1752088403,09/07/25 19:13,0x0559d4f52c63732853ac1f4c50b6f293cee0b646,0xe5544a2a5fa9b175da60d8eec67add5582bb31b0,,0,0,0,0.000170886,0.533889153,2769.99,,,Mint
0xe8eaf13a10644721d8feafdda24898d0a5426d08a742954055e2c1c494e07a86,22883610,1752088007,09/07/25 19:06,0x0559d4f52c63732853ac1f4c50b6f293cee0b646,0xe5544a2a5fa9b175da60d8eec67add5582bb31b0,,0,0,0,0.000150892,0.471423865,2769.99,,,Mint
0x75442e62a9f5e52533ef71ec8b46d68e3fa4ece4d26819a3e0a35e6ba9df997e,22883594,1752087815,09/07/25 19:03,0x0559d4f52c63732853ac1f4c50b6f293cee0b646,0xe5544a2a5fa9b175da60d8eec67add5582bb31b0,,0,0,0,0.000151251,0.472546718,2769.99,,,Mint
0xec6c341cca10b19057bbe50d6c329d84d0353ed7ba286cb04102a7ff4376ae93,22883568,1752087503,09/07/25 18:58,0x0559d4f52c63732853ac1f4c50b6f293cee0b646,0xe5544a2a5fa9b175da60d8eec67add5582bb31b0,,0,0,0,0.000150391,0.469858431,2769.99,,,Mint
0x5e3bafed17b5479a1d683655c0a47b22d8169f6dd7957a7bab1840971f81cd10,22883534,1752087095,09/07/25 18:51,0x0a7da29599a326568c88ef1ff2fb2f42262090fd,0xe5544a2a5fa9b175da60d8eec67add5582bb31b0,,0,0,0,0.000159702,0.498947462,2769.99,,,Mint
0x00744e111d488dd77658036956bc26b74e03c97b98dcb3de046d56fce5ccbb1f,22883519,1752086915,09/07/25 18:48,0x0559d4f52c63732853ac1f4c50b6f293cee0b646,0xe5544a2a5fa9b175da60d8eec67add5582bb31b0,,0,0,0,0.000181643,0.567497703,2769.99,,,Mint
0xe0666eb754093d13e168f4b36ae9ea087380cecd14f5c1f19987cc6d41ad8d38,22883489,1752086555,09/07/25 18:42,0x0559d4f52c63732853ac1f4c50b6f293cee0b646,0xe5544a2a5fa9b175da60d8eec67add5582bb31b0,,0,0,0,0.000184625,0.576812815,2769.99,,,Mint
0x2816effee906f39c4990441ff8c67fb5ecfbfc4507f64350df0f0b8e8541f017,22883303,1752084311,09/07/25 18:05,0x0559d4f52c63732853ac1f4c50b6f293cee0b646,0xe5544a2a5fa9b175da60d8eec67add5582bb31b0,,0,0,0,0.000163711,0.511472708,2769.99,,,Mint
0xdf87f452a409e2d7c5832a8d0c9bf32bbec87e21fad189efe28900c06a15de79,22883180,1752082835,09/07/25 17:40,0x0559d4f52c63732853ac1f4c50b6f293cee0b646,0xe5544a2a5fa9b175da60d8eec67add5582bb31b0,,0,0,0,0.000127892,0.39956462,2769.99,,,Mint
0x09146b5e9e928f21d230b7c035565d9863c4b7846a89850361040c36191770f0,22883154,1752082523,09/07/25 17:35,0x0559d4f52c63732853ac1f4c50b6f293cee0b646,0xe5544a2a5fa9b175da60d8eec67add5582bb31b0,,0,0,0,0.00013986,0.43695778,2769.99,,,Mint
0x6d01d164130d64f8c17e71417d68f316ab1896776b1d45b3fe334fab2a46eb85,22883123,1752082151,09/07/25 17:29,0x0559d4f52c63732853ac1f4c50b6f293cee0b646,0xe5544a2a5fa9b175da60d8eec67add5582bb31b0,,0,0,0,0.00013277,0.414806922,2769.99,,,Mint
0x299ed8eadc0e5a2f88ea80bfa6f72ccafa26d7d8d44074a852938b2c32ea2868,22883119,1752082103,09/07/25 17:28,0x0559d4f52c63732853ac1f4c50b6f293cee0b646,0xe5544a2a5fa9b175da60d8eec67add5582bb31b0,,0,0,0,0.000137662,0.430089992,2769.99,,,Mint
0x3f6e5ce504859beaf2c5fa27aeace5fa7440f187bf1865d09d3f2b6aa30a9324,22883116,1752082067,09/07/25 17:27,0x0559d4f52c63732853ac1f4c50b6f293cee0b646,0xe5544a2a5fa9b175da60d8eec67add5582bb31b0,,0,0,0,0.000141098,0.440825823,2769.99,,,Mint
0x834f0947c90ac56e764dadeadb597a759bad0225a56b5fcdfcb70719d7289c74,22883101,1752081887,09/07/25 17:24,0x0a7da29599a326568c88ef1ff2fb2f42262090fd,0xe5544a2a5fa9b175da60d8eec67add5582bb31b0,,0,0,0,0.000164118,0.512743781,2769.99,,,Mint
0x27220f81e58fdbb8d2b29b0ab97eed00471dc30ae2504341278232cb0d84533f,22883078,1752081611,09/07/25 17:20,0x0559d4f52c63732853ac1f4c50b6f293cee0b646,0xe5544a2a5fa9b175da60d8eec67add5582bb31b0,,0,0,0,0.000187201,0.584860628,2769.99,,,Mint
0xf4ed7fd22d2c1fd070f5bb8164143f9972145579e9381a17d6b9c442fb57700d,22883074,1752081563,09/07/25 17:19,0x0559d4f52c63732853ac1f4c50b6f293cee0b646,0xe5544a2a5fa9b175da60d8eec67add5582bb31b0,,0,0,0,0.000186809,0.583638145,2769.99,,,Mint
0x5baf6aa08ddd50c65e0ffc159764ded4cfd4832d14d2042b61d705b38ded265f,22882912,1752079607,09/07/25 16:46,0x0a7da29599a326568c88ef1ff2fb2f42262090fd,0xe5544a2a5fa9b175da60d8eec67add5582bb31b0,,0,0,0,0.000125225,0.391233331,2769.99,,,Mint
0x5b64b765e6cb64b7a199fe1d50d5842ab7b757ccb4752770769c1c68240fc7c4,22882306,1752072323,09/07/25 14:45,0xf66ac2c80aaeff89b081ff911e80e7daeb9d0af6,0xe5544a2a5fa9b175da60d8eec67add5582bb31b0,,0,0,0,0.000212421,0.6636554,2769.99,,,Mint
0xbe33b5e06b2f7dcedcbc43e50f3228a9fa75c9c6f671bca5ea2db37d3f050b71,22881924,1752067691,09/07/25 13:28,0xf66ac2c80aaeff89b081ff911e80e7daeb9d0af6,0xe5544a2a5fa9b175da60d8eec67add5582bb31b0,,0,0,0,0.000160215,0.500550474,2769.99,,,Mint
0x532e8ff40fe716c8e883cc540b2db5269f2465128aba5cf3b761111656d1a40a,22881786,1752066011,09/07/25 13:00,0xf66ac2c80aaeff89b081ff911e80e7daeb9d0af6,0xe5544a2a5fa9b175da60d8eec67add5582bb31b0,,0,0,0,0.000119341,0.372850323,2769.99,,,Mint
0x8f58d3c40fd18fb7ac7c017ee15e364a297db6d2672eb67739b1b1f213e6a49c,22881662,1752064487,09/07/25 12:34,0xf66ac2c80aaeff89b081ff911e80e7daeb9d0af6,0xe5544a2a5fa9b175da60d8eec67add5582bb31b0,,0,0,0,0.000205466,0.641925671,2769.99,,,Mint
0xe656a11d6cbc4c1971adee0d497ee6881787ec6021fbfe673370ba35b0a94cc9,22881643,1752064259,09/07/25 12:30,0x0559d4f52c63732853ac1f4c50b6f293cee0b646,0xe5544a2a5fa9b175da60d8eec67add5582bb31b0,,0,0,0,0.000195658,0.611282634,2769.99,,,Mint
0x764f87b230f22b519dd03a5622545059ac4646e76431a92a6c142c0effe4beae,22881537,1752062987,09/07/25 12:09,0x0559d4f52c63732853ac1f4c50b6f293cee0b646,0xe5544a2a5fa9b175da60d8eec67add5582bb31b0,,0,0,0,0.000101219,0.316231996,2769.99,,,Mint
0x8cc5680983fcc80bf04b416cedc490e073222f4f6c82e61ad02a705122b8f17c,22881532,1752062927,09/07/25 12:08,0x0559d4f52c63732853ac1f4c50b6f293cee0b646,0xe5544a2a5fa9b175da60d8eec67add5582bb31b0,,0,0,0,9.8006E-05,0.306194711,2769.99,,,Mint
0xc36e60cdbd74ebf6b206ad0816b5eeb35c45aa1214cc5bfc1ada7bbd16a421de,22881499,1752062531,09/07/25 12:02,0x0559d4f52c63732853ac1f4c50b6f293cee0b646,0xe5544a2a5fa9b175da60d8eec67add5582bb31b0,,0,0,0,8.57817E-05,0.268003172,2769.99,,,Mint
0x79c2e47f2e96f318cbf9dbcf2735c681af3ac9bd003b914781aac608a4625a9a,22881465,1752062123,09/07/25 11:55,0x0559d4f52c63732853ac1f4c50b6f293cee0b646,0xe5544a2a5fa9b175da60d8eec67add5582bb31b0,,0,0,0,9.20397E-05,0.287554654,2769.99,,,Mint
0x5b34015ae3cacdd66820440edf46b1e54ea593be49af9795d544f13626da0e76,22881460,1752062063,09/07/25 11:54,0x0559d4f52c63732853ac1f4c50b6f293cee0b646,0xe5544a2a5fa9b175da60d8eec67add5582bb31b0,,0,0,0,9.65533E-05,0.301656394,2769.99,,,Mint
0x0121be2f15e588fa5098cdee4ca370365426a301ce7bb30c6f1388ee05b861e4,22881451,1752061955,09/07/25 11:52,0x0559d4f52c63732853ac1f4c50b6f293cee0b646,0xe5544a2a5fa9b175da60d8eec67add5582bb31b0,,0,0,0,9.99904E-05,0.312394623,2769.99,,,Mint
0xd60b8b082a10ebed6162e079c05af952db7efe40b1240f98b49b26657317772e,22881393,1752061259,09/07/25 11:40,0x0559d4f52c63732853ac1f4c50b6f293cee0b646,0xe5544a2a5fa9b175da60d8eec67add5582bb31b0,,0,0,0,0.000120633,0.376887867,2769.99,,,Mint
0x74d95579b31d62c7ce1d5bd195a7ec4afc69f9595d28babaf00942df75c8565b,22881380,1752061103,09/07/25 11:38,0x0559d4f52c63732853ac1f4c50b6f293cee0b646,0xe5544a2a5fa9b175da60d8eec67add5582bb31b0,,0,0,0,0.000114202,0.356793875,2769.99,,,Mint
0x9ee1c18d3109da96537bf8a2fdba96137b76dd0c209fbbbc7afc45795e5fcfb6,22881176,1752058643,09/07/25 10:57,0x0559d4f52c63732853ac1f4c50b6f293cee0b646,0xe5544a2a5fa9b175da60d8eec67add5582bb31b0,,0,0,0,4.50483E-05,0.140741894,2769.99,,,Mint
0x4801a4c0a0aa42edbe22182d2a1642f358b40e550c59cce39158573dde0fe102,22881130,1752058079,09/07/25 10:47,0x0559d4f52c63732853ac1f4c50b6f293cee0b646,0xe5544a2a5fa9b175da60d8eec67add5582bb31b0,,0,0,0,4.25001E-05,0.132780733,2769.99,,,Mint
0x371a2eb6cde0c219848081be2577b900cd9ccfc0732ed72f62aaefe487182e02,22881115,1752057899,09/07/25 10:44,0x0559d4f52c63732853ac1f4c50b6f293cee0b646,0xe5544a2a5fa9b175da60d8eec67add5582bb31b0,,0,0,0,5.08748E-05,0.158945506,2769.99,,,Mint
0x478311d2cf8362ff1f825ad97bd5357563d24df07d078f56bc38053ce063b9e9,22881111,1752057851,09/07/25 10:44,0x0559d4f52c63732853ac1f4c50b6f293cee0b646,0xe5544a2a5fa9b175da60d8eec67add5582bb31b0,,0,0,0,5.0658E-05,0.158268184,2769.99,,,Mint
0x0a01d71687ceab7512ef74059b7df5b6bbc42d61fb2e61effe8c830533ba9089,22881063,1752057263,09/07/25 10:34,0x0559d4f52c63732853ac1f4c50b6f293cee0b646,0xe5544a2a5fa9b175da60d8eec67add5582bb31b0,,0,0,0,4.30147E-05,0.134388647,2769.99,,,Mint
0x8c335258b9abef004f487d8ad9130dd1f76ba46f8cb3bf756c7e14c292a45c22,22881060,1752057227,09/07/25 10:33,0x0559d4f52c63732853ac1f4c50b6f293cee0b646,0xe5544a2a5fa9b175da60d8eec67add5582bb31b0,,0,0,0,4.42862E-05,0.138360985,2769.99,,,Mint
0xe58e1e2c1ee2db3f26fde3db34e75f0a1b2bc0cd1c39adaa2ae2767b59fc03bc,22881050,1752057107,09/07/25 10:31,0x0559d4f52c63732853ac1f4c50b6f293cee0b646,0xe5544a2a5fa9b175da60d8eec67add5582bb31b0,,0,0,0,3.61281E-05,0.112873211,2769.99,,,Mint
0xe1df676a55787967210600b82b2a7e8d8ba16066c91d74c52a4d0dde42552781,22881039,1752056975,09/07/25 10:29,0x0559d4f52c63732853ac1f4c50b6f293cee0b646,0xe5544a2a5fa9b175da60d8eec67add5582bb31b0,,0,0,0,3.27887E-05,0.102440019,2769.99,,,Mint
0x4cc0dd588ec307bdcd2220c9cd2a07e9ccf57c67808726af08670b57a83d82ce,22881035,1752056927,09/07/25 10:28,0x0559d4f52c63732853ac1f4c50b6f293cee0b646,0xe5544a2a5fa9b175da60d8eec67add5582bb31b0,,0,0,0,3.47521E-05,0.108574236,2769.99,,,Mint
0x3dfd3dfbb1d0a6ec6f7a18bcaa8b5e0495d9920958cf1f34eb20732e87e9a05a,22881017,1752056699,09/07/25 10:24,0x0559d4f52c63732853ac1f4c50b6f293cee0b646,0xe5544a2a5fa9b175da60d8eec67add5582bb31b0,,0,0,0,3.03456E-05,0.094806962,2769.99,,,Mint
0x2ffdb2c3d64681c424d76e84fca8e7d5195b8d10ce9effeb937897dc221fbeec,22880973,1752056159,09/07/25 10:15,0x0559d4f52c63732853ac1f4c50b6f293cee0b646,0xe5544a2a5fa9b175da60d8eec67add5582bb31b0,,0,0,0,2.40045E-05,0.074995867,2769.99,,,Mint
0x4f29cb78002937184c6ab9e93213a2ac041db16dd32d59ee82e1da3c785cc00f,22880962,1752056027,09/07/25 10:13,0x0559d4f52c63732853ac1f4c50b6f293cee0b646,0xe5544a2a5fa9b175da60d8eec67add5582bb31b0,,0,0,0,2.32954E-05,0.07278058,2769.99,,,Mint
0xfd88d93e4ffaf0f52e0267d440b1787a4c99f4cfbab6050e3f78b26cf2bd4ec0,22880938,1752055739,09/07/25 10:08,0x0559d4f52c63732853ac1f4c50b6f293cee0b646,0xe5544a2a5fa9b175da60d8eec67add5582bb31b0,,0,0,0,2.46019E-05,0.076862377,2769.99,,,Mint
0x572d0cad773afd28ec66ea71e2257722603dc1a93aba9ba5f2540fbb35f09931,22880932,1752055667,09/07/25 10:07,0x0559d4f52c63732853ac1f4c50b6f293cee0b646,0xe5544a2a5fa9b175da60d8eec67add5582bb31b0,,0,0,0,2.58417E-05,0.080735836,2769.99,,,Mint
0x2c794959e8162c7fde79bb6e93ca863463001efe0d9df7295b69a5506f830d31,22880850,1752054683,09/07/25 09:51,0x0559d4f52c63732853ac1f4c50b6f293cee0b646,0xe5544a2a5fa9b175da60d8eec67add5582bb31b0,,0,0,0,3.0239E-05,0.094474,2769.99,,,Mint
0xaa68cc43dda8f3486dac21621e18d6cc572f56d790b92c8e8ee07759ed7f6974,22880841,1752054575,09/07/25 09:49,0xf66ac2c80aaeff89b081ff911e80e7daeb9d0af6,0xe5544a2a5fa9b175da60d8eec67add5582bb31b0,,0,0,0,2.91542E-05,0.091085028,2769.99,,,Mint
0xd6c6172ddbbe156a3bb09dc9305bf18040e8c970e4f4b103b1491b2d3319e7de,22880823,1752054359,09/07/25 09:45,0x0559d4f52c63732853ac1f4c50b6f293cee0b646,0xe5544a2a5fa9b175da60d8eec67add5582bb31b0,,0,0,0,2.85254E-05,0.089120512,2769.99,,,Mint
0xe9595db1a4083a185efd7d7d959bd639f2a4903004d621c4317fd302a0cdb017,22880807,1752054167,09/07/25 09:42,0x0559d4f52c63732853ac1f4c50b6f293cee0b646,0xe5544a2a5fa9b175da60d8eec67add5582bb31b0,,0,0,0,3.00829E-05,0.093986338,2769.99,,,Mint
0x126ab30d4ecdf1e7daee39534fe9019c0558147ac01112e1e90455ba612e5514,22880803,1752054119,09/07/25 09:41,0x0559d4f52c63732853ac1f4c50b6f293cee0b646,0xe5544a2a5fa9b175da60d8eec67add5582bb31b0,,0,0,0,2.65636E-05,0.082991272,2769.99,,,Mint
0x27bfd0a71d12747157a27c99d996b2de9582e0fb3a4716520f6328f5a1bd90a0,22880775,1752053783,09/07/25 09:36,0x0559d4f52c63732853ac1f4c50b6f293cee0b646,0xe5544a2a5fa9b175da60d8eec67add5582bb31b0,,0,0,0,3.15165E-05,0.098465156,2769.99,,,Mint
0x27e154f0f2c0905ecfadead257dd136eba231c76d5c2e357930254c74c343f07,22880765,1752053663,09/07/25 09:34,0x0559d4f52c63732853ac1f4c50b6f293cee0b646,0xe5544a2a5fa9b175da60d8eec67add5582bb31b0,,0,0,0,2.99258E-05,0.093495629,2769.99,,,Mint
0xbde1b110dc5330ad77f74361bc52d262ac8900a4a6c4e60006b05cbf6fd8cbe3,22880748,1752053459,09/07/25 09:30,0x0559d4f52c63732853ac1f4c50b6f293cee0b646,0xe5544a2a5fa9b175da60d8eec67add5582bb31b0,,0,0,0,3.27695E-05,0.102379951,2769.99,,,Mint
0xa50312124793026aadaec714ee138be505638d87ffa09a0492c9616e3181e7ad,22880737,1752053327,09/07/25 09:28,0x0559d4f52c63732853ac1f4c50b6f293cee0b646,0xe5544a2a5fa9b175da60d8eec67add5582bb31b0,,0,0,0,3.05818E-05,0.095544982,2769.99,,,Mint
0xdc62d9f28ca4d52113f254527ba1d2dbe83b4c62a46be4fb701003bc6d550e1e,22880733,1752053279,09/07/25 09:27,0x0559d4f52c63732853ac1f4c50b6f293cee0b646,0xe5544a2a5fa9b175da60d8eec67add5582bb31b0,,0,0,0,3.16325E-05,0.098827844,2769.99,,,Mint
0xff055eef1852fdaf8623fc483bcbbb4154715dbc358987f3d309ea62a66d6a3c,22880729,1752053231,09/07/25 09:27,0x0559d4f52c63732853ac1f4c50b6f293cee0b646,0xe5544a2a5fa9b175da60d8eec67add5582bb31b0,,0,0,0,3.11601E-05,0.097351766,2769.99,,,Mint
0xeb22fab02c7ede3554796f479db47cd0c484cfcfcae8d5e1a180536da6ec6ff6,22880716,1752053075,09/07/25 09:24,0x0559d4f52c63732853ac1f4c50b6f293cee0b646,0xe5544a2a5fa9b175da60d8eec67add5582bb31b0,,0,0,0,3.22892E-05,0.100879293,2769.99,,,Mint
0xf65f01ee5e40fb79eeea9c5b26b4c4db91f8b8f290a69345e73de77707d1dc3e,22880707,1752052967,09/07/25 09:22,0x0559d4f52c63732853ac1f4c50b6f293cee0b646,0xe5544a2a5fa9b175da60d8eec67add5582bb31b0,,0,0,0,3.22411E-05,0.100729064,2769.99,,,Mint
0x36cbaec13441d98130a445728c0b53f74ccddecc96d8a956752c931cad9a9d3d,22880688,1752052739,09/07/25 09:18,0x0559d4f52c63732853ac1f4c50b6f293cee0b646,0xe5544a2a5fa9b175da60d8eec67add5582bb31b0,,0,0,0,3.60801E-05,0.112723169,2769.99,,,Mint
0x7432a8bd7d9b77d11231cf2d98cd8c3d698b8b69d28795e96afe03458ce7b044,22880680,1752052643,09/07/25 09:17,0x0559d4f52c63732853ac1f4c50b6f293cee0b646,0xe5544a2a5fa9b175da60d8eec67add5582bb31b0,,0,0,0,3.59773E-05,0.112401891,2769.99,,,Mint
0x96e249f673119ea407a6ae4ca893151b8925012af05cd9870bd5ac6204b840d1,22880670,1752052523,09/07/25 09:15,0x0559d4f52c63732853ac1f4c50b6f293cee0b646,0xe5544a2a5fa9b175da60d8eec67add5582bb31b0,,0,0,0,2.9082E-05,0.090859414,2769.99,,,Mint
0x0989e2d68d7abe353219a970173c8d234b0bf17fe9fbd555c58611c171cc1b3d,22880637,1752052127,09/07/25 09:08,0x0559d4f52c63732853ac1f4c50b6f293cee0b646,0xe5544a2a5fa9b175da60d8eec67add5582bb31b0,,0,0,0,3.26998E-05,0.102162139,2769.99,,,Mint
0xd1056d3de4e92b9dfdfe00443b78eb4bddcac19c175f179f7fa36cc63a0f97d9,22880623,1752051959,09/07/25 09:05,0x0559d4f52c63732853ac1f4c50b6f293cee0b646,0xe5544a2a5fa9b175da60d8eec67add5582bb31b0,,0,0,0,3.36484E-05,0.105125951,2769.99,,,Mint
0x29a9f468680b8ad6bb07a3d097a4c3f9d7a32a2abbff4542b40d5aa8025f8669,22880619,1752051911,09/07/25 09:05,0x0559d4f52c63732853ac1f4c50b6f293cee0b646,0xe5544a2a5fa9b175da60d8eec67add5582bb31b0,,0,0,0,3.41203E-05,0.106600314,2769.99,,,Mint
0xf58f080057695fdddd25109c60008fd755d606f3c78e971d9b4e028954c51076,22880599,1752051671,09/07/25 09:01,0xf66ac2c80aaeff89b081ff911e80e7daeb9d0af6,0xe5544a2a5fa9b175da60d8eec67add5582bb31b0,,0,0,0,3.18368E-05,0.099466102,2769.99,,,Mint
0x41733d0dcaa5d25c42664e5d1ff7d069d2d422766bb2a6b4d4597d52ccc47159,22880586,1752051503,09/07/25 08:58,0x0559d4f52c63732853ac1f4c50b6f293cee0b646,0xe5544a2a5fa9b175da60d8eec67add5582bb31b0,,0,0,0,3.09884E-05,0.096815482,2769.99,,,Mint
0x6753dd11ea3173919a92c071d7c02bec20bff2edf1b7f84394b3d67c75c3a408,22880583,1752051467,09/07/25 08:57,0x0559d4f52c63732853ac1f4c50b6f293cee0b646,0xe5544a2a5fa9b175da60d8eec67add5582bb31b0,,0,0,0,3.01933E-05,0.094331188,2769.99,,,Mint
0x0d8da6e3805323127bb502eee223806103995be4a3b75b6adccd5a7735de5bad,22880580,1752051431,09/07/25 08:57,0x0559d4f52c63732853ac1f4c50b6f293cee0b646,0xe5544a2a5fa9b175da60d8eec67add5582bb31b0,,0,0,0,3.01182E-05,0.094096762,2769.99,,,Mint
0x59a8d53b4aa9c176b62bdab5e42209f044e81efc237a93479e595ea8899f196d,22880561,1752051203,09/07/25 08:53,0x0559d4f52c63732853ac1f4c50b6f293cee0b646,0xe5544a2a5fa9b175da60d8eec67add5582bb31b0,,0,0,0,2.97885E-05,0.093066466,2769.99,,,Mint
0xa62242b0e9a88a7369e76292f592eff0f158d58109d749d3582b01ff240fd85f,22880526,1752050783,09/07/25 08:46,0xf66ac2c80aaeff89b081ff911e80e7daeb9d0af6,0xe5544a2a5fa9b175da60d8eec67add5582bb31b0,,0,0,0,2.679E-05,0.083698451,2769.99,,,Mint
0x2b41999782bb0c9ae862a39d87c5256c7be1bcd00bc3e3763cdf1dede1437442,22880516,1752050663,09/07/25 08:44,0xf66ac2c80aaeff89b081ff911e80e7daeb9d0af6,0xe5544a2a5fa9b175da60d8eec67add5582bb31b0,,0,0,0,2.77604E-05,0.086730385,2769.99,,,Mint
0x40233c8955d4dccdec563b6900e63beb156d9ff2f8ae7c5d452eda05019f3462,22880466,1752050063,09/07/25 08:34,0x0559d4f52c63732853ac1f4c50b6f293cee0b646,0xe5544a2a5fa9b175da60d8eec67add5582bb31b0,,0,0,0,2.64213E-05,0.08254665,2769.99,,,Mint
0x37797e1c105d2049740fd566e336a4b7e62c519130d54842cb3b19b42ec1411f,22880454,1752049919,09/07/25 08:31,0x0559d4f52c63732853ac1f4c50b6f293cee0b646,0xe5544a2a5fa9b175da60d8eec67add5582bb31b0,,0,0,0,2.45785E-05,0.07678925,2769.99,,,Mint
0xe2725516de6004619cfffa7b435eaa32c7d28610bbb224295858c279fc2b697d,22880442,1752049775,09/07/25 08:29,0x0559d4f52c63732853ac1f4c50b6f293cee0b646,0xe5544a2a5fa9b175da60d8eec67add5582bb31b0,,0,0,0,2.16558E-05,0.06765798,2769.99,,,Mint
0xa3da008e4de72adf051771f54a0d5b867fbf881e9e5e2954dac0ee4f48d48811,22880439,1752049739,09/07/25 08:28,0x0559d4f52c63732853ac1f4c50b6f293cee0b646,0xe5544a2a5fa9b175da60d8eec67add5582bb31b0,,0,0,0,2.26014E-05,0.070612405,2769.99,,,Mint
0x58bf73e5378f2d4599290a10bdae7250a683d423837f16a847c4d73417178b2e,22880435,1752049691,09/07/25 08:28,0x0559d4f52c63732853ac1f4c50b6f293cee0b646,0xe5544a2a5fa9b175da60d8eec67add5582bb31b0,,0,0,0,2.09763E-05,0.065535198,2769.99,,,Mint
0xd5e6329f84027cf0fb1a8f9f3c5beff2dc8f105431b59b11321066a4ac3266a2,22880425,1752049571,09/07/25 08:26,0x0559d4f52c63732853ac1f4c50b6f293cee0b646,0xe5544a2a5fa9b175da60d8eec67add5582bb31b0,,0,0,0,2.12867E-05,0.066504765,2769.99,,,Mint
0xb9d5479e7ced3b8bea9c6f6d2c48aafb4eef3599371f062b397dabff310b763d,22880417,1752049475,09/07/25 08:24,0x0559d4f52c63732853ac1f4c50b6f293cee0b646,0xe5544a2a5fa9b175da60d8eec67add5582bb31b0,,0,0,0,2.13126E-05,0.0665859,2769.99,,,Mint
0x940e929f082bbe8024cf709a793b7eda1a14d0b3f192c6c41a23c6af95b6b823,22880414,1752049439,09/07/25 08:23,0x0559d4f52c63732853ac1f4c50b6f293cee0b646,0xe5544a2a5fa9b175da60d8eec67add5582bb31b0,,0,0,0,2.34133E-05,0.073149047,2769.99,,,Mint
0x872b1a886dc807bbf154c4cc4ddefefa79b8c09d46b5fdf17181ce3ade4dd39d,22880405,1752049331,09/07/25 08:22,0x0559d4f52c63732853ac1f4c50b6f293cee0b646,0xe5544a2a5fa9b175da60d8eec67add5582bb31b0,,0,0,0,2.47202E-05,0.077232083,2769.99,,,Mint
0x69a76c3b882a7b97eda9314751495d94335e8900105933a6f148cdcd693c4792,22880401,1752049283,09/07/25 08:21,0x0559d4f52c63732853ac1f4c50b6f293cee0b646,0xe5544a2a5fa9b175da60d8eec67add5582bb31b0,,0,0,0,2.54808E-05,0.079608327,2769.99,,,Mint
0x46fe2d75558287040ece81c596896c19001688d6c02e9ee35b82e3c2edfb321e,22880391,1752049163,09/07/25 08:19,0x0559d4f52c63732853ac1f4c50b6f293cee0b646,0xe5544a2a5fa9b175da60d8eec67add5582bb31b0,,0,0,0,2.57966E-05,0.080595072,2769.99,,,Mint
0xdfb85fbccf70b2b8d61c6b982de68ec536efe4f059edc5c45c528ef3979c3c2a,22880387,1752049115,09/07/25 08:18,0x0559d4f52c63732853ac1f4c50b6f293cee0b646,0xe5544a2a5fa9b175da60d8eec67add5582bb31b0,,0,0,0,2.31114E-05,0.072205776,2769.99,,,Mint
0x8c13bb03afafd296150ec25d27130ecaa60cbb2cc13da4beda4f895b84ef1663,22880379,1752049019,09/07/25 08:16,0x0559d4f52c63732853ac1f4c50b6f293cee0b646,0xe5544a2a5fa9b175da60d8eec67add5582bb31b0,,0,0,0,2.35665E-05,0.07362743,2769.99,,,Mint
0xafee63c15ff9b2939070a474197d80f004962bb143b63d616f6c33f15f1280c7,22880368,1752048887,09/07/25 08:14,0x0559d4f52c63732853ac1f4c50b6f293cee0b646,0xe5544a2a5fa9b175da60d8eec67add5582bb31b0,,0,0,0,2.38477E-05,0.074506085,2769.99,,,Mint
0x52daaa9c4ba97b9267c01c5763be8a3a5628876d880451bc79bcba1262964550,22880363,1752048827,09/07/25 08:13,0x0559d4f52c63732853ac1f4c50b6f293cee0b646,0xe5544a2a5fa9b175da60d8eec67add5582bb31b0,,0,0,0,2.19876E-05,0.068694515,2769.99,,,Mint
0x89ddde61340f1312689818550b84d431ac23ebe79911346330dcde2961209778,22880348,1752048635,09/07/25 08:10,0x0559d4f52c63732853ac1f4c50b6f293cee0b646,0xe5544a2a5fa9b175da60d8eec67add5582bb31b0,,0,0,0,2.17985E-05,0.068103735,2769.99,,,Mint
0xc411bf7d8000cb12edf62d40ba94bf0239ad9c4c0d1a4b5ec3a36f4938282e19,22880344,1752048587,09/07/25 08:09,0x0559d4f52c63732853ac1f4c50b6f293cee0b646,0xe5544a2a5fa9b175da60d8eec67add5582bb31b0,,0,0,0,2.11505E-05,0.066079432,2769.99,,,Mint
0xdef596920b69a4f746979466d66fff68765a63104337e4e1306a9cea6e3dcc3d,22880332,1752048443,09/07/25 08:07,0x0559d4f52c63732853ac1f4c50b6f293cee0b646,0xe5544a2a5fa9b175da60d8eec67add5582bb31b0,,0,0,0,1.92709E-05,0.060207139,2769.99,,,Mint
0xcc13d375faf5b0dd5546a0413316104aac9db25b42b83248a175504072629a96,22880328,1752048395,09/07/25 08:06,0x0559d4f52c63732853ac1f4c50b6f293cee0b646,0xe5544a2a5fa9b175da60d8eec67add5582bb31b0,,0,0,0,2.04356E-05,0.063845796,2769.99,,,Mint
0xaffe25c8d8f6720e1ecc7f7daaa60bdc88c0226f4b53861f33e0ade65ea16ecc,22880323,1752048335,09/07/25 08:05,0x0559d4f52c63732853ac1f4c50b6f293cee0b646,0xe5544a2a5fa9b175da60d8eec67add5582bb31b0,,0,0,0,2.07245E-05,0.064748281,2769.99,,,Mint
0xbd7f872c0aecd3a41e9f56ad8745fb4f860991741fa44f8fa0a5ffc3ae9ffa70,22880318,1752048275,09/07/25 08:04,0x0559d4f52c63732853ac1f4c50b6f293cee0b646,0xe5544a2a5fa9b175da60d8eec67add5582bb31b0,,0,0,0,2.1207E-05,0.066255936,2769.99,,,Mint
0x89dc38ad2784e5c26638deb85da19de917814b441c5cd7d52d18b8ea94806196,22880310,1752048179,09/07/25 08:02,0x0559d4f52c63732853ac1f4c50b6f293cee0b646,0xe5544a2a5fa9b175da60d8eec67add5582bb31b0,,0,0,0,2.26804E-05,0.070859282,2769.99,,,Mint
0xc1cbc9f75628c1188dc29707a56688a45a8c56b90579c1b48a03dfaeb0a07ace,22880303,1752048095,09/07/25 08:01,0x0559d4f52c63732853ac1f4c50b6f293cee0b646,0xe5544a2a5fa9b175da60d8eec67add5582bb31b0,,0,0,0,2.45322E-05,0.076644704,2769.99,,,Mint
0x20ac01e28e7a73ce92c9366e7585d59f438718f6e61e3c628bd01d211c6402df,22880301,1752048071,09/07/25 08:01,0x0559d4f52c63732853ac1f4c50b6f293cee0b646,0xe5544a2a5fa9b175da60d8eec67add5582bb31b0,,0,0,0,2.56305E-05,0.080076037,2769.99,,,Mint
0xefe428fa8b70cb2188aea79d33e1c165f605dd25b0854a128a9e0ef538192745,22880299,1752048047,09/07/25 08:00,0x0559d4f52c63732853ac1f4c50b6f293cee0b646,0xe5544a2a5fa9b175da60d8eec67add5582bb31b0,,0,0,0,2.58641E-05,0.08080569,2769.99,,,Mint
0x7e82f97f88678e243feb63f9ab5ecd75994e3fc669f99a2b4ef69ea04d26227e,22880294,1752047987,09/07/25 07:59,0x0559d4f52c63732853ac1f4c50b6f293cee0b646,0xe5544a2a5fa9b175da60d8eec67add5582bb31b0,,0,0,0,2.2868E-05,0.071445188,2769.99,,,Mint
0xed70b05224695d8ad1ae77bb2d6bf2ddde2a8a39329f7d80cc8f41c540d77fe9,22880285,1752047879,09/07/25 07:57,0x0559d4f52c63732853ac1f4c50b6f293cee0b646,0xe5544a2a5fa9b175da60d8eec67add5582bb31b0,,0,0,0,2.35582E-05,0.073601542,2769.99,,,Mint
0x5b668275313edbd621e876d40feb1038b5975558aee1560e6afb1640fd7680dd,22880274,1752047747,09/07/25 07:55,0x0559d4f52c63732853ac1f4c50b6f293cee0b646,0xe5544a2a5fa9b175da60d8eec67add5582bb31b0,,0,0,0,2.15702E-05,0.067390675,2769.99,,,Mint
0x45ba60b92a089b672160a5337af10c78c5cba98e2d8a184a8af9c1e90c1584d6,22880271,1752047711,09/07/25 07:55,0x0559d4f52c63732853ac1f4c50b6f293cee0b646,0xe5544a2a5fa9b175da60d8eec67add5582bb31b0,,0,0,0,2.04565E-05,0.063910981,2769.99,,,Mint
0x2d113e44ca94582ddb3749cc11649fd6ce496105b7ccac1d9840d8f9aea4400e,22880268,1752047675,09/07/25 07:54,0x0559d4f52c63732853ac1f4c50b6f293cee0b646,0xe5544a2a5fa9b175da60d8eec67add5582bb31b0,,0,0,0,2.20261E-05,0.068815054,2769.99,,,Mint
0xbd3a03b7fe584bebb5a8cc4d1d8da4fc6da52a426c4b1f445f74c21afc803141,22880252,1752047483,09/07/25 07:51,0x0559d4f52c63732853ac1f4c50b6f293cee0b646,0xe5544a2a5fa9b175da60d8eec67add5582bb31b0,,0,0,0,2.30095E-05,0.071887278,2769.99,,,Mint
0x8d1ba43606f8b2675c67d2f8e2c1623eb8c1434d6fe792acc116d0b6494da451,22880248,1752047435,09/07/25 07:50,0x0559d4f52c63732853ac1f4c50b6f293cee0b646,0xe5544a2a5fa9b175da60d8eec67add5582bb31b0,,0,0,0,2.44813E-05,0.076485598,2769.99,,,Mint
0xcaf837463b7622f1518321db617194d6148c0eaa223aa00472da0088aba979b1,22880237,1752047303,09/07/25 07:48,0x0559d4f52c63732853ac1f4c50b6f293cee0b646,0xe5544a2a5fa9b175da60d8eec67add5582bb31b0,,0,0,0,2.21502E-05,0.069202518,2769.99,,,Mint
0x7909af3881846cc1d35328eeb5cffd513d1270f566bac4f83012ab8c4deb5eb0,22880230,1752047219,09/07/25 07:46,0x0559d4f52c63732853ac1f4c50b6f293cee0b646,0xe5544a2a5fa9b175da60d8eec67add5582bb31b0,,0,0,0,2.31134E-05,0.072212072,2769.99,,,Mint
0x32b48efab59d2cbec0db4928f9d8a13fe05b559ae84300036cd52a2841779ef0,22880221,1752047111,09/07/25 07:45,0x0559d4f52c63732853ac1f4c50b6f293cee0b646,0xe5544a2a5fa9b175da60d8eec67add5582bb31b0,,0,0,0,2.33002E-05,0.072795599,2769.99,,,Mint
0x9cd95d606b5ccc713a62c84fc217c8e5165a02d2e5f722db5f8a732649b13d05,22880216,1752047051,09/07/25 07:44,0x0559d4f52c63732853ac1f4c50b6f293cee0b646,0xe5544a2a5fa9b175da60d8eec67add5582bb31b0,,0,0,0,2.14483E-05,0.067009907,2769.99,,,Mint
0x3f5df486f02a7dde3e323eb78f507331246ed2639290afe5c331c018133bfae7,22880213,1752047015,09/07/25 07:43,0x0559d4f52c63732853ac1f4c50b6f293cee0b646,0xe5544a2a5fa9b175da60d8eec67add5582bb31b0,,0,0,0,1.98958E-05,0.062159382,2769.99,,,Mint
0xf471edb3aec11ec232c21fe3af12040e5d0bd9b9d82ac90f0a36f4c1a0b2df51,22880207,1752046943,09/07/25 07:42,0x0559d4f52c63732853ac1f4c50b6f293cee0b646,0xe5544a2a5fa9b175da60d8eec67add5582bb31b0,,0,0,0,2.16669E-05,0.06769281,2769.99,,,Mint
0xc3375b297eb90e2b3a438175e444852ac7674d479eae1e8e45d8b02058912578,22880202,1752046883,09/07/25 07:41,0x0559d4f52c63732853ac1f4c50b6f293cee0b646,0xe5544a2a5fa9b175da60d8eec67add5582bb31b0,,0,0,0,2.00164E-05,0.062536097,2769.99,,,Mint
0x16f33b4cb997ceca3223cec21b9d45b3b6bec9c2817dead145beea416f268d18,22880199,1752046847,09/07/25 07:40,0x0559d4f52c63732853ac1f4c50b6f293cee0b646,0xe5544a2a5fa9b175da60d8eec67add5582bb31b0,,0,0,0,2.0049E-05,0.062637956,2769.99,,,Mint
0xaf50b67ac2c0f2d0970dea6413eb9156de9125f99b57a872c4653c63b9ac4960,22880195,1752046799,09/07/25 07:39,0x0559d4f52c63732853ac1f4c50b6f293cee0b646,0xe5544a2a5fa9b175da60d8eec67add5582bb31b0,,0,0,0,2.08558E-05,0.065158794,2769.99,,,Mint
0x2e69d4cc417bdc3983b01b4ff8758ca553875dc662ef3c1519d86531662b755e,22880187,1752046703,09/07/25 07:38,0x0559d4f52c63732853ac1f4c50b6f293cee0b646,0xe5544a2a5fa9b175da60d8eec67add5582bb31b0,,0,0,0,2.34281E-05,0.073195104,2769.99,,,Mint
0xe8eb1b44cef5e448d4b04e4dc46a32ef01976c0a909313490d0b6462a7ee4bf0,22880185,1752046679,09/07/25 07:37,0x0559d4f52c63732853ac1f4c50b6f293cee0b646,0xe5544a2a5fa9b175da60d8eec67add5582bb31b0,,0,0,0,2.40456E-05,0.075124363,2769.99,,,Mint
0xe5cdf2789712ebf50f502949e93428e37a55e868b39ec0184961bf8387fe6ab6,22880183,1752046655,09/07/25 07:37,0x0559d4f52c63732853ac1f4c50b6f293cee0b646,0xe5544a2a5fa9b175da60d8eec67add5582bb31b0,,0,0,0,2.38325E-05,0.074458452,2769.99,,,Mint
0x4d65d7f36894f8ad1039edfe6e58a8502eceacdab3673576e93b92385f663c2a,22880178,1752046595,09/07/25 07:36,0x0559d4f52c63732853ac1f4c50b6f293cee0b646,0xe5544a2a5fa9b175da60d8eec67add5582bb31b0,,0,0,0,2.46244E-05,0.076932641,2769.99,,,Mint
0xbcf7c0e9c8617e421183250fca87f1c165e451700234edcc6d01ea54fd052f15,22880171,1752046511,09/07/25 07:35,0x0559d4f52c63732853ac1f4c50b6f293cee0b646,0xe5544a2a5fa9b175da60d8eec67add5582bb31b0,,0,0,0,2.29876E-05,0.07181895,2769.99,,,Mint
0xffd99de7f2a7124fc98256cda664e5d9289918c25c30013072ade69d6a0b725c,22880164,1752046427,09/07/25 07:33,0x0559d4f52c63732853ac1f4c50b6f293cee0b646,0xe5544a2a5fa9b175da60d8eec67add5582bb31b0,,0,0,0,2.47747E-05,0.07740224,2769.99,,,Mint
0xb8d408237d0a19288f7d2aa849746317af7be863ab87a9bfe1641d286c01b346,22880162,1752046403,09/07/25 07:33,0x0559d4f52c63732853ac1f4c50b6f293cee0b646,0xe5544a2a5fa9b175da60d8eec67add5582bb31b0,,0,0,0,2.50881E-05,0.078381512,2769.99,,,Mint
0xb186637783dc6204a1a5e66b4177e24b9218adce9dd9a2cec80e7a2eb4f302f3,22880156,1752046331,09/07/25 07:32,0x0559d4f52c63732853ac1f4c50b6f293cee0b646,0xe5544a2a5fa9b175da60d8eec67add5582bb31b0,,0,0,0,2.49456E-05,0.07793633,2769.99,,,Mint
0x7dc1e302a6c20248cf7058dec75bb6ebe1ba7e39a074dad64f82f57ecfe26ca4,22880154,1752046307,09/07/25 07:31,0x0559d4f52c63732853ac1f4c50b6f293cee0b646,0xe5544a2a5fa9b175da60d8eec67add5582bb31b0,,0,0,0,2.63467E-05,0.082313635,2769.99,,,Mint
0x7cd987f1becdef6a73e376c07b6f61d303f69de52f7a5d65f3395649853b2c0b,22880145,1752046199,09/07/25 07:29,0x0559d4f52c63732853ac1f4c50b6f293cee0b646,0xe5544a2a5fa9b175da60d8eec67add5582bb31b0,,0,0,0,2.05823E-05,0.064304076,2769.99,,,Mint
0x741ed4c4131585c6e4aa1495c1746ca2122a2cbf6bf99e66a85516e696d64eef,22880140,1752046139,09/07/25 07:28,0x0559d4f52c63732853ac1f4c50b6f293cee0b646,0xe5544a2a5fa9b175da60d8eec67add5582bb31b0,,0,0,0,2.26239E-05,0.070682735,2769.99,,,Mint
0xd038a16e20f23ed97bf98f0fe42c7a88a28b9f1991cd62412112b1e62c8e80e0,22880137,1752046103,09/07/25 07:28,0x0559d4f52c63732853ac1f4c50b6f293cee0b646,0xe5544a2a5fa9b175da60d8eec67add5582bb31b0,,0,0,0,2.12818E-05,0.066489719,2769.99,,,Mint
0x0ceac4aa5595277008bcca108ffce7f66183f4b8975c290c4c5056f07ec1563b,22880132,1752046043,09/07/25 07:27,0x0559d4f52c63732853ac1f4c50b6f293cee0b646,0xe5544a2a5fa9b175da60d8eec67add5582bb31b0,,0,0,0,2.26965E-05,0.070909316,2769.99,,,Mint
0xa94819495ff46b53dca8c0c0642de49c6be996d024d5461a0fc0132e2e873561,22880123,1752045935,09/07/25 07:25,0x0559d4f52c63732853ac1f4c50b6f293cee0b646,0xe5544a2a5fa9b175da60d8eec67add5582bb31b0,,0,0,0,2.19567E-05,0.068598163,2769.99,,,Mint
0x6b44b406eca7e1bff1cfc0793185ca21df75b0723013d4b92d36402c9d2c7bb6,22880116,1752045851,09/07/25 07:24,0x0559d4f52c63732853ac1f4c50b6f293cee0b646,0xe5544a2a5fa9b175da60d8eec67add5582bb31b0,,0,0,0,2.31127E-05,0.072209684,2769.99,,,Mint
0xedd2f95e8e57af0c991df33a73e53bdb898b5017ef3a601fe7b43b82e0fbcda6,22880109,1752045767,09/07/25 07:22,0xf66ac2c80aaeff89b081ff911e80e7daeb9d0af6,0xe5544a2a5fa9b175da60d8eec67add5582bb31b0,,0,0,0,2.27319E-05,0.071020151,2769.99,,,Mint
0xa478d5f06a36f5982ea29a003b4e106e00548d9874d8a198dadf5d21bde92d78,22880106,1752045731,09/07/25 07:22,0xf66ac2c80aaeff89b081ff911e80e7daeb9d0af6,0xe5544a2a5fa9b175da60d8eec67add5582bb31b0,,0,0,0,2.28134E-05,0.071274733,2769.99,,,Mint
0x3fa3b5e952619e03c0ab5c1e2c6307f42d73e8892ec187cdbe8edd230a65bff2,22880101,1752045671,09/07/25 07:21,0x0559d4f52c63732853ac1f4c50b6f293cee0b646,0xe5544a2a5fa9b175da60d8eec67add5582bb31b0,,0,0,0,2.25516E-05,0.07045669,2769.99,,,Mint
0x09769685c06f266abd2a8c26f1f2335109f73c5c651abfa7583daaa922a70193,22880093,1752045575,09/07/25 07:19,0x0559d4f52c63732853ac1f4c50b6f293cee0b646,0xe5544a2a5fa9b175da60d8eec67add5582bb31b0,,0,0,0,2.24166E-05,0.070035024,2769.99,,,Mint
0xcb34ac07f39fd18b6ccf96d49a45a26210872d24a8866dbdddf5bfa81b5fa6ed,22880090,1752045539,09/07/25 07:18,0x0559d4f52c63732853ac1f4c50b6f293cee0b646,0xe5544a2a5fa9b175da60d8eec67add5582bb31b0,,0,0,0,2.21072E-05,0.069068374,2769.99,,,Mint
0x3e65c24bb6929717a88a645fe5db2bd01a708148ca27c5dc5f79e247d53107fb,22880084,1752045467,09/07/25 07:17,0x0559d4f52c63732853ac1f4c50b6f293cee0b646,0xe5544a2a5fa9b175da60d8eec67add5582bb31b0,,0,0,0,2.07148E-05,0.064718052,2769.99,,,Mint
0xae834bcbd3d548c0e5352634dbad383471da1cabb1f2c92e3ea1aaad2644ed59,22880081,1752045431,09/07/25 07:17,0x0559d4f52c63732853ac1f4c50b6f293cee0b646,0xe5544a2a5fa9b175da60d8eec67add5582bb31b0,,0,0,0,2.0395E-05,0.063718877,2769.99,,,Mint
0x16d6686f3afd17a18a6cf5cc4dfe82c5cd8516390600a74be34ff2173458c092,22880069,1752045287,09/07/25 07:14,0x0559d4f52c63732853ac1f4c50b6f293cee0b646,0xe5544a2a5fa9b175da60d8eec67add5582bb31b0,,0,0,0,2.03872E-05,0.063694632,2769.99,,,Mint
0x4613791a50e61962928ec790dc0b5b03cd2ff9b9aa201f58706e424d41912376,22880067,1752045263,09/07/25 07:14,0x0559d4f52c63732853ac1f4c50b6f293cee0b646,0xe5544a2a5fa9b175da60d8eec67add5582bb31b0,,0,0,0,2.08868E-05,0.065255474,2769.99,,,Mint
0x9329fc3cee55a17045926a8eb3b59265b06751de0e24279ae5f25de5d65d0d5d,22880065,1752045239,09/07/25 07:13,0x0559d4f52c63732853ac1f4c50b6f293cee0b646,0xe5544a2a5fa9b175da60d8eec67add5582bb31b0,,0,0,0,2.0484E-05,0.063997015,2769.99,,,Mint
0x5f912107d153eeaab51eed46638b4a0c9846f20ad51b345794bae289626036c4,22880056,1752045131,09/07/25 07:12,0xf66ac2c80aaeff89b081ff911e80e7daeb9d0af6,0xe5544a2a5fa9b175da60d8eec67add5582bb31b0,,0,0,0,2.05122E-05,0.064085187,2769.99,,,Mint
0x7e1bba38f342b26bc7dfc278b4587ff983a84d8300720e924f948d623a055259,22880047,1752045023,09/07/25 07:10,0xf66ac2c80aaeff89b081ff911e80e7daeb9d0af6,0xe5544a2a5fa9b175da60d8eec67add5582bb31b0,,0,0,0,2.15427E-05,0.067304625,2769.99,,,Mint
0x0ab9453bb13a6a85ae22b66c7f7453b75373d733157461eec66116659e308857,22880041,1752044951,09/07/25 07:09,0xf66ac2c80aaeff89b081ff911e80e7daeb9d0af6,0xe5544a2a5fa9b175da60d8eec67add5582bb31b0,,0,0,0,2.19877E-05,0.068695039,2769.99,,,Mint
0x2059cb761edd8f963225db0e3a1702fe6c5b7bc2becb8a93db7780a51c1d045c,22880033,1752044819,09/07/25 07:06,0xf66ac2c80aaeff89b081ff911e80e7daeb9d0af6,0xe5544a2a5fa9b175da60d8eec67add5582bb31b0,,0,0,0,1.82893E-05,0.057140148,2769.99,,,Mint
0x9640ad70e4b4cf22eee57faad34633f9538dc8067348c7e916aac95abe47141a,22880027,1752044747,09/07/25 07:05,0xf66ac2c80aaeff89b081ff911e80e7daeb9d0af6,0xe5544a2a5fa9b175da60d8eec67add5582bb31b0,,0,0,0,1.94839E-05,0.060872363,2769.99,,,Mint
0xe66840dac64ef3549851c3a73234e6fff1ac4f33a846bb007a2066959c1b6d3b,22879986,1752044255,09/07/25 06:57,0xf66ac2c80aaeff89b081ff911e80e7daeb9d0af6,0xe5544a2a5fa9b175da60d8eec67add5582bb31b0,,0,0,0,1.99297E-05,0.06226517,2769.99,,,Mint
0x803dc324740c99eb2601ef281892081588384de5687b84244aad4fd278a730cf,22879959,1752043931,09/07/25 06:52,0x7ee6883bf679f875e06b63712a477ab280bd10ca,0xe5544a2a5fa9b175da60d8eec67add5582bb31b0,,0,0,0,2.00849E-05,0.062750067,2769.99,,,Mint
0x22ef619e1219988112ae8e7dbfee7d9cac1b4bb70516c4abfd8a8cfc450c067c,22879948,1752043799,09/07/25 06:49,0x7ee6883bf679f875e06b63712a477ab280bd10ca,0xe5544a2a5fa9b175da60d8eec67add5582bb31b0,,0,0,0,3.02484E-05,0.094503434,2769.99,,,Mint
0x218d24f3562a41a8beffdcdc9cc9c2ac5807d0ab29c8dcc477abd8a39c76f287,22879899,1752043211,09/07/25 06:40,0xf66ac2c80aaeff89b081ff911e80e7daeb9d0af6,0xe5544a2a5fa9b175da60d8eec67add5582bb31b0,,0,0,0,2.06575E-05,0.064539245,2769.99,,,Mint
0x1c8b45c46e4b2a78cd37431fd0d2c1cba64064d2df4a655382441dd39c130221,22879886,1752043055,09/07/25 06:37,0xf66ac2c80aaeff89b081ff911e80e7daeb9d0af6,0xe5544a2a5fa9b175da60d8eec67add5582bb31b0,,0,0,0,2.00422E-05,0.062616846,2769.99,,,Mint
0x80dbcdc8cf47f8aba1e4c0e7de935875909f9b464f9860df1de8b4c16a54fdf3,22879881,1752042995,09/07/25 06:36,0xf66ac2c80aaeff89b081ff911e80e7daeb9d0af6,0xe5544a2a5fa9b175da60d8eec67add5582bb31b0,,0,0,0,1.91649E-05,0.059875984,2769.99,,,Mint
0xb41b064294db5df9dfdf961b90175fdb1c7d04fb44d5cb8e7c82965ee370714a,22879869,1752042851,09/07/25 06:34,0xf66ac2c80aaeff89b081ff911e80e7daeb9d0af6,0xe5544a2a5fa9b175da60d8eec67add5582bb31b0,,0,0,0,1.82033E-05,0.056871469,2769.99,,,Mint
0x24b129919f2d19a849d9882406157b350c28bda1d3266146f560dac7dfbdbf1d,22879852,1752042647,09/07/25 06:30,0xf66ac2c80aaeff89b081ff911e80e7daeb9d0af6,0xe5544a2a5fa9b175da60d8eec67add5582bb31b0,,0,0,0,1.65436E-05,0.051686188,2769.99,,,Mint
0xa5adf5d7739b5826ee8e141f8931c908d9ecd6d16d772d419dc40b7c13bfc0e4,22879841,1752042515,09/07/25 06:28,0xf66ac2c80aaeff89b081ff911e80e7daeb9d0af6,0xe5544a2a5fa9b175da60d8eec67add5582bb31b0,,0,0,0,1.63962E-05,0.05122588,2769.99,,,Mint
0xdd4f47685323dbc72a7a7a32327a3f1819aa9d379d0978aa8fb862e478f455e4,22879827,1752042347,09/07/25 06:25,0xf66ac2c80aaeff89b081ff911e80e7daeb9d0af6,0xe5544a2a5fa9b175da60d8eec67add5582bb31b0,,0,0,0,1.74357E-05,0.054473267,2769.99,,,Mint
0x43a033ec2e18152b5f90c7ecf5fa07a31eba3f9b53926268c8f56bf415fc530a,22879822,1752042287,09/07/25 06:24,0xf66ac2c80aaeff89b081ff911e80e7daeb9d0af6,0xe5544a2a5fa9b175da60d8eec67add5582bb31b0,,0,0,0,1.76867E-05,0.055257589,2769.99,,,Mint
0xd0a0b3d0a3b20828aecea5f8ebd91d0a2081c143b42e968c38caeb2e43785f33,22879819,1752042251,09/07/25 06:24,0xf66ac2c80aaeff89b081ff911e80e7daeb9d0af6,0xe5544a2a5fa9b175da60d8eec67add5582bb31b0,,0,0,0,1.6389E-05,0.051203165,2769.99,,,Mint
0x4e044252522d6d8ce982769b9eb55f9d080ef8517dcdab9a56864738c3280df7,22879807,1752042107,09/07/25 06:21,0xf66ac2c80aaeff89b081ff911e80e7daeb9d0af6,0xe5544a2a5fa9b175da60d8eec67add5582bb31b0,,0,0,0,1.91332E-05,0.059776758,2769.99,,,Mint
0xaf0c00297fdcfd9eda96fc27748ef04ea451d09bb9e6aee7b80d1b090368eb84,22879768,1752041639,09/07/25 06:13,0xf66ac2c80aaeff89b081ff911e80e7daeb9d0af6,0xe5544a2a5fa9b175da60d8eec67add5582bb31b0,,0,0,0,2.23407E-05,0.069797737,2769.99,,,Mint
0x63c21cec75bea09e6eb0d4c98b990ea3cdcf1d37e020a59c7e9bd71be7e44884,22879721,1752041075,09/07/25 06:04,0xf66ac2c80aaeff89b081ff911e80e7daeb9d0af6,0xe5544a2a5fa9b175da60d8eec67add5582bb31b0,,0,0,0,2.18948E-05,0.068404896,2769.99,,,Mint
0x6f9964e172433862193dab998aa37d48eecec4a08c6849255b433ea52055af03,22879691,1752040691,09/07/25 05:58,0xf66ac2c80aaeff89b081ff911e80e7daeb9d0af6,0xe5544a2a5fa9b175da60d8eec67add5582bb31b0,,0,0,0,2.00119E-05,0.062521991,2769.99,,,Mint
0x5b51d407734983ff314bdfb66b7dec37675edf094fdb7de4e2e1afc7145ec953,22879638,1752040055,09/07/25 05:47,0xf66ac2c80aaeff89b081ff911e80e7daeb9d0af6,0xe5544a2a5fa9b175da60d8eec67add5582bb31b0,,0,0,0,2.43809E-05,0.076171955,2769.99,,,Mint
0xe768b782d81a1ab7b651388bfa100090b4309eb89531a21841d9c31fd6401834,22879623,1752039863,09/07/25 05:44,0xf66ac2c80aaeff89b081ff911e80e7daeb9d0af6,0xe5544a2a5fa9b175da60d8eec67add5582bb31b0,,0,0,0,2.24931E-05,0.070273916,2769.99,,,Mint
0x3b06bea6d4347de75edefae63ba353b3077f1508a02c9647912aaac4bf2887ae,22879614,1752039755,09/07/25 05:42,0xf66ac2c80aaeff89b081ff911e80e7daeb9d0af6,0xe5544a2a5fa9b175da60d8eec67add5582bb31b0,,0,0,0,2.28499E-05,0.071388588,2769.99,,,Mint
0xc360582cd31c2881e51e2ebd162ad091a4e60b8034526c9b4c880fa7252ae612,22879596,1752039539,09/07/25 05:38,0xf66ac2c80aaeff89b081ff911e80e7daeb9d0af6,0xe5544a2a5fa9b175da60d8eec67add5582bb31b0,,0,0,0,1.54882E-05,0.048389071,2769.99,,,Mint
0x5aadcb47d3bc5fcddf1fde0dd62464e8ee8a66895754fc25b1e3e5c3379cbcf0,22879591,1752039479,09/07/25 05:37,0xf66ac2c80aaeff89b081ff911e80e7daeb9d0af6,0xe5544a2a5fa9b175da60d8eec67add5582bb31b0,,0,0,0,1.42973E-05,0.044668383,2769.99,,,Mint
0x0b43996239628c74c8249caf22ad1c9e68a0605c61c544b890195870be6d77bf,22879567,1752039191,09/07/25 05:33,0xf66ac2c80aaeff89b081ff911e80e7daeb9d0af6,0xe5544a2a5fa9b175da60d8eec67add5582bb31b0,,0,0,0,1.33609E-05,0.041742826,2769.99,,,Mint
0xfdd3e364b5dc1f18b375df246198a646bc5047222beb44a4e86fa64beb64a86b,22879528,1752038723,09/07/25 05:25,0xf66ac2c80aaeff89b081ff911e80e7daeb9d0af6,0xe5544a2a5fa9b175da60d8eec67add5582bb31b0,,0,0,0,1.29157E-05,0.040351924,2769.99,,,Mint
0xc8c169dd060067d85a39a77852a2334b9d9b1ef1ba285df45e73c93d3ad7f34f,22879511,1752038519,09/07/25 05:21,0xf66ac2c80aaeff89b081ff911e80e7daeb9d0af6,0xe5544a2a5fa9b175da60d8eec67add5582bb31b0,,0,0,0,1.28928E-05,0.040280431,2769.99,,,Mint
0xe194cfc39dd9b8fbde8645c59d0de7976c676d53f2d007e073b8a72f8e96d614,22879510,1752038507,09/07/25 05:21,0xf66ac2c80aaeff89b081ff911e80e7daeb9d0af6,0xe5544a2a5fa9b175da60d8eec67add5582bb31b0,,0,0,0,1.3697E-05,0.042792739,2769.99,,,Mint
0x27f361ee0d54d2d98e3dd1cfd26e734d495f2d2274f27fa5f64a287bde24f3bc,22879507,1752038471,09/07/25 05:21,0xf66ac2c80aaeff89b081ff911e80e7daeb9d0af6,0xe5544a2a5fa9b175da60d8eec67add5582bb31b0,,0,0,0,1.41694E-05,0.044268558,2769.99,,,Mint
0x93d17af0673b0a02ba45dab6abcd1201eda0ebc9f5fb4240bc7225d151eb9e34,22879503,1752038423,09/07/25 05:20,0xf66ac2c80aaeff89b081ff911e80e7daeb9d0af6,0xe5544a2a5fa9b175da60d8eec67add5582bb31b0,,0,0,0,1.21621E-05,0.037997253,2769.99,,,Mint
0xa13bf4e455ddcc5a8a94ebf8f8dde4a6e3822aa5a6ed7333e787e9b9e87ab0e8,22879496,1752038339,09/07/25 05:18,0xf66ac2c80aaeff89b081ff911e80e7daeb9d0af6,0xe5544a2a5fa9b175da60d8eec67add5582bb31b0,,0,0,0,1.23693E-05,0.038644619,2769.99,,,Mint
0x232c3c29f596f4a77bb3a2060f07ab98e015edc4ec6763e2c77ddec9faaf135f,22879495,1752038327,09/07/25 05:18,0xf66ac2c80aaeff89b081ff911e80e7daeb9d0af6,0xe5544a2a5fa9b175da60d8eec67add5582bb31b0,,0,0,0,1.26875E-05,0.039638942,2769.99,,,Mint
0x3e3802580b108c68878fcdbaca3b805ed31cef83767f14fec9767eb230c437f4,22879486,1752038219,09/07/25 05:16,0xf66ac2c80aaeff89b081ff911e80e7daeb9d0af6,0xe5544a2a5fa9b175da60d8eec67add5582bb31b0,,0,0,0,1.3422E-05,0.041933569,2769.99,,,Mint
0x6fb8ffa7cf34a210b5894401d02c16fb537f495aa5c5e2e6d15d9098828c7bf3,22879460,1752037907,09/07/25 05:11,0xf66ac2c80aaeff89b081ff911e80e7daeb9d0af6,0xe5544a2a5fa9b175da60d8eec67add5582bb31b0,,0,0,0,1.25173E-05,0.039107145,2769.99,,,Mint
0x412b866679f775e609ddd3d23de5692ca15dbd13f080e5fc68d5a6eaeba90185,22879420,1752037427,09/07/25 05:03,0x0559d4f52c63732853ac1f4c50b6f293cee0b646,0xe5544a2a5fa9b175da60d8eec67add5582bb31b0,,0,0,0,1.5322E-05,0.047869798,2769.99,,,Mint
0xc97360e856554930e443b462cbf61ea7412d12e24adec8df26bd6c4b31aee1a4,22879379,1752036935,09/07/25 04:55,0xf66ac2c80aaeff89b081ff911e80e7daeb9d0af6,0xe5544a2a5fa9b175da60d8eec67add5582bb31b0,,0,0,0,1.38907E-05,0.0433979,2769.99,,,Mint
0x1f65c92e5161563b78369597a6852fecc87b863803e3ff7da21375fe1e825c2b,22879363,1752036743,09/07/25 04:52,0xf66ac2c80aaeff89b081ff911e80e7daeb9d0af6,0xe5544a2a5fa9b175da60d8eec67add5582bb31b0,,0,0,0,1.29635E-05,0.040501271,2769.99,,,Mint
0x35316c4f3d7859740b967de32d5a77dd44e096a624a36535e5a75ee9389b3c7b,22879346,1752036539,09/07/25 04:48,0x4822c6499d4d0b0699f42419610f894c6662a484,0xe5544a2a5fa9b175da60d8eec67add5582bb31b0,,0,0,0,1.27202E-05,0.039740956,2769.99,,,Mint
0xabf8d95e7c5f5991e01e324412c2ea257686c290d7d27ad4f31ff673c4738ef5,22879330,1752036335,09/07/25 04:45,0xf66ac2c80aaeff89b081ff911e80e7daeb9d0af6,0xe5544a2a5fa9b175da60d8eec67add5582bb31b0,,0,0,0,1.23431E-05,0.038562993,2769.99,,,Mint
0x0e4172af1e5eefefc1c08f27d9ea3319789f519597c95c8ab1a4d3c8400e68cb,22879267,1752035555,09/07/25 04:32,0x0a7da29599a326568c88ef1ff2fb2f42262090fd,0xe5544a2a5fa9b175da60d8eec67add5582bb31b0,,0,0,0,1.58824E-05,0.049620484,2769.99,,,Mint
0xd5378ca737f114e7f0b95f294a617c19993c6e1ce71917052c9a90264200837c,22879239,1752035219,09/07/25 04:26,0x4822c6499d4d0b0699f42419610f894c6662a484,0xe5544a2a5fa9b175da60d8eec67add5582bb31b0,,0,0,0,1.43845E-05,0.044940604,2769.99,,,Mint
0xd2d9350d9a27a6972c54cf9763e1bbe53055e583389430f2cf7d723cfa75df46,22879224,1752035039,09/07/25 04:23,0xf66ac2c80aaeff89b081ff911e80e7daeb9d0af6,0xe5544a2a5fa9b175da60d8eec67add5582bb31b0,,0,0,0,1.32367E-05,0.041354829,2769.99,,,Mint
0xa3fb797efcb9570787802d9970d010839bb7a83f820c7244b27cfcb12a215ed1,22879213,1752034907,09/07/25 04:21,0xf66ac2c80aaeff89b081ff911e80e7daeb9d0af6,0xe5544a2a5fa9b175da60d8eec67add5582bb31b0,,0,0,0,1.48799E-05,0.046488553,2769.99,,,Mint
0x770d1f7fc20757a866f17e504950e8792c7e2fd4df5fd313bfba1c8f3a930659,22879210,1752034871,09/07/25 04:21,0xf66ac2c80aaeff89b081ff911e80e7daeb9d0af6,0xe5544a2a5fa9b175da60d8eec67add5582bb31b0,,0,0,0,1.55087E-05,0.048452864,2769.99,,,Mint
0x854056e58da98f4b2b5e469fdaaff0e2bd63e8cc6ab8f9decd491a2c00e7a2f8,22879196,1752034703,09/07/25 04:18,0x0559d4f52c63732853ac1f4c50b6f293cee0b646,0xe5544a2a5fa9b175da60d8eec67add5582bb31b0,,0,0,0,1.61587E-05,0.050483814,2769.99,,,Mint
0x5261d2e5caf6e981603b3e7a7c7419a8290c275d25751f4636f030777db35c03,22879192,1752034655,09/07/25 04:17,0xf66ac2c80aaeff89b081ff911e80e7daeb9d0af6,0xe5544a2a5fa9b175da60d8eec67add5582bb31b0,,0,0,0,1.6042E-05,0.050119027,2769.99,,,Mint
0xe77e7609381681fec027dde6b53fff08edf84bd35b7ca3f3a7703e1f5a1fd949,22879171,1752034403,09/07/25 04:13,0xf66ac2c80aaeff89b081ff911e80e7daeb9d0af6,0xe5544a2a5fa9b175da60d8eec67add5582bb31b0,,0,0,0,1.78206E-05,0.055675958,2769.99,,,Mint
0x8b4f5825d56f0a1099f7ca6d84028e6a9e4b764676f0633f2be15c879a3080c2,22879168,1752034367,09/07/25 04:12,0x0559d4f52c63732853ac1f4c50b6f293cee0b646,0xe5544a2a5fa9b175da60d8eec67add5582bb31b0,,0,0,0,1.69253E-05,0.052878931,2769.99,,,Mint
0xa278a07b812363b39a186771dcd3b1a3be2b296de6b567d7f703ce5560c324cb,22879166,1752034343,09/07/25 04:12,0x0559d4f52c63732853ac1f4c50b6f293cee0b646,0xe5544a2a5fa9b175da60d8eec67add5582bb31b0,,0,0,0,1.51266E-05,0.047259263,2769.99,,,Mint
0xc5e7d889ae888328afb2f21f86490eaca8a3879d798db9d798d1147a487ab6f1,22879138,1752034007,09/07/25 04:06,0x0559d4f52c63732853ac1f4c50b6f293cee0b646,0xe5544a2a5fa9b175da60d8eec67add5582bb31b0,,0,0,0,1.62004E-05,0.050614044,2769.99,,,Mint
0xfd111842b6ab00bf0662af89c8a244067fba62aceed919ab9a5a77a89e473235,22879121,1752033803,09/07/25 04:03,0xf66ac2c80aaeff89b081ff911e80e7daeb9d0af6,0xe5544a2a5fa9b175da60d8eec67add5582bb31b0,,0,0,0,1.56051E-05,0.048754158,2769.99,,,Mint
0xb2005e1d895ea03ce0d13059e7d30794a76e78388fce30279c369b2a709fb99f,22879117,1752033755,09/07/25 04:02,0x4822c6499d4d0b0699f42419610f894c6662a484,0xe5544a2a5fa9b175da60d8eec67add5582bb31b0,,0,0,0,1.63581E-05,0.051106792,2769.99,,,Mint
0xa31791488d4ec383a63f949fcca6508f9bad47c9a90e731b6d62cadd7cb6ccd0,22879095,1752033491,09/07/25 03:58,0x4822c6499d4d0b0699f42419610f894c6662a484,0xe5544a2a5fa9b175da60d8eec67add5582bb31b0,,0,0,0,1.50477E-05,0.047012817,2769.99,,,Mint
0x98eef95e8113c5c18cbc4b689f1a3a37ab9b8751ac2a20e8362889316b620d4b,22879074,1752033239,09/07/25 03:53,0xf66ac2c80aaeff89b081ff911e80e7daeb9d0af6,0xe5544a2a5fa9b175da60d8eec67add5582bb31b0,,0,0,0,1.98462E-05,0.062004435,2769.99,,,Mint
0x2d1a8f9bad3d298e334d1ffe485e7175c9544a51cf1b458018a697b577233349,22879072,1752033215,09/07/25 03:53,0xf66ac2c80aaeff89b081ff911e80e7daeb9d0af6,0xe5544a2a5fa9b175da60d8eec67add5582bb31b0,,0,0,0,2.12722E-05,0.066459688,2769.99,,,Mint
0x7f2489cbf21929cb1221c982ebe861a78d941a45c9b92ec6de2e6c59b16ee269,22879067,1752033155,09/07/25 03:52,0xf66ac2c80aaeff89b081ff911e80e7daeb9d0af6,0xe5544a2a5fa9b175da60d8eec67add5582bb31b0,,0,0,0,2.11221E-05,0.065990533,2769.99,,,Mint
0x92a1ac525b71374c18363cba92f48c653552a306744634439ae6b5cf68e887dd,22879053,1752032987,09/07/25 03:49,0xf66ac2c80aaeff89b081ff911e80e7daeb9d0af6,0xe5544a2a5fa9b175da60d8eec67add5582bb31b0,,0,0,0,2.15153E-05,0.067219151,2769.99,,,Mint
0x620722e9fcc44887a585c2f9cab171e35a17cfb66386025dbf0196f8bcffb5c0,22879052,1752032975,09/07/25 03:49,0xf66ac2c80aaeff89b081ff911e80e7daeb9d0af6,0xe5544a2a5fa9b175da60d8eec67add5582bb31b0,,0,0,0,2.20781E-05,0.068977285,2769.99,,,Mint
0x26eafc888af06199bb6b47aeae3b9782edc5cbb5d5cd0115e51c7cf863c8c7cf,22879051,1752032963,09/07/25 03:49,0xf66ac2c80aaeff89b081ff911e80e7daeb9d0af6,0xe5544a2a5fa9b175da60d8eec67add5582bb31b0,,0,0,0,2.23187E-05,0.069729065,2769.99,,,Mint
0xe1a9ef28b3e5223d7a2908b04e006ac57e4245049902d27e65039f4cc2bf1a9b,22879044,1752032879,09/07/25 03:47,0xf66ac2c80aaeff89b081ff911e80e7daeb9d0af6,0xe5544a2a5fa9b175da60d8eec67add5582bb31b0,,0,0,0,2.3569E-05,0.073635444,2769.99,,,Mint
0x9bef52afbfca212e0fd78d460b1409b3e6677a6b6268165b7b38f5a5ebda88b8,22879040,1752032831,09/07/25 03:47,0xf66ac2c80aaeff89b081ff911e80e7daeb9d0af6,0xe5544a2a5fa9b175da60d8eec67add5582bb31b0,,0,0,0,2.34771E-05,0.073348225,2769.99,,,Mint
0xef63b1f3e27b106ee9d8cf4899e29b455721e62eda86864e314d5cf20879f7c8,22879028,1752032687,09/07/25 03:44,0x4822c6499d4d0b0699f42419610f894c6662a484,0xe5544a2a5fa9b175da60d8eec67add5582bb31b0,,0,0,0,2.50761E-05,0.078344041,2769.99,,,Mint
0x3439d7b03bd60091d572d34af14f9806f6d90cf61473e16a7ac725ecde9b2b39,22879013,1752032507,09/07/25 03:41,0xf66ac2c80aaeff89b081ff911e80e7daeb9d0af6,0xe5544a2a5fa9b175da60d8eec67add5582bb31b0,,0,0,0,2.27195E-05,0.070981308,2769.99,,,Mint
0x28d3f9581b27f5c1cbe0b84d2e263bc9ee63cafcfa681e351defee298fed77b8,22879005,1752032411,09/07/25 03:40,0x4822c6499d4d0b0699f42419610f894c6662a484,0xe5544a2a5fa9b175da60d8eec67add5582bb31b0,,0,0,0,2.13105E-05,0.066579283,2769.99,,,Mint
0x9ef26560d5bdaf253c5f2f25954f482a7d03892f665766418622c72259ce9324,22878999,1752032339,09/07/25 03:38,0xf66ac2c80aaeff89b081ff911e80e7daeb9d0af6,0xe5544a2a5fa9b175da60d8eec67add5582bb31b0,,0,0,0,1.70658E-05,0.053317783,2769.99,,,Mint
0xbd0139b7c221881b3b1c24068f7cce64d93888984b44563c2502cc4295407ffa,22878989,1752032219,09/07/25 03:36,0xf66ac2c80aaeff89b081ff911e80e7daeb9d0af6,0xe5544a2a5fa9b175da60d8eec67add5582bb31b0,,0,0,0,1.41766E-05,0.044291116,2769.99,,,Mint
0xff9e830940fed0044dca678748c21d24b213588a637e0f1ff52e3ede322fa52f,22878976,1752032051,09/07/25 03:34,0xf66ac2c80aaeff89b081ff911e80e7daeb9d0af6,0xe5544a2a5fa9b175da60d8eec67add5582bb31b0,,0,0,0,1.33366E-05,0.041666831,2769.99,,,Mint
0xde3401f1945d57ab272fc5d2e27056df56d95aa95f0b6a4a67292eb5be4daca7,22878975,1752032039,09/07/25 03:33,0xf66ac2c80aaeff89b081ff911e80e7daeb9d0af6,0xe5544a2a5fa9b175da60d8eec67add5582bb31b0,,0,0,0,1.32304E-05,0.041334956,2769.99,,,Mint
0xc26f95370be19f428ebc40648a42f830b84e279c8c36948a15b5634a987c6876,22878971,1752031991,09/07/25 03:33,0xf66ac2c80aaeff89b081ff911e80e7daeb9d0af6,0xe5544a2a5fa9b175da60d8eec67add5582bb31b0,,0,0,0,1.34545E-05,0.042035095,2769.99,,,Mint
0x8c5337e0d0ef1d74e696daf2660f29336348f7751d26c26f75d385e7b6c0c9ca,22878955,1752031799,09/07/25 03:29,0xf66ac2c80aaeff89b081ff911e80e7daeb9d0af6,0xe5544a2a5fa9b175da60d8eec67add5582bb31b0,,0,0,0,1.28523E-05,0.040153787,2769.99,,,Mint
0x6ab851e314a21165f9f75afef574aaaf987abcb44f906ab96a337a56f6e83f5d,22878951,1752031739,09/07/25 03:28,0xf66ac2c80aaeff89b081ff911e80e7daeb9d0af6,0xe5544a2a5fa9b175da60d8eec67add5582bb31b0,,0,0,0,1.31575E-05,0.04110724,2769.99,,,Mint
0x574dc96058d75431a02995a21f2d9c8d2351854f2b897df7870f4fd207d710fe,22878933,1752031523,09/07/25 03:25,0xf66ac2c80aaeff89b081ff911e80e7daeb9d0af6,0xe5544a2a5fa9b175da60d8eec67add5582bb31b0,,0,0,0,1.33057E-05,0.041570346,2769.99,,,Mint
0xf12c2868089bb1c6b736329de88d50fbb0e798c7beebde5257eb69ec0d598837,22878921,1752031379,09/07/25 03:22,0xf66ac2c80aaeff89b081ff911e80e7daeb9d0af6,0xe5544a2a5fa9b175da60d8eec67add5582bb31b0,,0,0,0,1.3926E-05,0.043508162,2769.99,,,Mint
0x772db932b8a325cfc87bda34d6e7f230c7e0d69995497f0c87c9d37380c2f6d5,22878911,1752031259,09/07/25 03:20,0xf66ac2c80aaeff89b081ff911e80e7daeb9d0af6,0xe5544a2a5fa9b175da60d8eec67add5582bb31b0,,0,0,0,1.39272E-05,0.043511928,2769.99,,,Mint
0x8c56886dbf9e309129d56835863f0d28f2927785eb90c1ed122bcee72c1bf2f4,22878900,1752031127,09/07/25 03:18,0xf66ac2c80aaeff89b081ff911e80e7daeb9d0af6,0xe5544a2a5fa9b175da60d8eec67add5582bb31b0,,0,0,0,1.31013E-05,0.040931692,2769.99,,,Mint
0x5231e866cd1652ad40ab3190ff6afff393a1b7cd3498ea0e074c531a62dc2fd6,22878890,1752031007,09/07/25 03:16,0xf66ac2c80aaeff89b081ff911e80e7daeb9d0af6,0xe5544a2a5fa9b175da60d8eec67add5582bb31b0,,0,0,0,1.4347E-05,0.044823585,2769.99,,,Mint
0x5179c063745d25a03dbd3e9bbfe009f737d50f3765b0335a17b4efbbdf89ad55,22878889,1752030995,09/07/25 03:16,0xf66ac2c80aaeff89b081ff911e80e7daeb9d0af6,0xe5544a2a5fa9b175da60d8eec67add5582bb31b0,,0,0,0,1.4185E-05,0.044317452,2769.99,,,Mint
0x35479ac50041f0622bfb47422d3a8ff232d08ec9c092ac58aa77f28a45bcfc9c,22878885,1752030947,09/07/25 03:15,0xf66ac2c80aaeff89b081ff911e80e7daeb9d0af6,0xe5544a2a5fa9b175da60d8eec67add5582bb31b0,,0,0,0,1.42965E-05,0.044665646,2769.99,,,Mint
0x4bc88c011980116f35af57da7aa017d19beeb790c8997d443f04181720d7e498,22878854,1752030575,09/07/25 03:09,0xf66ac2c80aaeff89b081ff911e80e7daeb9d0af6,0xe5544a2a5fa9b175da60d8eec67add5582bb31b0,,0,0,0,1.31675E-05,0.041138507,2769.99,,,Mint
0xfd99d9cdae0ccb3292d9da0dcf6f199430e4479800da5c564470ecff71d2b766,22878839,1752030395,09/07/25 03:06,0x4822c6499d4d0b0699f42419610f894c6662a484,0xe5544a2a5fa9b175da60d8eec67add5582bb31b0,,0,0,0,1.23573E-05,0.03860719,2769.99,,,Mint
0x112f17b9623787c390d74a9818a2406164ff19e7904ec2326cc012ba49d7ef0d,22878816,1752030119,09/07/25 03:01,0xf66ac2c80aaeff89b081ff911e80e7daeb9d0af6,0xe5544a2a5fa9b175da60d8eec67add5582bb31b0,,0,0,0,1.32207E-05,0.041304682,2769.99,,,Mint
0x0f2adae9ae5a42cd0d70df3dad8a5376af88e9dda5fc941800e458e5beb2968e,22878814,1752030095,09/07/25 03:01,0xf66ac2c80aaeff89b081ff911e80e7daeb9d0af6,0xe5544a2a5fa9b175da60d8eec67add5582bb31b0,,0,0,0,1.3079E-05,0.040861858,2769.99,,,Mint
0x6260fffa0be18fe61311faf17a2459c16fb21f282bcb75a43d67d3230329953b,22878795,1752029855,09/07/25 02:57,0xf66ac2c80aaeff89b081ff911e80e7daeb9d0af6,0xe5544a2a5fa9b175da60d8eec67add5582bb31b0,,0,0,0,1.3179E-05,0.041174444,2769.99,,,Mint
0x22472fb72b4c0cd37309c4373f49d8299d267e5ce54c54318495791d2c444a90,22878781,1752029675,09/07/25 02:54,0x4822c6499d4d0b0699f42419610f894c6662a484,0xe5544a2a5fa9b175da60d8eec67add5582bb31b0,,0,0,0,1.26294E-05,0.039457436,2769.99,,,Mint
0xe081346d3912f89945d838ad8afa6145e7f116be7d3c7470bba1fcf06837ee36,22878773,1752029579,09/07/25 02:52,0x4822c6499d4d0b0699f42419610f894c6662a484,0xe5544a2a5fa9b175da60d8eec67add5582bb31b0,,0,0,0,1.30777E-05,0.040857893,2769.99,,,Mint
0x0c4c63f86a2584d2c20d63e152f86854ef92477d368be33a47b1c1c897182bb6,22878744,1752029231,09/07/25 02:47,0x4822c6499d4d0b0699f42419610f894c6662a484,0xe5544a2a5fa9b175da60d8eec67add5582bb31b0,,0,0,0,1.41282E-05,0.044139893,2769.99,,,Mint
0xa88e9b2f2f172a5f32541a3cbcfd162b589b3da8346844fa4c94850a2b29538d,22878733,1752029099,09/07/25 02:44,0xf66ac2c80aaeff89b081ff911e80e7daeb9d0af6,0xe5544a2a5fa9b175da60d8eec67add5582bb31b0,,0,0,0,1.2982E-05,0.040558969,2769.99,,,Mint
0x9020f57333f111e456f95488459584d526528fa296c1417281e0de83d3d04a8a,22878725,1752029003,09/07/25 02:43,0xf66ac2c80aaeff89b081ff911e80e7daeb9d0af6,0xe5544a2a5fa9b175da60d8eec67add5582bb31b0,,0,0,0,1.39371E-05,0.043543029,2769.99,,,Mint
0x0c4c92e87246e24eb894a0b679873e1f3b1a4a35b3b122311c05ed84d1f98900,22878717,1752028907,09/07/25 02:41,0x4822c6499d4d0b0699f42419610f894c6662a484,0xe5544a2a5fa9b175da60d8eec67add5582bb31b0,,0,0,0,1.3324E-05,0.041627387,2769.99,,,Mint
0x198bf1adb155e4e462a60d78862656a1a7538fe7d6d0aa769ca88df29df6b0b1,22878714,1752028871,09/07/25 02:41,0x4822c6499d4d0b0699f42419610f894c6662a484,0xe5544a2a5fa9b175da60d8eec67add5582bb31b0,,0,0,0,1.34381E-05,0.041983846,2769.99,,,Mint
0xff82d3b60ff6a5bb94f15081363ef463b4028b230bde66fd06cdec2f485c217a,22878705,1752028763,09/07/25 02:39,0x4822c6499d4d0b0699f42419610f894c6662a484,0xe5544a2a5fa9b175da60d8eec67add5582bb31b0,,0,0,0,1.33377E-05,0.04167036,2769.99,,,Mint
0xd32f99783456587b510e46f37c7696ec17aae630f440cb0cac14799acd7c2015,22878696,1752028655,09/07/25 02:37,0xf66ac2c80aaeff89b081ff911e80e7daeb9d0af6,0xe5544a2a5fa9b175da60d8eec67add5582bb31b0,,0,0,0,1.28877E-05,0.040264362,2769.99,,,Mint
0x0f8cb878ef9cd6d81be8cb6241526517e15f3e1f3fe6d808004d22127ca53c91,22878669,1752028331,09/07/25 02:32,0xf66ac2c80aaeff89b081ff911e80e7daeb9d0af6,0xe5544a2a5fa9b175da60d8eec67add5582bb31b0,,0,0,0,1.27695E-05,0.039895067,2769.99,,,Mint
0xb130edd4aa14b6ffb4890bf732bdac19fc7af99544458825bf002bb286613d13,22878657,1752028187,09/07/25 02:29,0xf66ac2c80aaeff89b081ff911e80e7daeb9d0af6,0xe5544a2a5fa9b175da60d8eec67add5582bb31b0,,0,0,0,1.3626E-05,0.042571,2769.99,,,Mint
0x5d6f84302865d3e557d8139e1a81c9c57937a325f8515a859d076bb4e5f0494b,22878651,1752028115,09/07/25 02:28,0xf66ac2c80aaeff89b081ff911e80e7daeb9d0af6,0xe5544a2a5fa9b175da60d8eec67add5582bb31b0,,0,0,0,1.34833E-05,0.042125007,2769.99,,,Mint
0x2d6de8f25035fa80b93cf26225f232d42623ed437239262933d62378586d8ca8,22878649,1752028091,09/07/25 02:28,0xf66ac2c80aaeff89b081ff911e80e7daeb9d0af6,0xe5544a2a5fa9b175da60d8eec67add5582bb31b0,,0,0,0,1.36295E-05,0.042581901,2769.99,,,Mint
0x7d430843c9a37d3a7b407a38d1fc112511ff2e81f78d3ba656c72c98cad54741,22878636,1752027923,09/07/25 02:25,0xf66ac2c80aaeff89b081ff911e80e7daeb9d0af6,0xe5544a2a5fa9b175da60d8eec67add5582bb31b0,,0,0,0,1.23612E-05,0.038619538,2769.99,,,Mint
0xa6379a851a7f38a69d6cc76a9e1cf9cef820b2589703ce6b7943697196f9f848,22878633,1752027887,09/07/25 02:24,0xf66ac2c80aaeff89b081ff911e80e7daeb9d0af6,0xe5544a2a5fa9b175da60d8eec67add5582bb31b0,,0,0,0,1.29184E-05,0.040360267,2769.99,,,Mint
0xafc78ad8c62fe776363d6eb0f0ef3276b7dd7a5fc08297c605c82335544293ad,22878625,1752027791,09/07/25 02:23,0xf66ac2c80aaeff89b081ff911e80e7daeb9d0af6,0xe5544a2a5fa9b175da60d8eec67add5582bb31b0,,0,0,0,1.36469E-05,0.042636366,2769.99,,,Mint
0x845116b4b396eba8f72abf5e21444c39e05843c43c265247f4e9094ca0534520,22878609,1752027599,09/07/25 02:19,0xf66ac2c80aaeff89b081ff911e80e7daeb9d0af6,0xe5544a2a5fa9b175da60d8eec67add5582bb31b0,,0,0,0,1.32065E-05,0.04126024,2769.99,,,Mint
0x3c53b0501346831b061648eafbdd333e95c93167dc5b8e21169078fbf3d4eba1,22878606,1752027563,09/07/25 02:19,0xf66ac2c80aaeff89b081ff911e80e7daeb9d0af6,0xe5544a2a5fa9b175da60d8eec67add5582bb31b0,,0,0,0,1.38442E-05,0.043252766,2769.99,,,Mint
0x9fe5e5b1900598e2531e3aedae0bfcd09ba9a0c4ccb0a92cd1851d1dcee06555,22878544,1752026819,09/07/25 02:06,0x4822c6499d4d0b0699f42419610f894c6662a484,0xe5544a2a5fa9b175da60d8eec67add5582bb31b0,,0,0,0,1.15596E-05,0.0361151,2769.99,,,Mint
0xd0571677cfad87ee3e8ac7b31f899f0e1644c830801e2358a98676ff1b384ded,22878538,1752026747,09/07/25 02:05,0x4822c6499d4d0b0699f42419610f894c6662a484,0xe5544a2a5fa9b175da60d8eec67add5582bb31b0,,0,0,0,1.34912E-05,0.042149763,2769.99,,,Mint
0xa738890beb152a3cc5bed2edeb1a52ed28296f9549bd9c2d5fd30d38dd8217c6,22878518,1752026507,09/07/25 02:01,0x4822c6499d4d0b0699f42419610f894c6662a484,0xe5544a2a5fa9b175da60d8eec67add5582bb31b0,,0,0,0,1.42994E-05,0.044674779,2769.99,,,Mint
0x2160e78e92c73f53420c5dafde84d438cf3492380c779d597263ae1eea2cacbc,22878515,1752026471,09/07/25 02:01,0x4822c6499d4d0b0699f42419610f894c6662a484,0xe5544a2a5fa9b175da60d8eec67add5582bb31b0,,0,0,0,1.41316E-05,0.044150724,2769.99,,,Mint
0x28a68201bf5ba81be3d540af15ec28899d6ea300f5a3f05d008d91aacb1bfd6f,22878512,1752026435,09/07/25 02:00,0x4822c6499d4d0b0699f42419610f894c6662a484,0xe5544a2a5fa9b175da60d8eec67add5582bb31b0,,0,0,0,1.44785E-05,0.045234265,2769.99,,,Mint
0x12376e943984178d5288d8e9b3ec35c1d7f32eb52507ef47d3b52f6566a1c5c7,22878500,1752026291,09/07/25 01:58,0x4822c6499d4d0b0699f42419610f894c6662a484,0xe5544a2a5fa9b175da60d8eec67add5582bb31b0,,0,0,0,1.24878E-05,0.039014998,2769.99,,,Mint
0x28d4954b82c4eef5249b6b04ebb4bc75da3ced475768c81a5d515bc103c8a136,22878497,1752026255,09/07/25 01:57,0x4822c6499d4d0b0699f42419610f894c6662a484,0xe5544a2a5fa9b175da60d8eec67add5582bb31b0,,0,0,0,1.32999E-05,0.041552099,2769.99,,,Mint
0xf074b04962ff8732c0738f3e40c058d6483c9b3fdab4b23a3136fa2edb74aee5,22878490,1752026171,09/07/25 01:56,0x4822c6499d4d0b0699f42419610f894c6662a484,0xe5544a2a5fa9b175da60d8eec67add5582bb31b0,,0,0,0,1.26448E-05,0.039505584,2769.99,,,Mint
0x1334ce02b9631d36067eb300f53cb5b2a992948e1dee9ef9681c18518d0b5e83,22878469,1752025919,09/07/25 01:51,0x4822c6499d4d0b0699f42419610f894c6662a484,0xe5544a2a5fa9b175da60d8eec67add5582bb31b0,,0,0,0,1.32841E-05,0.041502945,2769.99,,,Mint
0x751e662773d41ca72be06648eb887d0fb53c0f1309ee8f773b27843653be6b4b,22878459,1752025799,09/07/25 01:49,0x4822c6499d4d0b0699f42419610f894c6662a484,0xe5544a2a5fa9b175da60d8eec67add5582bb31b0,,0,0,0,1.32755E-05,0.041475884,2769.99,,,Mint
0xa90fb6c35de7b871eca95da6e36ad05907ed18051a49db175813100ee9331ab7,22878393,1752025007,09/07/25 01:36,0x4822c6499d4d0b0699f42419610f894c6662a484,0xe5544a2a5fa9b175da60d8eec67add5582bb31b0,,0,0,0,1.40267E-05,0.043822974,2769.99,,,Mint
0xbf98ea69c40e6c65b13935a039faf97fcd5ef60d88991281eb6240772d7225b3,22878386,1752024923,09/07/25 01:35,0x4822c6499d4d0b0699f42419610f894c6662a484,0xe5544a2a5fa9b175da60d8eec67add5582bb31b0,,0,0,0,1.31577E-05,0.041108045,2769.99,,,Mint
0xee2d15d455b01821f2d12a51ca35745692b99ea344fe3a4780bd96118bf90fcc,22878347,1752024455,09/07/25 01:27,0x4822c6499d4d0b0699f42419610f894c6662a484,0xe5544a2a5fa9b175da60d8eec67add5582bb31b0,,0,0,0,1.40408E-05,0.043866817,2769.99,,,Mint
0x9f38c78b609e5176c4880c03ac93f97e18d7d111e645e6bed8b0525e6cf0d4f6,22878318,1752024107,09/07/25 01:21,0x4822c6499d4d0b0699f42419610f894c6662a484,0xe5544a2a5fa9b175da60d8eec67add5582bb31b0,,0,0,0,1.35784E-05,0.042422251,2769.99,,,Mint
0x977b468801f56d44d87f5d267f3797cff929fe2fe16f7257b3b3e4e82e1ade18,22878308,1752023987,09/07/25 01:19,0x4822c6499d4d0b0699f42419610f894c6662a484,0xe5544a2a5fa9b175da60d8eec67add5582bb31b0,,0,0,0,1.46448E-05,0.045753958,2769.99,,,Mint
0x6e9b0d56226fda0bef0902cbc2da429c53b862ee487aeb33543bdb77794a3a43,22878301,1752023903,09/07/25 01:18,0x4822c6499d4d0b0699f42419610f894c6662a484,0xe5544a2a5fa9b175da60d8eec67add5582bb31b0,,0,0,0,1.43383E-05,0.044796463,2769.99,,,Mint
0x5a1e202f683b6cd391aa2d33ebb243f20a0d330c153912ef2aa05553b34861e0,22878281,1752023663,09/07/25 01:14,0x4822c6499d4d0b0699f42419610f894c6662a484,0xe5544a2a5fa9b175da60d8eec67add5582bb31b0,,0,0,0,1.41693E-05,0.044268305,2769.99,,,Mint
0xef63bc13f5ab2d4d08b3f0dabc6a622921ec9e3cebc5a5f23ee656a0444b5f07,22878262,1752023435,09/07/25 01:10,0x4822c6499d4d0b0699f42419610f894c6662a484,0xe5544a2a5fa9b175da60d8eec67add5582bb31b0,,0,0,0,1.67394E-05,0.052297847,2769.99,,,Mint
0xbeb2b7780cf3f766b94eb8b4bcaa12b476a08ac732758e6a9c8b6c4ec3fdaacd,22878231,1752023063,09/07/25 01:04,0x4822c6499d4d0b0699f42419610f894c6662a484,0xe5544a2a5fa9b175da60d8eec67add5582bb31b0,,0,0,0,1.35723E-05,0.04240317,2769.99,,,Mint
0xeedbae65bceaa06d4d003d64a5a3a8f755b6be1d4dd5a33f3b383c927f1ad30c,22878227,1752023015,09/07/25 01:03,0x4822c6499d4d0b0699f42419610f894c6662a484,0xe5544a2a5fa9b175da60d8eec67add5582bb31b0,,0,0,0,1.58332E-05,0.049466786,2769.99,,,Mint
0x8e977ca24c53f37cfe6cec0a62f37d953782bb7273e54d65ad79ed43faeab168,22878220,1752022931,09/07/25 01:02,0x4822c6499d4d0b0699f42419610f894c6662a484,0xe5544a2a5fa9b175da60d8eec67add5582bb31b0,,0,0,0,1.43791E-05,0.04492375,2769.99,,,Mint
0x685c4b6c617831790f0b052c6a40d2fc31cd1c1ee7d132a2d10b5047bf94b7bd,22878157,1752022175,09/07/25 00:49,0x4822c6499d4d0b0699f42419610f894c6662a484,0xe5544a2a5fa9b175da60d8eec67add5582bb31b0,,0,0,0,1.45662E-05,0.045508417,2769.99,,,Mint
0x0231354033befa350d5604c2949a6fa757eb9d5d933516f991b89d44e1b4ce2e,22878144,1752022007,09/07/25 00:46,0x4822c6499d4d0b0699f42419610f894c6662a484,0xe5544a2a5fa9b175da60d8eec67add5582bb31b0,,0,0,0,1.27648E-05,0.039880399,2769.99,,,Mint
0xefa6b122736c3dacdcc6b25a6f97d42ded0f1c50f967bc246e4174b6f7f619fb,22878137,1752021923,09/07/25 00:45,0x4822c6499d4d0b0699f42419610f894c6662a484,0xe5544a2a5fa9b175da60d8eec67add5582bb31b0,,0,0,0,1.35222E-05,0.042246829,2769.99,,,Mint
0x795f29e693b7c553519e94a81b98ff8eeabf7e97a121c7f6e575cd6ff3b2c508,22878130,1752021839,09/07/25 00:43,0x4822c6499d4d0b0699f42419610f894c6662a484,0xe5544a2a5fa9b175da60d8eec67add5582bb31b0,,0,0,0,1.36708E-05,0.042710854,2769.99,,,Mint
0x253913aaebd291e791418f13caab72cbc1c5389ab1db590a9ef2b043f977a207,22878107,1752021563,09/07/25 00:39,0x4822c6499d4d0b0699f42419610f894c6662a484,0xe5544a2a5fa9b175da60d8eec67add5582bb31b0,,0,0,0,1.50485E-05,0.047015216,2769.99,,,Mint
0xa7a74d72753acaa76500f2ac753b852d875e34af05b1369f2ec04d1ec8cc143e,22878086,1752021299,09/07/25 00:34,0x4822c6499d4d0b0699f42419610f894c6662a484,0xe5544a2a5fa9b175da60d8eec67add5582bb31b0,,0,0,0,1.60116E-05,0.050024312,2769.99,,,Mint
0x637e34cf9d7c4d0ba54ba9588099e9bd1e80d229d7324c772a40354e28180146,22878077,1752021191,09/07/25 00:33,0x4822c6499d4d0b0699f42419610f894c6662a484,0xe5544a2a5fa9b175da60d8eec67add5582bb31b0,,0,0,0,1.77021E-05,0.055305833,2769.99,,,Mint
0x6874b976a1addf893c45820e2f5eb61459e459508d509226839d32841575235c,22878071,1752021119,09/07/25 00:31,0x4822c6499d4d0b0699f42419610f894c6662a484,0xe5544a2a5fa9b175da60d8eec67add5582bb31b0,,0,0,0,1.70153E-05,0.053160008,2769.99,,,Mint
0xf6e9bdc8a4c250441a465a8a9288df76977d14ecfd34ced4440e39f366744737,22878068,1752021083,09/07/25 00:31,0x4822c6499d4d0b0699f42419610f894c6662a484,0xe5544a2a5fa9b175da60d8eec67add5582bb31b0,,0,0,0,1.73709E-05,0.054271034,2769.99,,,Mint
0x848a1c035a8fb8fc0ef903608e5c34bc4399f6e79352d2bad5803564afdecd20,22878048,1752020831,09/07/25 00:27,0x4822c6499d4d0b0699f42419610f894c6662a484,0xe5544a2a5fa9b175da60d8eec67add5582bb31b0,,0,0,0,1.68734E-05,0.052716801,2769.99,,,Mint
0x07afdb9eb5cfba7551031978ce98128383197acc713d493e7107c4e7d6ea43d9,22878036,1752020687,09/07/25 00:24,0x4822c6499d4d0b0699f42419610f894c6662a484,0xe5544a2a5fa9b175da60d8eec67add5582bb31b0,,0,0,0,1.58568E-05,0.049540658,2769.99,,,Mint
0xd94aa706ca15bb4ca5b7ae1b21adde067779285ec93a3cc358cd4afcda6ca66b,22878033,1752020651,09/07/25 00:24,0x4822c6499d4d0b0699f42419610f894c6662a484,0xe5544a2a5fa9b175da60d8eec67add5582bb31b0,,0,0,0,1.56152E-05,0.048785697,2769.99,,,Mint
0xffbe079a38dd15090afd0839eeeb01baca6af91b3a880b0df4c305afc417afce,22878028,1752020591,09/07/25 00:23,0x4822c6499d4d0b0699f42419610f894c6662a484,0xe5544a2a5fa9b175da60d8eec67add5582bb31b0,,0,0,0,1.52205E-05,0.047552461,2769.99,,,Mint
0x03aee4b0cb1657ae511eb360e8d1b0695faa8d2f3daccef8554807360c472bfd,22878021,1752020507,09/07/25 00:21,0x4822c6499d4d0b0699f42419610f894c6662a484,0xe5544a2a5fa9b175da60d8eec67add5582bb31b0,,0,0,0,1.55957E-05,0.048724857,2769.99,,,Mint
0xc8f0db28386ec957aa1fdb0c65a96027f2f9a8b1306d5092e50b7f5a6b4bb8dc,22877993,1752020171,09/07/25 00:16,0x4822c6499d4d0b0699f42419610f894c6662a484,0xe5544a2a5fa9b175da60d8eec67add5582bb31b0,,0,0,0,1.56029E-05,0.048747186,2769.99,,,Mint
0x5de46227de23260085a3eee9846ec4dcffdecafbf00e2f8f6fbd0ff52a99a163,22877974,1752019943,09/07/25 00:12,0x4822c6499d4d0b0699f42419610f894c6662a484,0xe5544a2a5fa9b175da60d8eec67add5582bb31b0,,0,0,0,1.58079E-05,0.049387651,2769.99,,,Mint
0x48948e36808ce4faf4b4c395c51ee88cc029375f084921c5748680ea5553ce96,22877961,1752019787,09/07/25 00:09,0x4822c6499d4d0b0699f42419610f894c6662a484,0xe5544a2a5fa9b175da60d8eec67add5582bb31b0,,0,0,0,1.6449E-05,0.051390702,2769.99,,,Mint
0x42bbf64859ec3b3b7fc82b72fcdeac36f1209b6359bf0863db68b2e4299ea44b,22877947,1752019619,09/07/25 00:06,0x4822c6499d4d0b0699f42419610f894c6662a484,0xe5544a2a5fa9b175da60d8eec67add5582bb31b0,,0,0,0,1.7046E-05,0.05325593,2769.99,,,Mint
0x5a080062a586caa7812e0e13f20201d060395ff62da42380e283b7eab173369f,22877924,1752019343,09/07/25 00:02,0x4822c6499d4d0b0699f42419610f894c6662a484,0xe5544a2a5fa9b175da60d8eec67add5582bb31b0,,0,0,0,1.75112E-05,0.054709283,2769.99,,,Mint
0xd1d65ec33e7194d3911a4c75164d42c75cdc8f7c4092c9aeb95032b205346224,22877903,1752019091,08/07/25 23:58,0x4822c6499d4d0b0699f42419610f894c6662a484,0xe5544a2a5fa9b175da60d8eec67add5582bb31b0,,0,0,0,1.56519E-05,0.048900444,2616.29,,,Mint
0xee6e7f9be7a3136d61fab3719cc4edd834666b6ae0fff74c5ce47e57b9c3f61d,22877890,1752018935,08/07/25 23:55,0x4822c6499d4d0b0699f42419610f894c6662a484,0xe5544a2a5fa9b175da60d8eec67add5582bb31b0,,0,0,0,1.74705E-05,0.054582149,2616.29,,,Mint
0x2b9bc2ae659b51a416a8080ba5090a86fa24f43113fb80d4ebbea8c20b9f3433,22877878,1752018779,08/07/25 23:52,0x4822c6499d4d0b0699f42419610f894c6662a484,0xe5544a2a5fa9b175da60d8eec67add5582bb31b0,,0,0,0,1.62792E-05,0.050860102,2616.29,,,Mint
0xf5f7c112b753bd172294e0dc92b02c857e5b1d45b26f5ed254ae1eb97eed18fe,22877873,1752018719,08/07/25 23:51,0x4822c6499d4d0b0699f42419610f894c6662a484,0xe5544a2a5fa9b175da60d8eec67add5582bb31b0,,0,0,0,1.73546E-05,0.054219925,2616.29,,,Mint
0xd13884f4c476ee0878c63ab43fbe2ba260eaf0df99d96f60b8f22a0c48d898c8,22877866,1752018635,08/07/25 23:50,0x4822c6499d4d0b0699f42419610f894c6662a484,0xe5544a2a5fa9b175da60d8eec67add5582bb31b0,,0,0,0,1.82891E-05,0.057139554,2616.29,,,Mint
0x46f5158927da693933e1c429eb2bba1e28fae0f72e3990be69e5365f2bb847ff,22877856,1752018515,08/07/25 23:48,0x4822c6499d4d0b0699f42419610f894c6662a484,0xe5544a2a5fa9b175da60d8eec67add5582bb31b0,,0,0,0,1.92642E-05,0.060185995,2616.29,,,Mint
0x972c5b24623ef147c1a3bc6d3a3d138f52eb3c543f6b63f533a8dcd25d669ac9,22877838,1752018299,08/07/25 23:44,0x4822c6499d4d0b0699f42419610f894c6662a484,0xe5544a2a5fa9b175da60d8eec67add5582bb31b0,,0,0,0,2.00314E-05,0.062582954,2616.29,,,Mint
0x819b9a2178a238445a14bd76c0959da76950c80343d2b311f27931cc4eece0a9,22877796,1752017795,08/07/25 23:36,0x4822c6499d4d0b0699f42419610f894c6662a484,0xe5544a2a5fa9b175da60d8eec67add5582bb31b0,,0,0,0,1.98199E-05,0.061922304,2616.29,,,Mint
0xd200a06195da00e68976db77638f9c58f9cf3548d4e4fe6963b2ef2a4b919762,22877791,1752017735,08/07/25 23:35,0x4822c6499d4d0b0699f42419610f894c6662a484,0xe5544a2a5fa9b175da60d8eec67add5582bb31b0,,0,0,0,2.36676E-05,0.073943316,2616.29,,,Mint
0x00e5239a1c672623724830677e7c6b41d724927dc0d8d441c5c9f747c2dc6ace,22877727,1752016967,08/07/25 23:22,0x4822c6499d4d0b0699f42419610f894c6662a484,0xe5544a2a5fa9b175da60d8eec67add5582bb31b0,,0,0,0,2.91862E-05,0.091184951,2616.29,,,Mint
0xd29131642d9d5e8dd86b51817ad32f24dc5a621b34010b529c7c3c684ec72e52,22877719,1752016859,08/07/25 23:20,0x4822c6499d4d0b0699f42419610f894c6662a484,0xe5544a2a5fa9b175da60d8eec67add5582bb31b0,,0,0,0,2.58126E-05,0.080644974,2616.29,,,Mint
0x694d779ffbaa510b2d5895e3a204005469ef01355c8f2f99bda6313d6d8a235f,22877699,1752016619,08/07/25 23:16,0x4822c6499d4d0b0699f42419610f894c6662a484,0xe5544a2a5fa9b175da60d8eec67add5582bb31b0,,0,0,0,3.19227E-05,0.099734405,2616.29,,,Mint
0x50341081642145ed8c8795d248f53dd288429c8ded2cf2e7a32d39f10cd63101,22877694,1752016559,08/07/25 23:15,0x4822c6499d4d0b0699f42419610f894c6662a484,0xe5544a2a5fa9b175da60d8eec67add5582bb31b0,,0,0,0,2.94459E-05,0.091996304,2616.29,,,Mint
0x4d7773d9b8f37bdf6c984e6431f0ceabf4d10f0b666a46e9b84579c52fab6b7f,22877682,1752016415,08/07/25 23:13,0x4822c6499d4d0b0699f42419610f894c6662a484,0xe5544a2a5fa9b175da60d8eec67add5582bb31b0,,0,0,0,3.52358E-05,0.110085178,2616.29,,,Mint
0x7cfc5738ede44659a6d34d6f4136d05c81f3b534b50c3594ab04e2c3b4a00f04,22877672,1752016295,08/07/25 23:11,0x4822c6499d4d0b0699f42419610f894c6662a484,0xe5544a2a5fa9b175da60d8eec67add5582bb31b0,,0,0,0,3.60881E-05,0.112748205,2616.29,,,Mint
0xf8d6b4fbfbaeec9438cc000be8091271039fabfa23f47433d5845b38de97396c,22877661,1752016163,08/07/25 23:09,0x4822c6499d4d0b0699f42419610f894c6662a484,0xe5544a2a5fa9b175da60d8eec67add5582bb31b0,,0,0,0,3.95243E-05,0.123483778,2616.29,,,Mint
0xe2203c13c43b70f554c1ed1567bf337551bc90a0d1df5b37a9f50eb134aa86c4,22877656,1752016103,08/07/25 23:08,0x4822c6499d4d0b0699f42419610f894c6662a484,0xe5544a2a5fa9b175da60d8eec67add5582bb31b0,,0,0,0,3.83174E-05,0.119712922,2616.29,,,Mint
0x9d0337ade85241587b90fde9da062f30217de18dcfc8cc401c5c3023c2447001,22877651,1752016043,08/07/25 23:07,0x4822c6499d4d0b0699f42419610f894c6662a484,0xe5544a2a5fa9b175da60d8eec67add5582bb31b0,,0,0,0,3.83546E-05,0.119829213,2616.29,,,Mint
0x8eb58a0d77051d559c1c5b9f46b5b323337b6ee0c67c2dc95e598583c1e37901,22877643,1752015947,08/07/25 23:05,0x4822c6499d4d0b0699f42419610f894c6662a484,0xe5544a2a5fa9b175da60d8eec67add5582bb31b0,,0,0,0,3.11271E-05,0.097248663,2616.29,,,Mint
0x9db956f72a6cb536671848d5f109659bce510e8d7c9d7822f684840927ed1325,22877628,1752015767,08/07/25 23:02,0x4822c6499d4d0b0699f42419610f894c6662a484,0xe5544a2a5fa9b175da60d8eec67add5582bb31b0,,0,0,0,2.66925E-05,0.083394,2616.29,,,Mint
0xd8d9a56d86c707824c890986bd81517ba61839167aa8a9a3e476a0267bfd25bc,22877622,1752015695,08/07/25 23:01,0x4822c6499d4d0b0699f42419610f894c6662a484,0xe5544a2a5fa9b175da60d8eec67add5582bb31b0,,0,0,0,2.63417E-05,0.082298014,2616.29,,,Mint
0xc192235143e75997f700ecb15b8fa9cc25c3a0cc8b69224ddc71b5867ebaa070,22877601,1752015443,08/07/25 22:57,0x4822c6499d4d0b0699f42419610f894c6662a484,0xe5544a2a5fa9b175da60d8eec67add5582bb31b0,,0,0,0,2.73221E-05,0.085360989,2616.29,,,Mint
0x983b80af66490631b7c022307da2bf3b5663f7d960571aaa148ed29a95194b1d,22877595,1752015371,08/07/25 22:56,0x4822c6499d4d0b0699f42419610f894c6662a484,0xe5544a2a5fa9b175da60d8eec67add5582bb31b0,,0,0,0,2.77901E-05,0.086823,2616.29,,,Mint
0xb7e94a686b1ac334b9c2ac7a2ba6fd4dc64a527cd8fe4f22acdf951759f8f48e,22877592,1752015335,08/07/25 22:55,0x4822c6499d4d0b0699f42419610f894c6662a484,0xe5544a2a5fa9b175da60d8eec67add5582bb31b0,,0,0,0,2.85073E-05,0.089063735,2616.29,,,Mint
0xd458a1515869633ad96af579c7e82d117b16f2f7cc13e73f22a7e5338426a4be,22877578,1752015167,08/07/25 22:52,0x4822c6499d4d0b0699f42419610f894c6662a484,0xe5544a2a5fa9b175da60d8eec67add5582bb31b0,,0,0,0,3.5475E-05,0.110832753,2616.29,,,Mint
0x9a4ab99e1944dda04d7dc82088d8dff589a2ff8db0a92707aebe44c9a7c69c06,22877546,1752014783,08/07/25 22:46,0x4822c6499d4d0b0699f42419610f894c6662a484,0xe5544a2a5fa9b175da60d8eec67add5582bb31b0,,0,0,0,2.90223E-05,0.09067292,2616.29,,,Mint
0x48ff24566bf0409940f7fef4fafee594688a1b407b545bb365c3cc2e8f695884,22877537,1752014675,08/07/25 22:44,0x4822c6499d4d0b0699f42419610f894c6662a484,0xe5544a2a5fa9b175da60d8eec67add5582bb31b0,,0,0,0,2.74133E-05,0.085646035,2616.29,,,Mint
0xd37d725b1403cd1fe5dbabdc4a9ef89e2e3b428b6b26e3720d4643d9eef8bb37,22877534,1752014639,08/07/25 22:43,0x4822c6499d4d0b0699f42419610f894c6662a484,0xe5544a2a5fa9b175da60d8eec67add5582bb31b0,,0,0,0,2.92314E-05,0.09132598,2616.29,,,Mint
0xfe8ba19cee1083ecc0d68133dde8250390e5f8c33e26579ee1c1cb6d992a3815,22877512,1752014375,08/07/25 22:39,0x4822c6499d4d0b0699f42419610f894c6662a484,0xe5544a2a5fa9b175da60d8eec67add5582bb31b0,,0,0,0,2.95488E-05,0.092317606,2616.29,,,Mint
0x87d81350d25f29eef1edcc3e2490063ef5c7f34963f4ec0017bcb5c94860492d,22877502,1752014255,08/07/25 22:37,0x4822c6499d4d0b0699f42419610f894c6662a484,0xe5544a2a5fa9b175da60d8eec67add5582bb31b0,,0,0,0,3.25387E-05,0.101658891,2616.29,,,Mint
0x829983677ad73f8de263b9cf680b60550187d633e4d1ef6a5a8fc8e5a53f6e43,22877499,1752014219,08/07/25 22:36,0x4822c6499d4d0b0699f42419610f894c6662a484,0xe5544a2a5fa9b175da60d8eec67add5582bb31b0,,0,0,0,3.0108E-05,0.094064932,2616.29,,,Mint
0xa69fadc407dd4457c2e18a298b8cdbb1001523b3747cb611b8c2ed019447a87d,22877494,1752014159,08/07/25 22:35,0x4822c6499d4d0b0699f42419610f894c6662a484,0xe5544a2a5fa9b175da60d8eec67add5582bb31b0,,0,0,0,3.11392E-05,0.097286498,2616.29,,,Mint
0x2e667b61317ab5f919c05ec20cdfd2d04886e87d47fdd10f9861f98cabaa8c1e,22877476,1752013943,08/07/25 22:32,0x4822c6499d4d0b0699f42419610f894c6662a484,0xe5544a2a5fa9b175da60d8eec67add5582bb31b0,,0,0,0,2.8422E-05,0.088797385,2616.29,,,Mint
0xf75fa9533d8d9366c0b3447110d31259fff3a053dcb09b8114fbc1112736ebb5,22877472,1752013895,08/07/25 22:31,0x4822c6499d4d0b0699f42419610f894c6662a484,0xe5544a2a5fa9b175da60d8eec67add5582bb31b0,,0,0,0,2.80327E-05,0.087581114,2616.29,,,Mint
0x9cb64efa9965c75b2883a785414432e508e67cf1b68aaf9e9bf967b407e4ac55,22877462,1752013775,08/07/25 22:29,0x4822c6499d4d0b0699f42419610f894c6662a484,0xe5544a2a5fa9b175da60d8eec67add5582bb31b0,,0,0,0,2.70202E-05,0.084417825,2616.29,,,Mint
0x25a11ece96d6ca5bbbfe89d6b4e9b3577ff8c124070afd832c57117644bd9778,22877444,1752013559,08/07/25 22:25,0x4822c6499d4d0b0699f42419610f894c6662a484,0xe5544a2a5fa9b175da60d8eec67add5582bb31b0,,0,0,0,2.87255E-05,0.0897455,2616.29,,,Mint
0xfd399d8a645ec0c6051f7fd051737f96c61b75382eb14f97615ddbfa8930b8f1,22877441,1752013523,08/07/25 22:25,0x4822c6499d4d0b0699f42419610f894c6662a484,0xe5544a2a5fa9b175da60d8eec67add5582bb31b0,,0,0,0,2.89202E-05,0.090353681,2616.29,,,Mint
0x35fbe956d43bd9967e8cb6eb7c05ffbf76d79faa9127b02b5c9b55588b5bad7c,22877433,1752013427,08/07/25 22:23,0x4822c6499d4d0b0699f42419610f894c6662a484,0xe5544a2a5fa9b175da60d8eec67add5582bb31b0,,0,0,0,2.94417E-05,0.091982993,2616.29,,,Mint
0x2914986dfcbc8f4101e0bef52c63db9c9154cd2a7c3cab8dd28a692911071d5f,22877419,1752013259,08/07/25 22:20,0x4822c6499d4d0b0699f42419610f894c6662a484,0xe5544a2a5fa9b175da60d8eec67add5582bb31b0,,0,0,0,3.09259E-05,0.096620238,2616.29,,,Mint
0x7f3c44a011901067108af8d7a3cd72cfcc53e0070f8467f06e33d64f1028cf3c,22877392,1752012935,08/07/25 22:15,0x4822c6499d4d0b0699f42419610f894c6662a484,0xe5544a2a5fa9b175da60d8eec67add5582bb31b0,,0,0,0,3.48174E-05,0.108778,2616.29,,,Mint
0x139793c95f537b574d8053e7b480e3d6a8fda9fef524c71514fd23df99c82468,22877388,1752012887,08/07/25 22:14,0x4822c6499d4d0b0699f42419610f894c6662a484,0xe5544a2a5fa9b175da60d8eec67add5582bb31b0,,0,0,0,3.35442E-05,0.104800332,2616.29,,,Mint
0x23b8bdd1de781198ea165c68e973317ca51319e5a91c330ef368cf1afe3510f8,22877381,1752012803,08/07/25 22:13,0x4822c6499d4d0b0699f42419610f894c6662a484,0xe5544a2a5fa9b175da60d8eec67add5582bb31b0,,0,0,0,3.43434E-05,0.107297192,2616.29,,,Mint
0xd3e5ecec4af010a6e35262bb0635afde5df5cc2e43026f425b484363db0e0b05,22877363,1752012587,08/07/25 22:09,0x4822c6499d4d0b0699f42419610f894c6662a484,0xe5544a2a5fa9b175da60d8eec67add5582bb31b0,,0,0,0,3.37465E-05,0.105432308,2616.29,,,Mint
0x2f4cb82508033dad78ee5164749f72e7a4384a52397aab940779c265dcc4abe3,22877342,1752012335,08/07/25 22:05,0x4822c6499d4d0b0699f42419610f894c6662a484,0xe5544a2a5fa9b175da60d8eec67add5582bb31b0,,0,0,0,3.48008E-05,0.10872621,2616.29,,,Mint
0x444ee462aace34ede3fc5e1a4c02c2a9c2fff9e0dad8989ca3e40a7865710e0c,22877335,1752012251,08/07/25 22:04,0x4822c6499d4d0b0699f42419610f894c6662a484,0xe5544a2a5fa9b175da60d8eec67add5582bb31b0,,0,0,0,3.34097E-05,0.104379987,2616.29,,,Mint
0x769a79481715f70a53b7fd4e1e3222cd9ef3ca43989d9b9f6ddb82b00bad9c8c,22877320,1752012071,08/07/25 22:01,0x4822c6499d4d0b0699f42419610f894c6662a484,0xe5544a2a5fa9b175da60d8eec67add5582bb31b0,,0,0,0,3.26284E-05,0.101939111,2616.29,,,Mint
0xc30cfb9ddd15247ca59551c5ac44d689501d55e11bcb0a49b2b8e2f298b6f6b1,22877310,1752011951,08/07/25 21:59,0x4822c6499d4d0b0699f42419610f894c6662a484,0xe5544a2a5fa9b175da60d8eec67add5582bb31b0,,0,0,0,3.87002E-05,0.120909025,2616.29,,,Mint
0x0bd6f85ddf2a777c1d4615658a918f2093e670de779d9a0ad8e969e402861af2,22877303,1752011867,08/07/25 21:57,0x4822c6499d4d0b0699f42419610f894c6662a484,0xe5544a2a5fa9b175da60d8eec67add5582bb31b0,,0,0,0,3.56048E-05,0.111238268,2616.29,,,Mint
0x2c928deabf545461436fa6e55e97547e61038bdc39f0f22b5bdc3b4236e9b942,22877286,1752011663,08/07/25 21:54,0x4822c6499d4d0b0699f42419610f894c6662a484,0xe5544a2a5fa9b175da60d8eec67add5582bb31b0,,0,0,0,4.21503E-05,0.131688051,2616.29,,,Mint
0xf86f328c2715031e345c87bde679b855900ace01df3237ff668958f0a3ae7a6d,22877263,1752011387,08/07/25 21:49,0x4822c6499d4d0b0699f42419610f894c6662a484,0xe5544a2a5fa9b175da60d8eec67add5582bb31b0,,0,0,0,4.60639E-05,0.143915067,2616.29,,,Mint
0xfda49f4dbad741545e20b59f6b11b07a872d6721691ae7dbe68ea45cdf81e413,22877212,1752010775,08/07/25 21:39,0x4822c6499d4d0b0699f42419610f894c6662a484,0xe5544a2a5fa9b175da60d8eec67add5582bb31b0,,0,0,0,4.1655E-05,0.13014046,2616.29,,,Mint
0x0536e9785c50ae67790845a535825f18daba557d21c94d710d902e6f0b9a5dbb,22877203,1752010667,08/07/25 21:37,0x4822c6499d4d0b0699f42419610f894c6662a484,0xe5544a2a5fa9b175da60d8eec67add5582bb31b0,,0,0,0,4.60598E-05,0.143901987,2616.29,,,Mint
0x400df7ac9d8c146faf791ff140da53b35f5a7cb0ff26e7e9d79b1727e71df3dc,22877168,1752010247,08/07/25 21:30,0x4822c6499d4d0b0699f42419610f894c6662a484,0xe5544a2a5fa9b175da60d8eec67add5582bb31b0,,0,0,0,4.02464E-05,0.12573962,2616.29,,,Mint
0x1ea23221e4679fee0a74bd7ed07b0630cc56ab7f94a694c61c39df03cbc14d56,22877156,1752010103,08/07/25 21:28,0x4822c6499d4d0b0699f42419610f894c6662a484,0xe5544a2a5fa9b175da60d8eec67add5582bb31b0,,0,0,0,4.31733E-05,0.134884147,2616.29,,,Mint
0x454337e02b43b49959096506b282940c767f95a3d5254ca17a86064e34187277,22877154,1752010079,08/07/25 21:27,0x4822c6499d4d0b0699f42419610f894c6662a484,0xe5544a2a5fa9b175da60d8eec67add5582bb31b0,,0,0,0,4.29768E-05,0.134270141,2616.29,,,Mint
0xf230c0afadcfd5f338985d58974cd34cb24ef05ac568e5aaabf14c5608950200,22877150,1752010031,08/07/25 21:27,0x4822c6499d4d0b0699f42419610f894c6662a484,0xe5544a2a5fa9b175da60d8eec67add5582bb31b0,,0,0,0,4.3366E-05,0.135486027,2616.29,,,Mint
0xc878811a3a0b34d28d09c90b8c7c02aefb14922c68986303a63e2a6f55471699,22877148,1752010007,08/07/25 21:26,0x4822c6499d4d0b0699f42419610f894c6662a484,0xe5544a2a5fa9b175da60d8eec67add5582bb31b0,,0,0,0,4.34042E-05,0.135605276,2616.29,,,Mint
0x036f2c03b6e9ffae18ac43b078f81e76b43b2fc5bf60a1658fdf9b7258aa120b,22877135,1752009851,08/07/25 21:24,0x4822c6499d4d0b0699f42419610f894c6662a484,0xe5544a2a5fa9b175da60d8eec67add5582bb31b0,,0,0,0,4.18788E-05,0.130839642,2616.29,,,Mint
0x608aa7208d8c9fdec008e8a4867e53fa48718466c939d070487edc93911787bb,22877126,1752009743,08/07/25 21:22,0x4822c6499d4d0b0699f42419610f894c6662a484,0xe5544a2a5fa9b175da60d8eec67add5582bb31b0,,0,0,0,4.37928E-05,0.136819509,2616.29,,,Mint
0x9ed8c67f9b948de3b6c2914f340e887140581f76774f56c1074f95babe866ddb,22877118,1752009647,08/07/25 21:20,0x4822c6499d4d0b0699f42419610f894c6662a484,0xe5544a2a5fa9b175da60d8eec67add5582bb31b0,,0,0,0,4.2582E-05,0.133036715,2616.29,,,Mint
0xe588eddc46a85b5483b8bbef52788c3d309ef828e06a070cc737664aa344b934,22877112,1752009575,08/07/25 21:19,0x4822c6499d4d0b0699f42419610f894c6662a484,0xe5544a2a5fa9b175da60d8eec67add5582bb31b0,,0,0,0,3.8651E-05,0.120755317,2616.29,,,Mint
0xf108099a8aaf5e92757128ed42fa4c4d01a8d619a10a419abd81f209f72b8e05,22877104,1752009479,08/07/25 21:17,0x4822c6499d4d0b0699f42419610f894c6662a484,0xe5544a2a5fa9b175da60d8eec67add5582bb31b0,,0,0,0,3.88029E-05,0.121229691,2616.29,,,Mint
0x4f946d0254b53d1ff97d5a24a4ca4f99d612f9c9b8b7f1b23fae3d5bb29d12b8,22877096,1752009371,08/07/25 21:16,0x4822c6499d4d0b0699f42419610f894c6662a484,0xe5544a2a5fa9b175da60d8eec67add5582bb31b0,,0,0,0,3.70413E-05,0.11572601,2616.29,,,Mint
0x1ae64d901394c157e35aaf5ef9513347be9cfbef014dedcafa7e9cabcdd88841,22877093,1752009335,08/07/25 21:15,0x4822c6499d4d0b0699f42419610f894c6662a484,0xe5544a2a5fa9b175da60d8eec67add5582bb31b0,,0,0,0,3.88311E-05,0.121317962,2616.29,,,Mint
0x91f92f4b4df4671d1145dc6d311aa02148fa560014ac2f83381db390791d4a67,22877088,1752009275,08/07/25 21:14,0x4822c6499d4d0b0699f42419610f894c6662a484,0xe5544a2a5fa9b175da60d8eec67add5582bb31b0,,0,0,0,3.64974E-05,0.114026836,2616.29,,,Mint
0x33fd6841d12df31fd310de56fea226f7a65698767937b59e2b057a55c51d5a3a,22877081,1752009191,08/07/25 21:13,0x4822c6499d4d0b0699f42419610f894c6662a484,0xe5544a2a5fa9b175da60d8eec67add5582bb31b0,,0,0,0,4.20745E-05,0.131451197,2616.29,,,Mint
0x778bdf10bcd74818681b5003b52c40265799e289506c25d3b44e642865607cb5,22877072,1752009083,08/07/25 21:11,0x4822c6499d4d0b0699f42419610f894c6662a484,0xe5544a2a5fa9b175da60d8eec67add5582bb31b0,,0,0,0,4.04773E-05,0.126460915,2616.29,,,Mint
0xc5b4e924b418732fb3757618ed2166f138889a8ca23a5829438439ffba336854,22877069,1752009047,08/07/25 21:10,0x4822c6499d4d0b0699f42419610f894c6662a484,0xe5544a2a5fa9b175da60d8eec67add5582bb31b0,,0,0,0,3.72983E-05,0.116528971,2616.29,,,Mint
0xabbd3c08088820a05f78afc3ce427915ec397989a59c23b7330c59732d0ef0e6,22877065,1752008999,08/07/25 21:09,0x4822c6499d4d0b0699f42419610f894c6662a484,0xe5544a2a5fa9b175da60d8eec67add5582bb31b0,,0,0,0,4.3325E-05,0.135357849,2616.29,,,Mint
0x1f938f473b2c75f6ddf3d3e577054b3d76f2d96d8f3ee9cbfd425dd1ef24ed38,22877055,1752008879,08/07/25 21:07,0x4822c6499d4d0b0699f42419610f894c6662a484,0xe5544a2a5fa9b175da60d8eec67add5582bb31b0,,0,0,0,4.18024E-05,0.130600912,2616.29,,,Mint
0x57da4ee3b2165129bba71db17c4cfdf018dca99417b3e2c658e03d25d965c6f0,22877051,1752008831,08/07/25 21:07,0x4822c6499d4d0b0699f42419610f894c6662a484,0xe5544a2a5fa9b175da60d8eec67add5582bb31b0,,0,0,0,4.07982E-05,0.127463751,2616.29,,,Mint
0xda0760ab067c7ae2520799cb585fdd370ef7b28a6405ed7b2314ab73cba8c624,22877043,1752008735,08/07/25 21:05,0x4822c6499d4d0b0699f42419610f894c6662a484,0xe5544a2a5fa9b175da60d8eec67add5582bb31b0,,0,0,0,4.50147E-05,0.140636945,2616.29,,,Mint
0x08373e8d7dca25e02bfbae9e3e372afc84f5bf29b04fab1ba5d83508bfebdde9,22877036,1752008651,08/07/25 21:04,0x4822c6499d4d0b0699f42419610f894c6662a484,0xe5544a2a5fa9b175da60d8eec67add5582bb31b0,,0,0,0,4.44183E-05,0.138773736,2616.29,,,Mint
0x80a91f929c48e4f46013ed497b3d9198f5eca77d6f7dc76c644ed67369974373,22877030,1752008579,08/07/25 21:02,0x4822c6499d4d0b0699f42419610f894c6662a484,0xe5544a2a5fa9b175da60d8eec67add5582bb31b0,,0,0,0,4.31323E-05,0.134755778,2616.29,,,Mint
0x6242101a38815a296b683cc056b8232f7672fa7eab2e53bd393a5a943c5dd534,22877028,1752008555,08/07/25 21:02,0x4822c6499d4d0b0699f42419610f894c6662a484,0xe5544a2a5fa9b175da60d8eec67add5582bb31b0,,0,0,0,4.21185E-05,0.131588408,2616.29,,,Mint
0x09a5a15fd8b46eaf506d07a5af5c8899986e8d5cbb0913d7b666a6db558e2c3e,22877020,1752008459,08/07/25 21:00,0x4822c6499d4d0b0699f42419610f894c6662a484,0xe5544a2a5fa9b175da60d8eec67add5582bb31b0,,0,0,0,4.11518E-05,0.128568494,2616.29,,,Mint
0x35d812657482343ccf87b79202837aa209aa864c2f704e1a2aed24c2b7284243,22877017,1752008423,08/07/25 21:00,0x4822c6499d4d0b0699f42419610f894c6662a484,0xe5544a2a5fa9b175da60d8eec67add5582bb31b0,,0,0,0,4.05862E-05,0.126801354,2616.29,,,Mint
0xd09cf93826620f6e70db7ec7d34177446381ad068eea39c6ec8dc3c36d2bc91b,22877007,1752008303,08/07/25 20:58,0x4822c6499d4d0b0699f42419610f894c6662a484,0xe5544a2a5fa9b175da60d8eec67add5582bb31b0,,0,0,0,4.04745E-05,0.126452266,2616.29,,,Mint
0x18f9a1a72290d28a82b3912e6f9e5819199407312ff1963703757c6efdcd5896,22877002,1752008243,08/07/25 20:57,0x4822c6499d4d0b0699f42419610f894c6662a484,0xe5544a2a5fa9b175da60d8eec67add5582bb31b0,,0,0,0,3.80326E-05,0.11882334,2616.29,,,Mint
0x8cf9b1004b1de3b4d78ff335bf7c9c5ede63810c9c370508f70609e9fa590bd6,22876998,1752008195,08/07/25 20:56,0x4822c6499d4d0b0699f42419610f894c6662a484,0xe5544a2a5fa9b175da60d8eec67add5582bb31b0,,0,0,0,3.85531E-05,0.120449438,2616.29,,,Mint
0x70a55dd4fe79f1058b293718b94cea7b64cff8775d611cef3be9c9581afc9c9a,22876991,1752008111,08/07/25 20:55,0x4822c6499d4d0b0699f42419610f894c6662a484,0xe5544a2a5fa9b175da60d8eec67add5582bb31b0,,0,0,0,3.87597E-05,0.121094923,2616.29,,,Mint
0x6a6fc8115a388e6ef92d23320ab0b79ce92091f95f29a1c04c30534aba98979b,22876982,1752008003,08/07/25 20:53,0x4822c6499d4d0b0699f42419610f894c6662a484,0xe5544a2a5fa9b175da60d8eec67add5582bb31b0,,0,0,0,4.09461E-05,0.127925694,2616.29,,,Mint
0x7f71ff43335c88edff424fc8cbf6c3fc2e04153af37306f8972f4b27b813ccc0,22876970,1752007859,08/07/25 20:50,0x4822c6499d4d0b0699f42419610f894c6662a484,0xe5544a2a5fa9b175da60d8eec67add5582bb31b0,,0,0,0,4.56435E-05,0.142601665,2616.29,,,Mint
0xf4d148acf5db1556bd80edf97c9c6317e402fe244fb10b5b18e388e3e13c1e1c,22876967,1752007823,08/07/25 20:50,0x4822c6499d4d0b0699f42419610f894c6662a484,0xe5544a2a5fa9b175da60d8eec67add5582bb31b0,,0,0,0,4.48683E-05,0.140179743,2616.29,,,Mint
0x10f2acfc83ccad64827d778f0688ff10579306867a79c5e105795be2d9f182f2,22876964,1752007787,08/07/25 20:49,0x4822c6499d4d0b0699f42419610f894c6662a484,0xe5544a2a5fa9b175da60d8eec67add5582bb31b0,,0,0,0,3.99715E-05,0.124880775,2616.29,,,Mint
0xb7d768cd6534f31928faecb4f6a470a37dd5431d486901eab1efcdd03c6a4a9b,22876955,1752007679,08/07/25 20:47,0x4822c6499d4d0b0699f42419610f894c6662a484,0xe5544a2a5fa9b175da60d8eec67add5582bb31b0,,0,0,0,4.84495E-05,0.151368061,2616.29,,,Mint
0xcf837d7a4bc1e78ff327835408e635ed7b85ce2361475ac2e0cb33901621d492,22876946,1752007571,08/07/25 20:46,0x4822c6499d4d0b0699f42419610f894c6662a484,0xe5544a2a5fa9b175da60d8eec67add5582bb31b0,,0,0,0,4.55699E-05,0.142371621,2616.29,,,Mint
0x6fbf8374a4b294b067a4c30bda318654b22fc73c080c79ac39ce6e08171b4d82,22876941,1752007511,08/07/25 20:45,0x4822c6499d4d0b0699f42419610f894c6662a484,0xe5544a2a5fa9b175da60d8eec67add5582bb31b0,,0,0,0,4.92886E-05,0.153989861,2616.29,,,Mint
0x3a50521e4a5d7139d19921ea4be831ff582b917497f2ad8965471f4d5e52341d,22876938,1752007475,08/07/25 20:44,0x4822c6499d4d0b0699f42419610f894c6662a484,0xe5544a2a5fa9b175da60d8eec67add5582bb31b0,,0,0,0,4.8853E-05,0.152628824,2616.29,,,Mint
0x62a2186a0166ef4e09125b79c767775f72c734de238bca1ce63dbacf4be02bdf,22876936,1752007451,08/07/25 20:44,0x0a7da29599a326568c88ef1ff2fb2f42262090fd,0xe5544a2a5fa9b175da60d8eec67add5582bb31b0,,0,0,0,4.97289E-05,0.155365202,2616.29,,,Mint
0x9cce0d158ae2e87b2f5232a63a8e2fac57e8d6f5d6580938ca81387778037812,22876934,1752007427,08/07/25 20:43,0x4822c6499d4d0b0699f42419610f894c6662a484,0xe5544a2a5fa9b175da60d8eec67add5582bb31b0,,0,0,0,5.01817E-05,0.156779943,2616.29,,,Mint
0x549d57058625dad1bc4c62e4e0d86e070df3014c31f2f79b4fb16062227df402,22876924,1752007307,08/07/25 20:41,0x0a7da29599a326568c88ef1ff2fb2f42262090fd,0xe5544a2a5fa9b175da60d8eec67add5582bb31b0,,0,0,0,4.47319E-05,0.139753605,2616.29,,,Mint
0x13ca4f5001083de89fb617a71528a8330c1b6e7bcc8f4ff01c6b6e8ad790616a,22876917,1752007223,08/07/25 20:40,0x0a7da29599a326568c88ef1ff2fb2f42262090fd,0xe5544a2a5fa9b175da60d8eec67add5582bb31b0,,0,0,0,4.48543E-05,0.14013575,2616.29,,,Mint
0x89bcd69401bf53bbecf838408d13b059fd936bffc5d26f218b3d23ceda943995,22876913,1752007175,08/07/25 20:39,0x4822c6499d4d0b0699f42419610f894c6662a484,0xe5544a2a5fa9b175da60d8eec67add5582bb31b0,,0,0,0,4.00088E-05,0.124997432,2616.29,,,Mint
0xcd23f28b0d08acea2544cfd6ba919cfd2fd9ceb1c22884901878399e56e87a5c,22876894,1752006947,08/07/25 20:35,0x0a7da29599a326568c88ef1ff2fb2f42262090fd,0xe5544a2a5fa9b175da60d8eec67add5582bb31b0,,0,0,0,4.9512E-05,0.154687632,2616.29,,,Mint
0x154913ed4e4aec0c3df1f7e273006cb231611c3428f4b63f357bf0c16c97527c,22876892,1752006923,08/07/25 20:35,0x4822c6499d4d0b0699f42419610f894c6662a484,0xe5544a2a5fa9b175da60d8eec67add5582bb31b0,,0,0,0,4.74842E-05,0.148352459,2616.29,,,Mint
0x9e229fb3f8742702706551c6996154393c31b01a8225cac02b143f84a15fb97d,22876890,1752006899,08/07/25 20:34,0x4822c6499d4d0b0699f42419610f894c6662a484,0xe5544a2a5fa9b175da60d8eec67add5582bb31b0,,0,0,0,4.74491E-05,0.148242782,2616.29,,,Mint
0x3e1aec88c3f56fed17d5b89b92f3fe3d4a031b67412d8fd51fd7b1dd501687f1,22876886,1752006851,08/07/25 20:34,0x4822c6499d4d0b0699f42419610f894c6662a484,0xe5544a2a5fa9b175da60d8eec67add5582bb31b0,,0,0,0,4.99215E-05,0.155967141,2616.29,,,Mint
0x6130ad65d3a034fe90afd790322f1491233c044949ab0dfb11a77f67bf8b8e37,22876876,1752006731,08/07/25 20:32,0x4822c6499d4d0b0699f42419610f894c6662a484,0xe5544a2a5fa9b175da60d8eec67add5582bb31b0,,0,0,0,5.3253E-05,0.166375381,2616.29,,,Mint
0xd211fef7ad4792c1111291d0157cfe62f15e04327ceea5ee435f050add7a165e,22876874,1752006707,08/07/25 20:31,0x4822c6499d4d0b0699f42419610f894c6662a484,0xe5544a2a5fa9b175da60d8eec67add5582bb31b0,,0,0,0,5.53625E-05,0.172966049,2616.29,,,Mint
0x9cac865fa53ef05ed8b7a03a24efb256f43535a0ceb1bfedea492b717b98c9ed,22876868,1752006635,08/07/25 20:30,0x4822c6499d4d0b0699f42419610f894c6662a484,0xe5544a2a5fa9b175da60d8eec67add5582bb31b0,,0,0,0,4.77498E-05,0.149182077,2616.29,,,Mint
0xb5fdbb8613aecc7b0d1dfbad5e09c7b1bdf7360f0ae4f46527fdcf1c1fdc2e74,22876859,1752006527,08/07/25 20:28,0x4822c6499d4d0b0699f42419610f894c6662a484,0xe5544a2a5fa9b175da60d8eec67add5582bb31b0,,0,0,0,4.46774E-05,0.139583177,2616.29,,,Mint
0x4a34f8d4789f27e122eadd39406f6053673a5c4d1242b56cfdc2bfe225671429,22876838,1752006275,08/07/25 20:24,0x4822c6499d4d0b0699f42419610f894c6662a484,0xe5544a2a5fa9b175da60d8eec67add5582bb31b0,,0,0,0,4.85511E-05,0.151685528,2616.29,,,Mint
0x42beda7530eaebbdc5105b0c2172052bf08ea198425488eecfb7572d5b826eba,22876835,1752006239,08/07/25 20:23,0x4822c6499d4d0b0699f42419610f894c6662a484,0xe5544a2a5fa9b175da60d8eec67add5582bb31b0,,0,0,0,4.60397E-05,0.143839409,2616.29,,,Mint
0xb22e8b5bad07e65cfd981ca6aa3cb88a71704fa0d56da5e32c32695e361c8721,22876832,1752006203,08/07/25 20:23,0x4822c6499d4d0b0699f42419610f894c6662a484,0xe5544a2a5fa9b175da60d8eec67add5582bb31b0,,0,0,0,4.82666E-05,0.150796632,2616.29,,,Mint
0xa169c95f8cdb406f592e051c29c76a3d46b50177e5f2257c76330ee764acbca5,22876829,1752006167,08/07/25 20:22,0x4822c6499d4d0b0699f42419610f894c6662a484,0xe5544a2a5fa9b175da60d8eec67add5582bb31b0,,0,0,0,4.7812E-05,0.149376529,2616.29,,,Mint
0xa22a12a5a2657e9a6ac338e861e701f8eec39f7f0d59229cc9851f55469ad428,22876825,1752006119,08/07/25 20:21,0x4822c6499d4d0b0699f42419610f894c6662a484,0xe5544a2a5fa9b175da60d8eec67add5582bb31b0,,0,0,0,4.95944E-05,0.15494513,2616.29,,,Mint
0x3c87c6f60750812e02f850a7df7a3138eda9634c5b6a0891f008c472b2df6726,22876821,1752006071,08/07/25 20:21,0x4822c6499d4d0b0699f42419610f894c6662a484,0xe5544a2a5fa9b175da60d8eec67add5582bb31b0,,0,0,0,5.04348E-05,0.15757077,2616.29,,,Mint
0x617d4c80b8f712364851ebfc0947e51b923e6cb5dbc97a530290ae9bbb9e9c06,22876818,1752006035,08/07/25 20:20,0x4822c6499d4d0b0699f42419610f894c6662a484,0xe5544a2a5fa9b175da60d8eec67add5582bb31b0,,0,0,0,5.03062E-05,0.157169055,2616.29,,,Mint
0x7a9760e3ce9b9b3bcfc6658432a84ea4f1cb68d2848c824e99cc5963a31c5d4c,22876815,1752005999,08/07/25 20:19,0x0a7da29599a326568c88ef1ff2fb2f42262090fd,0xe5544a2a5fa9b175da60d8eec67add5582bb31b0,,0,0,0,4.93314E-05,0.154123552,2616.29,,,Mint
0xd15c88689ee13d79b84682c4d9c40431d2d8d081c99242f4f1545e477fcd2e6a,22876812,1752005963,08/07/25 20:19,0x4822c6499d4d0b0699f42419610f894c6662a484,0xe5544a2a5fa9b175da60d8eec67add5582bb31b0,,0,0,0,4.23E-05,0.132155724,2616.29,,,Mint
0x6e0fc4d5fac83844b41fe6d4ec26527ce53891d37516c0145a0e7b3b55a5115c,22876796,1752005771,08/07/25 20:16,0x4822c6499d4d0b0699f42419610f894c6662a484,0xe5544a2a5fa9b175da60d8eec67add5582bb31b0,,0,0,0,4.85115E-05,0.15156192,2616.29,,,Mint
0x41d72d812eb094bacfb739611bc03942792462112ea15b81f540ec8f126e2c13,22876793,1752005735,08/07/25 20:15,0x4822c6499d4d0b0699f42419610f894c6662a484,0xe5544a2a5fa9b175da60d8eec67add5582bb31b0,,0,0,0,5.08398E-05,0.158836025,2616.29,,,Mint
0xc17b3a5eda424fe8236471211d2fe7b238c9676a64a2ef462756f54c3deb8d33,22876787,1752005663,08/07/25 20:14,0x4822c6499d4d0b0699f42419610f894c6662a484,0xe5544a2a5fa9b175da60d8eec67add5582bb31b0,,0,0,0,5.09142E-05,0.159068556,2616.29,,,Mint
0x39f7322c3a915fc5b505b1e748027dadcc2603a08e9e58dd232300cb300a2bf8,22876783,1752005615,08/07/25 20:13,0x4822c6499d4d0b0699f42419610f894c6662a484,0xe5544a2a5fa9b175da60d8eec67add5582bb31b0,,0,0,0,5.16282E-05,0.161299179,2616.29,,,Mint
0x37df9b9b11e9cddfaff13d5ed25fb89a411d1e6e625acf3144ac72648bb34a75,22876778,1752005555,08/07/25 20:12,0x4822c6499d4d0b0699f42419610f894c6662a484,0xe5544a2a5fa9b175da60d8eec67add5582bb31b0,,0,0,0,4.56348E-05,0.14257438,2616.29,,,Mint
0x1453c1362ef8ba2a56fd3a3895f004a70581c9c1b1ca850ff836605b9f8b84cd,22876769,1752005447,08/07/25 20:10,0x4822c6499d4d0b0699f42419610f894c6662a484,0xe5544a2a5fa9b175da60d8eec67add5582bb31b0,,0,0,0,4.95277E-05,0.154736793,2616.29,,,Mint
0x2832bd3da25f91d40deda184251c67da1936b851cbb588b482b683db76682911,22876764,1752005387,08/07/25 20:09,0x4822c6499d4d0b0699f42419610f894c6662a484,0xe5544a2a5fa9b175da60d8eec67add5582bb31b0,,0,0,0,5.44726E-05,0.170185645,2616.29,,,Mint
0x1bf1a81c7c9a7fee0ec8c333fea745f8b1211c1e597047d42fdd29817c32faaa,22876760,1752005339,08/07/25 20:08,0x4822c6499d4d0b0699f42419610f894c6662a484,0xe5544a2a5fa9b175da60d8eec67add5582bb31b0,,0,0,0,5.47726E-05,0.171123098,2616.29,,,Mint
0xe9e39ca0dcaf4afa3f30ae0a5e60fe1f69020e64e6e952a08ad5ec153fc5e388,22876754,1752005267,08/07/25 20:07,0x4822c6499d4d0b0699f42419610f894c6662a484,0xe5544a2a5fa9b175da60d8eec67add5582bb31b0,,0,0,0,6.08992E-05,0.190264121,2616.29,,,Mint
0x0b80b7510d4be04e5fad7b04fe2b600735a95929ed5bab84e3c4841269b1ea29,22876750,1752005219,08/07/25 20:06,0x4822c6499d4d0b0699f42419610f894c6662a484,0xe5544a2a5fa9b175da60d8eec67add5582bb31b0,,0,0,0,6.48995E-05,0.202761851,2616.29,,,Mint
0x34da5cebff2075e838d9b01f8d0e3b92b967c803b46ef2e40a6e04372ebeb99a,22876746,1752005171,08/07/25 20:06,0x4822c6499d4d0b0699f42419610f894c6662a484,0xe5544a2a5fa9b175da60d8eec67add5582bb31b0,,0,0,0,6.01392E-05,0.187889753,2616.29,,,Mint
0x0fd48b281cf74f541b89b52c943998fbfb8a2925c92f9f68d77953fc557851b6,22876735,1752005039,08/07/25 20:03,0x4822c6499d4d0b0699f42419610f894c6662a484,0xe5544a2a5fa9b175da60d8eec67add5582bb31b0,,0,0,0,5.73798E-05,0.179268699,2616.29,,,Mint
0x4db2f1d40b8e1a3148c44ec45fe46c1b8a409e81d0f3f8ed1e42cecbd1d59943,22876731,1752004991,08/07/25 20:03,0x4822c6499d4d0b0699f42419610f894c6662a484,0xe5544a2a5fa9b175da60d8eec67add5582bb31b0,,0,0,0,5.9741E-05,0.186645595,2616.29,,,Mint
0x9e9ea1e50356c4a4066c54d563319af81dc84131273ba9b61a09b293e1b16ab3,22876729,1752004967,08/07/25 20:02,0x4822c6499d4d0b0699f42419610f894c6662a484,0xe5544a2a5fa9b175da60d8eec67add5582bb31b0,,0,0,0,6.28307E-05,0.196298461,2616.29,,,Mint
0x8cedf8e39ec2ddf6ae33cd9e0c1aa3989f0fb91357cc7acf985263d653a32bd5,22876724,1752004907,08/07/25 20:01,0x0a7da29599a326568c88ef1ff2fb2f42262090fd,0xe5544a2a5fa9b175da60d8eec67add5582bb31b0,,0,0,0,6.63804E-05,0.207388543,2616.29,,,Mint
0x83d7ecbd8230edcedeb8a38c5a377e51da291d16753b94f361740e497610a9c4,22876720,1752004859,08/07/25 20:00,0x4822c6499d4d0b0699f42419610f894c6662a484,0xe5544a2a5fa9b175da60d8eec67add5582bb31b0,,0,0,0,6.26933E-05,0.195869262,2616.29,,,Mint
0xaabe37207e05e978b89ee65dfbf5bf9339787757433785ca4193ad0b37ea2aa6,22876717,1752004823,08/07/25 20:00,0x4822c6499d4d0b0699f42419610f894c6662a484,0xe5544a2a5fa9b175da60d8eec67add5582bb31b0,,0,0,0,5.87476E-05,0.18354197,2616.29,,,Mint
0xb9725caca21fcfc5bc5e0a44d6fe51f6cc89b7322b4cc67443a942ccfb5e644e,22876712,1752004763,08/07/25 19:59,0x4822c6499d4d0b0699f42419610f894c6662a484,0xe5544a2a5fa9b175da60d8eec67add5582bb31b0,,0,0,0,5.94602E-05,0.185768406,2616.29,,,Mint
0xb945c77d00db6332d0d9762b5aef22a497f8cca1a81657b98fac66c589b787b3,22876700,1752004619,08/07/25 19:56,0x0a7da29599a326568c88ef1ff2fb2f42262090fd,0xe5544a2a5fa9b175da60d8eec67add5582bb31b0,,0,0,0,6.58029E-05,0.205584297,2616.29,,,Mint
0x0bf779c20dad58dbf1e5ebcfa4b26b241b458ae44ec2248c71f15f7be7f27771,22876696,1752004571,08/07/25 19:56,0x4822c6499d4d0b0699f42419610f894c6662a484,0xe5544a2a5fa9b175da60d8eec67add5582bb31b0,,0,0,0,6.77385E-05,0.211631714,2616.29,,,Mint
0x8b535b6d09d42267a847e4f6d75ad3b052dcc11372fd7c876dacbe95c87affaf,22876692,1752004523,08/07/25 19:55,0x4822c6499d4d0b0699f42419610f894c6662a484,0xe5544a2a5fa9b175da60d8eec67add5582bb31b0,,0,0,0,7.34556E-05,0.229493395,2616.29,,,Mint
0x83353e72b07ea9834963a89b585953d5581fc63b22d072dec20843d73ca6a824,22876684,1752004427,08/07/25 19:53,0x4822c6499d4d0b0699f42419610f894c6662a484,0xe5544a2a5fa9b175da60d8eec67add5582bb31b0,,0,0,0,7.38119E-05,0.230606409,2616.29,,,Mint
0x8fcb7b5ac331528818044aef768800b6171c8aa9227337fa553f9e7bb69e05ff,22876677,1752004343,08/07/25 19:52,0x4822c6499d4d0b0699f42419610f894c6662a484,0xe5544a2a5fa9b175da60d8eec67add5582bb31b0,,0,0,0,7.92881E-05,0.247715383,2616.29,,,Mint
0x48eb6961a81aa2ff2f0e563f5a17754c0e6aff993492debe4275da4d334546ad,22876669,1752004247,08/07/25 19:50,0x4822c6499d4d0b0699f42419610f894c6662a484,0xe5544a2a5fa9b175da60d8eec67add5582bb31b0,,0,0,0,8.27137E-05,0.258417852,2616.29,,,Mint
0x740119dfe967d1e23fd877407fbc0b0c7dab7b5ab7e82d02a9d84b162bcc66c4,22876666,1752004211,08/07/25 19:50,0x0a7da29599a326568c88ef1ff2fb2f42262090fd,0xe5544a2a5fa9b175da60d8eec67add5582bb31b0,,0,0,0,8.13876E-05,0.254274946,2616.29,,,Mint
0xea97b837e09111b772fc1f357b113365988393b21063efd868df0219418658c2,22876656,1752004091,08/07/25 19:48,0x4822c6499d4d0b0699f42419610f894c6662a484,0xe5544a2a5fa9b175da60d8eec67add5582bb31b0,,0,0,0,7.94705E-05,0.248285425,2616.29,,,Mint
0x65f74cfd07628265f6a0aa1cd532d7adb686ba9f55cb9627f4ac2335693ba2e7,22876653,1752004043,08/07/25 19:47,0x0a7da29599a326568c88ef1ff2fb2f42262090fd,0xe5544a2a5fa9b175da60d8eec67add5582bb31b0,,0,0,0,8.10174E-05,0.253118391,2616.29,,,Mint
0x26e2632fce2659c90a2b483db70c4b9bf448bb6de81f1e54c9fa77acdb4b14cd,22876645,1752003947,08/07/25 19:45,0x0a7da29599a326568c88ef1ff2fb2f42262090fd,0xe5544a2a5fa9b175da60d8eec67add5582bb31b0,,0,0,0,7.82203E-05,0.244379501,2616.29,,,Mint
0x703b48bf093aef83cd7759346fbe1a9fcafcbc33ba2eade35f55641577c04b61,22876641,1752003899,08/07/25 19:44,0x4822c6499d4d0b0699f42419610f894c6662a484,0xe5544a2a5fa9b175da60d8eec67add5582bb31b0,,0,0,0,8.04E-05,0.251189415,2616.29,,,Mint
0x2cc53696a2c6a4e33fca7cabae829efa58fd4a7521810d407d9c5e162d82f947,22876639,1752003875,08/07/25 19:44,0x4822c6499d4d0b0699f42419610f894c6662a484,0xe5544a2a5fa9b175da60d8eec67add5582bb31b0,,0,0,0,7.55076E-05,0.235904361,2616.29,,,Mint
0x52de4c4a41e55543c8b32b65c293eb2f7d51aa65fb3c425442d7b6f4ab9ce265,22876634,1752003815,08/07/25 19:43,0x4822c6499d4d0b0699f42419610f894c6662a484,0xe5544a2a5fa9b175da60d8eec67add5582bb31b0,,0,0,0,7.14904E-05,0.223353458,2616.29,,,Mint
0xbfe246fb405ab443963022e2bb0f71f4bdd5813f998c95abff97080c98681a97,22876631,1752003779,08/07/25 19:42,0x4822c6499d4d0b0699f42419610f894c6662a484,0xe5544a2a5fa9b175da60d8eec67add5582bb31b0,,0,0,0,6.98392E-05,0.218194915,2616.29,,,Mint
0x588e115fcf52e99a0e3efa9b8758b93d74d97f71471457c458701c0fcf300365,22876627,1752003731,08/07/25 19:42,0x0a7da29599a326568c88ef1ff2fb2f42262090fd,0xe5544a2a5fa9b175da60d8eec67add5582bb31b0,,0,0,0,6.84454E-05,0.213840359,2616.29,,,Mint
0x26010619fb39e74190503da59bcefe849f78b08be3331bb589766c518a28254e,22876624,1752003695,08/07/25 19:41,0x0a7da29599a326568c88ef1ff2fb2f42262090fd,0xe5544a2a5fa9b175da60d8eec67add5582bb31b0,,0,0,0,6.54225E-05,0.204395956,2616.29,,,Mint
0xd6e811112b536992d4e8533b1626e8a3274b444f1804970afc838463b2e65f5e,22876620,1752003647,08/07/25 19:40,0x4822c6499d4d0b0699f42419610f894c6662a484,0xe5544a2a5fa9b175da60d8eec67add5582bb31b0,,0,0,0,6.92099E-05,0.216228736,2616.29,,,Mint
0xb525a3194bba2055d8b8bc0b6a7b5dec78aae7e5d49e23f5c94fc0c65c4a38dd,22876618,1752003623,08/07/25 19:40,0x4822c6499d4d0b0699f42419610f894c6662a484,0xe5544a2a5fa9b175da60d8eec67add5582bb31b0,,0,0,0,7.18096E-05,0.224350923,2616.29,,,Mint
0xc3cc66aa9809218f1c3177d54f057eee7869e5f6b174b867995a4f56ee01793f,22876615,1752003587,08/07/25 19:39,0x4822c6499d4d0b0699f42419610f894c6662a484,0xe5544a2a5fa9b175da60d8eec67add5582bb31b0,,0,0,0,7.24628E-05,0.226391668,2616.29,,,Mint
0xb14f6ee1327d7e212b07fe9d915d2c130d38da6e3d1e6d087f8b37775aa573bb,22876611,1752003539,08/07/25 19:38,0x4822c6499d4d0b0699f42419610f894c6662a484,0xe5544a2a5fa9b175da60d8eec67add5582bb31b0,,0,0,0,7.70361E-05,0.240679629,2616.29,,,Mint
0x06c6b27cdd095d8727c0b159413ebbd14997c578eda6965536705b05f8a738e2,22876609,1752003515,08/07/25 19:38,0x0a7da29599a326568c88ef1ff2fb2f42262090fd,0xe5544a2a5fa9b175da60d8eec67add5582bb31b0,,0,0,0,7.95082E-05,0.248403246,2616.29,,,Mint
0xc63ba6bd67c6d474d37087ff98b6ae4d6e5156367edbe1ee735a25352099fdf7,22876602,1752003431,08/07/25 19:37,0x0a7da29599a326568c88ef1ff2fb2f42262090fd,0xe5544a2a5fa9b175da60d8eec67add5582bb31b0,,0,0,0,8.1413E-05,0.254354178,2616.29,,,Mint
0x17fbe344e2f84cd47c883f710e55a92458fbedbbb89013054ab0db0053c8667c,22876599,1752003395,08/07/25 19:36,0x0a7da29599a326568c88ef1ff2fb2f42262090fd,0xe5544a2a5fa9b175da60d8eec67add5582bb31b0,,0,0,0,7.72385E-05,0.241312123,2616.29,,,Mint
0x50183f87e0f102a3a207709687c3e74bdba5586e1ecae953bade2929027fb62e,22876593,1752003323,08/07/25 19:35,0x0a7da29599a326568c88ef1ff2fb2f42262090fd,0xe5544a2a5fa9b175da60d8eec67add5582bb31b0,,0,0,0,8.08381E-05,0.252558134,2616.29,,,Mint
0xfe41367b4031114fa88fbe38157978ef60822f3fa1bb6abe79ae72afb516033a,22876591,1752003299,08/07/25 19:34,0x4822c6499d4d0b0699f42419610f894c6662a484,0xe5544a2a5fa9b175da60d8eec67add5582bb31b0,,0,0,0,7.92728E-05,0.247667626,2616.29,,,Mint
0xf2a298d3483da0fcd3467efb46a6e4937f47cfbe56ac44f4ade86039d195ad47,22876589,1752003275,08/07/25 19:34,0x0a7da29599a326568c88ef1ff2fb2f42262090fd,0xe5544a2a5fa9b175da60d8eec67add5582bb31b0,,0,0,0,7.17223E-05,0.22407801,2616.29,,,Mint
0x8e98f519f13d6ec1b48cd0bc24ca3cbdb2b73460d5d85f6b75c17dca16addccd,22876584,1752003203,08/07/25 19:33,0x4822c6499d4d0b0699f42419610f894c6662a484,0xe5544a2a5fa9b175da60d8eec67add5582bb31b0,,0,0,0,6.84728E-05,0.213926021,2616.29,,,Mint
0xdca9a4879affff6776adf257713e69e639e1e601916cff281dd4d52d6686d720,22876578,1752003131,08/07/25 19:32,0x4822c6499d4d0b0699f42419610f894c6662a484,0xe5544a2a5fa9b175da60d8eec67add5582bb31b0,,0,0,0,7.01596E-05,0.219195702,2616.29,,,Mint
0xf6c3084a9fa5b70b4ae72f38e3e9f4aa620e1bdf8d6252f6de523f0f1c56ab85,22876573,1752003071,08/07/25 19:31,0x4822c6499d4d0b0699f42419610f894c6662a484,0xe5544a2a5fa9b175da60d8eec67add5582bb31b0,,0,0,0,6.97339E-05,0.217865727,2616.29,,,Mint
0x3dc3c008ee9f8fd23f18821cfef9d5ea147a02fe27820006898894b424be3625,22876567,1752002999,08/07/25 19:29,0x4822c6499d4d0b0699f42419610f894c6662a484,0xe5544a2a5fa9b175da60d8eec67add5582bb31b0,,0,0,0,8.06516E-05,0.251975399,2616.29,,,Mint
0x4d1bc81a6ff5bb87b9398043558a22c372c118915825573267b252c63556fdf4,22876562,1752002939,08/07/25 19:28,0x0a7da29599a326568c88ef1ff2fb2f42262090fd,0xe5544a2a5fa9b175da60d8eec67add5582bb31b0,,0,0,0,8.61853E-05,0.269263965,2616.29,,,Mint
0x9000e0aa39e7d60765e0c8fe5cd7634fdbd9bb0086dfe589d48974e133f5c621,22876558,1752002891,08/07/25 19:28,0x4822c6499d4d0b0699f42419610f894c6662a484,0xe5544a2a5fa9b175da60d8eec67add5582bb31b0,,0,0,0,8.80069E-05,0.274955158,2616.29,,,Mint
0xa46105ba799ad070fb4aab13e37f5ed9fc13cbc347b94d048c455270107f196b,22876555,1752002855,08/07/25 19:27,0x4822c6499d4d0b0699f42419610f894c6662a484,0xe5544a2a5fa9b175da60d8eec67add5582bb31b0,,0,0,0,9.55456E-05,0.298508033,2616.29,,,Mint
0xb4a402413f20413983c8bc65b9da4441d0027e8c0a94d57246308c5c927268eb,22876551,1752002807,08/07/25 19:26,0x4822c6499d4d0b0699f42419610f894c6662a484,0xe5544a2a5fa9b175da60d8eec67add5582bb31b0,,0,0,0,9.98155E-05,0.311848147,2616.29,,,Mint
0x1b7d444d0d80d192db4348e4221b2a2453080b31140cb3dff7df361df6fa696d,22876549,1752002783,08/07/25 19:26,0x4822c6499d4d0b0699f42419610f894c6662a484,0xe5544a2a5fa9b175da60d8eec67add5582bb31b0,,0,0,0,0.000102746,0.321004326,2616.29,,,Mint
0x07bba3a05d6bcd5383ea666c30db8da0161af36b0fbb7012b9c53e176b96ec79,22876547,1752002759,08/07/25 19:25,0x4822c6499d4d0b0699f42419610f894c6662a484,0xe5544a2a5fa9b175da60d8eec67add5582bb31b0,,0,0,0,0.000106543,0.332865844,2616.29,,,Mint
0x55e10ef162a46a1f167ce5173309f01a2e2433e76cb5b5da4aa8432d64c35cb1,22876544,1752002723,08/07/25 19:25,0x4822c6499d4d0b0699f42419610f894c6662a484,0xe5544a2a5fa9b175da60d8eec67add5582bb31b0,,0,0,0,9.96214E-05,0.311241825,2616.29,,,Mint
0xa5d2397ee3b5e35077b9c81f3854fd68c44183db7fc27d09fced8b9550a9b454,22876536,1752002627,08/07/25 19:23,0x4822c6499d4d0b0699f42419610f894c6662a484,0xe5544a2a5fa9b175da60d8eec67add5582bb31b0,,0,0,0,9.8261E-05,0.306991658,2616.29,,,Mint
0x57c58e11ece1b52b03ede189201e8e375b9548e0c221e232a068665600db3f7e,22876531,1752002567,08/07/25 19:22,0x4822c6499d4d0b0699f42419610f894c6662a484,0xe5544a2a5fa9b175da60d8eec67add5582bb31b0,,0,0,0,9.60382E-05,0.300046816,2616.29,,,Mint
0x694368270fcc0b474f30b3dd04ed91ca1dfa68ffd2d41f94a9cfb304a74bb974,22876526,1752002507,08/07/25 19:21,0x4822c6499d4d0b0699f42419610f894c6662a484,0xe5544a2a5fa9b175da60d8eec67add5582bb31b0,,0,0,0,0.000110485,0.345183782,2616.29,,,Mint
0x3bcb3462f54c67cd9112e1c0a4c84a6a04c782e580aef1779353f79b65b73d25,22876524,1752002483,08/07/25 19:21,0x4822c6499d4d0b0699f42419610f894c6662a484,0xe5544a2a5fa9b175da60d8eec67add5582bb31b0,,0,0,0,0.000115567,0.361058745,2616.29,,,Mint
0xd4eab6d0a9412b9ab6226b269550713b53d71a52f6ab23e3734e00614fc495c5,22876521,1752002447,08/07/25 19:20,0x4822c6499d4d0b0699f42419610f894c6662a484,0xe5544a2a5fa9b175da60d8eec67add5582bb31b0,,0,0,0,0.000113182,0.353608572,2616.29,,,Mint
0xb24dc3043a28f9a6092c30248e591dcb399680a34bfe6dff157f1436aad0cdec,22876518,1752002411,08/07/25 19:20,0x4822c6499d4d0b0699f42419610f894c6662a484,0xe5544a2a5fa9b175da60d8eec67add5582bb31b0,,0,0,0,0.000116564,0.364173625,2616.29,,,Mint
0x201b4970a0a71afb427dffd285e8f4b82cd8b4e65c2b5bdd62ab5d3492cd3c6c,22876516,1752002387,08/07/25 19:19,0x4822c6499d4d0b0699f42419610f894c6662a484,0xe5544a2a5fa9b175da60d8eec67add5582bb31b0,,0,0,0,0.000122584,0.382981036,2616.29,,,Mint
0x0bf326218ab5ed72cafa529e62f04d585867456980e091701a60a4834a5385e1,22876514,1752002363,08/07/25 19:19,0x0a7da29599a326568c88ef1ff2fb2f42262090fd,0xe5544a2a5fa9b175da60d8eec67add5582bb31b0,,0,0,0,0.000128656,0.401952571,2616.29,,,Mint
0x3ca30c74e199e805db21398d476b0830d15c7f2bab6a9a4a979a44da93328153,22876509,1752002303,08/07/25 19:18,0x4822c6499d4d0b0699f42419610f894c6662a484,0xe5544a2a5fa9b175da60d8eec67add5582bb31b0,,0,0,0,0.000130103,0.406473332,2616.29,,,Mint
0x3d8c61cf0c38ce483cd49b34a908d2439349d96e1d9b6f9563fe417361f58b35,22876505,1752002255,08/07/25 19:17,0x4822c6499d4d0b0699f42419610f894c6662a484,0xe5544a2a5fa9b175da60d8eec67add5582bb31b0,,0,0,0,0.000122634,0.383137864,2616.29,,,Mint
0x03cf7cc08b80ecfa719c9d8a3ab982c7af70466cd12d38616402a1e044447fe5,22876503,1752002231,08/07/25 19:17,0x4822c6499d4d0b0699f42419610f894c6662a484,0xe5544a2a5fa9b175da60d8eec67add5582bb31b0,,0,0,0,0.000124524,0.389042841,2616.29,,,Mint
0x69858a31699cd1a92a4d7f5fe906d210036219ebec861626866b0c27baf7ff94,22876498,1752002171,08/07/25 19:16,0x4822c6499d4d0b0699f42419610f894c6662a484,0xe5544a2a5fa9b175da60d8eec67add5582bb31b0,,0,0,0,0.000120889,0.377687834,2616.29,,,Mint
0x43a721dfacc5d7f9f351c41da8e0f15fdc4a87b4ad6482df0b3df3b8863941eb,22876495,1752002135,08/07/25 19:15,0x4822c6499d4d0b0699f42419610f894c6662a484,0xe5544a2a5fa9b175da60d8eec67add5582bb31b0,,0,0,0,0.000117259,0.366345772,2616.29,,,Mint
0xea90fd4a7052047cc87eb8b073a0cf8a7cbcaa3212a562e209f8b1083fc33317,22876492,1752002099,08/07/25 19:14,0x4822c6499d4d0b0699f42419610f894c6662a484,0xe5544a2a5fa9b175da60d8eec67add5582bb31b0,,0,0,0,0.000127842,0.399408796,2616.29,,,Mint
0xfb22c9c37506a5462ea5a52a6a7b83f31f2dcfc7408e3e72f0048f030dcbddcb,22876488,1752002051,08/07/25 19:14,0x4822c6499d4d0b0699f42419610f894c6662a484,0xe5544a2a5fa9b175da60d8eec67add5582bb31b0,,0,0,0,0.000117086,0.365805994,2616.29,,,Mint
0x6e149c4bd9ddb440dc577e6144865a568c83d20b162f997ca502d0c83becedba,22876481,1752001967,08/07/25 19:12,0x4822c6499d4d0b0699f42419610f894c6662a484,0xe5544a2a5fa9b175da60d8eec67add5582bb31b0,,0,0,0,0.000125045,0.390670287,2616.29,,,Mint
0xc70a19c573a8bf64b7d48c90100fb5487f4f436946ad6957aacabf89997c8203,22876475,1752001895,08/07/25 19:11,0x4822c6499d4d0b0699f42419610f894c6662a484,0xe5544a2a5fa9b175da60d8eec67add5582bb31b0,,0,0,0,0.000132562,0.414156471,2616.29,,,Mint
0x02925d4ee9d2797dac58e11851cfe64fe139827157b88cfb8f1947d7b83b31ce,22876472,1752001859,08/07/25 19:10,0x4822c6499d4d0b0699f42419610f894c6662a484,0xe5544a2a5fa9b175da60d8eec67add5582bb31b0,,0,0,0,0.000137617,0.429950789,2616.29,,,Mint
0x0ae652594337233126544bf0bfa90981d8986cedbf0ce22e5ac79598c2f40f17,22876468,1752001811,08/07/25 19:10,0x4822c6499d4d0b0699f42419610f894c6662a484,0xe5544a2a5fa9b175da60d8eec67add5582bb31b0,,0,0,0,0.000141665,0.4425968,2616.29,,,Mint
0x937c4c1e5bc3b06530b6d84c6fc7230bb5806de7dd8de150957959051d66e948,22876463,1752001751,08/07/25 19:09,0x4822c6499d4d0b0699f42419610f894c6662a484,0xe5544a2a5fa9b175da60d8eec67add5582bb31b0,,0,0,0,0.000154268,0.481969868,2616.29,,,Mint
0x697fe4b741ddecc37eb340ccb200afcbcf8a4012cf11ae63e9f49ba08ced366e,22876459,1752001703,08/07/25 19:08,0x0a7da29599a326568c88ef1ff2fb2f42262090fd,0xe5544a2a5fa9b175da60d8eec67add5582bb31b0,,0,0,0,0.000167581,0.5235628,2616.29,,,Mint
0xd743aeceae0869a4cebab447fe97b0de1d8e3efbee04d5461fc1381e857a5472,22876456,1752001667,08/07/25 19:07,0x4822c6499d4d0b0699f42419610f894c6662a484,0xe5544a2a5fa9b175da60d8eec67add5582bb31b0,,0,0,0,0.000149498,0.46706726,2616.29,,,Mint
0x8d65d1fcea1c40d90aee9957e134457529a012c9abbbd46cf2e464af2829c247,22876454,1752001643,08/07/25 19:07,0x4822c6499d4d0b0699f42419610f894c6662a484,0xe5544a2a5fa9b175da60d8eec67add5582bb31b0,,0,0,0,0.000165511,0.517096895,2616.29,,,Mint
0x8848aa1f8482a4de82b77d3760db32d2ce441770c250b72209876b0460aed7dc,22876450,1752001595,08/07/25 19:06,0x4822c6499d4d0b0699f42419610f894c6662a484,0xe5544a2a5fa9b175da60d8eec67add5582bb31b0,,0,0,0,0.000173354,0.541599162,2616.29,,,Mint
0x514e04f5135886974792757f9730cafe06791d0a5123914dc288e61126b5418d,22876447,1752001559,08/07/25 19:05,0x4822c6499d4d0b0699f42419610f894c6662a484,0xe5544a2a5fa9b175da60d8eec67add5582bb31b0,,0,0,0,0.00017909,0.55951991,2616.29,,,Mint
0xe7958271069bab5141c6c46c413618b6c2251f18a77059122a33615f8300b60e,22876419,1752001223,08/07/25 19:00,0x4822c6499d4d0b0699f42419610f894c6662a484,0xe5544a2a5fa9b175da60d8eec67add5582bb31b0,,0,0,0,0.000196414,0.613644641,2616.29,,,Mint
0xf39aeef291552471dc1246800a297308635de11b96ad5150dad920ebbd268b29,22876416,1752001187,08/07/25 18:59,0x4822c6499d4d0b0699f42419610f894c6662a484,0xe5544a2a5fa9b175da60d8eec67add5582bb31b0,,0,0,0,0.000187657,0.586287029,2616.29,,,Mint
0x97ccaf96128969d4ebf22578f95394b516c20c7c7f88eb35095a46ba949434cd,22876414,1752001163,08/07/25 18:59,0x4822c6499d4d0b0699f42419610f894c6662a484,0xe5544a2a5fa9b175da60d8eec67add5582bb31b0,,0,0,0,0.000196273,0.613206,2616.29,,,Mint
0x8ded14c8351a38a17d0dc884364feed5fcb9fb052defdeeef058ce397eff6f86,22876411,1752001115,08/07/25 18:58,0x4822c6499d4d0b0699f42419610f894c6662a484,0xe5544a2a5fa9b175da60d8eec67add5582bb31b0,,0,0,0,0.000186985,0.584188289,2616.29,,,Mint
0x4263eff305616b68b7161bc9ee4e9f4b63fef638bce73df324cab492104c05c4,22876409,1752001091,08/07/25 18:58,0x4822c6499d4d0b0699f42419610f894c6662a484,0xe5544a2a5fa9b175da60d8eec67add5582bb31b0,,0,0,0,0.000191136,0.59715433,2616.29,,,Mint
0x47792e5b670c592f89a4e35905e3c85dc3de234383329565325bdf22fd263e1d,22876407,1752001067,08/07/25 18:57,0x4822c6499d4d0b0699f42419610f894c6662a484,0xe5544a2a5fa9b175da60d8eec67add5582bb31b0,,0,0,0,0.000180951,0.565333919,2616.29,,,Mint
0x1464f47d764bb02d748895568b4b6a77489a5353a1e568bfa534b5ab5ac69e80,22876404,1752001031,08/07/25 18:57,0x4822c6499d4d0b0699f42419610f894c6662a484,0xe5544a2a5fa9b175da60d8eec67add5582bb31b0,,0,0,0,0.000175403,0.54800354,2616.29,,,Mint
0xaec0ec370d804cb310352570aff43f3e82c2f8869655254f64468a7ac1a40a04,22876399,1752000959,08/07/25 18:55,0x4822c6499d4d0b0699f42419610f894c6662a484,0xe5544a2a5fa9b175da60d8eec67add5582bb31b0,,0,0,0,0.000171555,0.535979196,2616.29,,,Mint
0x63e460a1b7fe6ce217aa18bb9a286994574767eaf2cbfafbb2fe3bf691ad6f11,22876394,1752000899,08/07/25 18:54,0x4822c6499d4d0b0699f42419610f894c6662a484,0xe5544a2a5fa9b175da60d8eec67add5582bb31b0,,0,0,0,0.000187751,0.586578864,2616.29,,,Mint
0x6ad05ca1511357d35ef8a81d214d19e83ee615db7b10b7fd5b8c5e6d555a9aaa,22876392,1752000875,08/07/25 18:54,0x4822c6499d4d0b0699f42419610f894c6662a484,0xe5544a2a5fa9b175da60d8eec67add5582bb31b0,,0,0,0,0.000187764,0.586621532,2616.29,,,Mint
0xf45fbdf184a76079e0d9a7618c1af37a2fc9af24c0f0bfa281a61ff22b57c4e0,22876390,1752000851,08/07/25 18:54,0x4822c6499d4d0b0699f42419610f894c6662a484,0xe5544a2a5fa9b175da60d8eec67add5582bb31b0,,0,0,0,0.000165653,0.517541929,2616.29,,,Mint
0xb3bdc2179a8c65ffd50c787024c7bacd589e129ad271050b6ddc71ad20c7a396,22876387,1752000815,08/07/25 18:53,0x4822c6499d4d0b0699f42419610f894c6662a484,0xe5544a2a5fa9b175da60d8eec67add5582bb31b0,,0,0,0,0.000188247,0.588128631,2616.29,,,Mint
0x43428de443d5a992db0b925b4c91b9e48f88ac3a8a2bec45a5ebf90520ee037a,22876384,1752000779,08/07/25 18:52,0x4822c6499d4d0b0699f42419610f894c6662a484,0xe5544a2a5fa9b175da60d8eec67add5582bb31b0,,0,0,0,0.000175549,0.548457515,2616.29,,,Mint
0x36a8a56cc9c3b7d4d83960a8d83f7dce4dfc29ae49d9ddd1705a75782897b330,22876379,1752000719,08/07/25 18:51,0x4822c6499d4d0b0699f42419610f894c6662a484,0xe5544a2a5fa9b175da60d8eec67add5582bb31b0,,0,0,0,0.000182417,0.569915444,2616.29,,,Mint
0xcafceb793833b594ea7f17b1eda7c70f70537eba0a8cf125369dd30a46cd61be,22876375,1752000671,08/07/25 18:51,0x4822c6499d4d0b0699f42419610f894c6662a484,0xe5544a2a5fa9b175da60d8eec67add5582bb31b0,,0,0,0,0.000176244,0.550628769,2616.29,,,Mint
0x4e8ebe7c494fc434c1f474d901f5a909df489c65715016da17c754b1cb06923b,22876372,1752000623,08/07/25 18:50,0x4822c6499d4d0b0699f42419610f894c6662a484,0xe5544a2a5fa9b175da60d8eec67add5582bb31b0,,0,0,0,0.000152222,0.475578862,2616.29,,,Mint
0x8f244c44821651206655844807df7a43319473c5f7ec26ccdac369e1b24303b8,22876369,1752000587,08/07/25 18:49,0x4822c6499d4d0b0699f42419610f894c6662a484,0xe5544a2a5fa9b175da60d8eec67add5582bb31b0,,0,0,0,0.000150228,0.469348352,2616.29,,,Mint
0x5a001fa4b9fe0597316141681ecf0bfa68f9e04ac492cb16c7db22b7294d4972,22876366,1752000551,08/07/25 18:49,0x4822c6499d4d0b0699f42419610f894c6662a484,0xe5544a2a5fa9b175da60d8eec67add5582bb31b0,,0,0,0,0.000132956,0.415387155,2616.29,,,Mint
0x69719123345d4bd2f292d394f1b2c8051ca769c4d301510a41889712615ef5d4,22876363,1752000515,08/07/25 18:48,0x4822c6499d4d0b0699f42419610f894c6662a484,0xe5544a2a5fa9b175da60d8eec67add5582bb31b0,,0,0,0,0.000122352,0.382258857,2616.29,,,Mint
0x1617919216b7207395ccf5d243fef8f17553d20af21b58abe6d7a8b973228ed8,22876360,1752000479,08/07/25 18:47,0x4822c6499d4d0b0699f42419610f894c6662a484,0xe5544a2a5fa9b175da60d8eec67add5582bb31b0,,0,0,0,0.000102009,0.318701206,2616.29,,,Mint
0x0a67fdceb50da1056d0f7ff5aa9f9741ac2dc2391ea59e7b7cbd8b6f9651fa10,22876352,1752000383,08/07/25 18:46,0x4822c6499d4d0b0699f42419610f894c6662a484,0xe5544a2a5fa9b175da60d8eec67add5582bb31b0,,0,0,0,9.13602E-05,0.285431615,2616.29,,,Mint
0xb29db1833181c219337da3b52d36151268977c185761dcd4a6022a6704765282,22876350,1752000359,08/07/25 18:45,0x4822c6499d4d0b0699f42419610f894c6662a484,0xe5544a2a5fa9b175da60d8eec67add5582bb31b0,,0,0,0,9.76593E-05,0.305111755,2616.29,,,Mint
0x4fa57229b46d363121c8690d7935c5e1e2843b98bba3280e0a50f37b1c6d2ac4,22876347,1752000323,08/07/25 18:45,0x4822c6499d4d0b0699f42419610f894c6662a484,0xe5544a2a5fa9b175da60d8eec67add5582bb31b0,,0,0,0,9.74908E-05,0.304585245,2616.29,,,Mint
0xa43304241fd3c28768c34557b32c09d72b290957139b346528d2ebc17cc60639,22876344,1752000287,08/07/25 18:44,0x4822c6499d4d0b0699f42419610f894c6662a484,0xe5544a2a5fa9b175da60d8eec67add5582bb31b0,,0,0,0,0.00010167,0.317643577,2616.29,,,Mint
0x2395059c68dddc489d94a6d00ff91c052d003e3d71ee4667fa8bcdae1a3a8336,22876342,1752000263,08/07/25 18:44,0x4822c6499d4d0b0699f42419610f894c6662a484,0xe5544a2a5fa9b175da60d8eec67add5582bb31b0,,0,0,0,0.000103959,0.324793065,2616.29,,,Mint
0x40f2c9c730e2f8d5a3f763c5f37ef0353b522d666ee1a0056e2d779d4b370c82,22876340,1752000239,08/07/25 18:43,0x4822c6499d4d0b0699f42419610f894c6662a484,0xe5544a2a5fa9b175da60d8eec67add5582bb31b0,,0,0,0,0.000100633,0.314402807,2616.29,,,Mint
0x467a4f4e387972377cee81c83dd55b6e6e4bc1e08f062b0e05807ea9de59a196,22876336,1752000191,08/07/25 18:43,0x4822c6499d4d0b0699f42419610f894c6662a484,0xe5544a2a5fa9b175da60d8eec67add5582bb31b0,,0,0,0,0.000102243,0.31943324,2616.29,,,Mint
0x781a627b65d7558b59ccd86f22bbe08bde804d0caf971d35ef27aef3ca9e4250,22876330,1752000119,08/07/25 18:41,0x4822c6499d4d0b0699f42419610f894c6662a484,0xe5544a2a5fa9b175da60d8eec67add5582bb31b0,,0,0,0,0.000101321,0.316551805,2616.29,,,Mint
0x37a78c4519f034e4bd994c019ac5074c3086d1d3ead89e4400f55a82b35a31c8,22876327,1752000083,08/07/25 18:41,0x4822c6499d4d0b0699f42419610f894c6662a484,0xe5544a2a5fa9b175da60d8eec67add5582bb31b0,,0,0,0,9.16431E-05,0.286315562,2616.29,,,Mint
0x7812eae06b3354cc7db25e35b415fc65624600a6e5452c1890973dab187523e9,22876325,1752000059,08/07/25 18:40,0x4822c6499d4d0b0699f42419610f894c6662a484,0xe5544a2a5fa9b175da60d8eec67add5582bb31b0,,0,0,0,9.81922E-05,0.306776441,2616.29,,,Mint
0x87d1bd1804ce8dc11e8e46e616f2f0a5b3777e597065abf85bb5e8089742f165,22876321,1752000011,08/07/25 18:40,0x4822c6499d4d0b0699f42419610f894c6662a484,0xe5544a2a5fa9b175da60d8eec67add5582bb31b0,,0,0,0,0.00010082,0.314984941,2616.29,,,Mint
0x014cb663ee291fe19888cb897e9233d44aa955cd23e11bb5f7dce80cdb2c182a,22876319,1751999987,08/07/25 18:39,0x4822c6499d4d0b0699f42419610f894c6662a484,0xe5544a2a5fa9b175da60d8eec67add5582bb31b0,,0,0,0,0.000100723,0.314683126,2616.29,,,Mint
0x453d26ff5a84b6eb4dcea5ff781c867f91410092959e41db0c56da5914561044,22876316,1751999951,08/07/25 18:39,0x4822c6499d4d0b0699f42419610f894c6662a484,0xe5544a2a5fa9b175da60d8eec67add5582bb31b0,,0,0,0,9.65604E-05,0.30167847,2616.29,,,Mint
0x6c05382d4de56e4f64f7a3caf84407a49f7486aca2d727297c24c0b02a9b9428,22876313,1751999915,08/07/25 18:38,0x4822c6499d4d0b0699f42419610f894c6662a484,0xe5544a2a5fa9b175da60d8eec67add5582bb31b0,,0,0,0,9.07162E-05,0.283419704,2616.29,,,Mint
0x64137b220ef83789c1463ec7bf81e45cb3cd2c5043dd66823d49e0939101cfc5,22876311,1751999891,08/07/25 18:38,0x4822c6499d4d0b0699f42419610f894c6662a484,0xe5544a2a5fa9b175da60d8eec67add5582bb31b0,,0,0,0,8.31533E-05,0.259791214,2616.29,,,Mint
0xf225f8945b72d4f7ae1352a77ecdb96e84c2da17ffbc3cfbf23dd1b7e86b9302,22876309,1751999867,08/07/25 18:37,0x4822c6499d4d0b0699f42419610f894c6662a484,0xe5544a2a5fa9b175da60d8eec67add5582bb31b0,,0,0,0,8.06955E-05,0.252112467,2616.29,,,Mint
0xaa559dbb4b20570384cfdd263a70cf70a5950f2f486861dc11b5491f8f28da26,22876307,1751999843,08/07/25 18:37,0x4822c6499d4d0b0699f42419610f894c6662a484,0xe5544a2a5fa9b175da60d8eec67add5582bb31b0,,0,0,0,7.15757E-05,0.223620096,2616.29,,,Mint
0x1516d0f27508ce6806d5d712e15d254db98a24899abe20220a4e43a28c2d9c29,22876302,1751999783,08/07/25 18:36,0x4822c6499d4d0b0699f42419610f894c6662a484,0xe5544a2a5fa9b175da60d8eec67add5582bb31b0,,0,0,0,7.69832E-05,0.240514595,2616.29,,,Mint
0x2ecc952db74075d9d8a78f0e9f5a35789cace46832f18cd416cb1af737ab7483,22876299,1751999747,08/07/25 18:35,0x4822c6499d4d0b0699f42419610f894c6662a484,0xe5544a2a5fa9b175da60d8eec67add5582bb31b0,,0,0,0,8.63519E-05,0.269784468,2616.29,,,Mint
0x34ae101f159f4bd8723b83a2aa2eb78e937d25fd073fa68e44227f519b2e1b83,22876296,1751999711,08/07/25 18:35,0x4822c6499d4d0b0699f42419610f894c6662a484,0xe5544a2a5fa9b175da60d8eec67add5582bb31b0,,0,0,0,8.23605E-05,0.257314612,2616.29,,,Mint
0x171a15e87d704a5360cfc0ac210a50451dfccb9385de35c53de49a33dec12bee,22876291,1751999651,08/07/25 18:34,0x4822c6499d4d0b0699f42419610f894c6662a484,0xe5544a2a5fa9b175da60d8eec67add5582bb31b0,,0,0,0,7.77978E-05,0.243059426,2616.29,,,Mint
0x28d62d2fa416c282405f0dd26bd4f753da2e8c8df76c7bd90bc67420c1e677dd,22876288,1751999615,08/07/25 18:33,0x4822c6499d4d0b0699f42419610f894c6662a484,0xe5544a2a5fa9b175da60d8eec67add5582bb31b0,,0,0,0,8.10987E-05,0.253372386,2616.29,,,Mint
0xda55970dada8f85e0102a09a523973bca2618026a19924984aa780dc1a8232a2,22876284,1751999567,08/07/25 18:32,0x4822c6499d4d0b0699f42419610f894c6662a484,0xe5544a2a5fa9b175da60d8eec67add5582bb31b0,,0,0,0,7.29288E-05,0.227847631,2616.29,,,Mint
0xcdc9a5d54d29d814d3bc85541deefc620b49926f1340fbb3a6d32e362b9331f7,22876281,1751999531,08/07/25 18:32,0x4822c6499d4d0b0699f42419610f894c6662a484,0xe5544a2a5fa9b175da60d8eec67add5582bb31b0,,0,0,0,7.57147E-05,0.23655138,2616.29,,,Mint
0x6d5c7016a5bc543fc2d484652ddc261a1d43740d73fa9c1dc11ee4017555c8b1,22876278,1751999495,08/07/25 18:31,0x4822c6499d4d0b0699f42419610f894c6662a484,0xe5544a2a5fa9b175da60d8eec67add5582bb31b0,,0,0,0,7.49297E-05,0.234098679,2616.29,,,Mint
0x158df7c29f290c49d676b235bf067d400c4f2b97accf905d1879ef5d21b7ce8e,22876275,1751999447,08/07/25 18:30,0x4822c6499d4d0b0699f42419610f894c6662a484,0xe5544a2a5fa9b175da60d8eec67add5582bb31b0,,0,0,0,6.92012E-05,0.216201491,2616.29,,,Mint
0x8bd0ac3a9da6379eb2a8c6b8c69ca2ab96b93af7e1c521239baf137b1c17e39f,22876272,1751999411,08/07/25 18:30,0x4822c6499d4d0b0699f42419610f894c6662a484,0xe5544a2a5fa9b175da60d8eec67add5582bb31b0,,0,0,0,6.15849E-05,0.192406313,2616.29,,,Mint
0x15b3e633b4745125b999408a9d5476ae7838748adb22e46265be3d42c9155995,22876270,1751999387,08/07/25 18:29,0x4822c6499d4d0b0699f42419610f894c6662a484,0xe5544a2a5fa9b175da60d8eec67add5582bb31b0,,0,0,0,6.23085E-05,0.194667207,2616.29,,,Mint
0x3d7d096045657a10c6798d9b1b1ac3e1eaa9419090ebbc289617307377487f33,22876267,1751999351,08/07/25 18:29,0x4822c6499d4d0b0699f42419610f894c6662a484,0xe5544a2a5fa9b175da60d8eec67add5582bb31b0,,0,0,0,6.90327E-05,0.215675215,2616.29,,,Mint
0xa5b197b963dbd4d802bdc6ffad5bbb342e78cb8261d774814286fd13149ef0d3,22876259,1751999255,08/07/25 18:27,0x4822c6499d4d0b0699f42419610f894c6662a484,0xe5544a2a5fa9b175da60d8eec67add5582bb31b0,,0,0,0,6.56389E-05,0.205072006,2616.29,,,Mint
0x795a6945fe7f7a43c26076dea369200d84992f40ac576b610e943de00d3fac6a,22876257,1751999231,08/07/25 18:27,0x4822c6499d4d0b0699f42419610f894c6662a484,0xe5544a2a5fa9b175da60d8eec67add5582bb31b0,,0,0,0,6.40095E-05,0.199981464,2616.29,,,Mint
0x9c311023a3501e19a542e81abde74708896bc4a9e7a286b958075f59ca460976,22876255,1751999207,08/07/25 18:26,0x4822c6499d4d0b0699f42419610f894c6662a484,0xe5544a2a5fa9b175da60d8eec67add5582bb31b0,,0,0,0,6.09689E-05,0.190481907,2616.29,,,Mint
0x55189cbf7fba8c456f2bcd26d83a88dcec9c30556af4c7ae3d52d5434a235fd9,22876253,1751999183,08/07/25 18:26,0x4822c6499d4d0b0699f42419610f894c6662a484,0xe5544a2a5fa9b175da60d8eec67add5582bb31b0,,0,0,0,6.62073E-05,0.206847838,2616.29,,,Mint
0xafc12515f9214c748c79adcfcc91420d92bd4447377beb3ffec2b69709bb4ad0,22876251,1751999159,08/07/25 18:25,0x4822c6499d4d0b0699f42419610f894c6662a484,0xe5544a2a5fa9b175da60d8eec67add5582bb31b0,,0,0,0,6.49325E-05,0.202865241,2616.29,,,Mint
0x91e64b14302db482ba2534597bc1fcb0109856272fef03a438b2622f131af049,22876249,1751999135,08/07/25 18:25,0x4822c6499d4d0b0699f42419610f894c6662a484,0xe5544a2a5fa9b175da60d8eec67add5582bb31b0,,0,0,0,6.0579E-05,0.189263666,2616.29,,,Mint
0x229c2ea3e87217595fa7f25f1c86a13ef5bca5de3d0a2ee4f12c003cbd75ce6a,22876247,1751999111,08/07/25 18:25,0x4822c6499d4d0b0699f42419610f894c6662a484,0xe5544a2a5fa9b175da60d8eec67add5582bb31b0,,0,0,0,5.98455E-05,0.186972154,2616.29,,,Mint
0x3d3e70197d8dfc8ca680052026bcaf80087aed62cce77d750a7082db2ad6f3c8,22876244,1751999075,08/07/25 18:24,0x4822c6499d4d0b0699f42419610f894c6662a484,0xe5544a2a5fa9b175da60d8eec67add5582bb31b0,,0,0,0,6.20761E-05,0.193941157,2616.29,,,Mint
0x80649e7225ff67d64892969e0bb9e3693891f95f1c480ceeb59811e03c916fca,22876241,1751999039,08/07/25 18:23,0x4822c6499d4d0b0699f42419610f894c6662a484,0xe5544a2a5fa9b175da60d8eec67add5582bb31b0,,0,0,0,6.50405E-05,0.203202483,2616.29,,,Mint
0x1cac7f80b548bf411c4b8b90b3707f1c876c9282539491400ae8dba2f64ed448,22876238,1751999003,08/07/25 18:23,0x4822c6499d4d0b0699f42419610f894c6662a484,0xe5544a2a5fa9b175da60d8eec67add5582bb31b0,,0,0,0,6.8215E-05,0.2131203,2616.29,,,Mint
0x9ab5677703cd58a627c699dfb94796324d259dc1e6a9d6b263679583fac024ee,22876236,1751998979,08/07/25 18:22,0x4822c6499d4d0b0699f42419610f894c6662a484,0xe5544a2a5fa9b175da60d8eec67add5582bb31b0,,0,0,0,6.85598E-05,0.214197767,2616.29,,,Mint
0x551717356cd5ecf6f956de131396b6e1189aeb33898afa0e2132010aed23195a,22876233,1751998943,08/07/25 18:22,0x4822c6499d4d0b0699f42419610f894c6662a484,0xe5544a2a5fa9b175da60d8eec67add5582bb31b0,,0,0,0,6.94252E-05,0.216901404,2616.29,,,Mint
0x5066f07259a21d4bda0b24a4b50e376836668a6e48b91352539e3f7ede8f7cf4,22876230,1751998907,08/07/25 18:21,0x4822c6499d4d0b0699f42419610f894c6662a484,0xe5544a2a5fa9b175da60d8eec67add5582bb31b0,,0,0,0,6.79762E-05,0.212374347,2616.29,,,Mint
0x546d3f6a9c4523e85534794c22937f0d9038d6df9dd3c77bbbd62a50b13d12d3,22876228,1751998883,08/07/25 18:21,0x4822c6499d4d0b0699f42419610f894c6662a484,0xe5544a2a5fa9b175da60d8eec67add5582bb31b0,,0,0,0,7.45486E-05,0.232908064,2616.29,,,Mint
0xc52ce785106ffe64ffa1f7e73b1c57fcf38afe5bcd1b1c9bbfed9e1a917feffc,22876223,1751998823,08/07/25 18:20,0x4822c6499d4d0b0699f42419610f894c6662a484,0xe5544a2a5fa9b175da60d8eec67add5582bb31b0,,0,0,0,7.44095E-05,0.232473734,2616.29,,,Mint
0xe179555aea90887ef34a3106e7478d7b883e1864d1fb09a1c5dd1618e54a4fb0,22876221,1751998799,08/07/25 18:19,0x4822c6499d4d0b0699f42419610f894c6662a484,0xe5544a2a5fa9b175da60d8eec67add5582bb31b0,,0,0,0,7.81082E-05,0.244029231,2616.29,,,Mint
0x5826d80935e75d1f0940eec94c26bb634a7c5a95c32faa1da89721e0eeeea940,22876218,1751998763,08/07/25 18:19,0x4822c6499d4d0b0699f42419610f894c6662a484,0xe5544a2a5fa9b175da60d8eec67add5582bb31b0,,0,0,0,8.09045E-05,0.252765555,2616.29,,,Mint
0x14e09008017d328f87b27e8e296ede377255ecb7925bdfcc414f0eb52a48626f,22876216,1751998739,08/07/25 18:18,0x4822c6499d4d0b0699f42419610f894c6662a484,0xe5544a2a5fa9b175da60d8eec67add5582bb31b0,,0,0,0,7.79776E-05,0.243621187,2616.29,,,Mint
0xd1ba7f0dc983ca51ace274048018d904d0e8228e725d6a193e3a162dd195585d,22876214,1751998715,08/07/25 18:18,0x4822c6499d4d0b0699f42419610f894c6662a484,0xe5544a2a5fa9b175da60d8eec67add5582bb31b0,,0,0,0,7.95519E-05,0.248539823,2616.29,,,Mint
0xcd35d7f7336c395f8b7fcce920fbe4e0d7d017412bcefdd4d00c82b78ddbbb97,22876211,1751998679,08/07/25 18:17,0x4822c6499d4d0b0699f42419610f894c6662a484,0xe5544a2a5fa9b175da60d8eec67add5582bb31b0,,0,0,0,8.37294E-05,0.261591303,2616.29,,,Mint
0x55019fd51520b77f4bf4195e8f9958e60f9aa634b3e2be1ebb1b118eff71305b,22876207,1751998631,08/07/25 18:17,0x4822c6499d4d0b0699f42419610f894c6662a484,0xe5544a2a5fa9b175da60d8eec67add5582bb31b0,,0,0,0,8.18745E-05,0.255796102,2616.29,,,Mint
0x7d7690e7ffa5f0b72613e0d51e69923b11c8e8823e26c6aa8e16a78276a6fbe5,22876203,1751998583,08/07/25 18:16,0x4822c6499d4d0b0699f42419610f894c6662a484,0xe5544a2a5fa9b175da60d8eec67add5582bb31b0,,0,0,0,8.82397E-05,0.275682405,2616.29,,,Mint
0xe2cb987a5445a8f446741e817144d1e7a5de256e700378692b21571b47c871aa,22876200,1751998547,08/07/25 18:15,0x4822c6499d4d0b0699f42419610f894c6662a484,0xe5544a2a5fa9b175da60d8eec67add5582bb31b0,,0,0,0,8.68294E-05,0.271276487,2616.29,,,Mint
0xc24aef6a02127cce01a110fbef6ab50537f5f779b793af2d61c9e59ae6b21ab6,22876198,1751998523,08/07/25 18:15,0x4822c6499d4d0b0699f42419610f894c6662a484,0xe5544a2a5fa9b175da60d8eec67add5582bb31b0,,0,0,0,8.08822E-05,0.252695789,2616.29,,,Mint
0xce75b91dd4019f756bafaa8bb93e40ea6c529f869a7df9f849796832ac013692,22876195,1751998487,08/07/25 18:14,0x4822c6499d4d0b0699f42419610f894c6662a484,0xe5544a2a5fa9b175da60d8eec67add5582bb31b0,,0,0,0,8.94157E-05,0.279356524,2616.29,,,Mint
0x592068293e81098dd3d8c71d574c5a3bb30285d868fbae1a4dffc493c70e68fa,22876192,1751998451,08/07/25 18:14,0x4822c6499d4d0b0699f42419610f894c6662a484,0xe5544a2a5fa9b175da60d8eec67add5582bb31b0,,0,0,0,9.13108E-05,0.285277456,2616.29,,,Mint
0x0b0aaaca1366c4bb71d3fc6e44266c973fb39fc863dbdfcb66b451ef9890ed35,22876190,1751998427,08/07/25 18:13,0x4822c6499d4d0b0699f42419610f894c6662a484,0xe5544a2a5fa9b175da60d8eec67add5582bb31b0,,0,0,0,9.47018E-05,0.295871811,2616.29,,,Mint
0xccc0cbf02885bf241a37c5804c64bd8ab48a669954f39a504179826706cedfc6,22876188,1751998403,08/07/25 18:13,0x4822c6499d4d0b0699f42419610f894c6662a484,0xe5544a2a5fa9b175da60d8eec67add5582bb31b0,,0,0,0,9.10134E-05,0.28434814,2616.29,,,Mint
0xa997b8537cbf9e6c3b18793d2ebd24cfd7a6bb19857ca798b14acb998bd683b5,22876186,1751998379,08/07/25 18:12,0x4822c6499d4d0b0699f42419610f894c6662a484,0xe5544a2a5fa9b175da60d8eec67add5582bb31b0,,0,0,0,0.000100565,0.314190051,2616.29,,,Mint
0x36a4ee4d8291dccb87f85384a84ba1431029dce37db832a1fc3a50a1fe8c0aec,22876184,1751998355,08/07/25 18:12,0x4822c6499d4d0b0699f42419610f894c6662a484,0xe5544a2a5fa9b175da60d8eec67add5582bb31b0,,0,0,0,0.000101847,0.318196174,2616.29,,,Mint
0xd25d962681b40690ab49d3b6035a33f176a4a8b09d9f506d66a8ac5aae017fee,22876182,1751998331,08/07/25 18:12,0x4822c6499d4d0b0699f42419610f894c6662a484,0xe5544a2a5fa9b175da60d8eec67add5582bb31b0,,0,0,0,9.94398E-05,0.310674386,2616.29,,,Mint
0x8751592e2b18beb28cb265fe33034da0251046091337f1d4100e84b47e7190b7,22876178,1751998283,08/07/25 18:11,0x4822c6499d4d0b0699f42419610f894c6662a484,0xe5544a2a5fa9b175da60d8eec67add5582bb31b0,,0,0,0,0.0001043,0.325859237,2616.29,,,Mint
0x22b0f59595b09ab465c86d51b9b71b3b284a9dcad74304684a3410bc81ba769d,22876176,1751998259,08/07/25 18:10,0x4822c6499d4d0b0699f42419610f894c6662a484,0xe5544a2a5fa9b175da60d8eec67add5582bb31b0,,0,0,0,0.000102329,0.319701586,2616.29,,,Mint
0x9447e20fba7e4de70003fba99709e29c600d60b265327b93d6e81e579dce118f,22876173,1751998223,08/07/25 18:10,0x4822c6499d4d0b0699f42419610f894c6662a484,0xe5544a2a5fa9b175da60d8eec67add5582bb31b0,,0,0,0,0.000109839,0.343163455,2616.29,,,Mint
0xc60b1c5153eb3024828243a1c99e0be97b7eeb9d689a59c731bb77f903c0e7c4,22876170,1751998187,08/07/25 18:09,0x4822c6499d4d0b0699f42419610f894c6662a484,0xe5544a2a5fa9b175da60d8eec67add5582bb31b0,,0,0,0,0.000110439,0.345040082,2616.29,,,Mint
0x9dc877f5ab7ad1f0d822dae36365a4c482cf5fb1e2af71f26d1377b7f05d9ed7,22876168,1751998163,08/07/25 18:09,0x4822c6499d4d0b0699f42419610f894c6662a484,0xe5544a2a5fa9b175da60d8eec67add5582bb31b0,,0,0,0,0.000108547,0.33912865,2616.29,,,Mint
0x6a3f74f803245e6d2ea6c2fc5e06920ef2546613cd33955db3bf90d47d98751e,22876166,1751998139,08/07/25 18:08,0x4822c6499d4d0b0699f42419610f894c6662a484,0xe5544a2a5fa9b175da60d8eec67add5582bb31b0,,0,0,0,0.000111645,0.348804899,2616.29,,,Mint
0xf14a55229fda26f8c2351fbab2dbd309de5f43591448a970e0a8c70e8e7f4e73,22876161,1751998079,08/07/25 18:07,0x4822c6499d4d0b0699f42419610f894c6662a484,0xe5544a2a5fa9b175da60d8eec67add5582bb31b0,,0,0,0,0.000110845,0.346307502,2616.29,,,Mint
0xa0f362b9233a028c3e29af1832b4b0ff6949d82b14a55f935db893be389ce351,22876159,1751998055,08/07/25 18:07,0x4822c6499d4d0b0699f42419610f894c6662a484,0xe5544a2a5fa9b175da60d8eec67add5582bb31b0,,0,0,0,0.000120978,0.377966259,2616.29,,,Mint
0x71f8df9ca4baacccb21e89bb126e7cd0a7b5b03be1b8a2727c56ca779675cbcf,22876157,1751998031,08/07/25 18:07,0x4822c6499d4d0b0699f42419610f894c6662a484,0xe5544a2a5fa9b175da60d8eec67add5582bb31b0,,0,0,0,0.000123074,0.384512975,2616.29,,,Mint
0x7fc97133e92ce2fcf3386e0d4838a147bb489c27c0a993d10f59e726e040e7c3,22876155,1751998007,08/07/25 18:06,0x4822c6499d4d0b0699f42419610f894c6662a484,0xe5544a2a5fa9b175da60d8eec67add5582bb31b0,,0,0,0,0.000123023,0.38435403,2616.29,,,Mint
0x98445b6eeda9d553e11f62f491d35e1f69100ed7783a043fa1f68566706e75db,22876152,1751997971,08/07/25 18:06,0x4822c6499d4d0b0699f42419610f894c6662a484,0xe5544a2a5fa9b175da60d8eec67add5582bb31b0,,0,0,0,0.000123766,0.386676938,2616.29,,,Mint
0xaa443e215890f6b396ae4c01875ef15d8795aff9d0bbf6c8e54d80e3e4827305,22876150,1751997947,08/07/25 18:05,0x4822c6499d4d0b0699f42419610f894c6662a484,0xe5544a2a5fa9b175da60d8eec67add5582bb31b0,,0,0,0,0.000121221,0.378723527,2616.29,,,Mint
0xe101c187533c881613acb6c0d1a7b738023ff86840579a74ca668c1061982b57,22876146,1751997899,08/07/25 18:04,0x4822c6499d4d0b0699f42419610f894c6662a484,0xe5544a2a5fa9b175da60d8eec67add5582bb31b0,,0,0,0,0.000126737,0.395956425,2616.29,,,Mint
0x59d1b113cc6e2b82437de8b46af1bebda88f65c710d05c0b14b39b540aaea962,22876144,1751997875,08/07/25 18:04,0x4822c6499d4d0b0699f42419610f894c6662a484,0xe5544a2a5fa9b175da60d8eec67add5582bb31b0,,0,0,0,0.000126248,0.394430954,2616.29,,,Mint
0x34fcb762391a10ecb02df028bd8d29e37a81af9cc16e85081a51b2ea55d3b1df,22876142,1751997851,08/07/25 18:04,0x4822c6499d4d0b0699f42419610f894c6662a484,0xe5544a2a5fa9b175da60d8eec67add5582bb31b0,,0,0,0,0.000129317,0.404018767,2616.29,,,Mint
0xc84240ec39a299d4efc23e60dc575d246f34050235c57640d5207ea17233ed54,22876139,1751997815,08/07/25 18:03,0x4822c6499d4d0b0699f42419610f894c6662a484,0xe5544a2a5fa9b175da60d8eec67add5582bb31b0,,0,0,0,0.000131382,0.410469854,2616.29,,,Mint
0x3ca9d87a584c1acb4c4859add1455bace444afaf3af13ad7cb2f00af5bd9091c,22876137,1751997791,08/07/25 18:03,0x4822c6499d4d0b0699f42419610f894c6662a484,0xe5544a2a5fa9b175da60d8eec67add5582bb31b0,,0,0,0,0.000136588,0.426733014,2616.29,,,Mint
0x5ec4bab1e3dbc6243d07d778d68343ebc0a8aad80c46acfc907aa5a9de978551,22876133,1751997743,08/07/25 18:02,0x4822c6499d4d0b0699f42419610f894c6662a484,0xe5544a2a5fa9b175da60d8eec67add5582bb31b0,,0,0,0,0.000140895,0.440191022,2616.29,,,Mint
0xe34d2dd2566ee07d77a502390bb38bd58f744acaac167556dee4fb91142be227,22876130,1751997707,08/07/25 18:01,0x4822c6499d4d0b0699f42419610f894c6662a484,0xe5544a2a5fa9b175da60d8eec67add5582bb31b0,,0,0,0,0.000148515,0.463997207,2616.29,,,Mint
0xdfbc686cd656188ca0c82afba5c347f7199c9383a9af5cb7786763f309968055,22876128,1751997683,08/07/25 18:01,0x4822c6499d4d0b0699f42419610f894c6662a484,0xe5544a2a5fa9b175da60d8eec67add5582bb31b0,,0,0,0,0.000144449,0.451294523,2616.29,,,Mint
0x47bda87a76d8019e3fc4b412b3726801d1a23c3b3761505ed0286d63c7af1c1a,22876126,1751997659,08/07/25 18:00,0x4822c6499d4d0b0699f42419610f894c6662a484,0xe5544a2a5fa9b175da60d8eec67add5582bb31b0,,0,0,0,0.000139939,0.43720383,2616.29,,,Mint
0x464e9105796c22bd2810fa7a4e36d39961047396c78b2ee0667243941f762b8c,22876123,1751997623,08/07/25 18:00,0x4822c6499d4d0b0699f42419610f894c6662a484,0xe5544a2a5fa9b175da60d8eec67add5582bb31b0,,0,0,0,0.000112065,0.350119493,2616.29,,,Mint
0x8accc3c2b24d6486073ca77b9a091b519176e192e672369fac1bae87be20f738,22876121,1751997599,08/07/25 17:59,0x4822c6499d4d0b0699f42419610f894c6662a484,0xe5544a2a5fa9b175da60d8eec67add5582bb31b0,,0,0,0,0.00010213,0.319078647,2616.29,,,Mint
0x688a718e759e5c589314cfb98acc8836ed1268dc11aa87214b8f98d5a5bcd1e6,22876119,1751997575,08/07/25 17:59,0x4822c6499d4d0b0699f42419610f894c6662a484,0xe5544a2a5fa9b175da60d8eec67add5582bb31b0,,0,0,0,0.000101082,0.315805942,2616.29,,,Mint
0x44879f3988338c52c95896407c483bd4c931e7f13a86d26d15210ec1c4391ce7,22876117,1751997551,08/07/25 17:59,0x4822c6499d4d0b0699f42419610f894c6662a484,0xe5544a2a5fa9b175da60d8eec67add5582bb31b0,,0,0,0,0.00010384,0.324421684,2616.29,,,Mint
0xb636d288f615a2a9453fddecbf4f349fde2b41a88ed1f042edb23f74ce1b05e0,22876115,1751997527,08/07/25 17:58,0x4822c6499d4d0b0699f42419610f894c6662a484,0xe5544a2a5fa9b175da60d8eec67add5582bb31b0,,0,0,0,0.000105768,0.330445835,2616.29,,,Mint
0x316e9c73d1b712400d8a4d58eb4dd8d7b7f75adbc081b9491aefffcc54fc5afb,22876113,1751997503,08/07/25 17:58,0x4822c6499d4d0b0699f42419610f894c6662a484,0xe5544a2a5fa9b175da60d8eec67add5582bb31b0,,0,0,0,0.000106938,0.3341015,2616.29,,,Mint
0x1cc50e6d882149308fc100ea015f82f1803ad5c238c040e015aadc863c084099,22876110,1751997467,08/07/25 17:57,0x4822c6499d4d0b0699f42419610f894c6662a484,0xe5544a2a5fa9b175da60d8eec67add5582bb31b0,,0,0,0,0.000106334,0.332213637,2616.29,,,Mint
0xf4b6e7d05df74beb861085b216cd2b2bc075989eb2beb06003c7f7e08ff57c6b,22876108,1751997443,08/07/25 17:57,0x4822c6499d4d0b0699f42419610f894c6662a484,0xe5544a2a5fa9b175da60d8eec67add5582bb31b0,,0,0,0,0.000109774,0.342961687,2616.29,,,Mint
0x21f7f5b5f16f2eb89434ff82042e0068b974aeb4947571b68fb3c5c9b381d154,22876106,1751997419,08/07/25 17:56,0x4822c6499d4d0b0699f42419610f894c6662a484,0xe5544a2a5fa9b175da60d8eec67add5582bb31b0,,0,0,0,0.000114099,0.356473739,2616.29,,,Mint
0x4bf9c3f3a269c56933fe1cfede06b90d70be0b8605951b4d8d42168e66a40a1d,22876103,1751997383,08/07/25 17:56,0x4822c6499d4d0b0699f42419610f894c6662a484,0xe5544a2a5fa9b175da60d8eec67add5582bb31b0,,0,0,0,0.000109605,0.342432338,2616.29,,,Mint
0x3b3f05ee5b2e5d635fe07da0f06fd5bfd0ecea434d513e617ea0a63fb2c34098,22876101,1751997359,08/07/25 17:55,0x4822c6499d4d0b0699f42419610f894c6662a484,0xe5544a2a5fa9b175da60d8eec67add5582bb31b0,,0,0,0,0.000118501,0.370226487,2616.29,,,Mint
0x00937d792a5c2e3bb5c85d7b487e2e6a74581cba46d9601c77e0ad0ad3058f79,22876099,1751997335,08/07/25 17:55,0x4822c6499d4d0b0699f42419610f894c6662a484,0xe5544a2a5fa9b175da60d8eec67add5582bb31b0,,0,0,0,0.000116195,0.363021902,2616.29,,,Mint
0xe8bae263d66de3465a7c88602a0e5a1a4e0b1d8c0cfbca2b497f6e48290058e2,22876097,1751997311,08/07/25 17:55,0x4822c6499d4d0b0699f42419610f894c6662a484,0xe5544a2a5fa9b175da60d8eec67add5582bb31b0,,0,0,0,0.000117642,0.367541576,2616.29,,,Mint
0xb9bfdf4dc5d3532a7cf547fa81d13b9e61b95eec86ff800421e5d4a42fa59c7e,22876093,1751997263,08/07/25 17:54,0x4822c6499d4d0b0699f42419610f894c6662a484,0xe5544a2a5fa9b175da60d8eec67add5582bb31b0,,0,0,0,0.000118673,0.370764988,2616.29,,,Mint
0x75d50cab3821bd88195db3d52e5e08461311f51566a4ba5f6aa6d34efc4765b9,22876090,1751997227,08/07/25 17:53,0x4822c6499d4d0b0699f42419610f894c6662a484,0xe5544a2a5fa9b175da60d8eec67add5582bb31b0,,0,0,0,0.000107977,0.337346551,2616.29,,,Mint
0xdb3b685e7c2e5a09101ed812ea8a55ca89e7b448e82b13280c1df82ba18de503,22876088,1751997203,08/07/25 17:53,0x4822c6499d4d0b0699f42419610f894c6662a484,0xe5544a2a5fa9b175da60d8eec67add5582bb31b0,,0,0,0,0.000111495,0.34833684,2616.29,,,Mint
0x028740a38712684dcafb95c9e70fd6add6f83008e7e9acecb497d7d0a97ba245,22876086,1751997179,08/07/25 17:52,0x4822c6499d4d0b0699f42419610f894c6662a484,0xe5544a2a5fa9b175da60d8eec67add5582bb31b0,,0,0,0,9.92777E-05,0.31016802,2616.29,,,Mint
0x7b73ae76258b396df9115d054c0d14be6ada88f802bfaa15d5be5b74495adc55,22876083,1751997143,08/07/25 17:52,0x4822c6499d4d0b0699f42419610f894c6662a484,0xe5544a2a5fa9b175da60d8eec67add5582bb31b0,,0,0,0,0.000106904,0.333994422,2616.29,,,Mint
0x23863bd740ed23d9bace62aa80d1e2609433dee127aca455a4e82d363ee41581,22876081,1751997119,08/07/25 17:51,0x4822c6499d4d0b0699f42419610f894c6662a484,0xe5544a2a5fa9b175da60d8eec67add5582bb31b0,,0,0,0,0.000106794,0.333651501,2616.29,,,Mint
0xe12f976cc3d282a9b29e51b6ea607714c1a91613896338630fc8064a407f0f11,22876078,1751997083,08/07/25 17:51,0x4822c6499d4d0b0699f42419610f894c6662a484,0xe5544a2a5fa9b175da60d8eec67add5582bb31b0,,0,0,0,9.73689E-05,0.304204535,2616.29,,,Mint
0xa07fa051947656ac4c45b1c48f0bbe932e821c158ba8fd1d5c266b43a0ba06bb,22876076,1751997059,08/07/25 17:50,0x4822c6499d4d0b0699f42419610f894c6662a484,0xe5544a2a5fa9b175da60d8eec67add5582bb31b0,,0,0,0,0.000102129,0.319075562,2616.29,,,Mint
0xc6f4bc2dec352d4d63e498fb69fe73b196478627d73379079b0db9db6e14f285,22876073,1751997023,08/07/25 17:50,0x4822c6499d4d0b0699f42419610f894c6662a484,0xe5544a2a5fa9b175da60d8eec67add5582bb31b0,,0,0,0,0.00010619,0.331765169,2616.29,,,Mint
0xa924811f27145c467bdd14c59b7f535b9c3cb19517b284aa0b66909bda8e4150,22876071,1751996999,08/07/25 17:49,0x4822c6499d4d0b0699f42419610f894c6662a484,0xe5544a2a5fa9b175da60d8eec67add5582bb31b0,,0,0,0,0.00010601,0.331200783,2616.29,,,Mint
0x46d8aa5e9d1310a9d47dc774b69dfc3e2a3842ee3d96b0f1d254b06a29669271,22876069,1751996975,08/07/25 17:49,0x4822c6499d4d0b0699f42419610f894c6662a484,0xe5544a2a5fa9b175da60d8eec67add5582bb31b0,,0,0,0,9.92331E-05,0.310028744,2616.29,,,Mint
0xa3a85e5a152a5ae1d2f6475dd2fe975f1f181f0bb8b0ac9e2484822c1366833b,22876067,1751996951,08/07/25 17:49,0x4822c6499d4d0b0699f42419610f894c6662a484,0xe5544a2a5fa9b175da60d8eec67add5582bb31b0,,0,0,0,0.000108601,0.339297473,2616.29,,,Mint
0xfc358772045156022b8f3e831e0b85e53e7f5f90ff75bee72653ebf267ed89f3,22876064,1751996915,08/07/25 17:48,0x4822c6499d4d0b0699f42419610f894c6662a484,0xe5544a2a5fa9b175da60d8eec67add5582bb31b0,,0,0,0,0.000106787,0.333628308,2616.29,,,Mint
0x3b6e2096ed6c462346ff525e465a34441ff5feee7fdd31b859dabebaa93fdfe2,22876060,1751996867,08/07/25 17:47,0x4822c6499d4d0b0699f42419610f894c6662a484,0xe5544a2a5fa9b175da60d8eec67add5582bb31b0,,0,0,0,0.00011063,0.345636603,2616.29,,,Mint
0x88661d2e6cc87f1a6bce0ccbb2608a8e0af46f99d29a62edf2acc8838b9d3b21,22876058,1751996843,08/07/25 17:47,0x4822c6499d4d0b0699f42419610f894c6662a484,0xe5544a2a5fa9b175da60d8eec67add5582bb31b0,,0,0,0,0.000108947,0.340376157,2616.29,,,Mint
0x498fc483fa24fdf9fc0b182e725f1c857e6ddc50657dbbf2e755abbe2c578f99,22876055,1751996807,08/07/25 17:46,0x4822c6499d4d0b0699f42419610f894c6662a484,0xe5544a2a5fa9b175da60d8eec67add5582bb31b0,,0,0,0,0.000104904,0.327745264,2616.29,,,Mint
0xda863c1a51a349a251d49bc85f16e3eb209bb4d7cd5051428ab605673cb27182,22876053,1751996783,08/07/25 17:46,0x4822c6499d4d0b0699f42419610f894c6662a484,0xe5544a2a5fa9b175da60d8eec67add5582bb31b0,,0,0,0,0.00010923,0.341262804,2616.29,,,Mint
0x56c09fc2f8ce10713261bb1d6eddc8b75b13d7ca78e5475e9354dbbf38ccf959,22876050,1751996747,08/07/25 17:45,0x4822c6499d4d0b0699f42419610f894c6662a484,0xe5544a2a5fa9b175da60d8eec67add5582bb31b0,,0,0,0,0.000107863,0.336989579,2616.29,,,Mint
0xbf34a9ab77cd7d145b6e82f129e6fe968fef0254254be433a02492ca104a0ae9,22876048,1751996723,08/07/25 17:45,0x4822c6499d4d0b0699f42419610f894c6662a484,0xe5544a2a5fa9b175da60d8eec67add5582bb31b0,,0,0,0,9.95571E-05,0.3110408,2616.29,,,Mint
0x461ba8c8a9e2b87aab978ec9dfb2b9eb9d7342eb8202e1a934ff192bb5e756ec,22876044,1751996675,08/07/25 17:44,0x4822c6499d4d0b0699f42419610f894c6662a484,0xe5544a2a5fa9b175da60d8eec67add5582bb31b0,,0,0,0,0.000115559,0.361035209,2616.29,,,Mint
0x99575bb61cc6f2f13cb1ad641de53e7246c524eadc0b3b1166a6b90834858d45,22876041,1751996639,08/07/25 17:43,0x4822c6499d4d0b0699f42419610f894c6662a484,0xe5544a2a5fa9b175da60d8eec67add5582bb31b0,,0,0,0,0.000113695,0.355210486,2616.29,,,Mint
0x2b363b2033a7e95376000018d94f9b7ab269e3bc54c7f4b3f3be198c0775be87,22876039,1751996615,08/07/25 17:43,0x4822c6499d4d0b0699f42419610f894c6662a484,0xe5544a2a5fa9b175da60d8eec67add5582bb31b0,,0,0,0,0.000115436,0.36065113,2616.29,,,Mint
0xfc60eddaa66b622d9a2892f3b8048257f857c4f992278f7f41dcd25f8049d0ec,22876037,1751996591,08/07/25 17:43,0x4822c6499d4d0b0699f42419610f894c6662a484,0xe5544a2a5fa9b175da60d8eec67add5582bb31b0,,0,0,0,0.000122678,0.383276364,2616.29,,,Mint
0x30ac24406c998c463a2fb2b03e4f1cc14165a565df7f53f27aea8b46a8c97cb9,22876034,1751996555,08/07/25 17:42,0x4822c6499d4d0b0699f42419610f894c6662a484,0xe5544a2a5fa9b175da60d8eec67add5582bb31b0,,0,0,0,0.000123786,0.386738269,2616.29,,,Mint
0x6397c8a91a7e93597f8ad4b9d222cc52b3b05795fd7a2ab28ee8423f8e5e5a08,22876031,1751996519,08/07/25 17:41,0x4822c6499d4d0b0699f42419610f894c6662a484,0xe5544a2a5fa9b175da60d8eec67add5582bb31b0,,0,0,0,0.000130975,0.409198921,2616.29,,,Mint
0x8fd5df3d93b4c8bbc2543145b8f644e6f36b23a5f3938793c545cc5cb8cfc87b,22876029,1751996495,08/07/25 17:41,0x4822c6499d4d0b0699f42419610f894c6662a484,0xe5544a2a5fa9b175da60d8eec67add5582bb31b0,,0,0,0,0.000136608,0.426798406,2616.29,,,Mint
0x013422566042e51e5522422694e6b7c50a1b2ec503e0efe7adace8e06c749033,22876027,1751996471,08/07/25 17:41,0x4822c6499d4d0b0699f42419610f894c6662a484,0xe5544a2a5fa9b175da60d8eec67add5582bb31b0,,0,0,0,0.000138035,0.431254895,2616.29,,,Mint
0x1bca55c7290e60cc26c3ff4a1d3ad729ea3080ca084f6ca5a4058b1f5eb7d965,22876025,1751996447,08/07/25 17:40,0x4822c6499d4d0b0699f42419610f894c6662a484,0xe5544a2a5fa9b175da60d8eec67add5582bb31b0,,0,0,0,0.000128678,0.402022438,2616.29,,,Mint
0xbdd2e64ddd31253f4fb6664621e47ecf512b4516683e8cbab62cd39d2724c48c,22876021,1751996399,08/07/25 17:39,0x4822c6499d4d0b0699f42419610f894c6662a484,0xe5544a2a5fa9b175da60d8eec67add5582bb31b0,,0,0,0,0.000120717,0.377150143,2616.29,,,Mint
0xf888f61c94bbbe66ee413e0af2a9899d5420da8434b4c35b66043f42d0df2fec,22876019,1751996375,08/07/25 17:39,0x4822c6499d4d0b0699f42419610f894c6662a484,0xe5544a2a5fa9b175da60d8eec67add5582bb31b0,,0,0,0,0.000119775,0.374208113,2616.29,,,Mint
0x12e995f0e8190611627fabc48cf4cd5511ac64451f0bcc116b5dd710972a0d95,22876015,1751996327,08/07/25 17:38,0x4822c6499d4d0b0699f42419610f894c6662a484,0xe5544a2a5fa9b175da60d8eec67add5582bb31b0,,0,0,0,0.000120233,0.375638977,2616.29,,,Mint
0xb7cb0edae898848e276a6d97cf9e5d5ec42e4022a380517bd2eb34c1a5ca83b6,22876013,1751996303,08/07/25 17:38,0x4822c6499d4d0b0699f42419610f894c6662a484,0xe5544a2a5fa9b175da60d8eec67add5582bb31b0,,0,0,0,0.000135042,0.421903777,2616.29,,,Mint
0xf15b376c38bcaa96591dab9d340592c1ecc4088ea7c79f6e3ca79956332eee18,22876011,1751996279,08/07/25 17:37,0x4822c6499d4d0b0699f42419610f894c6662a484,0xe5544a2a5fa9b175da60d8eec67add5582bb31b0,,0,0,0,0.000119493,0.373326768,2616.29,,,Mint
0x4a2312870ee29f46936b6744334c2aa472f6aed735807928b5797757a2edcdde,22876009,1751996255,08/07/25 17:37,0x4822c6499d4d0b0699f42419610f894c6662a484,0xe5544a2a5fa9b175da60d8eec67add5582bb31b0,,0,0,0,0.000127564,0.398540458,2616.29,,,Mint
0x47ce0aecd2a5c3b2145b6539c4931c80fe0e0118b216121a6d7a65eae4e6f925,22876007,1751996231,08/07/25 17:37,0x4822c6499d4d0b0699f42419610f894c6662a484,0xe5544a2a5fa9b175da60d8eec67add5582bb31b0,,0,0,0,0.000129238,0.403769781,2616.29,,,Mint
0xdf121f2e375757096e27b91e1f6b04cc9278d50a204b74b63d49055a17a5a637,22876005,1751996207,08/07/25 17:36,0x4822c6499d4d0b0699f42419610f894c6662a484,0xe5544a2a5fa9b175da60d8eec67add5582bb31b0,,0,0,0,0.000126364,0.394792616,2616.29,,,Mint
0x2e6ab818afe0151810202511909c05022308315d2148442a1e482b1ce39367ce,22876003,1751996183,08/07/25 17:36,0x4822c6499d4d0b0699f42419610f894c6662a484,0xe5544a2a5fa9b175da60d8eec67add5582bb31b0,,0,0,0,0.000137395,0.429255633,2616.29,,,Mint
0xfc8dfb91ec4df5e1573a6218652ce099d5941ed124f89ee6e0026b5c5b0d2548,22876001,1751996159,08/07/25 17:35,0x4822c6499d4d0b0699f42419610f894c6662a484,0xe5544a2a5fa9b175da60d8eec67add5582bb31b0,,0,0,0,0.000147583,0.461086503,2616.29,,,Mint
0xfab2e1dd8fbd2d441a36b09e6b9f1f5d0049dc01768677fc7ee9e3669cd39481,22875999,1751996135,08/07/25 17:35,0x4822c6499d4d0b0699f42419610f894c6662a484,0xe5544a2a5fa9b175da60d8eec67add5582bb31b0,,0,0,0,0.000140152,0.437870826,2616.29,,,Mint
0x3dba775bbb1ee1878be581ffae80af00ec6d5388baf0f1a121f643cf1f602325,22875997,1751996111,08/07/25 17:35,0x4822c6499d4d0b0699f42419610f894c6662a484,0xe5544a2a5fa9b175da60d8eec67add5582bb31b0,,0,0,0,0.000144453,0.451308239,2616.29,,,Mint
0xf52a001e9242e39db5df6a0a17130309bc219ebc060c5414c5bb43fb093a42b7,22875995,1751996087,08/07/25 17:34,0x4822c6499d4d0b0699f42419610f894c6662a484,0xe5544a2a5fa9b175da60d8eec67add5582bb31b0,,0,0,0,0.000144542,0.451585253,2616.29,,,Mint
0x2fad19eb5f116f9b4c5eb43193d6694d9fd68a4858ff6c78b3fb1961b79a1f57,22875992,1751996051,08/07/25 17:34,0x4822c6499d4d0b0699f42419610f894c6662a484,0xe5544a2a5fa9b175da60d8eec67add5582bb31b0,,0,0,0,0.000152569,0.476664336,2616.29,,,Mint
0x7a1b208dc5811666adfaecd899d3d80799e55b94e6a7a9a672eb995205dcadd2,22875990,1751996027,08/07/25 17:33,0x4822c6499d4d0b0699f42419610f894c6662a484,0xe5544a2a5fa9b175da60d8eec67add5582bb31b0,,0,0,0,0.000150416,0.469936185,2616.29,,,Mint
0xbe3c9426b4c0d6b327fa83115b6a70309b013351bc469c55e5c17f9390beaf11,22875987,1751995991,08/07/25 17:33,0x4822c6499d4d0b0699f42419610f894c6662a484,0xe5544a2a5fa9b175da60d8eec67add5582bb31b0,,0,0,0,0.000158544,0.495329583,2616.29,,,Mint
0xf4a76a4170875016b95682a0a17e9f890d216e3509e502dedc4155bbdde81540,22875985,1751995967,08/07/25 17:32,0x4822c6499d4d0b0699f42419610f894c6662a484,0xe5544a2a5fa9b175da60d8eec67add5582bb31b0,,0,0,0,0.000151695,0.473932594,2616.29,,,Mint
0x1697905c85275d748ebcffdf8e1d0cfaad41e2d716c0e56f8b1767f7791b8adc,22875982,1751995931,08/07/25 17:32,0x4822c6499d4d0b0699f42419610f894c6662a484,0xe5544a2a5fa9b175da60d8eec67add5582bb31b0,,0,0,0,0.000152429,0.476224236,2616.29,,,Mint
0xc51c3a31d1d43504e2a58bdd1cea186793d7fbbee318db7acd5eaa498ff5e615,22875979,1751995895,08/07/25 17:31,0x4822c6499d4d0b0699f42419610f894c6662a484,0xe5544a2a5fa9b175da60d8eec67add5582bb31b0,,0,0,0,0.000155193,0.484859854,2616.29,,,Mint
0x95091906c520af95bb2b225786dd979d07b01284a15ae8fabe1393a09a564a40,22875975,1751995847,08/07/25 17:30,0x4822c6499d4d0b0699f42419610f894c6662a484,0xe5544a2a5fa9b175da60d8eec67add5582bb31b0,,0,0,0,0.000156318,0.488376611,2616.29,,,Mint
0x87d9e01c59d9c4272e220abfd33052926bfa952dbc1e1584fa5c6c94dabf9185,22875972,1751995811,08/07/25 17:30,0x4822c6499d4d0b0699f42419610f894c6662a484,0xe5544a2a5fa9b175da60d8eec67add5582bb31b0,,0,0,0,0.000143792,0.449240436,2616.29,,,Mint
0x9490a29fa0d236ec459bd77f6568198102e305f94ee35998d6db85ffec8c97ef,22875970,1751995787,08/07/25 17:29,0x4822c6499d4d0b0699f42419610f894c6662a484,0xe5544a2a5fa9b175da60d8eec67add5582bb31b0,,0,0,0,0.000150003,0.468646473,2616.29,,,Mint
0xd21e46cf39fbf8f35db03f2df063c11a88463bbe93abef4dcb2bdb824cb60ded,22875968,1751995763,08/07/25 17:29,0x4822c6499d4d0b0699f42419610f894c6662a484,0xe5544a2a5fa9b175da60d8eec67add5582bb31b0,,0,0,0,0.000145831,0.455610406,2616.29,,,Mint
0x0875c0f761d748f75538bce0576e3d63e3bdc2890b0a022f97b12ebe42bf301d,22875965,1751995727,08/07/25 17:28,0x4822c6499d4d0b0699f42419610f894c6662a484,0xe5544a2a5fa9b175da60d8eec67add5582bb31b0,,0,0,0,0.000131739,0.411586224,2616.29,,,Mint
0xeec1057ff16e9eb32302f1d0cac4efa21e6b7983e11c8132050cbe78111dcd76,22875963,1751995703,08/07/25 17:28,0x4822c6499d4d0b0699f42419610f894c6662a484,0xe5544a2a5fa9b175da60d8eec67add5582bb31b0,,0,0,0,0.000128029,0.399992611,2616.29,,,Mint
0xea3ef497ff6c5b55fbf3ea717150ab638606baf6b94dcff33298b3db10be14ee,22875961,1751995679,08/07/25 17:27,0x4822c6499d4d0b0699f42419610f894c6662a484,0xe5544a2a5fa9b175da60d8eec67add5582bb31b0,,0,0,0,0.00013584,0.424397536,2616.29,,,Mint
0xd17dcf267a8d7d8016c566e25c800ffe61ce4de9bab969727901e7fca8731d36,22875959,1751995655,08/07/25 17:27,0x4822c6499d4d0b0699f42419610f894c6662a484,0xe5544a2a5fa9b175da60d8eec67add5582bb31b0,,0,0,0,0.000135054,0.421941335,2616.29,,,Mint
0xf7b8113a8135eae42d83fdba7a4872c24e74151b57a81838dac485bc19fc48d1,22875957,1751995631,08/07/25 17:27,0x4822c6499d4d0b0699f42419610f894c6662a484,0xe5544a2a5fa9b175da60d8eec67add5582bb31b0,,0,0,0,0.000140806,0.439912901,2616.29,,,Mint
0xe1461d7f18847da7b6ebb7f2c62511bd71d413f0c0ec0a12ce890576361cb6d1,22875955,1751995607,08/07/25 17:26,0x4822c6499d4d0b0699f42419610f894c6662a484,0xe5544a2a5fa9b175da60d8eec67add5582bb31b0,,0,0,0,0.000142701,0.445833668,2616.29,,,Mint
0xbd1af855d2f2e65b3656e5b83eff69138b2bc6bd5aff0bdd7f0922038f4e1030,22875953,1751995583,08/07/25 17:26,0x4822c6499d4d0b0699f42419610f894c6662a484,0xe5544a2a5fa9b175da60d8eec67add5582bb31b0,,0,0,0,0.000147799,0.461759854,2616.29,,,Mint
0x83b2fb7602d9cac6b06a2beaefe8a713fbda61c3d775f864ac1460ed5bac83a6,22875951,1751995559,08/07/25 17:25,0x4822c6499d4d0b0699f42419610f894c6662a484,0xe5544a2a5fa9b175da60d8eec67add5582bb31b0,,0,0,0,0.000151691,0.473920472,2616.29,,,Mint
0x66cab6de1372ca1137eb42f366bd7f9697bf974d0d9561a2996ae864041455e3,22875949,1751995535,08/07/25 17:25,0x4822c6499d4d0b0699f42419610f894c6662a484,0xe5544a2a5fa9b175da60d8eec67add5582bb31b0,,0,0,0,0.000160588,0.501716618,2616.29,,,Mint
0xfefbf40d0ef7789147b18b0d1b9f0afa04f8e7d4e238e35ed066fc2df1e01cac,22875947,1751995511,08/07/25 17:25,0x4822c6499d4d0b0699f42419610f894c6662a484,0xe5544a2a5fa9b175da60d8eec67add5582bb31b0,,0,0,0,0.000149172,0.466048928,2616.29,,,Mint
0x90354b2c88ab5a1be72a1ced73542372f5adf207f3c61f876f4b2bb67e0b2c19,22875945,1751995487,08/07/25 17:24,0x4822c6499d4d0b0699f42419610f894c6662a484,0xe5544a2a5fa9b175da60d8eec67add5582bb31b0,,0,0,0,0.000166484,0.520136554,2616.29,,,Mint
0x45b27a0c9a2551f6733dac811ca6e741cb65b543902453e5e8235d4fc8a6ce28,22875943,1751995463,08/07/25 17:24,0x4822c6499d4d0b0699f42419610f894c6662a484,0xe5544a2a5fa9b175da60d8eec67add5582bb31b0,,0,0,0,0.000160438,0.501248688,2616.29,,,Mint
0x3a031da9bdfa47a860b8c50645f29302591b9da73d5fcb3542dc02a267be16b0,22875940,1751995427,08/07/25 17:23,0x4822c6499d4d0b0699f42419610f894c6662a484,0xe5544a2a5fa9b175da60d8eec67add5582bb31b0,,0,0,0,0.000137741,0.430335325,2616.29,,,Mint
0xd6232b12a16b48c7102363eb9d77c74f4665accfe96cd4dd5c6837c7eef4f01d,22875937,1751995391,08/07/25 17:23,0x4822c6499d4d0b0699f42419610f894c6662a484,0xe5544a2a5fa9b175da60d8eec67add5582bb31b0,,0,0,0,0.000134305,0.419601282,2616.29,,,Mint
0x6938061bb8e660500a43ff9e748ec200127480790ad8eb6b7f24c1a123a5a1e4,22875934,1751995355,08/07/25 17:22,0x4822c6499d4d0b0699f42419610f894c6662a484,0xe5544a2a5fa9b175da60d8eec67add5582bb31b0,,0,0,0,0.000149748,0.467849388,2616.29,,,Mint
0x5212e34d644503eace7ba9221362b7963f702da6ed176a6dd2c2d99c4181b46c,22875932,1751995331,08/07/25 17:22,0x4822c6499d4d0b0699f42419610f894c6662a484,0xe5544a2a5fa9b175da60d8eec67add5582bb31b0,,0,0,0,0.000151277,0.472625652,2616.29,,,Mint
0x70b07887529f01eeaa034070288598b12f8faf339cdbdcbe4c45337efdac0822,22875930,1751995307,08/07/25 17:21,0x4822c6499d4d0b0699f42419610f894c6662a484,0xe5544a2a5fa9b175da60d8eec67add5582bb31b0,,0,0,0,0.00015145,0.473166382,2616.29,,,Mint
0x43f9718704665a711ed55d68460efed217181a97eae3813f5a54ac1b39278541,22875927,1751995271,08/07/25 17:21,0x4822c6499d4d0b0699f42419610f894c6662a484,0xe5544a2a5fa9b175da60d8eec67add5582bb31b0,,0,0,0,0.000137859,0.430706692,2616.29,,,Mint
0xfcd1436d38f550f403dee7fda9a9d5f1a47c7f0d8139d84de9e33be7292c0fba,22875925,1751995247,08/07/25 17:20,0x4822c6499d4d0b0699f42419610f894c6662a484,0xe5544a2a5fa9b175da60d8eec67add5582bb31b0,,0,0,0,0.000129149,0.403493561,2616.29,,,Mint
0x32c7a341ae512c0c9ee160f242ba6c69799e9724028881c6c0e1d44c728eddea,22875922,1751995211,08/07/25 17:20,0x4822c6499d4d0b0699f42419610f894c6662a484,0xe5544a2a5fa9b175da60d8eec67add5582bb31b0,,0,0,0,0.000136072,0.425123519,2616.29,,,Mint
0x30fd093b1f6833af52144aae387d4329c20da791d360857922a7a2094663c9b8,22875919,1751995175,08/07/25 17:19,0x4822c6499d4d0b0699f42419610f894c6662a484,0xe5544a2a5fa9b175da60d8eec67add5582bb31b0,,0,0,0,0.000143014,0.446810234,2616.29,,,Mint
0xfecdb56a7f078fc8b8824ca3f655c5125d17cd0bc60f0a35d1904caa5ad54446,22875902,1751994971,08/07/25 17:16,0x0a7da29599a326568c88ef1ff2fb2f42262090fd,0xe5544a2a5fa9b175da60d8eec67add5582bb31b0,,0,0,0,0.000138508,0.432733458,2616.29,,,Mint
0x146658ce5f2d460441f25030bae6dec35592ed01a2889ffda2a7a7fa4f14da04,22875889,1751994815,08/07/25 17:13,0x4822c6499d4d0b0699f42419610f894c6662a484,0xe5544a2a5fa9b175da60d8eec67add5582bb31b0,,0,0,0,0.000124117,0.387770877,2616.29,,,Mint
0x544908dc83d3f74fd60cc067aaa26f1be1df2b5c3c7a69d065cc376fe1f0771d,22875886,1751994779,08/07/25 17:12,0x4822c6499d4d0b0699f42419610f894c6662a484,0xe5544a2a5fa9b175da60d8eec67add5582bb31b0,,0,0,0,0.000106477,0.332660907,2616.29,,,Mint
0x107ff50f55f5d230c762fa8a92b4b68d1250d2e323826f749101cd37a301d0bb,22875884,1751994755,08/07/25 17:12,0x4822c6499d4d0b0699f42419610f894c6662a484,0xe5544a2a5fa9b175da60d8eec67add5582bb31b0,,0,0,0,0.000109512,0.342141493,2616.29,,,Mint
0x97ce683d5aa56b046490235029664dca57cc2931bf8b9b07b3d3356a7d5fcb92,22875882,1751994731,08/07/25 17:12,0x4822c6499d4d0b0699f42419610f894c6662a484,0xe5544a2a5fa9b175da60d8eec67add5582bb31b0,,0,0,0,9.7646E-05,0.305070128,2616.29,,,Mint
0xc812dc19779b7714926485edaa83eb2baa7f69619797b9656b40a36996293d35,22875880,1751994707,08/07/25 17:11,0x4822c6499d4d0b0699f42419610f894c6662a484,0xe5544a2a5fa9b175da60d8eec67add5582bb31b0,,0,0,0,9.91811E-05,0.309865995,2616.29,,,Mint
0xd093c70f580fb1e4e7b2150e27cbf0c1c48639700612b92f38c31585d85bfb56,22875878,1751994683,08/07/25 17:11,0x4822c6499d4d0b0699f42419610f894c6662a484,0xe5544a2a5fa9b175da60d8eec67add5582bb31b0,,0,0,0,9.04557E-05,0.282605866,2616.29,,,Mint
0xbde0f4afb5689b707e2a8bb64db7085c000dd0305b4e0acbb5f7366a6c4893d4,22875876,1751994659,08/07/25 17:10,0x4822c6499d4d0b0699f42419610f894c6662a484,0xe5544a2a5fa9b175da60d8eec67add5582bb31b0,,0,0,0,9.62849E-05,0.300817659,2616.29,,,Mint
0xa35af35dd28239b35002776cbee3ef8162d81b07002ad68a0c85ab76eb8e5f39,22875874,1751994635,08/07/25 17:10,0x4822c6499d4d0b0699f42419610f894c6662a484,0xe5544a2a5fa9b175da60d8eec67add5582bb31b0,,0,0,0,8.96245E-05,0.28000904,2616.29,,,Mint
0x671a11cdbe77cd700c1cc84321b621d5614362392545a27d5db0954606055a59,22875872,1751994611,08/07/25 17:10,0x4822c6499d4d0b0699f42419610f894c6662a484,0xe5544a2a5fa9b175da60d8eec67add5582bb31b0,,0,0,0,9.12351E-05,0.285040894,2616.29,,,Mint
0xe8ba794d83ed3c8774510e29583ccf7ca9e56facf256b90e38f5306169cf3904,22875870,1751994587,08/07/25 17:09,0x4822c6499d4d0b0699f42419610f894c6662a484,0xe5544a2a5fa9b175da60d8eec67add5582bb31b0,,0,0,0,9.20325E-05,0.287532226,2616.29,,,Mint
0x3cf95965223ba2ea6bd32ee279b827047ada5e7a3d2d470b11592b6e12fa630d,22875865,1751994527,08/07/25 17:08,0x0a7da29599a326568c88ef1ff2fb2f42262090fd,0xe5544a2a5fa9b175da60d8eec67add5582bb31b0,,0,0,0,6.10261E-05,0.190660474,2616.29,,,Mint
0x5e041046713d1d6abeb76c71a56209d0fa61b6522f1d4e2998e4e560156bbe0f,22875859,1751994455,08/07/25 17:07,0x4822c6499d4d0b0699f42419610f894c6662a484,0xe5544a2a5fa9b175da60d8eec67add5582bb31b0,,0,0,0,7.18623E-05,0.22451535,2616.29,,,Mint
0x4e363e8e9ec6cc451f1b6b9162171e79cc9399a44f820ee0e877dcd1f9d2cad7,22875857,1751994431,08/07/25 17:07,0x4822c6499d4d0b0699f42419610f894c6662a484,0xe5544a2a5fa9b175da60d8eec67add5582bb31b0,,0,0,0,7.16012E-05,0.223699838,2616.29,,,Mint
0x290355f6525b5eb01bc19f70ff3e36fc65a3c97a0ba16603883e363b3a2ab151,22875855,1751994407,08/07/25 17:06,0x4822c6499d4d0b0699f42419610f894c6662a484,0xe5544a2a5fa9b175da60d8eec67add5582bb31b0,,0,0,0,6.23652E-05,0.194844298,2616.29,,,Mint
0xaa6ebe713c1258f3c38cc73d44baf16b58ef4655520961a5b8e6c6f836ac27f9,22875852,1751994371,08/07/25 17:06,0x4822c6499d4d0b0699f42419610f894c6662a484,0xe5544a2a5fa9b175da60d8eec67add5582bb31b0,,0,0,0,6.98812E-05,0.218326158,2616.29,,,Mint
0x94a2774873b3f1fd3b6b4f44d5dc766eeb755c9985e662bfb8c688f56f5887fa,22875850,1751994347,08/07/25 17:05,0x4822c6499d4d0b0699f42419610f894c6662a484,0xe5544a2a5fa9b175da60d8eec67add5582bb31b0,,0,0,0,6.59217E-05,0.205955733,2616.29,,,Mint
0x3a619eb85b52b510162c87e650345bdc2f88180ae1efe942aa927090b428d5dd,22875848,1751994323,08/07/25 17:05,0x4822c6499d4d0b0699f42419610f894c6662a484,0xe5544a2a5fa9b175da60d8eec67add5582bb31b0,,0,0,0,6.30062E-05,0.196846784,2616.29,,,Mint
0x3fab3c03864fd2bccd7e7f2c9b014629e88e410237bb9aa818ba373c6d6157dc,22875846,1751994299,08/07/25 17:04,0x4822c6499d4d0b0699f42419610f894c6662a484,0xe5544a2a5fa9b175da60d8eec67add5582bb31b0,,0,0,0,5.91965E-05,0.184944569,2616.29,,,Mint
0x52ae088bc9e93ed3f6b99d24d083c28eef8d38b5bd62e202ec108ada669a4cbe,22875844,1751994275,08/07/25 17:04,0x4822c6499d4d0b0699f42419610f894c6662a484,0xe5544a2a5fa9b175da60d8eec67add5582bb31b0,,0,0,0,6.13914E-05,0.191801747,2616.29,,,Mint
0x7cf91243b0877f6392901c63f669928b3e5db21ace79bb2e1f0feb04efa2f239,22875842,1751994251,08/07/25 17:04,0x4822c6499d4d0b0699f42419610f894c6662a484,0xe5544a2a5fa9b175da60d8eec67add5582bb31b0,,0,0,0,5.9158E-05,0.184824044,2616.29,,,Mint
0x6c87e987620e83abe03d1278187c74eb7e750dd6b04ecf7d750e90db105c2843,22875840,1751994227,08/07/25 17:03,0x4822c6499d4d0b0699f42419610f894c6662a484,0xe5544a2a5fa9b175da60d8eec67add5582bb31b0,,0,0,0,6.04401E-05,0.188829617,2616.29,,,Mint
0xc39c5a1f86b789075d5947bb181cb5e8a580f66461a5d8400709ed9aa1cac3d3,22875838,1751994203,08/07/25 17:03,0x4822c6499d4d0b0699f42419610f894c6662a484,0xe5544a2a5fa9b175da60d8eec67add5582bb31b0,,0,0,0,6.16244E-05,0.19252964,2616.29,,,Mint
0x52ac8c0249b8ecee0b24b441cf83b0102300f041350275888417bb7b99bee5fa,22875836,1751994179,08/07/25 17:02,0x4822c6499d4d0b0699f42419610f894c6662a484,0xe5544a2a5fa9b175da60d8eec67add5582bb31b0,,0,0,0,6.1409E-05,0.191856748,2616.29,,,Mint
0x09fb0b7b6fcbf4ba001ba24c9dba84650a268e78fbe16971651cde5cf2698417,22875834,1751994155,08/07/25 17:02,0x4822c6499d4d0b0699f42419610f894c6662a484,0xe5544a2a5fa9b175da60d8eec67add5582bb31b0,,0,0,0,6.23067E-05,0.194661523,2616.29,,,Mint
0x94512b0ec641856cbc59f9ceacb592176935d0ad1eac37d5197cba10bff1ef08,22875832,1751994131,08/07/25 17:02,0x4822c6499d4d0b0699f42419610f894c6662a484,0xe5544a2a5fa9b175da60d8eec67add5582bb31b0,,0,0,0,6.4042E-05,0.200082827,2616.29,,,Mint
0x09fd5880cf19476221e850592011d82603d5c05ca6e537277905a2ad379b6469,22875830,1751994107,08/07/25 17:01,0x4822c6499d4d0b0699f42419610f894c6662a484,0xe5544a2a5fa9b175da60d8eec67add5582bb31b0,,0,0,0,6.0305E-05,0.188407667,2616.29,,,Mint
0xfff9170c5661572ca0ecca74705f669d3e5456adeab58cd2571bc21768d9c0b6,22875828,1751994083,08/07/25 17:01,0x4822c6499d4d0b0699f42419610f894c6662a484,0xe5544a2a5fa9b175da60d8eec67add5582bb31b0,,0,0,0,5.95509E-05,0.186051688,2616.29,,,Mint
0x595c6fe47b7068f1d8f0062562367ac6c5ef1f614bfd8ca3f1a11f9c7b313a3d,22875826,1751994059,08/07/25 17:00,0x4822c6499d4d0b0699f42419610f894c6662a484,0xe5544a2a5fa9b175da60d8eec67add5582bb31b0,,0,0,0,5.65569E-05,0.1766978,2616.29,,,Mint
0xaca125d311ac6c80164ee984adc4994a5dce8cd0f41c8be32342ac42fea2374d,22875824,1751994035,08/07/25 17:00,0x4822c6499d4d0b0699f42419610f894c6662a484,0xe5544a2a5fa9b175da60d8eec67add5582bb31b0,,0,0,0,4.99864E-05,0.156169761,2616.29,,,Mint
0xae99c1ecfceb082161aa12e2b44a2f9d233a26d3a24f4bf7f58cadf63fce0816,22875822,1751994011,08/07/25 17:00,0x4822c6499d4d0b0699f42419610f894c6662a484,0xe5544a2a5fa9b175da60d8eec67add5582bb31b0,,0,0,0,4.81263E-05,0.150358429,2616.29,,,Mint
0x565aa6def08d96f732fe8ba1e83abd5fa582b69511d6b38eb3cea7479df2494d,22875820,1751993987,08/07/25 16:59,0x4822c6499d4d0b0699f42419610f894c6662a484,0xe5544a2a5fa9b175da60d8eec67add5582bb31b0,,0,0,0,4.52782E-05,0.14146032,2616.29,,,Mint
0xa47b2433a482c7636611ff21b138b569e3385df450a4ff83e9dbf12d17fb811d,22875817,1751993951,08/07/25 16:59,0x4822c6499d4d0b0699f42419610f894c6662a484,0xe5544a2a5fa9b175da60d8eec67add5582bb31b0,,0,0,0,4.70355E-05,0.146950342,2616.29,,,Mint
0x1ed9257c34d6040e495a6ebfb6e21f8234b442836121aa257e51ac6c44422cd3,22875815,1751993927,08/07/25 16:58,0x4822c6499d4d0b0699f42419610f894c6662a484,0xe5544a2a5fa9b175da60d8eec67add5582bb31b0,,0,0,0,4.9173E-05,0.153628633,2616.29,,,Mint
0x8f75910862e1a8e2ef213d151dded3b4e427e7e4bb8e1f696f3490335afa40a9,22875812,1751993891,08/07/25 16:58,0x4822c6499d4d0b0699f42419610f894c6662a484,0xe5544a2a5fa9b175da60d8eec67add5582bb31b0,,0,0,0,4.92615E-05,0.153904983,2616.29,,,Mint
0x925f5cd5266aeebb7bea69dec59015304eb5ead28ba311e3b09452294b805e95,22875810,1751993867,08/07/25 16:57,0x4822c6499d4d0b0699f42419610f894c6662a484,0xe5544a2a5fa9b175da60d8eec67add5582bb31b0,,0,0,0,4.99503E-05,0.156056983,2616.29,,,Mint
0x977e99097bd2b7924414e93d645c6939a6aa10d7c48a1d526063870f7e58c18e,22875808,1751993843,08/07/25 16:57,0x4822c6499d4d0b0699f42419610f894c6662a484,0xe5544a2a5fa9b175da60d8eec67add5582bb31b0,,0,0,0,5.21899E-05,0.16305422,2616.29,,,Mint
0x2a4f7a7c8b91d3087935239a0e6ae28aa03f34a257327415c19a314351b114e9,22875806,1751993819,08/07/25 16:56,0x4822c6499d4d0b0699f42419610f894c6662a484,0xe5544a2a5fa9b175da60d8eec67add5582bb31b0,,0,0,0,5.22364E-05,0.163199436,2616.29,,,Mint
0xf431ecc8446f078004995ae4915d458ea6f2e03ca26f34e09fa89807ea4d9319,22875804,1751993795,08/07/25 16:56,0x4822c6499d4d0b0699f42419610f894c6662a484,0xe5544a2a5fa9b175da60d8eec67add5582bb31b0,,0,0,0,5.38781E-05,0.168328301,2616.29,,,Mint
0xd6d017c895a6c3c3e8b45b5a12a78b2428dab3343f346b162d485ed51805a36b,22875802,1751993771,08/07/25 16:56,0x4822c6499d4d0b0699f42419610f894c6662a484,0xe5544a2a5fa9b175da60d8eec67add5582bb31b0,,0,0,0,4.97433E-05,0.155410165,2616.29,,,Mint
0x1f0328084c42e18de387bc0c9cd9e9607da126e0fbae0874368ea7fd197268d8,22875799,1751993735,08/07/25 16:55,0x4822c6499d4d0b0699f42419610f894c6662a484,0xe5544a2a5fa9b175da60d8eec67add5582bb31b0,,0,0,0,5.62253E-05,0.175661727,2616.29,,,Mint
0x8b04b330f6dae43c827706ff8e7d0a9973a8f04d4c6959a6c61ff024699f5387,22875797,1751993711,08/07/25 16:55,0x4822c6499d4d0b0699f42419610f894c6662a484,0xe5544a2a5fa9b175da60d8eec67add5582bb31b0,,0,0,0,5.72302E-05,0.178801333,2616.29,,,Mint
0x2d4b18770c7d47759db6ce730b2c6e143285ec4cc9968cccae663baaa3cd5e8d,22875795,1751993687,08/07/25 16:54,0x4822c6499d4d0b0699f42419610f894c6662a484,0xe5544a2a5fa9b175da60d8eec67add5582bb31b0,,0,0,0,5.73697E-05,0.179237151,2616.29,,,Mint
0xd7c6f856fd7f5a9c58873472ce70341e980d27eca9b7cf8ff3bc629d3e85981d,22875793,1751993663,08/07/25 16:54,0x4822c6499d4d0b0699f42419610f894c6662a484,0xe5544a2a5fa9b175da60d8eec67add5582bb31b0,,0,0,0,5.56352E-05,0.17381819,2616.29,,,Mint
0x82beac7b5c65fa546c7f4fc96cb64843541adff99934314e06d22d9d0dec26c7,22875791,1751993627,08/07/25 16:53,0x4822c6499d4d0b0699f42419610f894c6662a484,0xe5544a2a5fa9b175da60d8eec67add5582bb31b0,,0,0,0,5.59959E-05,0.174944911,2616.29,,,Mint
0x8d48d234f30f4ecbd9bd73142c1c88f9e1efb3b0a886496661c890c823edf349,22875789,1751993603,08/07/25 16:53,0x4822c6499d4d0b0699f42419610f894c6662a484,0xe5544a2a5fa9b175da60d8eec67add5582bb31b0,,0,0,0,5.50047E-05,0.171848132,2616.29,,,Mint
0x8705a4683ac1f8e03220a1f67e3af08fdccb348f8661584acf6b8ffd09d753a0,22875786,1751993567,08/07/25 16:52,0x4822c6499d4d0b0699f42419610f894c6662a484,0xe5544a2a5fa9b175da60d8eec67add5582bb31b0,,0,0,0,5.79188E-05,0.180952638,2616.29,,,Mint
0xaea4f811abcbeade7a4a8ea574eb295599d7f403b0818257b66bbf3760cb3527,22875784,1751993543,08/07/25 16:52,0x4822c6499d4d0b0699f42419610f894c6662a484,0xe5544a2a5fa9b175da60d8eec67add5582bb31b0,,0,0,0,5.99057E-05,0.187160175,2616.29,,,Mint
0x83749fd28dd187582b89ddb82dcf77c28640787cf6e9ddf9bf4318b557163b5b,22875782,1751993519,08/07/25 16:51,0x4822c6499d4d0b0699f42419610f894c6662a484,0xe5544a2a5fa9b175da60d8eec67add5582bb31b0,,0,0,0,6.11554E-05,0.191064521,2616.29,,,Mint
0xd06cc4d7fa27bbb06049506d0073423d489b3f2d3eac1e19284f0dec94d8b49e,22875780,1751993495,08/07/25 16:51,0x4822c6499d4d0b0699f42419610f894c6662a484,0xe5544a2a5fa9b175da60d8eec67add5582bb31b0,,0,0,0,5.89812E-05,0.184271664,2616.29,,,Mint
0x8f8ec36941bc0f95521be6dfca7acde3d71965d16199df7e63c0b44aebbdcdec,22875778,1751993471,08/07/25 16:51,0x4822c6499d4d0b0699f42419610f894c6662a484,0xe5544a2a5fa9b175da60d8eec67add5582bb31b0,,0,0,0,6.06582E-05,0.189511286,2616.29,,,Mint
0xfa2d5a314f608fb5d50b57ab9219a184af937752eca6ff509edb8be3fc9d5a44,22875776,1751993447,08/07/25 16:50,0x4822c6499d4d0b0699f42419610f894c6662a484,0xe5544a2a5fa9b175da60d8eec67add5582bb31b0,,0,0,0,6.22337E-05,0.194433333,2616.29,,,Mint
0x72897e4ac3c7ac6e0a85db2bd99138099ce8873e1de04797bc9bd39b7f30b61f,22875774,1751993423,08/07/25 16:50,0x4822c6499d4d0b0699f42419610f894c6662a484,0xe5544a2a5fa9b175da60d8eec67add5582bb31b0,,0,0,0,6.67884E-05,0.208663347,2616.29,,,Mint
0x4f846a345a522b42519f41d5dc8f65e31450d3e8fa7a1c78194ca5938464292c,22875772,1751993399,08/07/25 16:49,0x4822c6499d4d0b0699f42419610f894c6662a484,0xe5544a2a5fa9b175da60d8eec67add5582bb31b0,,0,0,0,6.36542E-05,0.198871227,2616.29,,,Mint
0xd8a725406e057f895935c4c9db8d28467b200d6c7eef93c57c90fc82bd971da6,22875770,1751993375,08/07/25 16:49,0x4822c6499d4d0b0699f42419610f894c6662a484,0xe5544a2a5fa9b175da60d8eec67add5582bb31b0,,0,0,0,7.00795E-05,0.218945595,2616.29,,,Mint
0x59a3d94f9920c4884a1c722bec3a4e9dd591b558d560016562d72b63a1af95e5,22875768,1751993351,08/07/25 16:49,0x4822c6499d4d0b0699f42419610f894c6662a484,0xe5544a2a5fa9b175da60d8eec67add5582bb31b0,,0,0,0,6.88506E-05,0.215106135,2616.29,,,Mint
0xd1f65d49983c60da85a4b675f9a958afce001a0c8838cdefe50daa4bd0c38263,22875766,1751993327,08/07/25 16:48,0x4822c6499d4d0b0699f42419610f894c6662a484,0xe5544a2a5fa9b175da60d8eec67add5582bb31b0,,0,0,0,7.10955E-05,0.222119672,2616.29,,,Mint
0xbca28d6989675130c77b389fe0f579bb29888c18a76034dfb4787a8ce9375a7f,22875764,1751993303,08/07/25 16:48,0x4822c6499d4d0b0699f42419610f894c6662a484,0xe5544a2a5fa9b175da60d8eec67add5582bb31b0,,0,0,0,7.24554E-05,0.226368433,2616.29,,,Mint
0x42168df7af4afecbb1e4d8d698efc958d20177d173e09ea2d5b958e817b89940,22875762,1751993279,08/07/25 16:47,0x4822c6499d4d0b0699f42419610f894c6662a484,0xe5544a2a5fa9b175da60d8eec67add5582bb31b0,,0,0,0,7.11957E-05,0.222432859,2616.29,,,Mint
0xe45e440f5e953824d1adf248d57dd87bed1dc47bdee4d5b780a129ec32f83eda,22875760,1751993255,08/07/25 16:47,0x4822c6499d4d0b0699f42419610f894c6662a484,0xe5544a2a5fa9b175da60d8eec67add5582bb31b0,,0,0,0,7.14172E-05,0.223124967,2616.29,,,Mint
0x1501eeeb71857574357d1571e6b846492500569e3a173c0e362ae532bec5f80f,22875758,1751993231,08/07/25 16:47,0x4822c6499d4d0b0699f42419610f894c6662a484,0xe5544a2a5fa9b175da60d8eec67add5582bb31b0,,0,0,0,6.73067E-05,0.210282665,2616.29,,,Mint
0x5b83f5bb8f94ffbce1097f137e2e36f54f5adc43c9bbbdf9ac35c2d4c2b53c35,22875756,1751993207,08/07/25 16:46,0x4822c6499d4d0b0699f42419610f894c6662a484,0xe5544a2a5fa9b175da60d8eec67add5582bb31b0,,0,0,0,6.20328E-05,0.193805811,2616.29,,,Mint
0xf91055dec2739911542ef88cd61584020ee0e56851eff36654cd6201a839deba,22875754,1751993183,08/07/25 16:46,0x4822c6499d4d0b0699f42419610f894c6662a484,0xe5544a2a5fa9b175da60d8eec67add5582bb31b0,,0,0,0,6.8874E-05,0.215179263,2616.29,,,Mint
0xce3b6eae0ebb62dc03f8d15f0750cea5baf13477e98e6aaefa5329e9e1b8fa04,22875752,1751993159,08/07/25 16:45,0x4822c6499d4d0b0699f42419610f894c6662a484,0xe5544a2a5fa9b175da60d8eec67add5582bb31b0,,0,0,0,7.06675E-05,0.220782623,2616.29,,,Mint
0x45f54104ac4c56bb8294bfe26157201988c6eca54d3e14c87d66f36433f3135d,22875750,1751993135,08/07/25 16:45,0x4822c6499d4d0b0699f42419610f894c6662a484,0xe5544a2a5fa9b175da60d8eec67add5582bb31b0,,0,0,0,6.28043E-05,0.196216174,2616.29,,,Mint
0x79d49a548968fc214e0b1fa503a1e2668507a3e89b0ad8dd2886b23e281db5b8,22875747,1751993099,08/07/25 16:44,0x4822c6499d4d0b0699f42419610f894c6662a484,0xe5544a2a5fa9b175da60d8eec67add5582bb31b0,,0,0,0,7.06998E-05,0.220883442,2616.29,,,Mint
0x916d52c55338777dfa9b2ab83a096ffa245b82f06124966302f23f394c1f42f3,22875745,1751993075,08/07/25 16:44,0x4822c6499d4d0b0699f42419610f894c6662a484,0xe5544a2a5fa9b175da60d8eec67add5582bb31b0,,0,0,0,7.11885E-05,0.222410399,2616.29,,,Mint
0x8845ac4b46c11c23b11ccc311b0ca4c6a2b3e30f89bad7b73a97a5a0449b74a6,22875743,1751993051,08/07/25 16:44,0x4822c6499d4d0b0699f42419610f894c6662a484,0xe5544a2a5fa9b175da60d8eec67add5582bb31b0,,0,0,0,7.10121E-05,0.221859129,2616.29,,,Mint
0x82fcf235945040785e7dc03fd02e848ec9a93f35282855e5374f0af2cc613ffa,22875741,1751993027,08/07/25 16:43,0x4822c6499d4d0b0699f42419610f894c6662a484,0xe5544a2a5fa9b175da60d8eec67add5582bb31b0,,0,0,0,6.55089E-05,0.204665848,2616.29,,,Mint
0x6db46d8508102510dfb076ea9237a04e9ae40d2c773d1da615dc63c02637ba62,22875738,1751992991,08/07/25 16:43,0x4822c6499d4d0b0699f42419610f894c6662a484,0xe5544a2a5fa9b175da60d8eec67add5582bb31b0,,0,0,0,7.02562E-05,0.219497536,2616.29,,,Mint
0xec9081e030cb6caeb9ddd0788a4d54f2c0b2c1a4a4bb04475d58198bb22c4c85,22875736,1751992967,08/07/25 16:42,0x4822c6499d4d0b0699f42419610f894c6662a484,0xe5544a2a5fa9b175da60d8eec67add5582bb31b0,,0,0,0,6.98417E-05,0.218202647,2616.29,,,Mint
0x49f6f77fbc6e6f07d65b86751841a5ba9ccf386014473e8d47131764c9415220,22875734,1751992943,08/07/25 16:42,0x4822c6499d4d0b0699f42419610f894c6662a484,0xe5544a2a5fa9b175da60d8eec67add5582bb31b0,,0,0,0,6.6201E-05,0.206828049,2616.29,,,Mint
0x18754f96a9034b53e02507a214ef49f9baa4e60f8a57f7796ca3a356e3ec8749,22875732,1751992919,08/07/25 16:41,0x4822c6499d4d0b0699f42419610f894c6662a484,0xe5544a2a5fa9b175da60d8eec67add5582bb31b0,,0,0,0,6.45868E-05,0.201784951,2616.29,,,Mint
0x3eb48f134755e30d82a11f2235eb257defd2df76ecdde297ccd739c382cdb4fb,22875730,1751992895,08/07/25 16:41,0x4822c6499d4d0b0699f42419610f894c6662a484,0xe5544a2a5fa9b175da60d8eec67add5582bb31b0,,0,0,0,6.46357E-05,0.201937765,2616.29,,,Mint
0xd368f32bb9c88db4a5fb65a7f58805bea7d39ab235564ffaec1211c76e2a4fb5,22875728,1751992871,08/07/25 16:41,0x4822c6499d4d0b0699f42419610f894c6662a484,0xe5544a2a5fa9b175da60d8eec67add5582bb31b0,,0,0,0,5.98185E-05,0.186887718,2616.29,,,Mint
0x78a4d7f185ec7cab54f94bedd0bb3efb8e1b0cb3a77ccc6cf348c388c0133848,22875724,1751992823,08/07/25 16:40,0x4822c6499d4d0b0699f42419610f894c6662a484,0xe5544a2a5fa9b175da60d8eec67add5582bb31b0,,0,0,0,7.43536E-05,0.232298957,2616.29,,,Mint
0x63e47adcf32511f16f483c38b3020ae6c83dba8e22c213553c1d5ebb9f2fe8d9,22875722,1751992799,08/07/25 16:39,0x4822c6499d4d0b0699f42419610f894c6662a484,0xe5544a2a5fa9b175da60d8eec67add5582bb31b0,,0,0,0,7.82861E-05,0.244584959,2616.29,,,Mint
0x9120e6878af066c3143dfe2fc00fd98441ee217cbf2a9516a26d6a6103eaaffb,22875720,1751992775,08/07/25 16:39,0x4822c6499d4d0b0699f42419610f894c6662a484,0xe5544a2a5fa9b175da60d8eec67add5582bb31b0,,0,0,0,8.09698E-05,0.252969578,2616.29,,,Mint
0x3fd01f6dfd1dddb298bbefd81f14eeb6dbdd6858d6f85629e721526e82b89f91,22875719,1751992763,08/07/25 16:39,0x0a7da29599a326568c88ef1ff2fb2f42262090fd,0xe5544a2a5fa9b175da60d8eec67add5582bb31b0,,0,0,0,8.16724E-05,0.255164531,2616.29,,,Mint
0x5ef6c0aecb804383d0635517b7ef3947231bddee670feed7120503af44e0471a,22875717,1751992739,08/07/25 16:38,0x4822c6499d4d0b0699f42419610f894c6662a484,0xe5544a2a5fa9b175da60d8eec67add5582bb31b0,,0,0,0,8.43063E-05,0.263393589,2616.29,,,Mint
0x46801d47283cb40c2cafa842884a29859fe0f29ec150e82dcb59c8bfce18413c,22875715,1751992715,08/07/25 16:38,0x4822c6499d4d0b0699f42419610f894c6662a484,0xe5544a2a5fa9b175da60d8eec67add5582bb31b0,,0,0,0,8.27379E-05,0.258493484,2616.29,,,Mint
0xa4447a331fc1ddb61c6727e09b8983db59ac704da373f14311d5452cd0aecbab,22875712,1751992679,08/07/25 16:37,0x4822c6499d4d0b0699f42419610f894c6662a484,0xe5544a2a5fa9b175da60d8eec67add5582bb31b0,,0,0,0,8.52771E-05,0.266426549,2616.29,,,Mint
0xa3608c05a71863bedc24799bd75ff44ba8a0e088c5258f4da3cd3b9ba825c592,22875710,1751992655,08/07/25 16:37,0x4822c6499d4d0b0699f42419610f894c6662a484,0xe5544a2a5fa9b175da60d8eec67add5582bb31b0,,0,0,0,8.89463E-05,0.277890171,2616.29,,,Mint
0xa1a8711e1e4d48e79965e56b6034c207661d3c0f1d2d3139889f6acd0de63d61,22875709,1751992643,08/07/25 16:37,0x0a7da29599a326568c88ef1ff2fb2f42262090fd,0xe5544a2a5fa9b175da60d8eec67add5582bb31b0,,0,0,0,9.03689E-05,0.282334763,2616.29,,,Mint
0x58e0abb2959e9882648abcf5e6b7872429a166a78c183a3f36f54e40edd515bd,22875708,1751992631,08/07/25 16:37,0x4822c6499d4d0b0699f42419610f894c6662a484,0xe5544a2a5fa9b175da60d8eec67add5582bb31b0,,0,0,0,8.4432E-05,0.263786184,2616.29,,,Mint
0x1536dc306166baf27a96b46d10efd3b37ef1083be4ce71394036b65260526919,22875704,1751992583,08/07/25 16:36,0x4822c6499d4d0b0699f42419610f894c6662a484,0xe5544a2a5fa9b175da60d8eec67add5582bb31b0,,0,0,0,0.000100844,0.315061215,2616.29,,,Mint
0xb17744ad90bd9ada4e45eeaf8e1afeac67a47308e80d85a8bcbffa7b1c0237d1,22875703,1751992571,08/07/25 16:36,0x0a7da29599a326568c88ef1ff2fb2f42262090fd,0xe5544a2a5fa9b175da60d8eec67add5582bb31b0,,0,0,0,9.32914E-05,0.291465314,2616.29,,,Mint
0xaf15b7aa20533df4315b3313026f63521f167de26b38d08e8e8f218c442744bc,22875699,1751992523,08/07/25 16:35,0x0a7da29599a326568c88ef1ff2fb2f42262090fd,0xe5544a2a5fa9b175da60d8eec67add5582bb31b0,,0,0,0,0.000102113,0.319026561,2616.29,,,Mint
0x5b8268a76ed98c82db0a26cfc2124ab6264dd932b2d49fd57dafc05cb8d15ecb,22875697,1751992499,08/07/25 16:34,0x0a7da29599a326568c88ef1ff2fb2f42262090fd,0xe5544a2a5fa9b175da60d8eec67add5582bb31b0,,0,0,0,0.000104247,0.325694046,2616.29,,,Mint
0x11bb32e69c094c076612c22e3b13510dce91cd05b52db40b57faa3ca58ed13be,22875695,1751992475,08/07/25 16:34,0x0a7da29599a326568c88ef1ff2fb2f42262090fd,0xe5544a2a5fa9b175da60d8eec67add5582bb31b0,,0,0,0,0.000100692,0.314585829,2616.29,,,Mint
0x659b15313eaa3ba9b4755f8447411ff1a0e60862f485cf125f4124a9e85cde13,22875692,1751992439,08/07/25 16:33,0x0a7da29599a326568c88ef1ff2fb2f42262090fd,0xe5544a2a5fa9b175da60d8eec67add5582bb31b0,,0,0,0,0.000106331,0.33220292,2616.29,,,Mint
0xb8ab6ca78d2920484d168deb0c70596b7e65714ea54cf05fe9811fd0ae0b7836,22875688,1751992391,08/07/25 16:33,0x0a7da29599a326568c88ef1ff2fb2f42262090fd,0xe5544a2a5fa9b175da60d8eec67add5582bb31b0,,0,0,0,0.000110153,0.344145158,2616.29,,,Mint
0x928bc979c9039da834e7cf202d21b0d39eee6ff5aa33dbf40050fb49313d6953,22875684,1751992343,08/07/25 16:32,0x0a7da29599a326568c88ef1ff2fb2f42262090fd,0xe5544a2a5fa9b175da60d8eec67add5582bb31b0,,0,0,0,0.000106822,0.333738699,2616.29,,,Mint
0x046cd5aba9dd9891862a128002c34aef4286dffd6981487d3d8236c46a25aea9,22875679,1751992283,08/07/25 16:31,0x0a7da29599a326568c88ef1ff2fb2f42262090fd,0xe5544a2a5fa9b175da60d8eec67add5582bb31b0,,0,0,0,0.000109579,0.342351939,2616.29,,,Mint
0x863f348799f63903aca000e6a231285b52563df272ab5ed85cdcfe9630efd5a1,22875670,1751992175,08/07/25 16:29,0x4822c6499d4d0b0699f42419610f894c6662a484,0xe5544a2a5fa9b175da60d8eec67add5582bb31b0,,0,0,0,0.000107711,0.336515797,2616.29,,,Mint
0xeed6d8d9f394c3ddfd7737189c9d1109bfa346da993b0b95420c8ff97d4182e4,22875668,1751992151,08/07/25 16:29,0x4822c6499d4d0b0699f42419610f894c6662a484,0xe5544a2a5fa9b175da60d8eec67add5582bb31b0,,0,0,0,0.000113455,0.354461816,2616.29,,,Mint
0x011f5d024a9fbc0dfa9d3a43b82e9401613c84d8da043c97f70b2768e7c2c7fe,22875520,1751990363,08/07/25 15:59,0x4822c6499d4d0b0699f42419610f894c6662a484,0xe5544a2a5fa9b175da60d8eec67add5582bb31b0,,0,0,0,8.34605E-05,0.26075099,2616.29,,,Mint
0x35dfa3e8f546616c7f80b0a9fb299f9007dd69761a1393aa993bcce478d29cfa,22875518,1751990339,08/07/25 15:58,0x4822c6499d4d0b0699f42419610f894c6662a484,0xe5544a2a5fa9b175da60d8eec67add5582bb31b0,,0,0,0,8.55492E-05,0.26727679,2616.29,,,Mint
0x350036f73d795361209841cdd31f45289c84150a2c102e09ab9d3cadd0d8c85b,22875516,1751990315,08/07/25 15:58,0x4822c6499d4d0b0699f42419610f894c6662a484,0xe5544a2a5fa9b175da60d8eec67add5582bb31b0,,0,0,0,8.25764E-05,0.257988871,2616.29,,,Mint
0xb5827c23708f862b2815b541fef19920f1653b8e67046defee06ff078e248ea1,22875514,1751990291,08/07/25 15:58,0x4822c6499d4d0b0699f42419610f894c6662a484,0xe5544a2a5fa9b175da60d8eec67add5582bb31b0,,0,0,0,8.81181E-05,0.275302559,2616.29,,,Mint
0x378ee87f63e0a281f674138fbd9cd08c820c2f5598c0d97f93dbf27f4e845cef,22875512,1751990267,08/07/25 15:57,0x4822c6499d4d0b0699f42419610f894c6662a484,0xe5544a2a5fa9b175da60d8eec67add5582bb31b0,,0,0,0,8.99637E-05,0.281068691,2616.29,,,Mint
0x56b3fecff08e8dda07e904d84127bc453c81c8057061ecaa3de144fccc862a61,22875510,1751990243,08/07/25 15:57,0x4822c6499d4d0b0699f42419610f894c6662a484,0xe5544a2a5fa9b175da60d8eec67add5582bb31b0,,0,0,0,8.21548E-05,0.256671781,2616.29,,,Mint
0x746f40bcdcafdd64131fdd478846020a971b65e55abbe934f9ff2d5e8e6c3af3,22875507,1751990207,08/07/25 15:56,0x4822c6499d4d0b0699f42419610f894c6662a484,0xe5544a2a5fa9b175da60d8eec67add5582bb31b0,,0,0,0,8.39588E-05,0.262307805,2616.29,,,Mint
0x12219622d6e75c3dc0db9add80a2bfc4d63cb9736c5610a9cff481651c88d6b5,22875505,1751990183,08/07/25 15:56,0x4822c6499d4d0b0699f42419610f894c6662a484,0xe5544a2a5fa9b175da60d8eec67add5582bb31b0,,0,0,0,8.87808E-05,0.277373127,2616.29,,,Mint
0x6ad74af2d7a451229c7b5ff9bfed1e638ac00ae3523959035728b13dcc2be51d,22875503,1751990159,08/07/25 15:55,0x4822c6499d4d0b0699f42419610f894c6662a484,0xe5544a2a5fa9b175da60d8eec67add5582bb31b0,,0,0,0,9.00893E-05,0.281461121,2616.29,,,Mint
0x782bcd05b3335d779d4b671d4556fc5a0f619624c408fe1893982018e966f1d8,22875501,1751990135,08/07/25 15:55,0x4822c6499d4d0b0699f42419610f894c6662a484,0xe5544a2a5fa9b175da60d8eec67add5582bb31b0,,0,0,0,8.97584E-05,0.280427467,2616.29,,,Mint
0x08e7852754c161a193d26f63ba6718b2d86e4c1860de300953ca3fd6041ae3cb,22875499,1751990111,08/07/25 15:55,0x4822c6499d4d0b0699f42419610f894c6662a484,0xe5544a2a5fa9b175da60d8eec67add5582bb31b0,,0,0,0,9.02753E-05,0.282042262,2616.29,,,Mint
0x1d392baf28b9db19182a3ae44025ebb08e6398afac7f2eb52b7d637ea3a24626,22875497,1751990087,08/07/25 15:54,0x4822c6499d4d0b0699f42419610f894c6662a484,0xe5544a2a5fa9b175da60d8eec67add5582bb31b0,,0,0,0,9.62162E-05,0.300603162,2616.29,,,Mint
0x00e7964db16de7c50154e68bbf182658a304c9ff23465ca8442b7b6d3e16df8f,22875495,1751990063,08/07/25 15:54,0x4822c6499d4d0b0699f42419610f894c6662a484,0xe5544a2a5fa9b175da60d8eec67add5582bb31b0,,0,0,0,9.51492E-05,0.297269553,2616.29,,,Mint
0x59b60f90b12f01a62347477adf0972833a30d2192f298e3fba1cf0361f6586b7,22875493,1751990039,08/07/25 15:53,0x4822c6499d4d0b0699f42419610f894c6662a484,0xe5544a2a5fa9b175da60d8eec67add5582bb31b0,,0,0,0,9.65077E-05,0.301513668,2616.29,,,Mint
0xd22500e441b1ad34ec4a056cf19d99f7917a6dfafa14a6db7ca7edbdf03828e1,22875491,1751990015,08/07/25 15:53,0x4822c6499d4d0b0699f42419610f894c6662a484,0xe5544a2a5fa9b175da60d8eec67add5582bb31b0,,0,0,0,9.67736E-05,0.302344558,2616.29,,,Mint
0xfdaacafdc2c796e5afccf27d6eb9cf2b48621dc26e8aa198172e2c8f25e53010,22875489,1751989991,08/07/25 15:53,0x4822c6499d4d0b0699f42419610f894c6662a484,0xe5544a2a5fa9b175da60d8eec67add5582bb31b0,,0,0,0,0.000100165,0.312941342,2616.29,,,Mint
0xe93b417edbdda4933f9d2712b910e3c1de2a7f772e2c9f425588dd43f16ada45,22875487,1751989967,08/07/25 15:52,0x4822c6499d4d0b0699f42419610f894c6662a484,0xe5544a2a5fa9b175da60d8eec67add5582bb31b0,,0,0,0,9.68687E-05,0.302641673,2616.29,,,Mint
0x3ed3e2066083fca33937bf0c24e47e092caeadbeb7e62cd4661e173e0ed9cfe4,22875485,1751989943,08/07/25 15:52,0x4822c6499d4d0b0699f42419610f894c6662a484,0xe5544a2a5fa9b175da60d8eec67add5582bb31b0,,0,0,0,9.22411E-05,0.288184004,2616.29,,,Mint
0xb8758ff81721ee4e8b2bdadcb1192e2bc212ef21a9873164741ca0ec87f60cca,22875483,1751989919,08/07/25 15:51,0x4822c6499d4d0b0699f42419610f894c6662a484,0xe5544a2a5fa9b175da60d8eec67add5582bb31b0,,0,0,0,8.79748E-05,0.2748548,2616.29,,,Mint
0xc123242cd29ce8d83bcf9f6044e897628aae1c124c9ec1d5480cd7424a42229f,22875480,1751989883,08/07/25 15:51,0x4822c6499d4d0b0699f42419610f894c6662a484,0xe5544a2a5fa9b175da60d8eec67add5582bb31b0,,0,0,0,9.05809E-05,0.282997011,2616.29,,,Mint
0xe03ab679d09c6019259485c864a2c99a8570121137a095bca115199db064eb04,22875478,1751989859,08/07/25 15:50,0x4822c6499d4d0b0699f42419610f894c6662a484,0xe5544a2a5fa9b175da60d8eec67add5582bb31b0,,0,0,0,8.51839E-05,0.266135473,2616.29,,,Mint
0x48f7173fa41eef9cf72da9b35c17dbccbb2c0e770a395a378ea18296a27803cc,22875475,1751989823,08/07/25 15:50,0x4822c6499d4d0b0699f42419610f894c6662a484,0xe5544a2a5fa9b175da60d8eec67add5582bb31b0,,0,0,0,8.78991E-05,0.274618423,2616.29,,,Mint
0x55ccbfc321b02624f202c01fdb27aeda1046cb43f7a55ee1205b1d74ee273430,22875473,1751989799,08/07/25 15:49,0x4822c6499d4d0b0699f42419610f894c6662a484,0xe5544a2a5fa9b175da60d8eec67add5582bb31b0,,0,0,0,8.63396E-05,0.269746164,2616.29,,,Mint
0x3d1ef4f0fb8c70c2742596cdbc2c7bd1f65403c3501b8f58feb7f3238b5483f4,22875471,1751989775,08/07/25 15:49,0x4822c6499d4d0b0699f42419610f894c6662a484,0xe5544a2a5fa9b175da60d8eec67add5582bb31b0,,0,0,0,8.75141E-05,0.273415548,2616.29,,,Mint
0xd9689d92f1ad954945ce0a672a228f4d6d8f278566f5d28afc17a010b42e0e00,22875469,1751989751,08/07/25 15:49,0x4822c6499d4d0b0699f42419610f894c6662a484,0xe5544a2a5fa9b175da60d8eec67add5582bb31b0,,0,0,0,8.6041E-05,0.268813165,2616.29,,,Mint
0x9afc1c28bcf5e7a1a1687ac14c1270bf933c40cb6060f89735d76a0ab903abcb,22875467,1751989727,08/07/25 15:48,0x4822c6499d4d0b0699f42419610f894c6662a484,0xe5544a2a5fa9b175da60d8eec67add5582bb31b0,,0,0,0,9.63147E-05,0.300910911,2616.29,,,Mint
0xfe3299343ad26581517c80736f453cf9067eb0a73a8b5b23e4d13167c4ff0f1d,22875465,1751989703,08/07/25 15:48,0x4822c6499d4d0b0699f42419610f894c6662a484,0xe5544a2a5fa9b175da60d8eec67add5582bb31b0,,0,0,0,0.000102381,0.319863534,2616.29,,,Mint
0x57ca2f36d0afb8db61635079af82b25744e775ed007e566f61132b611b77e16a,22875463,1751989679,08/07/25 15:47,0x4822c6499d4d0b0699f42419610f894c6662a484,0xe5544a2a5fa9b175da60d8eec67add5582bb31b0,,0,0,0,9.157E-05,0.286087223,2616.29,,,Mint
0xf005cec8b9aed85478a2e0ddaf5016bbbf062c7b082a308c18763d4a24e271c8,22875460,1751989643,08/07/25 15:47,0x4822c6499d4d0b0699f42419610f894c6662a484,0xe5544a2a5fa9b175da60d8eec67add5582bb31b0,,0,0,0,7.99886E-05,0.24990392,2616.29,,,Mint
0xb3bbcf2fd063eb5445318b590871bc7b482f5f727a08beaf8c35109dcb56b4d8,22875458,1751989619,08/07/25 15:46,0x4822c6499d4d0b0699f42419610f894c6662a484,0xe5544a2a5fa9b175da60d8eec67add5582bb31b0,,0,0,0,7.41455E-05,0.231648736,2616.29,,,Mint
0x60c5b6985470f3fd879abfa43d0a76e4349f77a6842622bdf3a208c918c421eb,22875456,1751989595,08/07/25 15:46,0x4822c6499d4d0b0699f42419610f894c6662a484,0xe5544a2a5fa9b175da60d8eec67add5582bb31b0,,0,0,0,7.58349E-05,0.236926836,2616.29,,,Mint
0xfa918888fdba3c0884cc13e5e2f62df287963ef1d197c088bbf07a50f656da62,22875454,1751989571,08/07/25 15:46,0x4822c6499d4d0b0699f42419610f894c6662a484,0xe5544a2a5fa9b175da60d8eec67add5582bb31b0,,0,0,0,7.67959E-05,0.239929196,2616.29,,,Mint
0xbf0963eaa39b9d09086208bfb1860553e7b778c4fdc379e068e4b3ff38fab167,22875452,1751989547,08/07/25 15:45,0x4822c6499d4d0b0699f42419610f894c6662a484,0xe5544a2a5fa9b175da60d8eec67add5582bb31b0,,0,0,0,7.28407E-05,0.227572403,2616.29,,,Mint
0xaccbd828501348ea3016b4b6104e0a25eea01ce722ffe010591fbe7570903a2d,22875450,1751989523,08/07/25 15:45,0x4822c6499d4d0b0699f42419610f894c6662a484,0xe5544a2a5fa9b175da60d8eec67add5582bb31b0,,0,0,0,7.26622E-05,0.227014582,2616.29,,,Mint
0x34da6132f2600042105ef7e67b47de04433ebb9a79308c1cc473da8a33336d8e,22875448,1751989499,08/07/25 15:44,0x4822c6499d4d0b0699f42419610f894c6662a484,0xe5544a2a5fa9b175da60d8eec67add5582bb31b0,,0,0,0,7.901E-05,0.246846665,2616.29,,,Mint
0xdd3c9a4771972025b6f6308c7206374f1271c5507b010d78896a761826aff1e1,22875446,1751989475,08/07/25 15:44,0x4822c6499d4d0b0699f42419610f894c6662a484,0xe5544a2a5fa9b175da60d8eec67add5582bb31b0,,0,0,0,8.09123E-05,0.252790058,2616.29,,,Mint
0xc70c79bb4987c9caf122703ba3218b2f07f283e21e445ddc4c8e6f47d55dbe77,22875444,1751989451,08/07/25 15:44,0x4822c6499d4d0b0699f42419610f894c6662a484,0xe5544a2a5fa9b175da60d8eec67add5582bb31b0,,0,0,0,8.19612E-05,0.256067091,2616.29,,,Mint
0x56db5664a7ce36bb49848d36f1f84cc2c580809475a5fbdfb3137f72f977fe8b,22875442,1751989427,08/07/25 15:43,0x4822c6499d4d0b0699f42419610f894c6662a484,0xe5544a2a5fa9b175da60d8eec67add5582bb31b0,,0,0,0,8.07856E-05,0.252394073,2616.29,,,Mint
0xb19a0d0894427eccbed39bddd8a1eed0eafd93cfa8e520cc036e213443debecb,22875440,1751989403,08/07/25 15:43,0x4822c6499d4d0b0699f42419610f894c6662a484,0xe5544a2a5fa9b175da60d8eec67add5582bb31b0,,0,0,0,8.38797E-05,0.262060805,2616.29,,,Mint
0xcceaafe81e34bd51fd762eb8d699a2d80eeab343e938ca41278432334e956282,22875438,1751989379,08/07/25 15:42,0x4822c6499d4d0b0699f42419610f894c6662a484,0xe5544a2a5fa9b175da60d8eec67add5582bb31b0,,0,0,0,7.19171E-05,0.224686559,2616.29,,,Mint
0x224e2c44ef334c44a997203524bd3bbc33cf9e0dd1554f5c6af9b5fd64aaede3,22875436,1751989355,08/07/25 15:42,0x4822c6499d4d0b0699f42419610f894c6662a484,0xe5544a2a5fa9b175da60d8eec67add5582bb31b0,,0,0,0,8.06713E-05,0.252036906,2616.29,,,Mint
0x4ce0b1b8267cbdc787fbe8d116161d783e869467aad2665afb2474b8a2f7fa6b,22875434,1751989331,08/07/25 15:42,0x4822c6499d4d0b0699f42419610f894c6662a484,0xe5544a2a5fa9b175da60d8eec67add5582bb31b0,,0,0,0,7.73116E-05,0.241540395,2616.29,,,Mint
0x9e09d19c4dfd190d3f8f31149ae7c0dec7aaa6f169b44302c0526ed690ff4883,22875432,1751989307,08/07/25 15:41,0x4822c6499d4d0b0699f42419610f894c6662a484,0xe5544a2a5fa9b175da60d8eec67add5582bb31b0,,0,0,0,8.2725E-05,0.258453322,2616.29,,,Mint
0xcf796651d534d1eb05f0ad5741b8d9aa6c192fece8c1dfa3e848b0594a2b3720,22875430,1751989283,08/07/25 15:41,0x4822c6499d4d0b0699f42419610f894c6662a484,0xe5544a2a5fa9b175da60d8eec67add5582bb31b0,,0,0,0,8.16271E-05,0.255023134,2616.29,,,Mint
0xc2c2cfd11d7d2de3d34a4b1660411bb2ba7e2962e22b5422fec1df4d852b748f,22875428,1751989259,08/07/25 15:40,0x4822c6499d4d0b0699f42419610f894c6662a484,0xe5544a2a5fa9b175da60d8eec67add5582bb31b0,,0,0,0,8.2987E-05,0.259271891,2616.29,,,Mint
0xb3b46f555b0651442b92c650c2f41e54ba9cc6242f4a989963a276fc333d0fc4,22875426,1751989235,08/07/25 15:40,0x4822c6499d4d0b0699f42419610f894c6662a484,0xe5544a2a5fa9b175da60d8eec67add5582bb31b0,,0,0,0,8.0867E-05,0.252648428,2616.29,,,Mint
0x2553223df60f9f7693510fe204c20982e1665107e8c64fe0e940fdcce8caccb8,22875424,1751989211,08/07/25 15:40,0x4822c6499d4d0b0699f42419610f894c6662a484,0xe5544a2a5fa9b175da60d8eec67add5582bb31b0,,0,0,0,8.07352E-05,0.252236616,2616.29,,,Mint
0x130d11a8ad5c9829c013e509e73f5ee8e6e38d24ab6e804bae392700b4aadd76,22875422,1751989187,08/07/25 15:39,0x4822c6499d4d0b0699f42419610f894c6662a484,0xe5544a2a5fa9b175da60d8eec67add5582bb31b0,,0,0,0,8.24236E-05,0.257511496,2616.29,,,Mint
0x8c647013d709a90eb82ba0f876b8ff7d4a4a76b22d2ab0cddc9fb6501601fd80,22875420,1751989163,08/07/25 15:39,0x4822c6499d4d0b0699f42419610f894c6662a484,0xe5544a2a5fa9b175da60d8eec67add5582bb31b0,,0,0,0,7.9727E-05,0.249086671,2616.29,,,Mint
0xc46709176f39af1c9cd200aa2af6c9c93dcaf2384eb260e93e994188b16b3f67,22875418,1751989139,08/07/25 15:38,0x4822c6499d4d0b0699f42419610f894c6662a484,0xe5544a2a5fa9b175da60d8eec67add5582bb31b0,,0,0,0,8.41357E-05,0.262860651,2616.29,,,Mint
0x6868b1283ec0fb95dcfb7a5ba2f0309ca1505add56b19268b69217d4b900488c,22875416,1751989115,08/07/25 15:38,0x4822c6499d4d0b0699f42419610f894c6662a484,0xe5544a2a5fa9b175da60d8eec67add5582bb31b0,,0,0,0,8.68552E-05,0.27135695,2616.29,,,Mint
0x5eed80d31789f5e46061dc92174f667a9429f2ca21e41746394822ef0c3fd002,22875414,1751989091,08/07/25 15:38,0x4822c6499d4d0b0699f42419610f894c6662a484,0xe5544a2a5fa9b175da60d8eec67add5582bb31b0,,0,0,0,8.64261E-05,0.270016384,2616.29,,,Mint
0x5e3d72c68d67fdf77a1b08318570209bdaeb7ffe2fbad9f792b9ce11ad4ff03f,22875412,1751989067,08/07/25 15:37,0x4822c6499d4d0b0699f42419610f894c6662a484,0xe5544a2a5fa9b175da60d8eec67add5582bb31b0,,0,0,0,8.53542E-05,0.2666676,2616.29,,,Mint
0xd01c5521c1e54b359abc6baa59f505287aefbf915f2c1fd5a7c732a0c56fc352,22875410,1751989043,08/07/25 15:37,0x4822c6499d4d0b0699f42419610f894c6662a484,0xe5544a2a5fa9b175da60d8eec67add5582bb31b0,,0,0,0,7.98876E-05,0.249588406,2616.29,,,Mint
0x98dd08781ee93799b758af6cb5d6184e1a4ab3b431964446087d436354655822,22875408,1751989019,08/07/25 15:36,0x4822c6499d4d0b0699f42419610f894c6662a484,0xe5544a2a5fa9b175da60d8eec67add5582bb31b0,,0,0,0,8.02792E-05,0.250811864,2616.29,,,Mint
0x625bf3b1eca64f2895deae8ef7004aa26d898c4416743b85811972b482819a4f,22875406,1751988995,08/07/25 15:36,0x4822c6499d4d0b0699f42419610f894c6662a484,0xe5544a2a5fa9b175da60d8eec67add5582bb31b0,,0,0,0,8.67224E-05,0.27094214,2616.29,,,Mint
0xf8a3c6b3740490bc83b8dbf6cd0b66e3d0d22bd4b8f93866ec1aa15f578ca738,22875404,1751988971,08/07/25 15:36,0x4822c6499d4d0b0699f42419610f894c6662a484,0xe5544a2a5fa9b175da60d8eec67add5582bb31b0,,0,0,0,8.24293E-05,0.257529447,2616.29,,,Mint
0x8b3655dddb0e47e1039f6473c93f14bba0f4c710aa56a507ad997581703f9ffe,22875402,1751988947,08/07/25 15:35,0x4822c6499d4d0b0699f42419610f894c6662a484,0xe5544a2a5fa9b175da60d8eec67add5582bb31b0,,0,0,0,8.30604E-05,0.259501179,2616.29,,,Mint
0x5679c19522b3af23d335d51114154e54439c38578a4473db4d32dd834a95fc4e,22875399,1751988911,08/07/25 15:35,0x4822c6499d4d0b0699f42419610f894c6662a484,0xe5544a2a5fa9b175da60d8eec67add5582bb31b0,,0,0,0,8.68445E-05,0.271323684,2616.29,,,Mint
0x4287986bcac15bee84749d60b06288489d9f69b38ec63adbb1ccb404fc27ee7f,22875397,1751988887,08/07/25 15:34,0x4822c6499d4d0b0699f42419610f894c6662a484,0xe5544a2a5fa9b175da60d8eec67add5582bb31b0,,0,0,0,8.63572E-05,0.269801164,2616.29,,,Mint
0xcc4595cda36aa0e61dbb10c9ace57e34a0242fd2870cc32d5b6e8859c12efa09,22875395,1751988863,08/07/25 15:34,0x4822c6499d4d0b0699f42419610f894c6662a484,0xe5544a2a5fa9b175da60d8eec67add5582bb31b0,,0,0,0,8.65755E-05,0.270483056,2616.29,,,Mint
0x9577e049725f6626d11142df002faa4d31560f6a2254b5b6c1cc152117bcfcce,22875393,1751988839,08/07/25 15:33,0x4822c6499d4d0b0699f42419610f894c6662a484,0xe5544a2a5fa9b175da60d8eec67add5582bb31b0,,0,0,0,9.03595E-05,0.28230541,2616.29,,,Mint
0xb574773f821178e6f7f626fe38cc0b0912883d366cc80e90a3b8dd4dbaf963df,22875391,1751988815,08/07/25 15:33,0x4822c6499d4d0b0699f42419610f894c6662a484,0xe5544a2a5fa9b175da60d8eec67add5582bb31b0,,0,0,0,9.29436E-05,0.290378695,2616.29,,,Mint
0xda27aac719e05b57e0ed6797d761baade63b72e76cac9d61d84a22ca4fba100b,22875389,1751988791,08/07/25 15:33,0x4822c6499d4d0b0699f42419610f894c6662a484,0xe5544a2a5fa9b175da60d8eec67add5582bb31b0,,0,0,0,8.86767E-05,0.277047901,2616.29,,,Mint
0xb504d47b3d7fad396cdff3374f9322b911c6d1121639bd3901b29e0f59a0eedd,22875387,1751988767,08/07/25 15:32,0x4822c6499d4d0b0699f42419610f894c6662a484,0xe5544a2a5fa9b175da60d8eec67add5582bb31b0,,0,0,0,9.45316E-05,0.295339889,2616.29,,,Mint
0x6150496542f08112be1ecd049d78f6cfb343ceaca787fe92a2f4be1e2274f96f,22875385,1751988743,08/07/25 15:32,0x4822c6499d4d0b0699f42419610f894c6662a484,0xe5544a2a5fa9b175da60d8eec67add5582bb31b0,,0,0,0,9.54196E-05,0.29811442,2616.29,,,Mint
0x376b502af8c3eb41171dd1ee92559a98ab27d5aea97f222b22ca3a0eb29db4cb,22875383,1751988719,08/07/25 15:31,0x4822c6499d4d0b0699f42419610f894c6662a484,0xe5544a2a5fa9b175da60d8eec67add5582bb31b0,,0,0,0,9.72094E-05,0.303705946,2616.29,,,Mint
0x2a490c739d94b7383165a98dae7875085cd8aa9123b015f10e06881a1cfdc2eb,22875381,1751988695,08/07/25 15:31,0x4822c6499d4d0b0699f42419610f894c6662a484,0xe5544a2a5fa9b175da60d8eec67add5582bb31b0,,0,0,0,9.01816E-05,0.281749457,2616.29,,,Mint
0xf5f256304d295b698a51d2380f6d50589db20078cdf435d7b6384ba758a630df,22875379,1751988671,08/07/25 15:31,0x4822c6499d4d0b0699f42419610f894c6662a484,0xe5544a2a5fa9b175da60d8eec67add5582bb31b0,,0,0,0,9.59723E-05,0.299841024,2616.29,,,Mint
0x09d4e22b6616444bcc1d59f860e83a1fee365b21d47ef18a1c6fef9a16f60d0b,22875377,1751988647,08/07/25 15:30,0x4822c6499d4d0b0699f42419610f894c6662a484,0xe5544a2a5fa9b175da60d8eec67add5582bb31b0,,0,0,0,9.79079E-05,0.305888232,2616.29,,,Mint
0x018479adeff8c071f69e81d7c83cb1b86efdb214c87d793f03a34c4ba8def97a,22875375,1751988623,08/07/25 15:30,0x4822c6499d4d0b0699f42419610f894c6662a484,0xe5544a2a5fa9b175da60d8eec67add5582bb31b0,,0,0,0,9.37017E-05,0.292747282,2616.29,,,Mint
0x3c2373f297af5f072ea21bcfdf60f426216bbf69f7e5c7d5456669b04bdf1bec,22875373,1751988599,08/07/25 15:29,0x4822c6499d4d0b0699f42419610f894c6662a484,0xe5544a2a5fa9b175da60d8eec67add5582bb31b0,,0,0,0,9.01331E-05,0.281597926,2616.29,,,Mint
0x1e805214f5f931a1ae23db234d5e7f8b34d87a6972852cd8723c1347ac52505a,22875370,1751988563,08/07/25 15:29,0x4822c6499d4d0b0699f42419610f894c6662a484,0xe5544a2a5fa9b175da60d8eec67add5582bb31b0,,0,0,0,9.57344E-05,0.299097835,2616.29,,,Mint
0x503d7dadd1e1b3645fc06e18be3b2f057f20cbdd6d76549a25691f4f4d9c5fe7,22875368,1751988539,08/07/25 15:28,0x4822c6499d4d0b0699f42419610f894c6662a484,0xe5544a2a5fa9b175da60d8eec67add5582bb31b0,,0,0,0,9.52712E-05,0.297650762,2616.29,,,Mint
0x3957280e1b24d4344188e2ae3fac37834ae95030a08d433ff82f512f8a32322c,22875366,1751988515,08/07/25 15:28,0x4822c6499d4d0b0699f42419610f894c6662a484,0xe5544a2a5fa9b175da60d8eec67add5582bb31b0,,0,0,0,9.17886E-05,0.286770082,2616.29,,,Mint
0x1fc1c9f2554d14ed0bad8afb6a2e22ff2501c30dbcd00c3bee062dea4a9cdc03,22875364,1751988491,08/07/25 15:28,0x4822c6499d4d0b0699f42419610f894c6662a484,0xe5544a2a5fa9b175da60d8eec67add5582bb31b0,,0,0,0,9.09082E-05,0.284019618,2616.29,,,Mint
0xeb3485803419c15fb541f070df12bbd553ff47c04bb757ef8dec9fc62d6af27a,22875362,1751988467,08/07/25 15:27,0x4822c6499d4d0b0699f42419610f894c6662a484,0xe5544a2a5fa9b175da60d8eec67add5582bb31b0,,0,0,0,9.92984E-05,0.310232554,2616.29,,,Mint
0x578033f47b5a1a19daf08ba2e9534a86d23812e96df54e848f9715fc63cb60ad,22875360,1751988443,08/07/25 15:27,0x4822c6499d4d0b0699f42419610f894c6662a484,0xe5544a2a5fa9b175da60d8eec67add5582bb31b0,,0,0,0,8.75032E-05,0.273381481,2616.29,,,Mint
0x8ceb2508f23d570cdc8d1018721a733f356bc502ecadf0aebe1743f8df73a840,22875357,1751988407,08/07/25 15:26,0x4822c6499d4d0b0699f42419610f894c6662a484,0xe5544a2a5fa9b175da60d8eec67add5582bb31b0,,0,0,0,9.44605E-05,0.295117943,2616.29,,,Mint
0x0b6247daad75b72a14374d5fda8c2c6177504774ef74028281783c8078db5ca1,22875355,1751988383,08/07/25 15:26,0x4822c6499d4d0b0699f42419610f894c6662a484,0xe5544a2a5fa9b175da60d8eec67add5582bb31b0,,0,0,0,9.85575E-05,0.307917877,2616.29,,,Mint
0x9f66c4ae9fb340472177c27a0703fb00e18c9e060693f20b615b8c1bb439ad6c,22875353,1751988359,08/07/25 15:25,0x4822c6499d4d0b0699f42419610f894c6662a484,0xe5544a2a5fa9b175da60d8eec67add5582bb31b0,,0,0,0,9.15333E-05,0.285972675,2616.29,,,Mint
0xc802e415368a90fe9c7e819e7f8fb44b3df386cb88632b3cb35e741c0ad9e24f,22875350,1751988323,08/07/25 15:25,0x4822c6499d4d0b0699f42419610f894c6662a484,0xe5544a2a5fa9b175da60d8eec67add5582bb31b0,,0,0,0,9.95138E-05,0.310905602,2616.29,,,Mint
0x461961fb689afb5fb8e9c853d49b716cac48b5fad980b51d863c5d8f81d6a50b,22875348,1751988299,08/07/25 15:24,0x4822c6499d4d0b0699f42419610f894c6662a484,0xe5544a2a5fa9b175da60d8eec67add5582bb31b0,,0,0,0,9.84449E-05,0.307566052,2616.29,,,Mint
0xbddfcff017b98dbddfd5f183fd7f70dee114238d19b28e8a041a150a2199651a,22875346,1751988275,08/07/25 15:24,0x4822c6499d4d0b0699f42419610f894c6662a484,0xe5544a2a5fa9b175da60d8eec67add5582bb31b0,,0,0,0,9.93159E-05,0.310287365,2616.29,,,Mint
0x0c05019bf26f40e0484d7da34c85a71f868d2bfaf3dd980dded78012a1c46554,22875344,1751988251,08/07/25 15:24,0x4822c6499d4d0b0699f42419610f894c6662a484,0xe5544a2a5fa9b175da60d8eec67add5582bb31b0,,0,0,0,9.35337E-05,0.292222389,2616.29,,,Mint
0x07cdc53c5d0e0e7596932c325a74c34b1ea0b6585f5beb1524581432a2868e97,22875342,1751988227,08/07/25 15:23,0x4822c6499d4d0b0699f42419610f894c6662a484,0xe5544a2a5fa9b175da60d8eec67add5582bb31b0,,0,0,0,9.31944E-05,0.291162259,2616.29,,,Mint
0xe4c0c07571fefb6d20e76ee1bc78149a9540b4db860f15f4ee837137618ab148,22875340,1751988203,08/07/25 15:23,0x4822c6499d4d0b0699f42419610f894c6662a484,0xe5544a2a5fa9b175da60d8eec67add5582bb31b0,,0,0,0,8.94884E-05,0.279583886,2616.29,,,Mint
0x93c7e6d7a038f984c6ccf1c7d6d7efa4e46c48adad1e4b14b262e59064b2d638,22875338,1751988179,08/07/25 15:22,0x4822c6499d4d0b0699f42419610f894c6662a484,0xe5544a2a5fa9b175da60d8eec67add5582bb31b0,,0,0,0,7.96045E-05,0.248703976,2616.29,,,Mint
0x7c75049fce38bb2d4c5c5aca3f4cfdd2493e67e14d6fa77ff713f2e8026ffdbf,22875336,1751988155,08/07/25 15:22,0x4822c6499d4d0b0699f42419610f894c6662a484,0xe5544a2a5fa9b175da60d8eec67add5582bb31b0,,0,0,0,7.57016E-05,0.23651038,2616.29,,,Mint
0xb2949f83f4dfd61253f52fa6d6aeaafdefb57959a36c7c787f0e2c72aa80727a,22875334,1751988131,08/07/25 15:22,0x4822c6499d4d0b0699f42419610f894c6662a484,0xe5544a2a5fa9b175da60d8eec67add5582bb31b0,,0,0,0,8.10577E-05,0.2532443,2616.29,,,Mint
0xb37846d1b7cec76d02f35c0173ef45199e699fd98e723b86ea5bea3a86a74ae8,22875332,1751988107,08/07/25 15:21,0x4822c6499d4d0b0699f42419610f894c6662a484,0xe5544a2a5fa9b175da60d8eec67add5582bb31b0,,0,0,0,7.85989E-05,0.245562358,2616.29,,,Mint
0x038bcfa6f38bb3018ac3e53c84855e0215bd87c021a02802b9fd33137d416933,22875330,1751988083,08/07/25 15:21,0x4822c6499d4d0b0699f42419610f894c6662a484,0xe5544a2a5fa9b175da60d8eec67add5582bb31b0,,0,0,0,8.25554E-05,0.257923296,2616.29,,,Mint
0xbfc53e1cde4ecac97810783c47843b4767d159e14e9f29970fe22ce803286443,22875328,1751988059,08/07/25 15:20,0x4822c6499d4d0b0699f42419610f894c6662a484,0xe5544a2a5fa9b175da60d8eec67add5582bb31b0,,0,0,0,8.03594E-05,0.251062666,2616.29,,,Mint
0x76e44cc82bf6171831914e5eb5bb60cfddaa034430c4407a1d4a9dccc266d738,22875326,1751988035,08/07/25 15:20,0x4822c6499d4d0b0699f42419610f894c6662a484,0xe5544a2a5fa9b175da60d8eec67add5582bb31b0,,0,0,0,7.60425E-05,0.237575442,2616.29,,,Mint
0x5ce570a82d9a32b47a3b4c57373721a7fcc84cc17beae41529d3c08a975049c2,22875324,1751988011,08/07/25 15:20,0x4822c6499d4d0b0699f42419610f894c6662a484,0xe5544a2a5fa9b175da60d8eec67add5582bb31b0,,0,0,0,7.45997E-05,0.233067783,2616.29,,,Mint
0xd854bb7c0748255073b852935fd66e15f689799dcedbe9b8e6758cc2b682c9d3,22875322,1751987987,08/07/25 15:19,0x4822c6499d4d0b0699f42419610f894c6662a484,0xe5544a2a5fa9b175da60d8eec67add5582bb31b0,,0,0,0,7.20857E-05,0.225213316,2616.29,,,Mint
0x301d42fed9349f88c00ecd058fc2f5062f32b834cf262d4c48a7b0c9f9dd6441,22875320,1751987963,08/07/25 15:19,0x4822c6499d4d0b0699f42419610f894c6662a484,0xe5544a2a5fa9b175da60d8eec67add5582bb31b0,,0,0,0,6.71281E-05,0.209724554,2616.29,,,Mint
0x3593eacdff80408ed6efaf594bc06f87a10ca003b4263c19a3486df06b9677e5,22875318,1751987939,08/07/25 15:18,0x4822c6499d4d0b0699f42419610f894c6662a484,0xe5544a2a5fa9b175da60d8eec67add5582bb31b0,,0,0,0,7.19017E-05,0.22463873,2616.29,,,Mint
0x0d1e0bc7eaca21047768e8636d2d4b320c6ad5052e3aef6de246096c2c7f7fcf,22875316,1751987915,08/07/25 15:18,0x4822c6499d4d0b0699f42419610f894c6662a484,0xe5544a2a5fa9b175da60d8eec67add5582bb31b0,,0,0,0,6.97437E-05,0.217896448,2616.29,,,Mint
0xed1915928429e67aefcd21cf924000264ace18ee7bff097fb994508179462282,22875314,1751987891,08/07/25 15:18,0x4822c6499d4d0b0699f42419610f894c6662a484,0xe5544a2a5fa9b175da60d8eec67add5582bb31b0,,0,0,0,6.86513E-05,0.214483468,2616.29,,,Mint
0x243e4526ac84d658519fab4b5b30abb540fb7f5402d0a2396c93692a6fcbccad,22875312,1751987867,08/07/25 15:17,0x4822c6499d4d0b0699f42419610f894c6662a484,0xe5544a2a5fa9b175da60d8eec67add5582bb31b0,,0,0,0,6.76919E-05,0.21148621,2616.29,,,Mint
0x104db1fe97ae84f327577dcb83fcc2eec9597e0b562b302c6472a7652d036592,22875310,1751987843,08/07/25 15:17,0x4822c6499d4d0b0699f42419610f894c6662a484,0xe5544a2a5fa9b175da60d8eec67add5582bb31b0,,0,0,0,6.87203E-05,0.214698992,2616.29,,,Mint
0x0e89c2fae60a09a05e2a669cfdb07997defa78e246313231788d8e8dd80ea08e,22875308,1751987819,08/07/25 15:16,0x4822c6499d4d0b0699f42419610f894c6662a484,0xe5544a2a5fa9b175da60d8eec67add5582bb31b0,,0,0,0,6.72788E-05,0.210195492,2616.29,,,Mint
0xbe035536e5424e8b131dfd4d61fa27e81f337c2e84cbf572cdc26009a9321e3d,22875306,1751987795,08/07/25 15:16,0x4822c6499d4d0b0699f42419610f894c6662a484,0xe5544a2a5fa9b175da60d8eec67add5582bb31b0,,0,0,0,6.74073E-05,0.210596958,2616.29,,,Mint
0xb1115d203231aa27fdfe28741a4d2ad11c02001c47f3827af51c4aa341032dac,22875304,1751987771,08/07/25 15:16,0x4822c6499d4d0b0699f42419610f894c6662a484,0xe5544a2a5fa9b175da60d8eec67add5582bb31b0,,0,0,0,6.81636E-05,0.212959851,2616.29,,,Mint
0xdbecfa835b743c52e3388f2c38039181a867b95b526700f755b63ff9b26d8765,22875302,1751987747,08/07/25 15:15,0x4822c6499d4d0b0699f42419610f894c6662a484,0xe5544a2a5fa9b175da60d8eec67add5582bb31b0,,0,0,0,6.56811E-05,0.205203797,2616.29,,,Mint
0x152b4a5c394169158f54331671f7d98902efe38f7d66c4ddef10e411beabba44,22875300,1751987723,08/07/25 15:15,0x4822c6499d4d0b0699f42419610f894c6662a484,0xe5544a2a5fa9b175da60d8eec67add5582bb31b0,,0,0,0,6.39749E-05,0.199873403,2616.29,,,Mint
0xf4b98772f565a6aad7bca4c1b8d904bc8880d5acddd323bdef74bf4ab4844cca,22875298,1751987699,08/07/25 15:14,0x4822c6499d4d0b0699f42419610f894c6662a484,0xe5544a2a5fa9b175da60d8eec67add5582bb31b0,,0,0,0,6.32494E-05,0.197606656,2616.29,,,Mint
0x7588e2c25587f2ff579ecf868bb01e8ba175a38b678af7cce6d4f2709a4f9c86,22875296,1751987675,08/07/25 15:14,0x4822c6499d4d0b0699f42419610f894c6662a484,0xe5544a2a5fa9b175da60d8eec67add5582bb31b0,,0,0,0,6.49811E-05,0.203016928,2616.29,,,Mint
0x3ac940853a152f34e29dcb24fce2546a4e113a34e5554580dd1fef786f9167ac,22875294,1751987651,08/07/25 15:14,0x4822c6499d4d0b0699f42419610f894c6662a484,0xe5544a2a5fa9b175da60d8eec67add5582bb31b0,,0,0,0,6.77679E-05,0.211723567,2616.29,,,Mint
0x4c7b0f3e5b6212203b2a152d34b344cbc7e41c8a6a0f4cf491a1c0b6ebe0246d,22875292,1751987627,08/07/25 15:13,0x4822c6499d4d0b0699f42419610f894c6662a484,0xe5544a2a5fa9b175da60d8eec67add5582bb31b0,,0,0,0,6.3465E-05,0.198280156,2616.29,,,Mint
0x5c01e92a7e567f9f6aec3968c362ace94f6def9d4cd223672d781b587394387b,22875290,1751987603,08/07/25 15:13,0x4822c6499d4d0b0699f42419610f894c6662a484,0xe5544a2a5fa9b175da60d8eec67add5582bb31b0,,0,0,0,6.45642E-05,0.201714575,2616.29,,,Mint
0x3d3e123b5e6f6e96881d9e8b32048b2b7a5acabfd9c382eaad45a5816386f52f,22875289,1751987591,08/07/25 15:13,0x0a7da29599a326568c88ef1ff2fb2f42262090fd,0xe5544a2a5fa9b175da60d8eec67add5582bb31b0,,0,0,0,6.16092E-05,0.192482186,2616.29,,,Mint
0x2b79b4abf8488ae4079ebecc005b7893938df44811a73c9575dd42a86fc9534a,22875285,1751987543,08/07/25 15:12,0x4822c6499d4d0b0699f42419610f894c6662a484,0xe5544a2a5fa9b175da60d8eec67add5582bb31b0,,0,0,0,6.17796E-05,0.193014805,2616.29,,,Mint
0x7a3ea76083c63398aa6e0b7e00d0fce4c45fae0e396c2788b79e313a2d1598b2,22875282,1751987507,08/07/25 15:11,0x4822c6499d4d0b0699f42419610f894c6662a484,0xe5544a2a5fa9b175da60d8eec67add5582bb31b0,,0,0,0,6.49945E-05,0.203058928,2616.29,,,Mint
0x31a3320967505f0f52e7da813f57bab928a0c57da64bf4dfa1e4f6122639da0f,22875280,1751987483,08/07/25 15:11,0x4822c6499d4d0b0699f42419610f894c6662a484,0xe5544a2a5fa9b175da60d8eec67add5582bb31b0,,0,0,0,6.58257E-05,0.205655681,2616.29,,,Mint
0x676ea483b5c160876fdb40f16b085ee9934872cb206563d08af64e7981a07c73,22875278,1751987459,08/07/25 15:10,0x4822c6499d4d0b0699f42419610f894c6662a484,0xe5544a2a5fa9b175da60d8eec67add5582bb31b0,,0,0,0,6.71253E-05,0.209715982,2616.29,,,Mint
0x03ba410d603a8ca22b29e3590bfe4c841634aec190399e8a74c02db52430e011,22875276,1751987435,08/07/25 15:10,0x4822c6499d4d0b0699f42419610f894c6662a484,0xe5544a2a5fa9b175da60d8eec67add5582bb31b0,,0,0,0,6.60064E-05,0.20622037,2616.29,,,Mint
0xcf3650d7dcb2d35bdbfe677500d7b5cb13eec3a35daac723bb9c82049994190c,22875274,1751987411,08/07/25 15:10,0x4822c6499d4d0b0699f42419610f894c6662a484,0xe5544a2a5fa9b175da60d8eec67add5582bb31b0,,0,0,0,6.03661E-05,0.188598662,2616.29,,,Mint
0xd5492a9f98f10c32669b884e2161c08294735670a00f213f62feba8cb57c7dcb,22875272,1751987387,08/07/25 15:09,0x4822c6499d4d0b0699f42419610f894c6662a484,0xe5544a2a5fa9b175da60d8eec67add5582bb31b0,,0,0,0,6.24916E-05,0.195238995,2616.29,,,Mint
0x06da72989a22e97ebeb74bab9c95898221b298581db558754b8529e60442589b,22875270,1751987363,08/07/25 15:09,0x4822c6499d4d0b0699f42419610f894c6662a484,0xe5544a2a5fa9b175da60d8eec67add5582bb31b0,,0,0,0,5.70035E-05,0.178092828,2616.29,,,Mint
0x4f64d25df6ef6451b7dce18bd27b6dcab3ac8b60a2a60a05102537dd77453ff1,22875267,1751987327,08/07/25 15:08,0x4822c6499d4d0b0699f42419610f894c6662a484,0xe5544a2a5fa9b175da60d8eec67add5582bb31b0,,0,0,0,6.31521E-05,0.197302611,2616.29,,,Mint
0x46767aba5e1feeee5ae4c629a6b62ee39b7d3e987e2dc93dea97bb034bca4694,22875265,1751987303,08/07/25 15:08,0x4822c6499d4d0b0699f42419610f894c6662a484,0xe5544a2a5fa9b175da60d8eec67add5582bb31b0,,0,0,0,6.62459E-05,0.206968577,2616.29,,,Mint
0x4980d9f819573fe2aeaf06d89ae7bc37046ac8dc31a3fe2ec736a848bf16a634,22875260,1751987243,08/07/25 15:07,0x0a7da29599a326568c88ef1ff2fb2f42262090fd,0xe5544a2a5fa9b175da60d8eec67add5582bb31b0,,0,0,0,7.09448E-05,0.221648852,2616.29,,,Mint
0x8fd4cfe055a2be73b7c0a17a2b77b4085bce121f356557e0a2e9d16558278ae6,22875258,1751987219,08/07/25 15:06,0x0a7da29599a326568c88ef1ff2fb2f42262090fd,0xe5544a2a5fa9b175da60d8eec67add5582bb31b0,,0,0,0,8.48969E-05,0.265238948,2616.29,,,Mint
0xb9d49e8dafbf6135b4afc8cc9185f00652030c2e0bb2eb9db1ef0145454a29a5,22875241,1751987015,08/07/25 15:03,0x4822c6499d4d0b0699f42419610f894c6662a484,0xe5544a2a5fa9b175da60d8eec67add5582bb31b0,,0,0,0,7.55286E-05,0.235969962,2616.29,,,Mint
0x8db9abe4ebbbd72d8af8c1b14e999619204b0f52e5275c1cf51246a77b95dbe8,22875239,1751986991,08/07/25 15:03,0x4822c6499d4d0b0699f42419610f894c6662a484,0xe5544a2a5fa9b175da60d8eec67add5582bb31b0,,0,0,0,7.29996E-05,0.228068847,2616.29,,,Mint
0xaab4692fe66b45ff9bfb5e5f2d5b1ff32d59627d7ca9c3a6ddec660f7dbc6309,22875237,1751986967,08/07/25 15:02,0x4822c6499d4d0b0699f42419610f894c6662a484,0xe5544a2a5fa9b175da60d8eec67add5582bb31b0,,0,0,0,7.41689E-05,0.231721825,2616.29,,,Mint
0xaa8e06b601a89b3011e3e192cbc3ca2eac9436ca55e122cf31621695f456f638,22875235,1751986943,08/07/25 15:02,0x4822c6499d4d0b0699f42419610f894c6662a484,0xe5544a2a5fa9b175da60d8eec67add5582bb31b0,,0,0,0,7.42181E-05,0.231875452,2616.29,,,Mint
0xc0d423d6c986a03824d6dde6df1da94d44895b0ca709f82d5493b6f0cdb777cf,22875233,1751986919,08/07/25 15:01,0x4822c6499d4d0b0699f42419610f894c6662a484,0xe5544a2a5fa9b175da60d8eec67add5582bb31b0,,0,0,0,6.82557E-05,0.213247629,2616.29,,,Mint
0xe2a94c8f78b3d07ca671fa942d6c67132c1cdb150c61fa9458ec7dacf9a8d0b8,22875230,1751986883,08/07/25 15:01,0x4822c6499d4d0b0699f42419610f894c6662a484,0xe5544a2a5fa9b175da60d8eec67add5582bb31b0,,0,0,0,7.18618E-05,0.224513867,2616.29,,,Mint
0x743ae0c9eab61685eb4a6f7bf47867af4607abef4762a23e00ec64247e2f770f,22875228,1751986859,08/07/25 15:00,0x4822c6499d4d0b0699f42419610f894c6662a484,0xe5544a2a5fa9b175da60d8eec67add5582bb31b0,,0,0,0,7.06948E-05,0.220868025,2616.29,,,Mint
0x58c6b04b00b609facb36d71fba4014a19f8b5f1ec7bf9030d25434b44ce53935,22875226,1751986835,08/07/25 15:00,0x4822c6499d4d0b0699f42419610f894c6662a484,0xe5544a2a5fa9b175da60d8eec67add5582bb31b0,,0,0,0,6.47402E-05,0.202264411,2616.29,,,Mint
0x6663a37d0bf8febb7e5caaba14cf06aafe85d2f7dbcfbe499d13d6e1bbcab823,22875224,1751986811,08/07/25 15:00,0x4822c6499d4d0b0699f42419610f894c6662a484,0xe5544a2a5fa9b175da60d8eec67add5582bb31b0,,0,0,0,5.88568E-05,0.183883258,2616.29,,,Mint
0x10db4e83e794fdedab68f334a3f5e18a113e89564248ab23d2ff804b110a71c9,22875222,1751986787,08/07/25 14:59,0x4822c6499d4d0b0699f42419610f894c6662a484,0xe5544a2a5fa9b175da60d8eec67add5582bb31b0,,0,0,0,6.18908E-05,0.193362193,2616.29,,,Mint
0x1fde79f122f7199fa06ff978ba154be6eb8b36f057eea9b52ac7304f93e4040b,22875220,1751986763,08/07/25 14:59,0x4822c6499d4d0b0699f42419610f894c6662a484,0xe5544a2a5fa9b175da60d8eec67add5582bb31b0,,0,0,0,6.35677E-05,0.198601264,2616.29,,,Mint
0xf4cef71865b9c4c6b42ebddc9feffae9b721def3f74764dfed5ad1226ec1b2fc,22875218,1751986739,08/07/25 14:58,0x4822c6499d4d0b0699f42419610f894c6662a484,0xe5544a2a5fa9b175da60d8eec67add5582bb31b0,,0,0,0,6.44888E-05,0.201478789,2616.29,,,Mint
0x461c69979fc335da3de177de07339f18334d6cb9026d28a48ed6fbb42ebf6acd,22875216,1751986715,08/07/25 14:58,0x4822c6499d4d0b0699f42419610f894c6662a484,0xe5544a2a5fa9b175da60d8eec67add5582bb31b0,,0,0,0,6.6793E-05,0.208677876,2616.29,,,Mint
0x82f50f5cdcd7218f5e9813a514b7ca997ce88bc1817c5d12ce85db46d9ca3684,22875214,1751986691,08/07/25 14:58,0x4822c6499d4d0b0699f42419610f894c6662a484,0xe5544a2a5fa9b175da60d8eec67add5582bb31b0,,0,0,0,6.8572E-05,0.214235833,2616.29,,,Mint
0xb06c9fa7814d02b905934915ecfac69938d3f568882e46b4a8fe29409543a6da,22875212,1751986667,08/07/25 14:57,0x4822c6499d4d0b0699f42419610f894c6662a484,0xe5544a2a5fa9b175da60d8eec67add5582bb31b0,,0,0,0,7.0574E-05,0.220490396,2616.29,,,Mint
0x36d8e4a24cc4a25bc5ea8241c8cd9100b46d5a03796c3531c78b4d83dacdb7dc,22875210,1751986643,08/07/25 14:57,0x4822c6499d4d0b0699f42419610f894c6662a484,0xe5544a2a5fa9b175da60d8eec67add5582bb31b0,,0,0,0,7.24457E-05,0.226338047,2616.29,,,Mint
0xe487d98c57daedc5198f5669315cfa9bcbdb6c2af186dcfd8bc84a67d38339da,22875208,1751986619,08/07/25 14:56,0x4822c6499d4d0b0699f42419610f894c6662a484,0xe5544a2a5fa9b175da60d8eec67add5582bb31b0,,0,0,0,7.25689E-05,0.226723106,2616.29,,,Mint
0xf7e118e737531317605c277e95098ef1970d4475265ae2e35c9d0729142cd732,22875206,1751986595,08/07/25 14:56,0x4822c6499d4d0b0699f42419610f894c6662a484,0xe5544a2a5fa9b175da60d8eec67add5582bb31b0,,0,0,0,7.19408E-05,0.224760634,2616.29,,,Mint
0xb49a12e2a32ce153f5f6d6ef47538a8f8eef77707f49153a0ea80a920250381b,22875204,1751986571,08/07/25 14:56,0x4822c6499d4d0b0699f42419610f894c6662a484,0xe5544a2a5fa9b175da60d8eec67add5582bb31b0,,0,0,0,6.50473E-05,0.203223654,2616.29,,,Mint
0xb66b2c3674d4d5f13dceb0f190467dda3b5095d0aabea81606fa2a296c21263c,22875201,1751986535,08/07/25 14:55,0x4822c6499d4d0b0699f42419610f894c6662a484,0xe5544a2a5fa9b175da60d8eec67add5582bb31b0,,0,0,0,6.89449E-05,0.215400809,2616.29,,,Mint
0x4199c2fb6fc8e97a24c057db64ecd6b12de149bcdc216ce60817be3eecb1dfc5,22875199,1751986511,08/07/25 14:55,0x4822c6499d4d0b0699f42419610f894c6662a484,0xe5544a2a5fa9b175da60d8eec67add5582bb31b0,,0,0,0,6.912E-05,0.215947921,2616.29,,,Mint
0x3ee636837d3d6444a174576a77fc48f4a8cdfed1db4174aac56358d0c020fff0,22875197,1751986487,08/07/25 14:54,0x4822c6499d4d0b0699f42419610f894c6662a484,0xe5544a2a5fa9b175da60d8eec67add5582bb31b0,,0,0,0,6.50587E-05,0.203259435,2616.29,,,Mint
0x1439cb3f54d04121438665df8dfc65a39cff7879fff665c3c398f49d8d6bfbda,22875194,1751986451,08/07/25 14:54,0x4822c6499d4d0b0699f42419610f894c6662a484,0xe5544a2a5fa9b175da60d8eec67add5582bb31b0,,0,0,0,6.82885E-05,0.213349917,2616.29,,,Mint
0x35eb254ff0f87cfadde5385ea78633045c68b6f5c018cfe056486249f986b0a4,22875191,1751986415,08/07/25 14:53,0x4822c6499d4d0b0699f42419610f894c6662a484,0xe5544a2a5fa9b175da60d8eec67add5582bb31b0,,0,0,0,5.90596E-05,0.184516602,2616.29,,,Mint
0xc684cc199c4707748ca1c2894f470bd6241eccd37e52bc5397d1d9acc3edb107,22875186,1751986355,08/07/25 14:52,0x4822c6499d4d0b0699f42419610f894c6662a484,0xe5544a2a5fa9b175da60d8eec67add5582bb31b0,,0,0,0,6.46552E-05,0.201998679,2616.29,,,Mint
0x3a565e3152ad5604017eb8517a88543b6705eae9953e4e77a17e3df423b93f03,22875184,1751986331,08/07/25 14:52,0x4822c6499d4d0b0699f42419610f894c6662a484,0xe5544a2a5fa9b175da60d8eec67add5582bb31b0,,0,0,0,6.48097E-05,0.202481304,2616.29,,,Mint
0xc84e465f4c2431fc2e50e856cc708f4e1f59255762517d9eb5d0a7525d050239,22875182,1751986307,08/07/25 14:51,0x4822c6499d4d0b0699f42419610f894c6662a484,0xe5544a2a5fa9b175da60d8eec67add5582bb31b0,,0,0,0,6.45408E-05,0.201641451,2616.29,,,Mint
0x5a23a0b6641ba4888de6bd7bd2072bfd46f60ff060e0e78839d12bea473cf263,22875180,1751986283,08/07/25 14:51,0x4822c6499d4d0b0699f42419610f894c6662a484,0xe5544a2a5fa9b175da60d8eec67add5582bb31b0,,0,0,0,6.70172E-05,0.209378309,2616.29,,,Mint
0x22aea47a9c38d139da0556cff462377b7d3d5701da17ae34a2e075945aaaabf9,22875179,1751986271,08/07/25 14:51,0x0a7da29599a326568c88ef1ff2fb2f42262090fd,0xe5544a2a5fa9b175da60d8eec67add5582bb31b0,,0,0,0,8.19477E-05,0.256024777,2616.29,,,Mint
0x2cee5643095322ec2e506954fad76b20d7e797187804b75a7ecbd79dab897688,22875178,1751986259,08/07/25 14:50,0x4822c6499d4d0b0699f42419610f894c6662a484,0xe5544a2a5fa9b175da60d8eec67add5582bb31b0,,0,0,0,6.51326E-05,0.203490239,2616.29,,,Mint
0xb151dd20476deeff545bcd91a1c98c4c1e8249d4be36dcbc0fab62b3d6c77da3,22875176,1751986235,08/07/25 14:50,0x4822c6499d4d0b0699f42419610f894c6662a484,0xe5544a2a5fa9b175da60d8eec67add5582bb31b0,,0,0,0,6.38656E-05,0.199531704,2616.29,,,Mint
0x0ec31ea375cfa074af12825c81b9901a7b1b75f8f14c940d252dd34981379d2e,22875170,1751986163,08/07/25 14:49,0x0a7da29599a326568c88ef1ff2fb2f42262090fd,0xe5544a2a5fa9b175da60d8eec67add5582bb31b0,,0,0,0,8.09389E-05,0.252873029,2616.29,,,Mint
0x02f7bbfdb5c261cd3d8a02bd9733e870b6391ce0fa5fa6f398dcf911203af6c4,22875152,1751985947,08/07/25 14:45,0x0a7da29599a326568c88ef1ff2fb2f42262090fd,0xe5544a2a5fa9b175da60d8eec67add5582bb31b0,,0,0,0,7.61606E-05,0.237944417,2616.29,,,Mint
0x0f6fdd8111720675d87512166d489d222d9abb77f277fe3cd077ed7ab28eebda,22875137,1751985767,08/07/25 14:42,0x4822c6499d4d0b0699f42419610f894c6662a484,0xe5544a2a5fa9b175da60d8eec67add5582bb31b0,,0,0,0,6.76612E-05,0.211390095,2616.29,,,Mint
0x072aad604056529d146e4a324f090d24b9295e3eb8c6cffee49f71f5cbf7d4b8,22875135,1751985743,08/07/25 14:42,0x4822c6499d4d0b0699f42419610f894c6662a484,0xe5544a2a5fa9b175da60d8eec67add5582bb31b0,,0,0,0,6.79958E-05,0.212435534,2616.29,,,Mint
0x03e0f1279352fee38db1c9e0f827983a79d809d5729daf83fb58a36100c21cba,22875133,1751985719,08/07/25 14:41,0x4822c6499d4d0b0699f42419610f894c6662a484,0xe5544a2a5fa9b175da60d8eec67add5582bb31b0,,0,0,0,6.97189E-05,0.217819135,2616.29,,,Mint
0x01163e301d2480e28d5654221c700237b35c20c794e005450fc33d4917ae1e1b,22875131,1751985695,08/07/25 14:41,0x4822c6499d4d0b0699f42419610f894c6662a484,0xe5544a2a5fa9b175da60d8eec67add5582bb31b0,,0,0,0,7.24446E-05,0.226334903,2616.29,,,Mint
0xf4aaf7ad2f5717751eb3283aac5987bd7d6206b0a6b73d85ff2af14e81fa7bb2,22875129,1751985671,08/07/25 14:41,0x4822c6499d4d0b0699f42419610f894c6662a484,0xe5544a2a5fa9b175da60d8eec67add5582bb31b0,,0,0,0,7.16005E-05,0.223697611,2616.29,,,Mint
0x00d15b07c709f11076adfb0bfeb75ce403e19d0f641a7782f5696468cfcad58f,22875127,1751985647,08/07/25 14:40,0x4822c6499d4d0b0699f42419610f894c6662a484,0xe5544a2a5fa9b175da60d8eec67add5582bb31b0,,0,0,0,6.69953E-05,0.209309734,2616.29,,,Mint
0xf894251a731aee6699fda45309d77edf371b817280f5dbd261da9bddd6da149c,22875125,1751985623,08/07/25 14:40,0x4822c6499d4d0b0699f42419610f894c6662a484,0xe5544a2a5fa9b175da60d8eec67add5582bb31b0,,0,0,0,6.56488E-05,0.205102895,2616.29,,,Mint
0xb2d9279ada609a677ce7da693fadb14e26e6386d1040ee86d302f2026a01051b,22875123,1751985599,08/07/25 14:39,0x4822c6499d4d0b0699f42419610f894c6662a484,0xe5544a2a5fa9b175da60d8eec67add5582bb31b0,,0,0,0,7.21125E-05,0.225297061,2616.29,,,Mint
0x49b70e7729ba2bcab0efe0cd3c599112db19ff96ce061eff4ca74566100196b8,22875121,1751985575,08/07/25 14:39,0x4822c6499d4d0b0699f42419610f894c6662a484,0xe5544a2a5fa9b175da60d8eec67add5582bb31b0,,0,0,0,7.32907E-05,0.228978093,2616.29,,,Mint
0x57db4a06dec52f0e82041e1d95ebf09fbdc79236e544b1a7785ae528cbaf5b4c,22875119,1751985551,08/07/25 14:39,0x4822c6499d4d0b0699f42419610f894c6662a484,0xe5544a2a5fa9b175da60d8eec67add5582bb31b0,,0,0,0,7.09439E-05,0.22164614,2616.29,,,Mint
0xa2a19d54d0a2eeb3efd3bcf4085e56bf47e76868dcc2779a2d68f3f1e5366fe6,22875117,1751985527,08/07/25 14:38,0x4822c6499d4d0b0699f42419610f894c6662a484,0xe5544a2a5fa9b175da60d8eec67add5582bb31b0,,0,0,0,7.85689E-05,0.245468612,2616.29,,,Mint
0x5a0dea004c4dc577355c93134483e3ef26b6342bf9517e04de879fa0d8addb30,22875115,1751985503,08/07/25 14:38,0x4822c6499d4d0b0699f42419610f894c6662a484,0xe5544a2a5fa9b175da60d8eec67add5582bb31b0,,0,0,0,7.79414E-05,0.243508063,2616.29,,,Mint
0xf9bc361e1f431afe54940aa872b43cac05f706d29bcb3913b5492b81f1e78e1e,22875113,1751985479,08/07/25 14:37,0x4822c6499d4d0b0699f42419610f894c6662a484,0xe5544a2a5fa9b175da60d8eec67add5582bb31b0,,0,0,0,7.37892E-05,0.230535677,2616.29,,,Mint
0x7e6606029d1da28b2b970a82fedc066b023047c469c6f2a2c5b0d3b14f612fb0,22875110,1751985443,08/07/25 14:37,0x4822c6499d4d0b0699f42419610f894c6662a484,0xe5544a2a5fa9b175da60d8eec67add5582bb31b0,,0,0,0,8.25428E-05,0.257883925,2616.29,,,Mint
0x1933e98ea29697d27ff72c4401880ed8f3b93262144575df7e9a49fa55472033,22875108,1751985419,08/07/25 14:36,0x4822c6499d4d0b0699f42419610f894c6662a484,0xe5544a2a5fa9b175da60d8eec67add5582bb31b0,,0,0,0,8.23882E-05,0.257400913,2616.29,,,Mint
0xe6ef813ec28092418d495648df36e29442f6926a1faa6c10ccf56b1b29176e6a,22875106,1751985395,08/07/25 14:36,0x4822c6499d4d0b0699f42419610f894c6662a484,0xe5544a2a5fa9b175da60d8eec67add5582bb31b0,,0,0,0,8.35994E-05,0.261185187,2616.29,,,Mint
0xea291d59fcb5a7e7dc4e28845a5093aff609e73557db53a2a3516a9e1f431358,22875104,1751985371,08/07/25 14:36,0x4822c6499d4d0b0699f42419610f894c6662a484,0xe5544a2a5fa9b175da60d8eec67add5582bb31b0,,0,0,0,8.45581E-05,0.264180342,2616.29,,,Mint
0xcb5277f41aa5dfda23bc1f1505257ad8e28e7df4bc0aa231de1d2575b2eaf449,22875102,1751985347,08/07/25 14:35,0x4822c6499d4d0b0699f42419610f894c6662a484,0xe5544a2a5fa9b175da60d8eec67add5582bb31b0,,0,0,0,8.44142E-05,0.263730832,2616.29,,,Mint
0x85565d1134099e9cfee76fa14c7be1c28c5296767367534be252effa84efd758,22875100,1751985323,08/07/25 14:35,0x4822c6499d4d0b0699f42419610f894c6662a484,0xe5544a2a5fa9b175da60d8eec67add5582bb31b0,,0,0,0,8.35078E-05,0.260898806,2616.29,,,Mint
0x38101d575d7956ae0aa5a98290de777c1f9e78a4a99e92ded9de8261623625ed,22875098,1751985299,08/07/25 14:34,0x4822c6499d4d0b0699f42419610f894c6662a484,0xe5544a2a5fa9b175da60d8eec67add5582bb31b0,,0,0,0,8.51042E-05,0.26588636,2616.29,,,Mint
0x2692209a5897d3afb940e884933e1492127c8c62fd11985f302c9256b49442c3,22875095,1751985263,08/07/25 14:34,0x4822c6499d4d0b0699f42419610f894c6662a484,0xe5544a2a5fa9b175da60d8eec67add5582bb31b0,,0,0,0,8.46739E-05,0.264541996,2616.29,,,Mint
0x686d735e21fa711469389adf6afecad9b1e14dbac112d38d9a12a4eb1a1fcebc,22875093,1751985239,08/07/25 14:33,0x4822c6499d4d0b0699f42419610f894c6662a484,0xe5544a2a5fa9b175da60d8eec67add5582bb31b0,,0,0,0,8.23724E-05,0.257351629,2616.29,,,Mint
0xf1b1913e28d353a421977f7e2bc9c89f726f6fcca5d35f1be74ce73cde9e205e,22875091,1751985215,08/07/25 14:33,0x4822c6499d4d0b0699f42419610f894c6662a484,0xe5544a2a5fa9b175da60d8eec67add5582bb31b0,,0,0,0,8.33738E-05,0.260480374,2616.29,,,Mint
0xb16e57f3389afae34ee92a4dfe95907a48b30e5b369c0603d9c23b928089452a,22875089,1751985191,08/07/25 14:33,0x4822c6499d4d0b0699f42419610f894c6662a484,0xe5544a2a5fa9b175da60d8eec67add5582bb31b0,,0,0,0,8.08821E-05,0.252695581,2616.29,,,Mint
0xdc721bde9c4cd7944d927fcb0c1a2c53fc70fc53c13d88585e9fcaf6e342b4b8,22875087,1751985167,08/07/25 14:32,0x4822c6499d4d0b0699f42419610f894c6662a484,0xe5544a2a5fa9b175da60d8eec67add5582bb31b0,,0,0,0,7.86247E-05,0.245642775,2616.29,,,Mint
0xc348689d6b134150472c53012217289f007f3b6d89cb622709cd0b2255591424,22875085,1751985143,08/07/25 14:32,0x4822c6499d4d0b0699f42419610f894c6662a484,0xe5544a2a5fa9b175da60d8eec67add5582bb31b0,,0,0,0,8.24915E-05,0.257723752,2616.29,,,Mint
0x596852dc7265cf5923fc89c3fff75515c5dde25f20badb25f7b25059c6ed023a,22875083,1751985119,08/07/25 14:31,0x4822c6499d4d0b0699f42419610f894c6662a484,0xe5544a2a5fa9b175da60d8eec67add5582bb31b0,,0,0,0,8.01682E-05,0.250465041,2616.29,,,Mint
0x2efcf1f78d5ddd39ef2ecdc5039af179b3fd0a0c3e5fbcebe09b57a9bac5da6f,22875081,1751985095,08/07/25 14:31,0x4822c6499d4d0b0699f42419610f894c6662a484,0xe5544a2a5fa9b175da60d8eec67add5582bb31b0,,0,0,0,7.93062E-05,0.247772207,2616.29,,,Mint
0x1eff810761de29c3859b062a4fa334924bb32cba5653f078d6b5c5ea058ca084,22875079,1751985071,08/07/25 14:31,0x4822c6499d4d0b0699f42419610f894c6662a484,0xe5544a2a5fa9b175da60d8eec67add5582bb31b0,,0,0,0,7.36812E-05,0.230198225,2616.29,,,Mint
0x4e476f1f68f589ea4e5780b04ffdd5fe85372273f86873535f81ca8e467f5824,22875077,1751985047,08/07/25 14:30,0x4822c6499d4d0b0699f42419610f894c6662a484,0xe5544a2a5fa9b175da60d8eec67add5582bb31b0,,0,0,0,8.10017E-05,0.253069215,2616.29,,,Mint
0xd640687238df20592e8d51be43bcfd8437489e7660e2340952d2115618090309,22875075,1751985023,08/07/25 14:30,0x4822c6499d4d0b0699f42419610f894c6662a484,0xe5544a2a5fa9b175da60d8eec67add5582bb31b0,,0,0,0,8.46135E-05,0.264353472,2616.29,,,Mint
0xcc6e1f8be55c9d1c2ea331ef6c552a792da772a2830f372add872f85b64a03f5,22875073,1751984999,08/07/25 14:29,0x4822c6499d4d0b0699f42419610f894c6662a484,0xe5544a2a5fa9b175da60d8eec67add5582bb31b0,,0,0,0,7.92179E-05,0.247496158,2616.29,,,Mint
0x82831afea38866b568269fba2bc233ba625a95cd16d920dc9b897ed547b84e67,22875072,1751984987,08/07/25 14:29,0x0a7da29599a326568c88ef1ff2fb2f42262090fd,0xe5544a2a5fa9b175da60d8eec67add5582bb31b0,,0,0,0,9.17528E-05,0.286658348,2616.29,,,Mint
0x2d1eb8281f8c3b9e8a0e8abea353336851c0c4ba8ab21fe84156c29ebb819fc2,22875070,1751984963,08/07/25 14:29,0x4822c6499d4d0b0699f42419610f894c6662a484,0xe5544a2a5fa9b175da60d8eec67add5582bb31b0,,0,0,0,6.91533E-05,0.216051931,2616.29,,,Mint
0x5ab4c0f9dbc76fe3fd3205bd94d06ef38c6ee9f577f1d9e5fae83156f04347a8,22875065,1751984903,08/07/25 14:28,0x4822c6499d4d0b0699f42419610f894c6662a484,0xe5544a2a5fa9b175da60d8eec67add5582bb31b0,,0,0,0,7.88205E-05,0.246254763,2616.29,,,Mint
0x1f43704fbf60d9d202f71ae4d657c9be7a22daf74719704f0ae73a70ff6176f7,22875064,1751984891,08/07/25 14:28,0x0a7da29599a326568c88ef1ff2fb2f42262090fd,0xe5544a2a5fa9b175da60d8eec67add5582bb31b0,,0,0,0,9.45521E-05,0.295404127,2616.29,,,Mint
0xee70f597e90f35429d599c8c7b545dc24ac7e36f408f234bc31b99b59855f564,22875062,1751984867,08/07/25 14:27,0x4822c6499d4d0b0699f42419610f894c6662a484,0xe5544a2a5fa9b175da60d8eec67add5582bb31b0,,0,0,0,8.16698E-05,0.255156417,2616.29,,,Mint
0x5d0c5443b2e7b745c5aa8d072cf11122e39a1cffd8d2912c91349ea890ee5af2,22875060,1751984843,08/07/25 14:27,0x4822c6499d4d0b0699f42419610f894c6662a484,0xe5544a2a5fa9b175da60d8eec67add5582bb31b0,,0,0,0,8.16431E-05,0.255073005,2616.29,,,Mint
0x265df9b94167901ec42183a259ef6fba650e54aa0035285d27481ed415f02510,22875058,1751984819,08/07/25 14:26,0x4822c6499d4d0b0699f42419610f894c6662a484,0xe5544a2a5fa9b175da60d8eec67add5582bb31b0,,0,0,0,8.54082E-05,0.266836216,2616.29,,,Mint
0x6659e8ec128d9c56006d3a98e69755353d102117d88782a0d23d05e891edc823,22875056,1751984795,08/07/25 14:26,0x4822c6499d4d0b0699f42419610f894c6662a484,0xe5544a2a5fa9b175da60d8eec67add5582bb31b0,,0,0,0,8.44856E-05,0.263953795,2616.29,,,Mint
0x91f4d0f9828d32aa46f3c2c5b1aff04c3a803f19645986c5caba11c8840ad634,22875054,1751984771,08/07/25 14:26,0x4822c6499d4d0b0699f42419610f894c6662a484,0xe5544a2a5fa9b175da60d8eec67add5582bb31b0,,0,0,0,8.54105E-05,0.266843492,2616.29,,,Mint
0xd6fdec3b8e09b849711a5ddd3fc784ef9e9570f30e7fa7c092ceb4a4046c2a41,22875053,1751984759,08/07/25 14:25,0x0a7da29599a326568c88ef1ff2fb2f42262090fd,0xe5544a2a5fa9b175da60d8eec67add5582bb31b0,,0,0,0,0.000103702,0.323991102,2616.29,,,Mint
0x4c9c7205ae4fadf0905a89b7a4300f6f07310ebcceaa5b45e773c91e383e1dd4,22875051,1751984735,08/07/25 14:25,0x4822c6499d4d0b0699f42419610f894c6662a484,0xe5544a2a5fa9b175da60d8eec67add5582bb31b0,,0,0,0,9.2874E-05,0.290161313,2616.29,,,Mint
0xd6b23454ce939f5ef5e6ed441421a8db35bf9356ccb870514ec63baae8914e11,22875049,1751984711,08/07/25 14:25,0x4822c6499d4d0b0699f42419610f894c6662a484,0xe5544a2a5fa9b175da60d8eec67add5582bb31b0,,0,0,0,9.00075E-05,0.28120557,2616.29,,,Mint
0x41d4efa9e1f6d7ec0ddf6f8ef746a7f21623fefa36114d218625097b84755436,22875047,1751984687,08/07/25 14:24,0x4822c6499d4d0b0699f42419610f894c6662a484,0xe5544a2a5fa9b175da60d8eec67add5582bb31b0,,0,0,0,7.53963E-05,0.235556534,2616.29,,,Mint
0x4640dc492fbc81df239a8789393fabc3a317bd1a46a7e2919b32c6f089ad2be7,22875045,1751984663,08/07/25 14:24,0x4822c6499d4d0b0699f42419610f894c6662a484,0xe5544a2a5fa9b175da60d8eec67add5582bb31b0,,0,0,0,7.34857E-05,0.229587294,2616.29,,,Mint
0x056ccbd72e5d49b6b276fca213544bc7710dd561d8ccf568d170f59a44be4efc,22875043,1751984639,08/07/25 14:23,0x0a7da29599a326568c88ef1ff2fb2f42262090fd,0xe5544a2a5fa9b175da60d8eec67add5582bb31b0,,0,0,0,9.08378E-05,0.283799592,2616.29,,,Mint
0xd484bf8c4746e0e8d7cece1e0af54ceeda674039cc3f006acf2f8849246a80fa,22875042,1751984627,08/07/25 14:23,0x4822c6499d4d0b0699f42419610f894c6662a484,0xe5544a2a5fa9b175da60d8eec67add5582bb31b0,,0,0,0,7.87002E-05,0.245878894,2616.29,,,Mint
0x4e7ad92fba0bf7dea958afa0cfab3b677b949622162f0def73ef35169c2f687b,22875040,1751984603,08/07/25 14:23,0x4822c6499d4d0b0699f42419610f894c6662a484,0xe5544a2a5fa9b175da60d8eec67add5582bb31b0,,0,0,0,8.0532E-05,0.251601911,2616.29,,,Mint
0x18f8c767219f8808d6dde2543607717b62c1c22fac7c6ec5dad106d954088b03,22875038,1751984579,08/07/25 14:22,0x4822c6499d4d0b0699f42419610f894c6662a484,0xe5544a2a5fa9b175da60d8eec67add5582bb31b0,,0,0,0,7.56126E-05,0.23623231,2616.29,,,Mint
0x08f71d1af596cc88769215466b2b589035b527a650d0d575a228b3647310190b,22875036,1751984555,08/07/25 14:22,0x4822c6499d4d0b0699f42419610f894c6662a484,0xe5544a2a5fa9b175da60d8eec67add5582bb31b0,,0,0,0,7.59541E-05,0.237299283,2616.29,,,Mint
0xc97f616a83f178bbe8db5e4d18f5525732042ad48940583216ced4810cf5551c,22875034,1751984531,08/07/25 14:22,0x4822c6499d4d0b0699f42419610f894c6662a484,0xe5544a2a5fa9b175da60d8eec67add5582bb31b0,,0,0,0,6.84991E-05,0.21400816,2616.29,,,Mint
0xf3bc810ef4a4e2e4703c1ab3ed5a374c6401f3ce4add9c4f840283584f24867c,22875031,1751984495,08/07/25 14:21,0x4822c6499d4d0b0699f42419610f894c6662a484,0xe5544a2a5fa9b175da60d8eec67add5582bb31b0,,0,0,0,7.52686E-05,0.235157719,2616.29,,,Mint
0xff476b0debf2ba1ea2eb8b75857b7668cff6208bcb42bb764d7070950dae9da1,22875029,1751984471,08/07/25 14:21,0x4822c6499d4d0b0699f42419610f894c6662a484,0xe5544a2a5fa9b175da60d8eec67add5582bb31b0,,0,0,0,7.74203E-05,0.241880138,2616.29,,,Mint
0x85c2109de352dc708a84242e06a4b5da5a59295f6d9718bb0076553ca13d0b7e,22875027,1751984447,08/07/25 14:20,0x4822c6499d4d0b0699f42419610f894c6662a484,0xe5544a2a5fa9b175da60d8eec67add5582bb31b0,,0,0,0,8.17724E-05,0.255477141,2616.29,,,Mint
0xd95657949020e1f4ba708f6dd53522ef1b9cf0fbe6c8347ce4ba7e419383cdce,22875025,1751984423,08/07/25 14:20,0x4822c6499d4d0b0699f42419610f894c6662a484,0xe5544a2a5fa9b175da60d8eec67add5582bb31b0,,0,0,0,7.997E-05,0.249845819,2616.29,,,Mint
0x433076e29744caaef6ec38dc305233ab01b609ba69a132b50282ae3307a5f32a,22875023,1751984399,08/07/25 14:19,0x4822c6499d4d0b0699f42419610f894c6662a484,0xe5544a2a5fa9b175da60d8eec67add5582bb31b0,,0,0,0,7.71861E-05,0.241148434,2616.29,,,Mint
0xcffba844c3d59a437a6cd0917cd6d6ae37e4ff4fe26e2bb8ae5d829b5a9c8021,22875021,1751984375,08/07/25 14:19,0x4822c6499d4d0b0699f42419610f894c6662a484,0xe5544a2a5fa9b175da60d8eec67add5582bb31b0,,0,0,0,8.09207E-05,0.252816051,2616.29,,,Mint
0x870ed95c2c2559e1e10628d8c2de392a834a8995f5b756e1f9abf9ba2085b9a5,22875019,1751984351,08/07/25 14:19,0x4822c6499d4d0b0699f42419610f894c6662a484,0xe5544a2a5fa9b175da60d8eec67add5582bb31b0,,0,0,0,8.08294E-05,0.252530813,2616.29,,,Mint
0x2b4120d082ad7557563a3e6818c04d004c006ce82c083ee533b7330eb6d8cff2,22875017,1751984327,08/07/25 14:18,0x4822c6499d4d0b0699f42419610f894c6662a484,0xe5544a2a5fa9b175da60d8eec67add5582bb31b0,,0,0,0,7.97618E-05,0.24919563,2616.29,,,Mint
0x9512150d90349fd6b5a10f3c9c02b738386e2d91b7aeedc10d9f22b1f5d5b5ac,22875015,1751984303,08/07/25 14:18,0x4822c6499d4d0b0699f42419610f894c6662a484,0xe5544a2a5fa9b175da60d8eec67add5582bb31b0,,0,0,0,7.3922E-05,0.230950604,2616.29,,,Mint
0x38a52ffa7d25f803a9b4e0bd5ae9d96667d832a3bb461716379aba0d8b948b72,22875013,1751984279,08/07/25 14:17,0x4822c6499d4d0b0699f42419610f894c6662a484,0xe5544a2a5fa9b175da60d8eec67add5582bb31b0,,0,0,0,7.20009E-05,0.224948632,2616.29,,,Mint
0x68e5e8a9370b4ad9cd6c5592c8881f2ca86e43dfdea984a2a0f388b9bfb1796b,22875011,1751984255,08/07/25 14:17,0x4822c6499d4d0b0699f42419610f894c6662a484,0xe5544a2a5fa9b175da60d8eec67add5582bb31b0,,0,0,0,7.66794E-05,0.23956519,2616.29,,,Mint
0x9b767bf981bc05aaad3b09345872b53ca1ee968cadc13af8cbb11982ece617d0,22875009,1751984231,08/07/25 14:17,0x4822c6499d4d0b0699f42419610f894c6662a484,0xe5544a2a5fa9b175da60d8eec67add5582bb31b0,,0,0,0,7.63133E-05,0.238421647,2616.29,,,Mint
0x255eab05b2ea10ab1a652efa6de6a79aaaf2cc413309016de4a646b5c0f5ec3b,22875007,1751984207,08/07/25 14:16,0x4822c6499d4d0b0699f42419610f894c6662a484,0xe5544a2a5fa9b175da60d8eec67add5582bb31b0,,0,0,0,8.03566E-05,0.251053795,2616.29,,,Mint
0x4bbc6e76136e1be7e8b55e0d7a3797349410587daf81bf29a72a2dc879e33746,22875005,1751984183,08/07/25 14:16,0x4822c6499d4d0b0699f42419610f894c6662a484,0xe5544a2a5fa9b175da60d8eec67add5582bb31b0,,0,0,0,8.14052E-05,0.254329801,2616.29,,,Mint
0xe40db40452259274fc7040df9e69153c439ad002b30ee9ef8b8bd4177e8a2817,22875003,1751984159,08/07/25 14:15,0x4822c6499d4d0b0699f42419610f894c6662a484,0xe5544a2a5fa9b175da60d8eec67add5582bb31b0,,0,0,0,7.67506E-05,0.239787851,2616.29,,,Mint
0xeb588dc713d48a6e0cac4771edb48ef8ffa24951f48bd5197f59203a235116fa,22875001,1751984135,08/07/25 14:15,0x4822c6499d4d0b0699f42419610f894c6662a484,0xe5544a2a5fa9b175da60d8eec67add5582bb31b0,,0,0,0,7.71179E-05,0.240935162,2616.29,,,Mint
0xcf7d99276c4ebb6d075e2358eca15e7b8056e50a5a5d423b837e559fe9ed2d4a,22874999,1751984111,08/07/25 14:15,0x4822c6499d4d0b0699f42419610f894c6662a484,0xe5544a2a5fa9b175da60d8eec67add5582bb31b0,,0,0,0,7.04233E-05,0.220019665,2616.29,,,Mint
0xf791ff8a945b03d52e7b36a002a808fb802b76e9c086342467624e4b94881447,22874996,1751984063,08/07/25 14:14,0x4822c6499d4d0b0699f42419610f894c6662a484,0xe5544a2a5fa9b175da60d8eec67add5582bb31b0,,0,0,0,7.32728E-05,0.228922148,2616.29,,,Mint
0x772662479b7af0d194c93ee028758968b2e7ab684712fc67ec7628e48ad954a6,22874994,1751984039,08/07/25 14:13,0x4822c6499d4d0b0699f42419610f894c6662a484,0xe5544a2a5fa9b175da60d8eec67add5582bb31b0,,0,0,0,7.46925E-05,0.233357588,2616.29,,,Mint
0x6485a0f68e0aa39c5e186e5e00db038c8e3d3bd5362447956c4c087e107a4d37,22874992,1751984015,08/07/25 14:13,0x4822c6499d4d0b0699f42419610f894c6662a484,0xe5544a2a5fa9b175da60d8eec67add5582bb31b0,,0,0,0,7.70969E-05,0.240869703,2616.29,,,Mint
0xd519b5456ac047148173bac2494f6501484d0be5c6391e10ac8fddebc0d8d983,22874990,1751983991,08/07/25 14:13,0x4822c6499d4d0b0699f42419610f894c6662a484,0xe5544a2a5fa9b175da60d8eec67add5582bb31b0,,0,0,0,8.02081E-05,0.250589758,2616.29,,,Mint
0x5992aa4b3e90772f5b445a3ab66df43bc135cf85d50548823e666df8a52d5b5b,22874988,1751983967,08/07/25 14:12,0x4822c6499d4d0b0699f42419610f894c6662a484,0xe5544a2a5fa9b175da60d8eec67add5582bb31b0,,0,0,0,7.84953E-05,0.245238636,2616.29,,,Mint
0xeb393c0367253d2e85bb02d3da6a21bc05f52a84124914740e1c7b8b64a60373,22874986,1751983943,08/07/25 14:12,0x4822c6499d4d0b0699f42419610f894c6662a484,0xe5544a2a5fa9b175da60d8eec67add5582bb31b0,,0,0,0,8.03263E-05,0.250959132,2616.29,,,Mint
0xdd7f5e08e02852aef06791b54874b3f08f80c71abe1039e1e1b63d1a14402386,22874984,1751983919,08/07/25 14:11,0x4822c6499d4d0b0699f42419610f894c6662a484,0xe5544a2a5fa9b175da60d8eec67add5582bb31b0,,0,0,0,8.19379E-05,0.25599406,2616.29,,,Mint
0x1f8667bcdd05d5489d4273cfcbe49c540cc8c9a978b7814e7cb1c8500c86929d,22874982,1751983895,08/07/25 14:11,0x4822c6499d4d0b0699f42419610f894c6662a484,0xe5544a2a5fa9b175da60d8eec67add5582bb31b0,,0,0,0,7.70078E-05,0.240591429,2616.29,,,Mint
0x637585819161ae6fe07cbddfd20a8a1644d50eae8fd61b2bead21d0ac87c1b83,22874980,1751983871,08/07/25 14:11,0x4822c6499d4d0b0699f42419610f894c6662a484,0xe5544a2a5fa9b175da60d8eec67add5582bb31b0,,0,0,0,7.51479E-05,0.234780646,2616.29,,,Mint
0x21226b4f7fa28a2236a295d8209f846bdb277b45c482a3a34496249e1fa0f0f8,22874977,1751983835,08/07/25 14:10,0x4822c6499d4d0b0699f42419610f894c6662a484,0xe5544a2a5fa9b175da60d8eec67add5582bb31b0,,0,0,0,7.69706E-05,0.240474958,2616.29,,,Mint
0xb23796b4eadfb6e0d92cc9cbb9a7a607f850019721731db49a4199d9c644d05f,22874974,1751983799,08/07/25 14:09,0x4822c6499d4d0b0699f42419610f894c6662a484,0xe5544a2a5fa9b175da60d8eec67add5582bb31b0,,0,0,0,8.18407E-05,0.255690584,2616.29,,,Mint
0x9df55cdaa97854c9deb016bddb0338ae7758d3eccfb218d935ca168634be51a0,22874970,1751983751,08/07/25 14:09,0x4822c6499d4d0b0699f42419610f894c6662a484,0xe5544a2a5fa9b175da60d8eec67add5582bb31b0,,0,0,0,8.35789E-05,0.261121193,2616.29,,,Mint
0xa5ca67b47959892f6b606f655a7d26dcb2974fe26312e66f0286a0c229bc7f15,22874967,1751983715,08/07/25 14:08,0x4822c6499d4d0b0699f42419610f894c6662a484,0xe5544a2a5fa9b175da60d8eec67add5582bb31b0,,0,0,0,8.94782E-05,0.279551965,2616.29,,,Mint
0x92cb363af00e96b08bdfcb52743d4e44fdf3608807f4893fdf55c6ceea9fcb3c,22874965,1751983691,08/07/25 14:08,0x4822c6499d4d0b0699f42419610f894c6662a484,0xe5544a2a5fa9b175da60d8eec67add5582bb31b0,,0,0,0,9.41648E-05,0.294193908,2616.29,,,Mint
0xa3401503def9c11b56b2035b6cfd9f4ec29f149eb25e95944b7c803220f24276,22874963,1751983667,08/07/25 14:07,0x4822c6499d4d0b0699f42419610f894c6662a484,0xe5544a2a5fa9b175da60d8eec67add5582bb31b0,,0,0,0,9.29797E-05,0.290491541,2616.29,,,Mint
0xc9c6b1c370c8046507f2525f4d353976337af08197d1909a2ba7dbdb54cf5308,22874961,1751983643,08/07/25 14:07,0x4822c6499d4d0b0699f42419610f894c6662a484,0xe5544a2a5fa9b175da60d8eec67add5582bb31b0,,0,0,0,8.97563E-05,0.280420704,2616.29,,,Mint
0xcb124df412da33fc9e4d070e5da309c8caf3c8d89de70206ca4472c165ead0b5,22874958,1751983607,08/07/25 14:06,0x4822c6499d4d0b0699f42419610f894c6662a484,0xe5544a2a5fa9b175da60d8eec67add5582bb31b0,,0,0,0,8.74568E-05,0.273236397,2616.29,,,Mint
0x817d17ed69d9d58a9508a1f6635ef658fa7ab23c94bb90eb3c541ad61a7d005f,22874956,1751983583,08/07/25 14:06,0x4822c6499d4d0b0699f42419610f894c6662a484,0xe5544a2a5fa9b175da60d8eec67add5582bb31b0,,0,0,0,8.53779E-05,0.266741452,2616.29,,,Mint
0x8323de86509c232961be226e1cc24f36184c80ce34d984a09afd910bf80459e3,22874954,1751983559,08/07/25 14:05,0x4822c6499d4d0b0699f42419610f894c6662a484,0xe5544a2a5fa9b175da60d8eec67add5582bb31b0,,0,0,0,8.02749E-05,0.250798657,2616.29,,,Mint
0x8d9102118b0c7092949589f79f4a8eb2342a377a8cd4a0a786ea9cdd841b9dbb,22874952,1751983535,08/07/25 14:05,0x4822c6499d4d0b0699f42419610f894c6662a484,0xe5544a2a5fa9b175da60d8eec67add5582bb31b0,,0,0,0,8.22968E-05,0.257115382,2616.29,,,Mint
0x9089dd9b6745c59e94695430ec7a612951abb25dd5f9f44361a21ebf96b4dcd6,22874950,1751983511,08/07/25 14:05,0x4822c6499d4d0b0699f42419610f894c6662a484,0xe5544a2a5fa9b175da60d8eec67add5582bb31b0,,0,0,0,8.15885E-05,0.254902541,2616.29,,,Mint
0x2fc3e545e5988f0f3d13336e0ee5aa00cc3c28d12837011400a334580109d386,22874948,1751983487,08/07/25 14:04,0x4822c6499d4d0b0699f42419610f894c6662a484,0xe5544a2a5fa9b175da60d8eec67add5582bb31b0,,0,0,0,8.26598E-05,0.258249631,2616.29,,,Mint
0xe97ca31d867cde7f846c8672c1caf69eb1706c5449384426b737cf7ebd17abb8,22874946,1751983463,08/07/25 14:04,0x4822c6499d4d0b0699f42419610f894c6662a484,0xe5544a2a5fa9b175da60d8eec67add5582bb31b0,,0,0,0,8.49567E-05,0.265425702,2616.29,,,Mint
0xd0443c390e1bab2acac75f2d5699514ef27c32f9679f84ac2cda224cc50bacc1,22874943,1751983427,08/07/25 14:03,0x4822c6499d4d0b0699f42419610f894c6662a484,0xe5544a2a5fa9b175da60d8eec67add5582bb31b0,,0,0,0,8.84398E-05,0.276307764,2616.29,,,Mint
0x61e5e86fab64827e42ef029cad2ed5fa56fee856651d750b68642eb91b46fbc8,22874942,1751983415,08/07/25 14:03,0x0a7da29599a326568c88ef1ff2fb2f42262090fd,0xe5544a2a5fa9b175da60d8eec67add5582bb31b0,,0,0,0,9.4027E-05,0.293763565,2616.29,,,Mint
0xaa3a1eabf0ab6103901cfc6e62569e76ba7b56970146c64f985d251d2cacf2de,22874940,1751983391,08/07/25 14:03,0x4822c6499d4d0b0699f42419610f894c6662a484,0xe5544a2a5fa9b175da60d8eec67add5582bb31b0,,0,0,0,9.30621E-05,0.290749032,2616.29,,,Mint
0xe672916b89f1f21062b5905bca90bb1bcb23244169f9eee38c6986cb70eb3879,22874938,1751983367,08/07/25 14:02,0x4822c6499d4d0b0699f42419610f894c6662a484,0xe5544a2a5fa9b175da60d8eec67add5582bb31b0,,0,0,0,9.03512E-05,0.282279385,2616.29,,,Mint
0x72f19ab63f284fe2971a13bec46f85abc95c18016a95e141ba5b5ad4c57de469,22874936,1751983343,08/07/25 14:02,0x4822c6499d4d0b0699f42419610f894c6662a484,0xe5544a2a5fa9b175da60d8eec67add5582bb31b0,,0,0,0,9.2233E-05,0.288158455,2616.29,,,Mint
0x17fe038e31f193bcd94f3e097c6def06a4ebc3b4b9077897f14e5ff0d7ade338,22874934,1751983319,08/07/25 14:01,0x4822c6499d4d0b0699f42419610f894c6662a484,0xe5544a2a5fa9b175da60d8eec67add5582bb31b0,,0,0,0,8.77777E-05,0.274239086,2616.29,,,Mint
0xcbfb57679336232d561db908bcfbb45425f49882b7aa7842bb0eee1eaedc244e,22874933,1751983307,08/07/25 14:01,0x0a7da29599a326568c88ef1ff2fb2f42262090fd,0xe5544a2a5fa9b175da60d8eec67add5582bb31b0,,0,0,0,9.10945E-05,0.284601532,2616.29,,,Mint
0xe0b49d9199b9bb7a0686c8e76b26000de3071d544ab53023dcc9bcbe6172910e,22874932,1751983295,08/07/25 14:01,0x4822c6499d4d0b0699f42419610f894c6662a484,0xe5544a2a5fa9b175da60d8eec67add5582bb31b0,,0,0,0,8.44471E-05,0.263833406,2616.29,,,Mint
0xd3a3b35ca0a1d5ceb2268877e9cab6d21827d30235da86d827770b3bdc59a301,22874929,1751983259,08/07/25 14:00,0x4822c6499d4d0b0699f42419610f894c6662a484,0xe5544a2a5fa9b175da60d8eec67add5582bb31b0,,0,0,0,8.50976E-05,0.265865932,2616.29,,,Mint
0x1b1a3f73581e2a0eaefcd11e8521ea8f54f0b78f7ab4a685eeb90f76985fbed8,22874927,1751983235,08/07/25 14:00,0x0a7da29599a326568c88ef1ff2fb2f42262090fd,0xe5544a2a5fa9b175da60d8eec67add5582bb31b0,,0,0,0,9.75204E-05,0.304677623,2616.29,,,Mint
0x5b4a05ac728eaa34a993422fb353e10e69b5f9513b024ef2f6bcd865f28c67d3,22874926,1751983223,08/07/25 14:00,0x4822c6499d4d0b0699f42419610f894c6662a484,0xe5544a2a5fa9b175da60d8eec67add5582bb31b0,,0,0,0,8.94183E-05,0.279364831,2616.29,,,Mint
0xdaf9cf754a57d7fcd5629df0b4374f7bf29b22106d2946e402dfc00168de5b95,22874924,1751983199,08/07/25 13:59,0x4822c6499d4d0b0699f42419610f894c6662a484,0xe5544a2a5fa9b175da60d8eec67add5582bb31b0,,0,0,0,8.23493E-05,0.257279334,2616.29,,,Mint
0xa6bb9ed90469530c527cfeeda00db1387006ff9cfc974ec62d8a4605595a2b16,22874922,1751983175,08/07/25 13:59,0x4822c6499d4d0b0699f42419610f894c6662a484,0xe5544a2a5fa9b175da60d8eec67add5582bb31b0,,0,0,0,8.3773E-05,0.261727347,2616.29,,,Mint
0x605964be88161430cb3e4817abcef36d60b22092f59ca1ab194997fde0ae750a,22874920,1751983151,08/07/25 13:59,0x4822c6499d4d0b0699f42419610f894c6662a484,0xe5544a2a5fa9b175da60d8eec67add5582bb31b0,,0,0,0,8.82256E-05,0.275638548,2616.29,,,Mint
0xaa737c7fec1fa752d033074928c2ba79a6f7346ef4777ce5b2765e673d4dcf5f,22874918,1751983127,08/07/25 13:58,0x4822c6499d4d0b0699f42419610f894c6662a484,0xe5544a2a5fa9b175da60d8eec67add5582bb31b0,,0,0,0,9.14113E-05,0.28559151,2616.29,,,Mint
0x3612db0df1c01e4f7dcda5a1b3effee8ea61f370c9db5510bcf2c2d9807026e0,22874916,1751983103,08/07/25 13:58,0x4822c6499d4d0b0699f42419610f894c6662a484,0xe5544a2a5fa9b175da60d8eec67add5582bb31b0,,0,0,0,8.96638E-05,0.280131814,2616.29,,,Mint
0x7916ed5baff654206db29c0b8277ca3fbd49fba6e868756ec51f23fb555e599b,22874914,1751983079,08/07/25 13:57,0x4822c6499d4d0b0699f42419610f894c6662a484,0xe5544a2a5fa9b175da60d8eec67add5582bb31b0,,0,0,0,8.29353E-05,0.259110338,2616.29,,,Mint
0x90814298bca05aca3c1c839ed2b54a8668c1c4eb7a2e2d80827ca4744e6f5e0c,22874911,1751983043,08/07/25 13:57,0x4822c6499d4d0b0699f42419610f894c6662a484,0xe5544a2a5fa9b175da60d8eec67add5582bb31b0,,0,0,0,8.81279E-05,0.275333197,2616.29,,,Mint
0xdd8d8a355bbb54e3ae7db2fa1320912655b6c86281a72bdd70323e324b25f267,22874908,1751983007,08/07/25 13:56,0x4822c6499d4d0b0699f42419610f894c6662a484,0xe5544a2a5fa9b175da60d8eec67add5582bb31b0,,0,0,0,9.13208E-05,0.285308764,2616.29,,,Mint
0xc6faa2857d369b4a96ae0c630fe15f4ffa6b1576a86686c41d26f610de36cd1f,22874905,1751982971,08/07/25 13:56,0x4822c6499d4d0b0699f42419610f894c6662a484,0xe5544a2a5fa9b175da60d8eec67add5582bb31b0,,0,0,0,9.79977E-05,0.306168771,2616.29,,,Mint
0xa58d25f1ce1099e4a11024591cca4f255d3c5ccce68449175b67730c2f8c0eb8,22874903,1751982947,08/07/25 13:55,0x4822c6499d4d0b0699f42419610f894c6662a484,0xe5544a2a5fa9b175da60d8eec67add5582bb31b0,,0,0,0,0.000100568,0.314199128,2616.29,,,Mint
0x7542cc8ceb6f84b76f9e27fba67f2cc83c63b91dd050ae17322e396ea20951a2,22874901,1751982923,08/07/25 13:55,0x4822c6499d4d0b0699f42419610f894c6662a484,0xe5544a2a5fa9b175da60d8eec67add5582bb31b0,,0,0,0,0.000100423,0.313746682,2616.29,,,Mint
0x5f00ebc83ff9500b3a8a833732a0a84714f364f476f8b39ded595296d77bb051,22874898,1751982887,08/07/25 13:54,0x4822c6499d4d0b0699f42419610f894c6662a484,0xe5544a2a5fa9b175da60d8eec67add5582bb31b0,,0,0,0,0.000106787,0.333629146,2616.29,,,Mint
0x193e22ef5d02263eb30f8f200b8bf5dc271059a0cfeff80aa83838f08c000f4a,22874896,1751982863,08/07/25 13:54,0x4822c6499d4d0b0699f42419610f894c6662a484,0xe5544a2a5fa9b175da60d8eec67add5582bb31b0,,0,0,0,0.000108877,0.340158446,2616.29,,,Mint
0xb9234880db623211702c2145920847b8f2e05f9f496a6c65ee30290d130234e6,22874894,1751982839,08/07/25 13:53,0x4822c6499d4d0b0699f42419610f894c6662a484,0xe5544a2a5fa9b175da60d8eec67add5582bb31b0,,0,0,0,0.00011118,0.347354471,2616.29,,,Mint
0xb07006d387abbd9bc3309e72df5884dcb1a1f6912c13262bfca453d1644ac570,22874892,1751982815,08/07/25 13:53,0x4822c6499d4d0b0699f42419610f894c6662a484,0xe5544a2a5fa9b175da60d8eec67add5582bb31b0,,0,0,0,0.00011208,0.350165324,2616.29,,,Mint
0x445b64bbce46f0f0512cc95a59b6910c85a9c99c8a4a65327f00f8fc8c7bf4dc,22874890,1751982791,08/07/25 13:53,0x4822c6499d4d0b0699f42419610f894c6662a484,0xe5544a2a5fa9b175da60d8eec67add5582bb31b0,,0,0,0,0.000102606,0.320565261,2616.29,,,Mint
0x255fc9a070941124e04e7fa8a58fe24f6b36aa32a867987e2db9445c25b97130,22874887,1751982755,08/07/25 13:52,0x4822c6499d4d0b0699f42419610f894c6662a484,0xe5544a2a5fa9b175da60d8eec67add5582bb31b0,,0,0,0,0.000118635,0.370644242,2616.29,,,Mint
0x5faf32a87ba68470a39ec830a2875bb72e0706c61e4bc7bb4c49553de95e18d3,22874885,1751982731,08/07/25 13:52,0x4822c6499d4d0b0699f42419610f894c6662a484,0xe5544a2a5fa9b175da60d8eec67add5582bb31b0,,0,0,0,0.000119496,0.373334501,2616.29,,,Mint
0x8e977d1562df88c0c16d1a9260e7255b9456f27417a6a922110f05caabeacf6c,22874883,1751982707,08/07/25 13:51,0x4822c6499d4d0b0699f42419610f894c6662a484,0xe5544a2a5fa9b175da60d8eec67add5582bb31b0,,0,0,0,0.000118364,0.369797763,2616.29,,,Mint
0xe34493692f28911d67364175876d3236bc4ab3abba5bc41d38a94571e6b696d9,22874880,1751982671,08/07/25 13:51,0xf66ac2c80aaeff89b081ff911e80e7daeb9d0af6,0xe5544a2a5fa9b175da60d8eec67add5582bb31b0,,0,0,0,0.000154884,0.483895706,2616.29,,,Mint
0x96dd082c656bfa4a26c87ca40efb5217d6b3e57e07cc8e1d89b8bb302874b1eb,22874877,1751982635,08/07/25 13:50,0x4822c6499d4d0b0699f42419610f894c6662a484,0xe5544a2a5fa9b175da60d8eec67add5582bb31b0,,0,0,0,0.000118624,0.37061142,2616.29,,,Mint
0xd4437b95eaa5a1e57dc9355ef64fd7251e489b7c99db7863e729cd5b83e5a407,22874876,1751982623,08/07/25 13:50,0xf66ac2c80aaeff89b081ff911e80e7daeb9d0af6,0xe5544a2a5fa9b175da60d8eec67add5582bb31b0,,0,0,0,0.000154884,0.483895706,2616.29,,,Mint
0xad54a05a02722268c0798d30b677324f885f85f6ca58f15cc40ac1d569ffa3d9,22874875,1751982611,08/07/25 13:50,0x4822c6499d4d0b0699f42419610f894c6662a484,0xe5544a2a5fa9b175da60d8eec67add5582bb31b0,,0,0,0,0.000119984,0.374860864,2616.29,,,Mint
0xe71424e2f23b48aa41ca00eae9a473033ded50fab1d083722fc888538b2d6237,22874874,1751982599,08/07/25 13:49,0xf66ac2c80aaeff89b081ff911e80e7daeb9d0af6,0xe5544a2a5fa9b175da60d8eec67add5582bb31b0,,0,0,0,0.000154884,0.483895706,2616.29,,,Mint
0xb8d709a89900d2adc8d63874884deff2bef5025f1079929c32eff3c95b2fb034,22874873,1751982587,08/07/25 13:49,0x4822c6499d4d0b0699f42419610f894c6662a484,0xe5544a2a5fa9b175da60d8eec67add5582bb31b0,,0,0,0,0.000119684,0.373920915,2616.29,,,Mint
0x0941ba3e2fb35583a47392027ffa18893af19134aba8f7f4d506e349b463088b,22874872,1751982575,08/07/25 13:49,0xf66ac2c80aaeff89b081ff911e80e7daeb9d0af6,0xe5544a2a5fa9b175da60d8eec67add5582bb31b0,,0,0,0,0.000116163,0.36292178,2616.29,,,Mint
0x29cdd26deb9acef822a7e1ed0dde84bfd6412b9b5259707a5cbed2e33d89f1d8,22874870,1751982551,08/07/25 13:49,0x4822c6499d4d0b0699f42419610f894c6662a484,0xe5544a2a5fa9b175da60d8eec67add5582bb31b0,,0,0,0,0.000110817,0.346219119,2616.29,,,Mint
0xcbb41109966da2f18136ba62356a03f0c1bbfcbbc7bc571c68508565118f09fc,22874868,1751982527,08/07/25 13:48,0x4822c6499d4d0b0699f42419610f894c6662a484,0xe5544a2a5fa9b175da60d8eec67add5582bb31b0,,0,0,0,0.000100768,0.314823777,2616.29,,,Mint
0x7cfe60fae34b59c7ee885e0cf96e10113fafc706542b403dea73893784b6e044,22874866,1751982503,08/07/25 13:48,0x4822c6499d4d0b0699f42419610f894c6662a484,0xe5544a2a5fa9b175da60d8eec67add5582bb31b0,,0,0,0,9.95591E-05,0.311046991,2616.29,,,Mint
0x9b182d22fdd7b6e31b827015973344e1e8699abed9f1e00127f7ebf0b3bea478,22874863,1751982467,08/07/25 13:47,0x4822c6499d4d0b0699f42419610f894c6662a484,0xe5544a2a5fa9b175da60d8eec67add5582bb31b0,,0,0,0,9.15083E-05,0.285894456,2616.29,,,Mint
0x5d8a56f0f07a0f40849495c804acabb9f43c13d2b64ee0f28b0be78ce45e88ec,22874861,1751982443,08/07/25 13:47,0x4822c6499d4d0b0699f42419610f894c6662a484,0xe5544a2a5fa9b175da60d8eec67add5582bb31b0,,0,0,0,8.32351E-05,0.260046799,2616.29,,,Mint
0x6d66a1a3c153a8e42da93418d0a89870f7d041fef5a53d72cae9cfa11b8d1afd,22874859,1751982419,08/07/25 13:46,0x4822c6499d4d0b0699f42419610f894c6662a484,0xe5544a2a5fa9b175da60d8eec67add5582bb31b0,,0,0,0,6.95624E-05,0.217330015,2616.29,,,Mint
0x16420a30f7076ce00dc91394858bd9046b9cf33b8ff47e838acbec6b18ef288a,22874856,1751982383,08/07/25 13:46,0x4822c6499d4d0b0699f42419610f894c6662a484,0xe5544a2a5fa9b175da60d8eec67add5582bb31b0,,0,0,0,6.53329E-05,0.204116026,2616.29,,,Mint
0xaa556fbac94cd7a5e94ce5e87302eae02fc53628e7400836f7ebc6ab223703d0,22874854,1751982359,08/07/25 13:45,0x4822c6499d4d0b0699f42419610f894c6662a484,0xe5544a2a5fa9b175da60d8eec67add5582bb31b0,,0,0,0,7.12943E-05,0.22274087,2616.29,,,Mint
0x50e31d77d403d46091011263f38b87517e1938581b2d66644d9a2c599f12270f,22874853,1751982347,08/07/25 13:45,0x0a7da29599a326568c88ef1ff2fb2f42262090fd,0xe5544a2a5fa9b175da60d8eec67add5582bb31b0,,0,0,0,7.70637E-05,0.24076591,2616.29,,,Mint
0x31dc9f8bf2c78f3a41546e05c6b492c1771618c73e93ee185306ee9e6b1224e5,22874852,1751982335,08/07/25 13:45,0x4822c6499d4d0b0699f42419610f894c6662a484,0xe5544a2a5fa9b175da60d8eec67add5582bb31b0,,0,0,0,6.8254E-05,0.213242222,2616.29,,,Mint
0x6943a11b4668d121bb7c512d0ce77930b5da7713e4c9735edfb9f9aff9c71461,22874850,1751982311,08/07/25 13:45,0x4822c6499d4d0b0699f42419610f894c6662a484,0xe5544a2a5fa9b175da60d8eec67add5582bb31b0,,0,0,0,6.5454E-05,0.204494501,2616.29,,,Mint
0x6761400ebc899990979e42b2847849cc9c748189ce09c386bcda70c03da1a4f7,22874848,1751982287,08/07/25 13:44,0x4822c6499d4d0b0699f42419610f894c6662a484,0xe5544a2a5fa9b175da60d8eec67add5582bb31b0,,0,0,0,6.43219E-05,0.200957543,2616.29,,,Mint
0xdde5632a0eb3519fe4a1477d7d3d5131a3294de806364b4280d3ab734e955ccb,22874846,1751982263,08/07/25 13:44,0x4822c6499d4d0b0699f42419610f894c6662a484,0xe5544a2a5fa9b175da60d8eec67add5582bb31b0,,0,0,0,6.35993E-05,0.198699802,2616.29,,,Mint
0x23091244a42e21f9b1dee17d26c922413550ba4c07d91936860ff878a4fe349c,22874844,1751982239,08/07/25 13:43,0x4822c6499d4d0b0699f42419610f894c6662a484,0xe5544a2a5fa9b175da60d8eec67add5582bb31b0,,0,0,0,6.32975E-05,0.197756872,2616.29,,,Mint
0xf6dcf7ac21bc304b5fce9f1a1d8e869e06c57fe58616bef820413239e119a20d,22874842,1751982215,08/07/25 13:43,0x4822c6499d4d0b0699f42419610f894c6662a484,0xe5544a2a5fa9b175da60d8eec67add5582bb31b0,,0,0,0,6.34955E-05,0.198375622,2616.29,,,Mint
0xa2e9920869c2b0251365cf41e2713d19ae24c784967a93420ee103864dc4a54f,22874840,1751982191,08/07/25 13:43,0x4822c6499d4d0b0699f42419610f894c6662a484,0xe5544a2a5fa9b175da60d8eec67add5582bb31b0,,0,0,0,6.16105E-05,0.192486342,2616.29,,,Mint
0x3dd5011f88eeceef7d8de0a137f31f1635b23e845f4b1f653b27dab8e9fbd7f9,22874838,1751982167,08/07/25 13:42,0x4822c6499d4d0b0699f42419610f894c6662a484,0xe5544a2a5fa9b175da60d8eec67add5582bb31b0,,0,0,0,5.94337E-05,0.185685548,2616.29,,,Mint
0x132ad2dad34efea33e119baf3eabc1d97ee1ec8a41355a23f978b2183a3839c7,22874837,1751982155,08/07/25 13:42,0x0a7da29599a326568c88ef1ff2fb2f42262090fd,0xe5544a2a5fa9b175da60d8eec67add5582bb31b0,,0,0,0,5.90382E-05,0.184449821,2616.29,,,Mint
0xed40118aad2b995d9aa020a9328a70d1a9e7678b4d4bbd13e3a18a4b134960b1,22874834,1751982119,08/07/25 13:41,0x4822c6499d4d0b0699f42419610f894c6662a484,0xe5544a2a5fa9b175da60d8eec67add5582bb31b0,,0,0,0,5.97593E-05,0.186702745,2616.29,,,Mint
0x073f0d7fdc87e875e8713684d5c1c8d1d7799a250ebe00493b0104344ecb76c6,22874832,1751982095,08/07/25 13:41,0x4822c6499d4d0b0699f42419610f894c6662a484,0xe5544a2a5fa9b175da60d8eec67add5582bb31b0,,0,0,0,6.1306E-05,0.191535062,2616.29,,,Mint
0xd2fc2f0b6cbbe2a6404cfe2299f4bfa84af01cc41270b48fc8151f33286696dc,22874830,1751982071,08/07/25 13:41,0x4822c6499d4d0b0699f42419610f894c6662a484,0xe5544a2a5fa9b175da60d8eec67add5582bb31b0,,0,0,0,5.91481E-05,0.184793298,2616.29,,,Mint
0xe9fcc2c33f1e02de289b0d5f0d3626df41b38f6903707b88eb130109e0cf4f3c,22874827,1751982035,08/07/25 13:40,0x4822c6499d4d0b0699f42419610f894c6662a484,0xe5544a2a5fa9b175da60d8eec67add5582bb31b0,,0,0,0,6.82636E-05,0.213272278,2616.29,,,Mint
0xc8da42c5d982bb00939f93ea292d97ccc536106902cc70759dd81f06a40a67f2,22874826,1751982023,08/07/25 13:40,0x0a7da29599a326568c88ef1ff2fb2f42262090fd,0xe5544a2a5fa9b175da60d8eec67add5582bb31b0,,0,0,0,7.25767E-05,0.226747536,2616.29,,,Mint
0x2d057abbcc76fb0b49fb64ec1036717bda30f75527dc45ac8dc2e13bcb67e29d,22874825,1751982011,08/07/25 13:40,0x4822c6499d4d0b0699f42419610f894c6662a484,0xe5544a2a5fa9b175da60d8eec67add5582bb31b0,,0,0,0,6.77812E-05,0.211765063,2616.29,,,Mint
0x6aeeb56134dbcf52533e4be699a061ef38245c2d05f5f3a3732d449eb54bf4f0,22874823,1751981987,08/07/25 13:39,0x4822c6499d4d0b0699f42419610f894c6662a484,0xe5544a2a5fa9b175da60d8eec67add5582bb31b0,,0,0,0,9.72051E-05,0.303692786,2616.29,,,Mint
0x2cb3ccbb4c2e507377c82c9e3b08a5f375f5e08b4fbf4d7f682a9e3296764cf4,22874822,1751981975,08/07/25 13:39,0x0a7da29599a326568c88ef1ff2fb2f42262090fd,0xe5544a2a5fa9b175da60d8eec67add5582bb31b0,,0,0,0,7.01701E-05,0.219228693,2616.29,,,Mint
0x55eabba986233a91a210a3a5718442061277cc6fc29f1564759a1fb351d4c1af,22874820,1751981951,08/07/25 13:39,0x0a7da29599a326568c88ef1ff2fb2f42262090fd,0xe5544a2a5fa9b175da60d8eec67add5582bb31b0,,0,0,0,6.96997E-05,0.217759095,2616.29,,,Mint
0x8ad6daa7eab7087bc7352ae773f2aa11b8c5f65ee751d735b6deee986d17b51b,22874819,1751981939,08/07/25 13:38,0x0a7da29599a326568c88ef1ff2fb2f42262090fd,0xe5544a2a5fa9b175da60d8eec67add5582bb31b0,,0,0,0,6.83933E-05,0.213677613,2616.29,,,Mint
0xbd7e24e6d3af8286a22b20c84f1fbe827b0d74598075f5249cb9436748fc330b,22874816,1751981903,08/07/25 13:38,0x0a7da29599a326568c88ef1ff2fb2f42262090fd,0xe5544a2a5fa9b175da60d8eec67add5582bb31b0,,0,0,0,7.0286E-05,0.219590664,2616.29,,,Mint
0x3f7a623a7d15ce72e0a3c4d49ce3fee923520987d7a4dd9d50ecc7046a1daf92,22874813,1751981867,08/07/25 13:37,0x0a7da29599a326568c88ef1ff2fb2f42262090fd,0xe5544a2a5fa9b175da60d8eec67add5582bb31b0,,0,0,0,7.2679E-05,0.2270671,2616.29,,,Mint
0xc484a1c437a6bf23d044362fa0b245a1614c467a3acf331929683e90a2aff0c4,22874812,1751981855,08/07/25 13:37,0x0a7da29599a326568c88ef1ff2fb2f42262090fd,0xe5544a2a5fa9b175da60d8eec67add5582bb31b0,,0,0,0,7.34704E-05,0.229539495,2616.29,,,Mint
0xd95b875b94b7604082f8d5e16cb4baa6ef6834cfee13ee165c3205467c0b6dc8,22874811,1751981843,08/07/25 13:37,0x0a7da29599a326568c88ef1ff2fb2f42262090fd,0xe5544a2a5fa9b175da60d8eec67add5582bb31b0,,0,0,0,7.4612E-05,0.233106134,2616.29,,,Mint
0x51d5b7153ec0a1f7e684766cb9e4da4e7f88f7b479c799f53946c99ed2bbedf9,22874808,1751981807,08/07/25 13:36,0x0a7da29599a326568c88ef1ff2fb2f42262090fd,0xe5544a2a5fa9b175da60d8eec67add5582bb31b0,,0,0,0,7.27723E-05,0.227358598,2616.29,,,Mint
0xd76c5d9fb1ce6d16d80e948f522f606c01142714ee7715e5aaf832d7a8d0935d,22874806,1751981783,08/07/25 13:36,0x0a7da29599a326568c88ef1ff2fb2f42262090fd,0xe5544a2a5fa9b175da60d8eec67add5582bb31b0,,0,0,0,7.32687E-05,0.228909372,2616.29,,,Mint
0xacfef0032e46d47f84239053bcee2551a735b2c34a0364c3815bd9d43c48e8d4,22874804,1751981759,08/07/25 13:35,0x0a7da29599a326568c88ef1ff2fb2f42262090fd,0xe5544a2a5fa9b175da60d8eec67add5582bb31b0,,0,0,0,6.70542E-05,0.209493921,2616.29,,,Mint
0xd44396aaa52dee144515b32c9f335dbe71060e73fe7ee197d5511de951deda1b,22874802,1751981735,08/07/25 13:35,0x0a7da29599a326568c88ef1ff2fb2f42262090fd,0xe5544a2a5fa9b175da60d8eec67add5582bb31b0,,0,0,0,7.42181E-05,0.231875602,2616.29,,,Mint
0xdccb5249241e97263eecf060c65d253c13e72c3846a62cb20f66f248fef45664,22874799,1751981699,08/07/25 13:34,0x0a7da29599a326568c88ef1ff2fb2f42262090fd,0xe5544a2a5fa9b175da60d8eec67add5582bb31b0,,0,0,0,7.43598E-05,0.232318222,2616.29,,,Mint
0xfe6ff2115d3b0a7681d0bc66c35fdbf9cf0db9f049884e0474a9df99d1ee6092,22874796,1751981663,08/07/25 13:34,0x0a7da29599a326568c88ef1ff2fb2f42262090fd,0xe5544a2a5fa9b175da60d8eec67add5582bb31b0,,0,0,0,7.54883E-05,0.235843871,2616.29,,,Mint
0x3831d784861df8ee29b3e4bb46657e736636b160b93affcf1e2f602ccfd3dfd0,22874794,1751981639,08/07/25 13:33,0x0a7da29599a326568c88ef1ff2fb2f42262090fd,0xe5544a2a5fa9b175da60d8eec67add5582bb31b0,,0,0,0,7.68096E-05,0.239972035,2616.29,,,Mint
0x845ec302587456410fc9e128ae317c978e4adcca417b3331d498769b551e8d6f,22874790,1751981591,08/07/25 13:33,0x0a7da29599a326568c88ef1ff2fb2f42262090fd,0xe5544a2a5fa9b175da60d8eec67add5582bb31b0,,0,0,0,7.48203E-05,0.233757122,2616.29,,,Mint
0x44f5032f587fde7ae71cb2c48bd5ad41101ef02846e423f1c1c4becd64fcace0,22874788,1751981567,08/07/25 13:32,0x0a7da29599a326568c88ef1ff2fb2f42262090fd,0xe5544a2a5fa9b175da60d8eec67add5582bb31b0,,0,0,0,7.51746E-05,0.234863951,2616.29,,,Mint
0x07d3ed182876be2335c47cea5f3ec2b7cc930c94218dcbdcbfc877b752770c90,22874783,1751981507,08/07/25 13:31,0x0a7da29599a326568c88ef1ff2fb2f42262090fd,0xe5544a2a5fa9b175da60d8eec67add5582bb31b0,,0,0,0,7.25656E-05,0.22671286,2616.29,,,Mint
0x7d94f28bea07d1453a6b750dd014a0a6207712f5e4dba591db28db0ce78dc269,22874780,1751981471,08/07/25 13:31,0x0a7da29599a326568c88ef1ff2fb2f42262090fd,0xe5544a2a5fa9b175da60d8eec67add5582bb31b0,,0,0,0,6.77956E-05,0.21181006,2616.29,,,Mint
0xa47c0ced310a8cb9b1b69c2318848278d0a2d54f94585115597c6897d9a33719,22874777,1751981435,08/07/25 13:30,0x0a7da29599a326568c88ef1ff2fb2f42262090fd,0xe5544a2a5fa9b175da60d8eec67add5582bb31b0,,0,0,0,6.62355E-05,0.206936128,2616.29,,,Mint
0x16bcb17d9d51deb422c1db97d87ac614848bcbfee59ac2dff45c181bb9232a2c,22874772,1751981375,08/07/25 13:29,0x0a7da29599a326568c88ef1ff2fb2f42262090fd,0xe5544a2a5fa9b175da60d8eec67add5582bb31b0,,0,0,0,6.53488E-05,0.204165629,2616.29,,,Mint
0x21d52c4710331945b79a5955fd0a2a8c5a1e6737511db54535e80e0af27e7d2d,22874766,1751981303,08/07/25 13:28,0x0a7da29599a326568c88ef1ff2fb2f42262090fd,0xe5544a2a5fa9b175da60d8eec67add5582bb31b0,,0,0,0,6.94621E-05,0.217016656,2616.29,,,Mint
0xb4382a1e0f6ec6e6af69d3060b03aff229a3ef6622faeb5a1d66ea6ba83c57d5,22874761,1751981243,08/07/25 13:27,0x0a7da29599a326568c88ef1ff2fb2f42262090fd,0xe5544a2a5fa9b175da60d8eec67add5582bb31b0,,0,0,0,7.13375E-05,0.222875938,2616.29,,,Mint
0xa0a8b5b67de0150cbe1ede8922553754cbe555a445110abddc04f729aca89a1d,22874759,1751981219,08/07/25 13:26,0x0a7da29599a326568c88ef1ff2fb2f42262090fd,0xe5544a2a5fa9b175da60d8eec67add5582bb31b0,,0,0,0,7.233E-05,0.225976724,2616.29,,,Mint
0x00a00c124ba79e305d55e606aebc95f7b3e47b5822a44f0c5f0e281fd9bfe63d,22874758,1751981207,08/07/25 13:26,0x0a7da29599a326568c88ef1ff2fb2f42262090fd,0xe5544a2a5fa9b175da60d8eec67add5582bb31b0,,0,0,0,6.93284E-05,0.216598905,2616.29,,,Mint
0x8bdc720ac0fe748e1a96010ab14b6e75762efc758b65c5dec79596c02118bc1a,22874750,1751981111,08/07/25 13:25,0x0a7da29599a326568c88ef1ff2fb2f42262090fd,0xe5544a2a5fa9b175da60d8eec67add5582bb31b0,,0,0,0,6.96241E-05,0.217522769,2616.29,,,Mint
0x23161bf79fdb51edeeb6a7a381a1707a095966ef69efd01398e9fe5f61a99ec6,22874745,1751981051,08/07/25 13:24,0x0a7da29599a326568c88ef1ff2fb2f42262090fd,0xe5544a2a5fa9b175da60d8eec67add5582bb31b0,,0,0,0,7.14614E-05,0.223263073,2616.29,,,Mint
0x25e7f34516aa915a5c3144607c18d11dfbecb06d7fc4ff22fc9a9dfc0b89cada,22874741,1751981003,08/07/25 13:23,0x0a7da29599a326568c88ef1ff2fb2f42262090fd,0xe5544a2a5fa9b175da60d8eec67add5582bb31b0,,0,0,0,6.99562E-05,0.218560282,2616.29,,,Mint
0x8645a15843ee29f7a56fc4eec93ed3c45084014e8244a57d8a8586d20f141744,22874735,1751980931,08/07/25 13:22,0x0a7da29599a326568c88ef1ff2fb2f42262090fd,0xe5544a2a5fa9b175da60d8eec67add5582bb31b0,,0,0,0,7.17169E-05,0.224061157,2616.29,,,Mint
0xf9b1b9c608c77d86acb027befe5e820748ed41165ce543375ea81e7aa8a627d0,22874726,1751980823,08/07/25 13:20,0x0a7da29599a326568c88ef1ff2fb2f42262090fd,0xe5544a2a5fa9b175da60d8eec67add5582bb31b0,,0,0,0,6.84297E-05,0.213791276,2616.29,,,Mint
0xa13e32589398ae503a085941127287f01dc69fd4a938b81c3f737eac0dd3bae5,22874719,1751980739,08/07/25 13:18,0x0a7da29599a326568c88ef1ff2fb2f42262090fd,0xe5544a2a5fa9b175da60d8eec67add5582bb31b0,,0,0,0,6.5856E-05,0.20575027,2616.29,,,Mint
0xc4b6d2a1929a67cb827cac675ef261e2f308c545bf140a453273258a84f455fd,22874713,1751980667,08/07/25 13:17,0x0a7da29599a326568c88ef1ff2fb2f42262090fd,0xe5544a2a5fa9b175da60d8eec67add5582bb31b0,,0,0,0,6.61038E-05,0.206524615,2616.29,,,Mint
0x0db41a88b44d8126e4994ec153fe61fbd3c9e52d1ae5b78789ecb32a7df56007,22874709,1751980619,08/07/25 13:16,0x0a7da29599a326568c88ef1ff2fb2f42262090fd,0xe5544a2a5fa9b175da60d8eec67add5582bb31b0,,0,0,0,6.40848E-05,0.200216708,2616.29,,,Mint
0x37012f838727aad2facfd81c3c3bf500f5407e76018d4c67be73cc142e01d9e6,22874707,1751980595,08/07/25 13:16,0x0a7da29599a326568c88ef1ff2fb2f42262090fd,0xe5544a2a5fa9b175da60d8eec67add5582bb31b0,,0,0,0,6.1719E-05,0.192825332,2616.29,,,Mint
0x53c9dee9aed83107bc16a78aa4340c65990f15bd902ec92f5c205da2bc090122,22874703,1751980547,08/07/25 13:15,0x0a7da29599a326568c88ef1ff2fb2f42262090fd,0xe5544a2a5fa9b175da60d8eec67add5582bb31b0,,0,0,0,5.93896E-05,0.185547598,2616.29,,,Mint
0xaebef284cc135f020f9e6d9349f35d87c21f655d57eece13ea60ca4b773078ef,22874699,1751980499,08/07/25 13:14,0x0a7da29599a326568c88ef1ff2fb2f42262090fd,0xe5544a2a5fa9b175da60d8eec67add5582bb31b0,,0,0,0,5.9644E-05,0.186342625,2616.29,,,Mint
0xbacd657198a4737f10223045d785df8f861e779242d5e73a7a1ddf6b3b6175d1,22874693,1751980427,08/07/25 13:13,0x0a7da29599a326568c88ef1ff2fb2f42262090fd,0xe5544a2a5fa9b175da60d8eec67add5582bb31b0,,0,0,0,4.91593E-05,0.153585619,2616.29,,,Mint
0xf515fb6192cb92a9add09b0b243d77801ae086c6b6e672946305bb6a991cc61f,22874690,1751980391,08/07/25 13:13,0x0a7da29599a326568c88ef1ff2fb2f42262090fd,0xe5544a2a5fa9b175da60d8eec67add5582bb31b0,,0,0,0,5.24141E-05,0.163754422,2616.29,,,Mint
0x94ea16fec00433fa196b6a3c263d4c354d5b99fd97d75a29cf649d9c6c61f26e,22874684,1751980319,08/07/25 13:11,0x0a7da29599a326568c88ef1ff2fb2f42262090fd,0xe5544a2a5fa9b175da60d8eec67add5582bb31b0,,0,0,0,6.05735E-05,0.189246526,2616.29,,,Mint
0xda9cb2f2754d8958697354e3feef0179f6a8ccc76c02d8d397fb24d6c67ccf5f,22874679,1751980259,08/07/25 13:10,0x0a7da29599a326568c88ef1ff2fb2f42262090fd,0xe5544a2a5fa9b175da60d8eec67add5582bb31b0,,0,0,0,6.23854E-05,0.194907373,2616.29,,,Mint
0x6abc7becaa1ad6e36b869a7b6a1c9fe9e6db7d7279a8a80d39c42a2f604166c9,22874678,1751980247,08/07/25 13:10,0x0a7da29599a326568c88ef1ff2fb2f42262090fd,0xe5544a2a5fa9b175da60d8eec67add5582bb31b0,,0,0,0,6.18027E-05,0.193086717,2616.29,,,Mint
0x1d2dcfbba16474001402c433dee18b8c8e55844f9c85189cb6276da1c3f6953a,22874674,1751980199,08/07/25 13:09,0x0a7da29599a326568c88ef1ff2fb2f42262090fd,0xe5544a2a5fa9b175da60d8eec67add5582bb31b0,,0,0,0,6.35025E-05,0.198397568,2616.29,,,Mint
0x35087b085d6bf6ca83c46fe64683aac1f4b479e527755d7d9bbb0d195a9fa388,22874670,1751980151,08/07/25 13:09,0x0a7da29599a326568c88ef1ff2fb2f42262090fd,0xe5544a2a5fa9b175da60d8eec67add5582bb31b0,,0,0,0,6.88891E-05,0.215226456,2616.29,,,Mint
0xad29564237a145e63821209aa3df6cd0929553fbd12af4dff1e14f0f6689d120,22874669,1751980139,08/07/25 13:08,0x0a7da29599a326568c88ef1ff2fb2f42262090fd,0xe5544a2a5fa9b175da60d8eec67add5582bb31b0,,0,0,0,6.89235E-05,0.215334036,2616.29,,,Mint
0xcf1e5b26763b57afa89719322187c569b000bac2d341f1855a82748cf48ad555,22874664,1751980079,08/07/25 13:07,0x0a7da29599a326568c88ef1ff2fb2f42262090fd,0xe5544a2a5fa9b175da60d8eec67add5582bb31b0,,0,0,0,6.6515E-05,0.207809075,2616.29,,,Mint
0x141d5df9a7f4a6645e5b13d06d4cdb1a18a3c6c8ff56dd31982ce38ddf6a1804,22874660,1751980031,08/07/25 13:07,0x0a7da29599a326568c88ef1ff2fb2f42262090fd,0xe5544a2a5fa9b175da60d8eec67add5582bb31b0,,0,0,0,6.4628E-05,0.201913632,2616.29,,,Mint
0xd8c3281c193aede405a1619625fde689e5fb2720635ffa938fe0625d3038fc14,22874658,1751980007,08/07/25 13:06,0x0a7da29599a326568c88ef1ff2fb2f42262090fd,0xe5544a2a5fa9b175da60d8eec67add5582bb31b0,,0,0,0,6.51177E-05,0.20344371,2616.29,,,Mint
0xcc5e4b9cdfe687f9fcad8afb468b34ecf7550792956aa94a5207550c40cc3328,22874653,1751979947,08/07/25 13:05,0x0a7da29599a326568c88ef1ff2fb2f42262090fd,0xe5544a2a5fa9b175da60d8eec67add5582bb31b0,,0,0,0,6.58622E-05,0.205769727,2616.29,,,Mint
0x70221447b6d78af42d911d13aeaf64eedb61fa7d0b7655c41af7ef3ed78a33b5,22874649,1751979899,08/07/25 13:04,0x0a7da29599a326568c88ef1ff2fb2f42262090fd,0xe5544a2a5fa9b175da60d8eec67add5582bb31b0,,0,0,0,6.35967E-05,0.198691827,2616.29,,,Mint
0xf57481cd9c0d01b456696cb4e5ccd51ab4479e3af87c85626dac9a5017c630e3,22874645,1751979851,08/07/25 13:04,0x0a7da29599a326568c88ef1ff2fb2f42262090fd,0xe5544a2a5fa9b175da60d8eec67add5582bb31b0,,0,0,0,6.41059E-05,0.200282686,2616.29,,,Mint
0x5187e83cc764b322f2ce511c2cba3b41cfef5f6926bde81149ea2be7c359c124,22874642,1751979803,08/07/25 13:03,0x0a7da29599a326568c88ef1ff2fb2f42262090fd,0xe5544a2a5fa9b175da60d8eec67add5582bb31b0,,0,0,0,6.00297E-05,0.187547565,2616.29,,,Mint
0xe481168bda05df5414c716055bda618e46e86f507495671206197e2a9f457ac0,22874638,1751979755,08/07/25 13:02,0x0a7da29599a326568c88ef1ff2fb2f42262090fd,0xe5544a2a5fa9b175da60d8eec67add5582bb31b0,,0,0,0,5.8826E-05,0.183786761,2616.29,,,Mint
0x48614e5e252378f422d72bd7031f01dd2d1121a09aa472dab7856abccf7eb828,22874635,1751979719,08/07/25 13:01,0x0a7da29599a326568c88ef1ff2fb2f42262090fd,0xe5544a2a5fa9b175da60d8eec67add5582bb31b0,,0,0,0,6.45047E-05,0.201528617,2616.29,,,Mint
0x47bd5eb052baacfd122d1f547949a0bcbe80f38402e5a6fff1bd2e8ea321a7fa,22874634,1751979707,08/07/25 13:01,0x0a7da29599a326568c88ef1ff2fb2f42262090fd,0xe5544a2a5fa9b175da60d8eec67add5582bb31b0,,0,0,0,6.64405E-05,0.207576358,2616.29,,,Mint
0x1f6438225beb5c26a6d2ce4faadf3710f3db0b5130a731b0e779a6c9959f04d6,22874631,1751979671,08/07/25 13:01,0x0a7da29599a326568c88ef1ff2fb2f42262090fd,0xe5544a2a5fa9b175da60d8eec67add5582bb31b0,,0,0,0,6.1087E-05,0.190850956,2616.29,,,Mint
0x8a9fc4ce9e4d7e06bb63cc190ac77d204f6b63c4cdc484195fb5dceba5e3a1c9,22874626,1751979611,08/07/25 13:00,0x0a7da29599a326568c88ef1ff2fb2f42262090fd,0xe5544a2a5fa9b175da60d8eec67add5582bb31b0,,0,0,0,6.13673E-05,0.191726551,2616.29,,,Mint
0x6a1b562c792925bd289ec72450eadab4a1be4e0dc32b5f75ad946019ab9b4f1d,22874622,1751979563,08/07/25 12:59,0x0a7da29599a326568c88ef1ff2fb2f42262090fd,0xe5544a2a5fa9b175da60d8eec67add5582bb31b0,,0,0,0,6.59141E-05,0.205931763,2616.29,,,Mint
0x86f440356615d029758438d48f0cb0ace1f3ce6fd36812f25fee8e716fddec0f,22874621,1751979551,08/07/25 12:59,0x0a7da29599a326568c88ef1ff2fb2f42262090fd,0xe5544a2a5fa9b175da60d8eec67add5582bb31b0,,0,0,0,6.57936E-05,0.205555389,2616.29,,,Mint
0x09cacdf4dd252e136db88e1b1506a8e9ec2d91e84458bdce53ad110623485dd3,22874617,1751979503,08/07/25 12:58,0x0a7da29599a326568c88ef1ff2fb2f42262090fd,0xe5544a2a5fa9b175da60d8eec67add5582bb31b0,,0,0,0,6.30048E-05,0.196842479,2616.29,,,Mint
0x6c79fe354f2105b061989c526094b7128abc88d2606ff72623979e37376f5e6a,22874612,1751979443,08/07/25 12:57,0x0a7da29599a326568c88ef1ff2fb2f42262090fd,0xe5544a2a5fa9b175da60d8eec67add5582bb31b0,,0,0,0,6.56487E-05,0.205102615,2616.29,,,Mint
0x027cdeedc2dcf3f07f7ccf67be7e62145f2814bec36a08cdf39de175c8e18409,22874608,1751979395,08/07/25 12:56,0x0a7da29599a326568c88ef1ff2fb2f42262090fd,0xe5544a2a5fa9b175da60d8eec67add5582bb31b0,,0,0,0,6.75209E-05,0.210951865,2616.29,,,Mint
0x1345cdaa0deb013e7e81a828b072855e0c93d2eef16443d787403bfad15ce65a,22874600,1751979299,08/07/25 12:54,0x0a7da29599a326568c88ef1ff2fb2f42262090fd,0xe5544a2a5fa9b175da60d8eec67add5582bb31b0,,0,0,0,7.33183E-05,0.229064436,2616.29,,,Mint
0x570a20c858c953c1c5e426caadf6155e66371d58686f8068f76740c76ff2776a,22874596,1751979251,08/07/25 12:54,0x0a7da29599a326568c88ef1ff2fb2f42262090fd,0xe5544a2a5fa9b175da60d8eec67add5582bb31b0,,0,0,0,7.69695E-05,0.240471763,2616.29,,,Mint
0x37abf13e7da5968362b38962cc5292092ca0333d76fbe47ff6fecf57381f800c,22874592,1751979203,08/07/25 12:53,0x0a7da29599a326568c88ef1ff2fb2f42262090fd,0xe5544a2a5fa9b175da60d8eec67add5582bb31b0,,0,0,0,7.50649E-05,0.234521337,2616.29,,,Mint
0xb358720d2e00c68e9d1d7ae896e61c93655de6007767291a07de1d5707f498c4,22874588,1751979155,08/07/25 12:52,0x0a7da29599a326568c88ef1ff2fb2f42262090fd,0xe5544a2a5fa9b175da60d8eec67add5582bb31b0,,0,0,0,7.78938E-05,0.243359265,2616.29,,,Mint
0x1f4ab10084eff95301034b260c7c5c5f693dd613df957bbe0d150e018b44391e,22874581,1751979071,08/07/25 12:51,0x0a7da29599a326568c88ef1ff2fb2f42262090fd,0xe5544a2a5fa9b175da60d8eec67add5582bb31b0,,0,0,0,8.51862E-05,0.266142638,2616.29,,,Mint
0xe8348bd42c3738fd4c8069e4612f3bd5a9b211a981829ddcd07d33baa77c3b2d,22874576,1751979011,08/07/25 12:50,0x0a7da29599a326568c88ef1ff2fb2f42262090fd,0xe5544a2a5fa9b175da60d8eec67add5582bb31b0,,0,0,0,8.51862E-05,0.266142638,2616.29,,,Mint
0x4a1ee2b754aaad693c112db9917c336d5073e7e2ca5b910bf6081b4da192441e,22874574,1751978975,08/07/25 12:49,0x0a7da29599a326568c88ef1ff2fb2f42262090fd,0xe5544a2a5fa9b175da60d8eec67add5582bb31b0,,0,0,0,8.34895E-05,0.260841614,2616.29,,,Mint
0xd506d827f698b697ca38b0372dd755291b8030c1ac44d517289fe92a403d7d81,22874551,1751978699,08/07/25 12:44,0x0a7da29599a326568c88ef1ff2fb2f42262090fd,0xe5544a2a5fa9b175da60d8eec67add5582bb31b0,,0,0,0,6.65585E-05,0.20794497,2616.29,,,Mint
0x36ca3cab14f18384c6629eb4f54c8e7e7ef4e3cac828d7721d423575e567d817,22874540,1751978567,08/07/25 12:42,0x0a7da29599a326568c88ef1ff2fb2f42262090fd,0xe5544a2a5fa9b175da60d8eec67add5582bb31b0,,0,0,0,6.40705E-05,0.200171964,2616.29,,,Mint
0x1bdfb60c5203ad8112bcd1ac1509921f2880f5c99e21653790fb09fc87732ce5,22874536,1751978519,08/07/25 12:41,0x0a7da29599a326568c88ef1ff2fb2f42262090fd,0xe5544a2a5fa9b175da60d8eec67add5582bb31b0,,0,0,0,6.9743E-05,0.217894377,2616.29,,,Mint
0xda6dcfd3f8bd5151a3fc9344d2c52b66897cee83f6bbb9111eb5d90dad448982,22874527,1751978411,08/07/25 12:40,0x0a7da29599a326568c88ef1ff2fb2f42262090fd,0xe5544a2a5fa9b175da60d8eec67add5582bb31b0,,0,0,0,6.36294E-05,0.198793922,2616.29,,,Mint
0x4354bcc2aba3d842d7491d564009b3c307051479568c3feba9107200065f8652,22874523,1751978363,08/07/25 12:39,0x0a7da29599a326568c88ef1ff2fb2f42262090fd,0xe5544a2a5fa9b175da60d8eec67add5582bb31b0,,0,0,0,6.40961E-05,0.200251995,2616.29,,,Mint
0xe0cce567748e191e83e19ee6cd6f73fa4cbf4601131bf736c7c56e0fc204318e,22874518,1751978303,08/07/25 12:38,0x0a7da29599a326568c88ef1ff2fb2f42262090fd,0xe5544a2a5fa9b175da60d8eec67add5582bb31b0,,0,0,0,6.9526E-05,0.217216227,2616.29,,,Mint
0x9e69383ff792cb0961c2433cf1b14cb940170ece1bbe44df5311ba37770f6966,22874516,1751978279,08/07/25 12:37,0x0a7da29599a326568c88ef1ff2fb2f42262090fd,0xe5544a2a5fa9b175da60d8eec67add5582bb31b0,,0,0,0,6.78155E-05,0.211872257,2616.29,,,Mint
0x87d5f3d95751bdaa945dda0ef30ade4e90c11ea96745667c609f131cc532ffff,22874476,1751977799,08/07/25 12:29,0x0a7da29599a326568c88ef1ff2fb2f42262090fd,0xe5544a2a5fa9b175da60d8eec67add5582bb31b0,,0,0,0,4.64652E-05,0.145168712,2616.29,,,Mint
0x05a2d4a78c78bec124b3f796f9a5cd9752aff11bc32f4db4bab1deb09595e194,22874465,1751977667,08/07/25 12:27,0x0a7da29599a326568c88ef1ff2fb2f42262090fd,0xe5544a2a5fa9b175da60d8eec67add5582bb31b0,,0,0,0,4.64652E-05,0.145168712,2616.29,,,Mint
0xf30ddc5a06d7c3d991367fc34e92125c704278ef30ce2a82540290c110d7a867,22874458,1751977583,08/07/25 12:26,0x0a7da29599a326568c88ef1ff2fb2f42262090fd,0xe5544a2a5fa9b175da60d8eec67add5582bb31b0,,0,0,0,4.64652E-05,0.145168712,2616.29,,,Mint
0x7afe44449711f22e2809f95249bfcf090823324e03c9cf9eaad5c825c7ddc0c4,22874448,1751977463,08/07/25 12:24,0x0a7da29599a326568c88ef1ff2fb2f42262090fd,0xe5544a2a5fa9b175da60d8eec67add5582bb31b0,,0,0,0,4.64652E-05,0.145168712,2616.29,,,Mint
0xcb1bcbc190813c0c227d03c6327a83b2cae3ff615d3977198d4c3a1f4d1d9aaa,22874443,1751977403,08/07/25 12:23,0x0a7da29599a326568c88ef1ff2fb2f42262090fd,0xe5544a2a5fa9b175da60d8eec67add5582bb31b0,,0,0,0,4.64508E-05,0.145123723,2616.29,,,Mint
0xcb644c224e13fb98aa4fc197ce01a1ec50c738f1f7cd4e24c65d30c36518b6c2,22874438,1751977343,08/07/25 12:22,0x0a7da29599a326568c88ef1ff2fb2f42262090fd,0xe5544a2a5fa9b175da60d8eec67add5582bb31b0,,0,0,0,4.64652E-05,0.145168712,2616.29,,,Mint
0x257160d5156baa4f99c02d26c1b125e54509aa524fc58917e9eb977a0cce4fa0,22874433,1751977283,08/07/25 12:21,0x0a7da29599a326568c88ef1ff2fb2f42262090fd,0xe5544a2a5fa9b175da60d8eec67add5582bb31b0,,0,0,0,4.64652E-05,0.145168712,2616.29,,,Mint
0x1708a0b33ef1e5775aa0dd74d760f605da49e28dcb165e414326b74244ace2ca,22874432,1751977271,08/07/25 12:21,0x0a7da29599a326568c88ef1ff2fb2f42262090fd,0xe5544a2a5fa9b175da60d8eec67add5582bb31b0,,0,0,0,4.64652E-05,0.145168712,2616.29,,,Mint
0x4b4c1bd4f0af168f660de269d34c7c930ed1088b449d9adb8f747fccfa9c020a,22874427,1751977211,08/07/25 12:20,0x0a7da29599a326568c88ef1ff2fb2f42262090fd,0xe5544a2a5fa9b175da60d8eec67add5582bb31b0,,0,0,0,6.69852E-05,0.209278238,2616.29,,,Mint
0x39028e55928c09ffd66229bae99ce0bb2776528c82a7d83d63207c6f1650c19a,22874375,1751976575,08/07/25 12:09,0x4822c6499d4d0b0699f42419610f894c6662a484,0xe5544a2a5fa9b175da60d8eec67add5582bb31b0,,0,0,0,4.16744E-05,0.13020109,2616.29,,,Mint
0x006a435b8cf638fa72ab51f2501d7e655eee85a33fa1a08620d1b2f2ab5f280c,22874373,1751976551,08/07/25 12:09,0x4822c6499d4d0b0699f42419610f894c6662a484,0xe5544a2a5fa9b175da60d8eec67add5582bb31b0,,0,0,0,4.27981E-05,0.133711682,2616.29,,,Mint
0x0f6e702b5461a2afa4feddfbd8caa3a3df5a87604f08af195ef70f03e856c01a,22874371,1751976527,08/07/25 12:08,0x4822c6499d4d0b0699f42419610f894c6662a484,0xe5544a2a5fa9b175da60d8eec67add5582bb31b0,,0,0,0,4.36155E-05,0.136265595,2616.29,,,Mint
0xa1cde468dec0610dab3aabaee578359813aee98ded7f34e91f42145edae17f90,22874369,1751976503,08/07/25 12:08,0x4822c6499d4d0b0699f42419610f894c6662a484,0xe5544a2a5fa9b175da60d8eec67add5582bb31b0,,0,0,0,4.39683E-05,0.137367794,2616.29,,,Mint
0x742ac01918b8cce4372f4e412dc033770bdbf3afec4544ed62652ad0d120de1d,22874367,1751976479,08/07/25 12:07,0x4822c6499d4d0b0699f42419610f894c6662a484,0xe5544a2a5fa9b175da60d8eec67add5582bb31b0,,0,0,0,4.41822E-05,0.138035978,2616.29,,,Mint
0xe9c0d7c37d5e1a952a0816952c426c10e402329724bc68b75cc7f04e54d73d9b,22874365,1751976455,08/07/25 12:07,0x4822c6499d4d0b0699f42419610f894c6662a484,0xe5544a2a5fa9b175da60d8eec67add5582bb31b0,,0,0,0,4.21857E-05,0.131798605,2616.29,,,Mint
0x75b27ceb001d0f7ccb83473948df1ebdc6d70bb8a3ebf89beed854556e2b0f7a,22874363,1751976431,08/07/25 12:07,0x4822c6499d4d0b0699f42419610f894c6662a484,0xe5544a2a5fa9b175da60d8eec67add5582bb31b0,,0,0,0,4.27667E-05,0.133613689,2616.29,,,Mint
0x0bd402a059d581a1a88dd9dc079872087b3aabca0ea0f5981f5386cc55f508a6,22874361,1751976407,08/07/25 12:06,0x4822c6499d4d0b0699f42419610f894c6662a484,0xe5544a2a5fa9b175da60d8eec67add5582bb31b0,,0,0,0,4.43142E-05,0.138448321,2616.29,,,Mint
0x53613caf59156dd2088ac31b6421a6c06ba3990220b7f1ca95cfa150be772c80,22874359,1751976383,08/07/25 12:06,0x4822c6499d4d0b0699f42419610f894c6662a484,0xe5544a2a5fa9b175da60d8eec67add5582bb31b0,,0,0,0,4.36693E-05,0.136433673,2616.29,,,Mint
0x15ecc66cb6cedc89c68568d53ee14851c3066026e8eda34151e305d4b6ebebfc,22874357,1751976359,08/07/25 12:05,0x4822c6499d4d0b0699f42419610f894c6662a484,0xe5544a2a5fa9b175da60d8eec67add5582bb31b0,,0,0,0,4.58398E-05,0.143214958,2616.29,,,Mint
0x2b625f12bf584195bf2aa5e4d2479f81d6fa7c267a371115d62f971d6be60ce1,22874355,1751976335,08/07/25 12:05,0x4822c6499d4d0b0699f42419610f894c6662a484,0xe5544a2a5fa9b175da60d8eec67add5582bb31b0,,0,0,0,4.11125E-05,0.128445512,2616.29,,,Mint
0x101be1177ae89f3e83868dc00e0907fdc0cd79232c11b30088142caa0cf0c9cd,22874352,1751976299,08/07/25 12:04,0x4822c6499d4d0b0699f42419610f894c6662a484,0xe5544a2a5fa9b175da60d8eec67add5582bb31b0,,0,0,0,4.56689E-05,0.142680722,2616.29,,,Mint
0xa93ba4b8936da96d426c0e6df45e1277876a7a2476a11c158c29a8a663af9525,22874350,1751976275,08/07/25 12:04,0x4822c6499d4d0b0699f42419610f894c6662a484,0xe5544a2a5fa9b175da60d8eec67add5582bb31b0,,0,0,0,4.51454E-05,0.14104528,2616.29,,,Mint
0xc9ebb5d310f1808a54b2ee4e09de5cccdcc8e4f5c617ae1dce1197abc18bd73d,22874348,1751976251,08/07/25 12:04,0x4822c6499d4d0b0699f42419610f894c6662a484,0xe5544a2a5fa9b175da60d8eec67add5582bb31b0,,0,0,0,4.53482E-05,0.141679076,2616.29,,,Mint
0x60338b9f87c3fe7aa3403f0230a1b81a4a86b7075b0dc4cd0a07282b566902c3,22874346,1751976227,08/07/25 12:03,0x4822c6499d4d0b0699f42419610f894c6662a484,0xe5544a2a5fa9b175da60d8eec67add5582bb31b0,,0,0,0,4.38296E-05,0.136934364,2616.29,,,Mint
0xdc9d51c3aefa7777e01b68a5a5a147ab95efe23d67be82961ea1b8192fb98333,22874344,1751976203,08/07/25 12:03,0x4822c6499d4d0b0699f42419610f894c6662a484,0xe5544a2a5fa9b175da60d8eec67add5582bb31b0,,0,0,0,4.21652E-05,0.131734514,2616.29,,,Mint
0x24632b02aa9d92c613d1e058bed17ade6db73fb6f01dc688d7f5b0e4afe1cdde,22874342,1751976179,08/07/25 12:02,0x4822c6499d4d0b0699f42419610f894c6662a484,0xe5544a2a5fa9b175da60d8eec67add5582bb31b0,,0,0,0,4.22327E-05,0.131945314,2616.29,,,Mint
0xf19f5dd45bf5aeb9a16d1be3f65c9875406766b0890c9c11850c4f0aa8486cc0,22874340,1751976155,08/07/25 12:02,0x4822c6499d4d0b0699f42419610f894c6662a484,0xe5544a2a5fa9b175da60d8eec67add5582bb31b0,,0,0,0,4.01958E-05,0.125581636,2616.29,,,Mint
0xfc1c08303379e9f8c4b55c03353c09c0c074bcf21cc6d1e2e250bc1262e8ddf3,22874338,1751976131,08/07/25 12:02,0x4822c6499d4d0b0699f42419610f894c6662a484,0xe5544a2a5fa9b175da60d8eec67add5582bb31b0,,0,0,0,3.97178E-05,0.124088178,2616.29,,,Mint
0x54dcc190458dd4791648eca63555aa207bb58aa86ad9b211eb717077f4d6ca02,22874336,1751976107,08/07/25 12:01,0x4822c6499d4d0b0699f42419610f894c6662a484,0xe5544a2a5fa9b175da60d8eec67add5582bb31b0,,0,0,0,3.98707E-05,0.124565819,2616.29,,,Mint
0x0901c3b995c4bf0af69b10d76322479930011e38bf3d25740e884c2d6cc8fc7e,22874334,1751976083,08/07/25 12:01,0x4822c6499d4d0b0699f42419610f894c6662a484,0xe5544a2a5fa9b175da60d8eec67add5582bb31b0,,0,0,0,4.12055E-05,0.128736099,2616.29,,,Mint
0xe553f1ac7b11645a32a024daebdef75928afdaf3f9b4fee8950020612a20ae2f,22874332,1751976059,08/07/25 12:00,0x4822c6499d4d0b0699f42419610f894c6662a484,0xe5544a2a5fa9b175da60d8eec67add5582bb31b0,,0,0,0,3.97572E-05,0.124211286,2616.29,,,Mint
0xd5f2da93953f9ceb5987d07971d4d8b52317d1af9de3d8ba2e9cf49b743e2471,22874330,1751976035,08/07/25 12:00,0x4822c6499d4d0b0699f42419610f894c6662a484,0xe5544a2a5fa9b175da60d8eec67add5582bb31b0,,0,0,0,3.46836E-05,0.108360059,2616.29,,,Mint
0x5a46c1ecd8795c4eeced965f0b429b40443e7572674fcf473941d16ba27a4b7d,22874327,1751975999,08/07/25 11:59,0x4822c6499d4d0b0699f42419610f894c6662a484,0xe5544a2a5fa9b175da60d8eec67add5582bb31b0,,0,0,0,3.52033E-05,0.109983739,2616.29,,,Mint
0x1520d292944fa5f486f07cb8fef92ad811802946c2c9e9001e732a65a6c76104,22874325,1751975975,08/07/25 11:59,0x4822c6499d4d0b0699f42419610f894c6662a484,0xe5544a2a5fa9b175da60d8eec67add5582bb31b0,,0,0,0,3.53439E-05,0.110423119,2616.29,,,Mint
0x171f3ebee1ef7cb1cbf4475a49871d64270dfcf41f9326ae5f6b7e6ae4edc794,22874323,1751975951,08/07/25 11:59,0x4822c6499d4d0b0699f42419610f894c6662a484,0xe5544a2a5fa9b175da60d8eec67add5582bb31b0,,0,0,0,3.40709E-05,0.106445954,2616.29,,,Mint
0xc3a9a9b56fa41de8aff2f3eafa79c208c1adb880ba80cd072875433037de513e,22874320,1751975915,08/07/25 11:58,0x4822c6499d4d0b0699f42419610f894c6662a484,0xe5544a2a5fa9b175da60d8eec67add5582bb31b0,,0,0,0,3.73498E-05,0.116690094,2616.29,,,Mint
0xfcac5a6c5e7994d31f9cf98431a46af201b4ec29f8ccca3178a3112991a1ba05,22874318,1751975891,08/07/25 11:58,0x4822c6499d4d0b0699f42419610f894c6662a484,0xe5544a2a5fa9b175da60d8eec67add5582bb31b0,,0,0,0,3.75961E-05,0.117459563,2616.29,,,Mint
0xe6946e1ddccef17ae9c5a996dcb7ee848200842fa21535c63bf163f23e4b4ac4,22874316,1751975867,08/07/25 11:57,0x4822c6499d4d0b0699f42419610f894c6662a484,0xe5544a2a5fa9b175da60d8eec67add5582bb31b0,,0,0,0,3.91185E-05,0.12221589,2616.29,,,Mint
0x36331fe3af9899d1a469f26174067f9e1df313b83c2bd95ccfc4cde2601e4469,22874314,1751975843,08/07/25 11:57,0x4822c6499d4d0b0699f42419610f894c6662a484,0xe5544a2a5fa9b175da60d8eec67add5582bb31b0,,0,0,0,3.91874E-05,0.122431227,2616.29,,,Mint
0xa3443e043580eb41d5563545189359135c4bf9069194a77a13125ddf3cc5ebfe,22874312,1751975819,08/07/25 11:56,0x4822c6499d4d0b0699f42419610f894c6662a484,0xe5544a2a5fa9b175da60d8eec67add5582bb31b0,,0,0,0,3.56048E-05,0.111238284,2616.29,,,Mint
0x5e4b1d5c05e7c5dae5689628905a813d75a3f37a7bd8b20cdefca5095d5d6242,22874308,1751975771,08/07/25 11:56,0x4822c6499d4d0b0699f42419610f894c6662a484,0xe5544a2a5fa9b175da60d8eec67add5582bb31b0,,0,0,0,3.90232E-05,0.12191794,2616.29,,,Mint
0xdc63c83a9bd59a6dc5fd795d57292829cb936b40e9083c3e249d8b612d8edb8d,22874306,1751975747,08/07/25 11:55,0x4822c6499d4d0b0699f42419610f894c6662a484,0xe5544a2a5fa9b175da60d8eec67add5582bb31b0,,0,0,0,4.01828E-05,0.125540943,2616.29,,,Mint
0x77767e7dc6e8395941a93d3a827b6b814630ebcff84989c3a2686ac1c3e2a318,22874304,1751975723,08/07/25 11:55,0x4822c6499d4d0b0699f42419610f894c6662a484,0xe5544a2a5fa9b175da60d8eec67add5582bb31b0,,0,0,0,4.18214E-05,0.130660431,2616.29,,,Mint
0xa05cea4172a929eb9dafb065116e420bd147305930d504e06e36e29630135909,22874302,1751975699,08/07/25 11:54,0x4822c6499d4d0b0699f42419610f894c6662a484,0xe5544a2a5fa9b175da60d8eec67add5582bb31b0,,0,0,0,4.24662E-05,0.13267493,2616.29,,,Mint
0x1c0d8057ca5d9aed52b19893c1e13da47309d344b37e28baa6dfb3892141c433,22874301,1751975687,08/07/25 11:54,0xf66ac2c80aaeff89b081ff911e80e7daeb9d0af6,0xe5544a2a5fa9b175da60d8eec67add5582bb31b0,,0,0,0,0.000193545,0.604682178,2616.29,,,Mint
0xf7b9654c314fdd3a724959f3fec35ecac6bb8a2abaf6b1f474d60856f8cad2b1,22874300,1751975675,08/07/25 11:54,0x4822c6499d4d0b0699f42419610f894c6662a484,0xe5544a2a5fa9b175da60d8eec67add5582bb31b0,,0,0,0,4.04449E-05,0.126359711,2616.29,,,Mint
0xdd5bf8a7b028acac5965fbbf41cf3561ac60ec3d98c49737a2f8d1d592385327,22874299,1751975663,08/07/25 11:54,0xf66ac2c80aaeff89b081ff911e80e7daeb9d0af6,0xe5544a2a5fa9b175da60d8eec67add5582bb31b0,,0,0,0,0.000193605,0.604869633,2616.29,,,Mint
0xb11729316e8d227895b165c689bb66c2ca69f10f9f155ccd2e4fff9b2492ffe5,22874297,1751975639,08/07/25 11:53,0x4822c6499d4d0b0699f42419610f894c6662a484,0xe5544a2a5fa9b175da60d8eec67add5582bb31b0,,0,0,0,4.27753E-05,0.133640445,2616.29,,,Mint
0x46cb3741257ee7c9a5f99832c11d85f47c0656285cf6fac414eb13bd17e9b78b,22874296,1751975627,08/07/25 11:53,0xf66ac2c80aaeff89b081ff911e80e7daeb9d0af6,0xe5544a2a5fa9b175da60d8eec67add5582bb31b0,,0,0,0,0.000193605,0.604869633,2616.29,,,Mint
0x66de383d762b3bd1b6084dab3e4e1b86f01b6ae02dd65be89157415165a748f7,22874295,1751975615,08/07/25 11:53,0x4822c6499d4d0b0699f42419610f894c6662a484,0xe5544a2a5fa9b175da60d8eec67add5582bb31b0,,0,0,0,4.28499E-05,0.133873592,2616.29,,,Mint
0x81e158a991bfe98999e4c4a364242d6474b3a3c0b34cbb1ac73da8bc861cc47e,22874294,1751975603,08/07/25 11:53,0xf66ac2c80aaeff89b081ff911e80e7daeb9d0af6,0xe5544a2a5fa9b175da60d8eec67add5582bb31b0,,0,0,0,0.000193605,0.604869633,2616.29,,,Mint
0xabb3730d81ea66c5a8a378a330403660dcf26df8673e6bcb73fdc5534660676a,22874293,1751975591,08/07/25 11:53,0x4822c6499d4d0b0699f42419610f894c6662a484,0xe5544a2a5fa9b175da60d8eec67add5582bb31b0,,0,0,0,4.39143E-05,0.137199182,2616.29,,,Mint
0x8d56cf165a008ae622cb4d773c9939825db3bd164cfa736203cce47024b02c34,22874292,1751975579,08/07/25 11:52,0xf66ac2c80aaeff89b081ff911e80e7daeb9d0af6,0xe5544a2a5fa9b175da60d8eec67add5582bb31b0,,0,0,0,0.000193605,0.604869633,2616.29,,,Mint
0x04133bf56b711dae727b3c3c22140c8ccbdd8cf895a2a6ab221b3a57bf3028a7,22874291,1751975567,08/07/25 11:52,0x4822c6499d4d0b0699f42419610f894c6662a484,0xe5544a2a5fa9b175da60d8eec67add5582bb31b0,,0,0,0,4.48266E-05,0.140049409,2616.29,,,Mint
0xfe5cad952f9fb3755c1692ddf7d67f67c9c68e659fdb59c313393dfd68163016,22874290,1751975555,08/07/25 11:52,0xf66ac2c80aaeff89b081ff911e80e7daeb9d0af6,0xe5544a2a5fa9b175da60d8eec67add5582bb31b0,,0,0,0,0.000193605,0.604869633,2616.29,,,Mint
0x1dc6b36a961dcb0218cd3d638216f9e6098e9923d14bb03ffd6cb6a7624daec9,22874289,1751975543,08/07/25 11:52,0x4822c6499d4d0b0699f42419610f894c6662a484,0xe5544a2a5fa9b175da60d8eec67add5582bb31b0,,0,0,0,4.42603E-05,0.138280078,2616.29,,,Mint
0x310940ea6452b0eb22af67e08c15f46be077f9af156cd2fc878cc954d4e4f2e3,22874287,1751975519,08/07/25 11:51,0x4822c6499d4d0b0699f42419610f894c6662a484,0xe5544a2a5fa9b175da60d8eec67add5582bb31b0,,0,0,0,4.61512E-05,0.144187639,2616.29,,,Mint
0x69953356e88583d966d291d50f925ecb1598c9894658d09c4447ccda21db438a,22874285,1751975495,08/07/25 11:51,0x4822c6499d4d0b0699f42419610f894c6662a484,0xe5544a2a5fa9b175da60d8eec67add5582bb31b0,,0,0,0,4.65609E-05,0.145467697,2616.29,,,Mint
0xdcc223fe0d9c790dd94b27285d2acfb7d8a9ed153fe7438c252b37913b2bbc3f,22874283,1751975471,08/07/25 11:51,0x4822c6499d4d0b0699f42419610f894c6662a484,0xe5544a2a5fa9b175da60d8eec67add5582bb31b0,,0,0,0,4.77189E-05,0.14908572,2616.29,,,Mint
0x19e721895f66fcc38967770d51228ddec18496b57e10d5373ea9969176de6550,22874281,1751975447,08/07/25 11:50,0x4822c6499d4d0b0699f42419610f894c6662a484,0xe5544a2a5fa9b175da60d8eec67add5582bb31b0,,0,0,0,4.7199E-05,0.14746118,2616.29,,,Mint
0x1e4a83cd734bb5cbefc2c83da6c708be59825e796d409556fa8ce1bbb7f03569,22874279,1751975423,08/07/25 11:50,0x4822c6499d4d0b0699f42419610f894c6662a484,0xe5544a2a5fa9b175da60d8eec67add5582bb31b0,,0,0,0,4.72729E-05,0.147692042,2616.29,,,Mint
0x6742da9a99972330e41a2fa552e493177e06a2fe56bfaef3edea189b97006ff4,22874277,1751975399,08/07/25 11:49,0x4822c6499d4d0b0699f42419610f894c6662a484,0xe5544a2a5fa9b175da60d8eec67add5582bb31b0,,0,0,0,4.64317E-05,0.14506413,2616.29,,,Mint
0xeae9933b8277873022eb427f8f39b320b7d3029b425f43551cad93c3ed946498,22874275,1751975375,08/07/25 11:49,0x4822c6499d4d0b0699f42419610f894c6662a484,0xe5544a2a5fa9b175da60d8eec67add5582bb31b0,,0,0,0,4.63243E-05,0.144728624,2616.29,,,Mint
0x6482a885199cf48606bfd85852a310d96c1e86adac7f212c0119fbc8d6cc8a0d,22874273,1751975351,08/07/25 11:49,0x4822c6499d4d0b0699f42419610f894c6662a484,0xe5544a2a5fa9b175da60d8eec67add5582bb31b0,,0,0,0,4.35755E-05,0.136140624,2616.29,,,Mint
0xda0a782c15d0196f728d071c34cddaa50b92b470cae0f8408e2bbbb673105971,22874271,1751975327,08/07/25 11:48,0xf66ac2c80aaeff89b081ff911e80e7daeb9d0af6,0xe5544a2a5fa9b175da60d8eec67add5582bb31b0,,0,0,0,0.000193545,0.604682178,2616.29,,,Mint
0xdc7b2650acf61938c3980b2afd8be818f866911a3f273a0a0d4137bb5b016cde,22874270,1751975315,08/07/25 11:48,0x4822c6499d4d0b0699f42419610f894c6662a484,0xe5544a2a5fa9b175da60d8eec67add5582bb31b0,,0,0,0,4.52704E-05,0.141436003,2616.29,,,Mint
0x083d33600486075ee840a68c4fd4da1e94c25d07d0064665f0149dc338754ffe,22874268,1751975291,08/07/25 11:48,0xf66ac2c80aaeff89b081ff911e80e7daeb9d0af6,0xe5544a2a5fa9b175da60d8eec67add5582bb31b0,,0,0,0,0.000193605,0.604869633,2616.29,,,Mint
0x8bf128c530756120a682ee44e71685c8c8434f8a5eb576dd43f0c6eb2f3284e2,22874267,1751975279,08/07/25 11:47,0x4822c6499d4d0b0699f42419610f894c6662a484,0xe5544a2a5fa9b175da60d8eec67add5582bb31b0,,0,0,0,4.82855E-05,0.150855873,2616.29,,,Mint
0xb14c8b9fa890ff8df9eeedefc93efa0c1c14014135ab49484804e4141eedea92,22874266,1751975267,08/07/25 11:47,0xf66ac2c80aaeff89b081ff911e80e7daeb9d0af6,0xe5544a2a5fa9b175da60d8eec67add5582bb31b0,,0,0,0,0.000193545,0.604682178,2616.29,,,Mint
0xdc68bf6c13b31f2d0245af8141167e39a4356814a241f2ac2e3fe091ddc7707c,22874265,1751975255,08/07/25 11:47,0xf66ac2c80aaeff89b081ff911e80e7daeb9d0af6,0xe5544a2a5fa9b175da60d8eec67add5582bb31b0,,0,0,0,0.000193605,0.604869633,2616.29,,,Mint
0xae669a27780b37c945fc1d12d1aa1dcbac0b50fded3b45c1b76537d562abf34c,22874263,1751975231,08/07/25 11:47,0xf66ac2c80aaeff89b081ff911e80e7daeb9d0af6,0xe5544a2a5fa9b175da60d8eec67add5582bb31b0,,0,0,0,0.000193605,0.604869633,2616.29,,,Mint
0x6fa809a4cd3e1f6227ea958e1e0d3565d218ccd6a47a8aea5cf4474582f4dc93,22874262,1751975219,08/07/25 11:46,0x4822c6499d4d0b0699f42419610f894c6662a484,0xe5544a2a5fa9b175da60d8eec67add5582bb31b0,,0,0,0,4.76715E-05,0.148937535,2616.29,,,Mint
0x07440cf11d146ae5b7977ca620bfb5f0b09fe67b694708a9b52209ff3773a474,22874261,1751975207,08/07/25 11:46,0xf66ac2c80aaeff89b081ff911e80e7daeb9d0af6,0xe5544a2a5fa9b175da60d8eec67add5582bb31b0,,0,0,0,0.000193605,0.604869633,2616.29,,,Mint
0x3c062183267f4dc767a2625016c9918e815038c07646e8cc0223f2301a0b5afd,22874260,1751975195,08/07/25 11:46,0x4822c6499d4d0b0699f42419610f894c6662a484,0xe5544a2a5fa9b175da60d8eec67add5582bb31b0,,0,0,0,4.67632E-05,0.146099726,2616.29,,,Mint
0x9bd06891899ff9a006e7a54b7e0ada7e6f758e6041f7cec6c20c5c4fb50f227b,22874259,1751975183,08/07/25 11:46,0xf66ac2c80aaeff89b081ff911e80e7daeb9d0af6,0xe5544a2a5fa9b175da60d8eec67add5582bb31b0,,0,0,0,0.000193545,0.604682178,2616.29,,,Mint
0x0a633aadb64dc1172beeaed0a757d0d34262142d99370e006ef26593a1cfebd1,22874258,1751975171,08/07/25 11:46,0x4822c6499d4d0b0699f42419610f894c6662a484,0xe5544a2a5fa9b175da60d8eec67add5582bb31b0,,0,0,0,4.57629E-05,0.142974418,2616.29,,,Mint
0xb9e68941efe65ddcf2c7d9d46da4a236d21ee484eaf3775b09c93cfd6744dc5c,22874257,1751975159,08/07/25 11:45,0xf66ac2c80aaeff89b081ff911e80e7daeb9d0af6,0xe5544a2a5fa9b175da60d8eec67add5582bb31b0,,0,0,0,0.000193605,0.604869633,2616.29,,,Mint
0x9c0468374f165562d9bca5d1c5a2e5d0e0cf3fec8fe9f38f0fce7d53e63316d6,22874255,1751975135,08/07/25 11:45,0x4822c6499d4d0b0699f42419610f894c6662a484,0xe5544a2a5fa9b175da60d8eec67add5582bb31b0,,0,0,0,4.29717E-05,0.134254184,2616.29,,,Mint
0xb9d7241fde2b6a207f4b8eb4f807846a8d156f9c832d577b1bbeca204760cd4c,22874253,1751975111,08/07/25 11:45,0x4822c6499d4d0b0699f42419610f894c6662a484,0xe5544a2a5fa9b175da60d8eec67add5582bb31b0,,0,0,0,4.3303E-05,0.13528931,2616.29,,,Mint
0xee38c66b8de3c49058a352bc7f56fc50deb956716fb3be95a05e51f066a61fb6,22874251,1751975087,08/07/25 11:44,0x4822c6499d4d0b0699f42419610f894c6662a484,0xe5544a2a5fa9b175da60d8eec67add5582bb31b0,,0,0,0,4.46761E-05,0.139579113,2616.29,,,Mint
0xb2983787f1241b24d06061f2ce0342cde94e39cce4c0ca15bc30e1029bfbd291,22874249,1751975063,08/07/25 11:44,0x4822c6499d4d0b0699f42419610f894c6662a484,0xe5544a2a5fa9b175da60d8eec67add5582bb31b0,,0,0,0,4.23081E-05,0.132180779,2616.29,,,Mint
0xf575a75800c63f6ae1452c85b813aec1849aa51acf24864ae36cc6526173da43,22874246,1751975027,08/07/25 11:43,0x4822c6499d4d0b0699f42419610f894c6662a484,0xe5544a2a5fa9b175da60d8eec67add5582bb31b0,,0,0,0,4.52116E-05,0.141252075,2616.29,,,Mint
0xb151d009665ce0bab35a9a87bac36ac7681ea5e585a72bb461afea5cb2290387,22874244,1751975003,08/07/25 11:43,0x4822c6499d4d0b0699f42419610f894c6662a484,0xe5544a2a5fa9b175da60d8eec67add5582bb31b0,,0,0,0,4.41812E-05,0.13803285,2616.29,,,Mint
0xfbb89dd343ef951305bb3588afdd2938c20f57239ecf9ad8c6f1d03cca48db1b,22874243,1751974991,08/07/25 11:43,0xf66ac2c80aaeff89b081ff911e80e7daeb9d0af6,0xe5544a2a5fa9b175da60d8eec67add5582bb31b0,,0,0,0,0.000193605,0.604869633,2616.29,,,Mint
0x5f4fbec2aff0ea7369cb1857c838b436be03fa7438dbb709b37fefbc99818ed2,22874241,1751974967,08/07/25 11:42,0x4822c6499d4d0b0699f42419610f894c6662a484,0xe5544a2a5fa9b175da60d8eec67add5582bb31b0,,0,0,0,4.54403E-05,0.141966796,2616.29,,,Mint
0xc47078af6e0e0b1087e48f5b4a35dc76ee476b7d0a141fccbe480bf4cf1c7181,22874240,1751974955,08/07/25 11:42,0xf66ac2c80aaeff89b081ff911e80e7daeb9d0af6,0xe5544a2a5fa9b175da60d8eec67add5582bb31b0,,0,0,0,0.000193605,0.604869633,2616.29,,,Mint
0x5734f72dd95697853d0719c6b6e5df69985ae095d40f15e34ae7ccd961645fcc,22874239,1751974943,08/07/25 11:42,0x4822c6499d4d0b0699f42419610f894c6662a484,0xe5544a2a5fa9b175da60d8eec67add5582bb31b0,,0,0,0,4.74424E-05,0.148221672,2616.29,,,Mint
0xe8d1fa1d625e030e7b6dbc46ae0cc7f6019559a1dd872f4c8cc1a739a10363ff,22874238,1751974931,08/07/25 11:42,0xf66ac2c80aaeff89b081ff911e80e7daeb9d0af6,0xe5544a2a5fa9b175da60d8eec67add5582bb31b0,,0,0,0,0.000193605,0.604869633,2616.29,,,Mint
0x3af3ad0263c69066aa6b25dbdf4cfa91876cb6369310d4e0df178f4b26491906,22874237,1751974919,08/07/25 11:41,0x4822c6499d4d0b0699f42419610f894c6662a484,0xe5544a2a5fa9b175da60d8eec67add5582bb31b0,,0,0,0,4.49044E-05,0.140292262,2616.29,,,Mint
0xd0aa8599135957fd13296fa8e32870b9e03b06e8990e23d9637599f13c94470e,22874236,1751974907,08/07/25 11:41,0xf66ac2c80aaeff89b081ff911e80e7daeb9d0af6,0xe5544a2a5fa9b175da60d8eec67add5582bb31b0,,0,0,0,0.000193605,0.604869633,2616.29,,,Mint
0x38ede223c1449a56f79ba7b806b0a10111e1fad3fecd3abee57f33fe14215b3d,22874235,1751974895,08/07/25 11:41,0xf66ac2c80aaeff89b081ff911e80e7daeb9d0af6,0xe5544a2a5fa9b175da60d8eec67add5582bb31b0,,0,0,0,0.000193605,0.604869633,2616.29,,,Mint
0x97e6ec3854adc7f02bd81f54a978229eda8909eee94aac5745143a5693db4e94,22874233,1751974871,08/07/25 11:41,0x4822c6499d4d0b0699f42419610f894c6662a484,0xe5544a2a5fa9b175da60d8eec67add5582bb31b0,,0,0,0,4.10557E-05,0.128268039,2616.29,,,Mint
0xa3da447df255f8c9f4a3e35502c5c37c764cf49a536fbbb6837be5c8faab98da,22874232,1751974859,08/07/25 11:40,0xf66ac2c80aaeff89b081ff911e80e7daeb9d0af6,0xe5544a2a5fa9b175da60d8eec67add5582bb31b0,,0,0,0,0.000193605,0.604869633,2616.29,,,Mint
0xebc3981dcbc5ef808eb88ddb369e6dfea965e9f51af078ef13e1641a8750d39c,22874230,1751974835,08/07/25 11:40,0x4822c6499d4d0b0699f42419610f894c6662a484,0xe5544a2a5fa9b175da60d8eec67add5582bb31b0,,0,0,0,4.28985E-05,0.134025424,2616.29,,,Mint
0x8f95870aee8b542fb2bdc95d10af4c2055b39f37fe0894f4b18fe5ab0957dadf,22874229,1751974823,08/07/25 11:40,0xf66ac2c80aaeff89b081ff911e80e7daeb9d0af6,0xe5544a2a5fa9b175da60d8eec67add5582bb31b0,,0,0,0,0.000193545,0.604682178,2616.29,,,Mint
0x607467300645e1caa9debc9a20e631b28ca1c97796e207d442ccfc6b653966ac,22874228,1751974811,08/07/25 11:40,0x4822c6499d4d0b0699f42419610f894c6662a484,0xe5544a2a5fa9b175da60d8eec67add5582bb31b0,,0,0,0,4.32849E-05,0.135232611,2616.29,,,Mint
0xc986436b771f23235f27754b727f9c170628d82da008cb76ccc86aee9fca9944,22874227,1751974799,08/07/25 11:39,0xf66ac2c80aaeff89b081ff911e80e7daeb9d0af6,0xe5544a2a5fa9b175da60d8eec67add5582bb31b0,,0,0,0,0.000193605,0.604869633,2616.29,,,Mint
0x9be3867e388ef1ae651dc19a01203d3c3fded9cb2cd97d0d82c61ea9e2a0466a,22874226,1751974787,08/07/25 11:39,0x4822c6499d4d0b0699f42419610f894c6662a484,0xe5544a2a5fa9b175da60d8eec67add5582bb31b0,,0,0,0,4.3369E-05,0.135495511,2616.29,,,Mint
0xad304ea4ae0032d52aab3ca03a9109d85f63574e96b6b9f6d95467ceff851ad3,22874225,1751974775,08/07/25 11:39,0xf66ac2c80aaeff89b081ff911e80e7daeb9d0af6,0xe5544a2a5fa9b175da60d8eec67add5582bb31b0,,0,0,0,0.000193545,0.604682178,2616.29,,,Mint
0xe33054905259df94f56ebdb4e1f8b2a6779acb68e1f4c97cd9d3688a50d7ea5e,22874224,1751974763,08/07/25 11:39,0xf66ac2c80aaeff89b081ff911e80e7daeb9d0af6,0xe5544a2a5fa9b175da60d8eec67add5582bb31b0,,0,0,0,0.000193605,0.604869633,2616.29,,,Mint
0x9de978ab05e9ac531256945076cb2468cff6e1899161b868560e36040d67b887,22874223,1751974751,08/07/25 11:39,0xf66ac2c80aaeff89b081ff911e80e7daeb9d0af6,0xe5544a2a5fa9b175da60d8eec67add5582bb31b0,,0,0,0,0.000193605,0.604869633,2616.29,,,Mint
0x86220f7e3e3278683ea1cfc5e5aad20103e47e4d156679c04ac6d2df2bb3aec1,22874222,1751974739,08/07/25 11:38,0x4822c6499d4d0b0699f42419610f894c6662a484,0xe5544a2a5fa9b175da60d8eec67add5582bb31b0,,0,0,0,4.70071E-05,0.146861731,2616.29,,,Mint
0x13766ecce5ee3a9814da572e8894e5caea5f6b0ae2334d76ea7f088a13e8ae40,22874221,1751974727,08/07/25 11:38,0xf66ac2c80aaeff89b081ff911e80e7daeb9d0af6,0xe5544a2a5fa9b175da60d8eec67add5582bb31b0,,0,0,0,0.000193605,0.604869633,2616.29,,,Mint
0x0a5b384c5c0a0261e2bca0985e61648a81cb3492095154c46a47bce4dd1745ed,22874220,1751974715,08/07/25 11:38,0xf66ac2c80aaeff89b081ff911e80e7daeb9d0af6,0xe5544a2a5fa9b175da60d8eec67add5582bb31b0,,0,0,0,0.000193605,0.604869633,2616.29,,,Mint
0xd7f75aea7254fed37980484e9a11d9c4d2b7eaea5b510b9937113480d103ba87,22874219,1751974703,08/07/25 11:38,0xf66ac2c80aaeff89b081ff911e80e7daeb9d0af6,0xe5544a2a5fa9b175da60d8eec67add5582bb31b0,,0,0,0,0.000193605,0.604869633,2616.29,,,Mint
0x963970666305c86bdfff1e57bce7f1a967bce1ce6f36fac6e205686bdef45900,22874218,1751974691,08/07/25 11:38,0xf66ac2c80aaeff89b081ff911e80e7daeb9d0af6,0xe5544a2a5fa9b175da60d8eec67add5582bb31b0,,0,0,0,0.000193605,0.604869633,2616.29,,,Mint
0x23e350c5167e677df3b6ab810ba0738d964f79ef8492afe1f0e375445ac57fb2,22874217,1751974679,08/07/25 11:37,0x4822c6499d4d0b0699f42419610f894c6662a484,0xe5544a2a5fa9b175da60d8eec67add5582bb31b0,,0,0,0,4.93704E-05,0.154245169,2616.29,,,Mint
0x709379a790135eb7fd3e0ade0f7c5a062f9ca3423821a8627d7117f4ab2956db,22874216,1751974667,08/07/25 11:37,0xf66ac2c80aaeff89b081ff911e80e7daeb9d0af6,0xe5544a2a5fa9b175da60d8eec67add5582bb31b0,,0,0,0,0.000193605,0.604869633,2616.29,,,Mint
0x22a983e0259e916b1982e9c4c0666f1e8c4f1d3becfa0a1aefe2e094cb6b464b,22874215,1751974655,08/07/25 11:37,0xf66ac2c80aaeff89b081ff911e80e7daeb9d0af6,0xe5544a2a5fa9b175da60d8eec67add5582bb31b0,,0,0,0,0.000193605,0.604869633,2616.29,,,Mint
0x75da794821368ff13d0c633741bc33c7364a36722053d16ad032f09a77f970e3,22874214,1751974643,08/07/25 11:37,0xf66ac2c80aaeff89b081ff911e80e7daeb9d0af6,0xe5544a2a5fa9b175da60d8eec67add5582bb31b0,,0,0,0,0.000193605,0.604869633,2616.29,,,Mint
0xbed12091273f701f4e3d7e9e9857744acd5cc11efab60bd71607c23b404c6d25,22874213,1751974631,08/07/25 11:37,0xf66ac2c80aaeff89b081ff911e80e7daeb9d0af6,0xe5544a2a5fa9b175da60d8eec67add5582bb31b0,,0,0,0,0.000193605,0.604869633,2616.29,,,Mint
0xf4c5d5eb671f7b30e08adc706c6469ddf412eaac870d0d37127911112403d026,22874207,1751974547,08/07/25 11:35,0xf66ac2c80aaeff89b081ff911e80e7daeb9d0af6,0xe5544a2a5fa9b175da60d8eec67add5582bb31b0,,0,0,0,0.000077442,0.241947853,2616.29,,,Mint
0x5006fad239db4fc8fe268a829678c89e6e90d2cb595145ed391adb28aa761be2,22874201,1751974475,08/07/25 11:34,0xf66ac2c80aaeff89b081ff911e80e7daeb9d0af6,0xe5544a2a5fa9b175da60d8eec67add5582bb31b0,,0,0,0,0.000077418,0.241872871,2616.29,,,Mint
0xaefdfb719403c7e5bea803a0710906b43a0f3d0559efa665d9d197549a9a3d2a,22874199,1751974451,08/07/25 11:34,0xf66ac2c80aaeff89b081ff911e80e7daeb9d0af6,0xe5544a2a5fa9b175da60d8eec67add5582bb31b0,,0,0,0,0.000111642,0.348797064,2616.29,,,Mint
0xa440f810465ce716f4f1654cbfccb85b7a0b225c911b38a78d2ab05bcbbf22d4,22874197,1751974427,08/07/25 11:33,0xea2440b50d908aa7baa78483a78e0d0d33ede57d,0xe5544a2a5fa9b175da60d8eec67add5582bb31b0,,0,0,0,0.000121043,0.378168253,2616.29,,,Mint
0x3530beee017ba32594c539f87fa541c82f6d10b2e01e0808f52e51324c131ab8,22874186,1751974295,08/07/25 11:31,0xea2440b50d908aa7baa78483a78e0d0d33ede57d,0xe5544a2a5fa9b175da60d8eec67add5582bb31b0,,0,0,0,0.000118016,0.36870949,2616.29,,,Mint
0x458db5dadc630ecf6caf502efafdbb5979ce6a7d80bbb2f57affc17d1d94ab12,22874170,1751974103,08/07/25 11:28,0xea2440b50d908aa7baa78483a78e0d0d33ede57d,0xe5544a2a5fa9b175da60d8eec67add5582bb31b0,,0,0,0,0.00012481,0.389937799,2616.29,,,Mint
0x370a1cc1d81971971deaf82ab26716e8d4407dfab69ed793822fa3099c32a21c,22874166,1751974055,08/07/25 11:27,0xea2440b50d908aa7baa78483a78e0d0d33ede57d,0xe5544a2a5fa9b175da60d8eec67add5582bb31b0,,0,0,0,0.000123599,0.386152512,2616.29,,,Mint
0x778f78c3801a3cb7a40ef0e76b433abb96d0d7ceb855381012d314829dd08504,22874155,1751973923,08/07/25 11:25,0x27262bc999fa29eee037c902328508bc9e6679c5,0xe5544a2a5fa9b175da60d8eec67add5582bb31b0,,0,0,0,5.67563E-05,0.177320538,2616.29,,,Mint
0x1cf8b4bfb6a64420ff878c505e6aec4f3b5db1bab1e5db93338bf3b4815c227a,22874152,1751973887,08/07/25 11:24,0x27262bc999fa29eee037c902328508bc9e6679c5,0xe5544a2a5fa9b175da60d8eec67add5582bb31b0,,0,0,0,5.16537E-05,0.161378868,2616.29,,,Mint
0x8412fa2921ce9f994278f9a88bb062cb8989af372d9edc9bd6f70e61cb3d3f09,22874143,1751973779,08/07/25 11:22,0x27262bc999fa29eee037c902328508bc9e6679c5,0xe5544a2a5fa9b175da60d8eec67add5582bb31b0,,0,0,0,5.79674E-05,0.181104338,2616.29,,,Mint
0xa966bf663982cdb8bfb355203f0ae7c53210fe19360685453cb4128d3def189c,22874138,1751973719,08/07/25 11:21,0x27262bc999fa29eee037c902328508bc9e6679c5,0xe5544a2a5fa9b175da60d8eec67add5582bb31b0,,0,0,0,5.60619E-05,0.175151007,2616.29,,,Mint
0x9ba874c01580fe439bb49d69cd059439a1e7769bbbe3b761bc56f5d1d8b2e389,22874135,1751973683,08/07/25 11:21,0x27262bc999fa29eee037c902328508bc9e6679c5,0xe5544a2a5fa9b175da60d8eec67add5582bb31b0,,0,0,0,5.51668E-05,0.172354748,2616.29,,,Mint
0x7fb1271d90f255d95aecbf95805a3c5f02989cbbea818d29c733549e4711107c,22874132,1751973647,08/07/25 11:20,0x27262bc999fa29eee037c902328508bc9e6679c5,0xe5544a2a5fa9b175da60d8eec67add5582bb31b0,,0,0,0,5.58049E-05,0.174348088,2616.29,,,Mint
0x25d1bf9469d99ade7dbc7e1ded2b8118d19435e7ab5f595796768ff1fef31319,22874129,1751973611,08/07/25 11:20,0x27262bc999fa29eee037c902328508bc9e6679c5,0xe5544a2a5fa9b175da60d8eec67add5582bb31b0,,0,0,0,5.70828E-05,0.178340785,2616.29,,,Mint
0x701fa73ad502551c09c29ced8d8237149bf8ee4ff695571eb57569633ed2111f,22874126,1751973575,08/07/25 11:19,0x27262bc999fa29eee037c902328508bc9e6679c5,0xe5544a2a5fa9b175da60d8eec67add5582bb31b0,,0,0,0,6.13588E-05,0.191700072,2616.29,,,Mint
0x4898fcd552734efde05f12c2bf1a2dda2e035dbd66da39fe9fbe5dd91153101f,22874124,1751973551,08/07/25 11:19,0x27262bc999fa29eee037c902328508bc9e6679c5,0xe5544a2a5fa9b175da60d8eec67add5582bb31b0,,0,0,0,6.27528E-05,0.196055215,2616.29,,,Mint
0xc15c7e1f7b0d882937b6108af8ae982f753af5f882f6527c39b78f59050a25b3,22874122,1751973527,08/07/25 11:18,0x27262bc999fa29eee037c902328508bc9e6679c5,0xe5544a2a5fa9b175da60d8eec67add5582bb31b0,,0,0,0,6.4821E-05,0.202516743,2616.29,,,Mint
0x416ba4360b0f3a4465e48e3b633289c60b078e93a165a1add8800b0d09c0ca1e,22874119,1751973491,08/07/25 11:18,0x27262bc999fa29eee037c902328508bc9e6679c5,0xe5544a2a5fa9b175da60d8eec67add5582bb31b0,,0,0,0,6.21086E-05,0.194042689,2616.29,,,Mint
0xd8978cc2d896ed59f08352a2b69516ea2d5e6335ac2efb4b548abdb1726cb5e6,22874117,1751973467,08/07/25 11:17,0x27262bc999fa29eee037c902328508bc9e6679c5,0xe5544a2a5fa9b175da60d8eec67add5582bb31b0,,0,0,0,6.65175E-05,0.207817077,2616.29,,,Mint
0x212659cee09e43031e7fb12461d5d3701ab003f9de31330d779c2f75c0264583,22874114,1751973431,08/07/25 11:17,0x27262bc999fa29eee037c902328508bc9e6679c5,0xe5544a2a5fa9b175da60d8eec67add5582bb31b0,,0,0,0,6.42109E-05,0.200610663,2616.29,,,Mint
0x0ddda5c6f27b4f663404cb93263cc97d1710557f38646629c6e59c1c2e7c9f99,22874111,1751973395,08/07/25 11:16,0x27262bc999fa29eee037c902328508bc9e6679c5,0xe5544a2a5fa9b175da60d8eec67add5582bb31b0,,0,0,0,6.13994E-05,0.191826796,2616.29,,,Mint
0x80c11d6208ee541719c7501c81028ef431f16db7295366a90bad683bb3679a53,22874105,1751973323,08/07/25 11:15,0x27262bc999fa29eee037c902328508bc9e6679c5,0xe5544a2a5fa9b175da60d8eec67add5582bb31b0,,0,0,0,6.63248E-05,0.207215121,2616.29,,,Mint
0x5aeaa38e7af5a5a8f91ea3274852aa2ae811f57566e22fbcaa52f3d94648ac4c,22874103,1751973299,08/07/25 11:14,0x27262bc999fa29eee037c902328508bc9e6679c5,0xe5544a2a5fa9b175da60d8eec67add5582bb31b0,,0,0,0,6.46357E-05,0.201937958,2616.29,,,Mint
0x4da99e4a1a87455411e870b76e903e73558f11c7fb6d6c62bd9d38912be3a089,22874101,1751973275,08/07/25 11:14,0x27262bc999fa29eee037c902328508bc9e6679c5,0xe5544a2a5fa9b175da60d8eec67add5582bb31b0,,0,0,0,7.35487E-05,0.229784126,2616.29,,,Mint
0x4bb75176bb5fbcaf97af166867f796728747490a2b840d6b6e18a7d788747ee9,22874098,1751973239,08/07/25 11:13,0x27262bc999fa29eee037c902328508bc9e6679c5,0xe5544a2a5fa9b175da60d8eec67add5582bb31b0,,0,0,0,7.62976E-05,0.238372392,2616.29,,,Mint
0x4504f17a1336dbb6280b7f9f24b0a1d306c5a7a045ec32014817f92a9d3962ec,22874095,1751973203,08/07/25 11:13,0x27262bc999fa29eee037c902328508bc9e6679c5,0xe5544a2a5fa9b175da60d8eec67add5582bb31b0,,0,0,0,8.34731E-05,0.260790431,2616.29,,,Mint
0x141d3639682e5d51dff09b3b0302242fc10e142b9ac36d216d0b6631906e5c58,22874092,1751973167,08/07/25 11:12,0x27262bc999fa29eee037c902328508bc9e6679c5,0xe5544a2a5fa9b175da60d8eec67add5582bb31b0,,0,0,0,7.44962E-05,0.232744556,2616.29,,,Mint
0x3a7d01caf3db0152b60e6b963d00d135c3fef7a187c6566ec410c7be61745b55,22874088,1751973119,08/07/25 11:11,0x27262bc999fa29eee037c902328508bc9e6679c5,0xe5544a2a5fa9b175da60d8eec67add5582bb31b0,,0,0,0,8.0343E-05,0.251011339,2616.29,,,Mint
0x8e6e66856d9120cbd0ec8f81cc51b64b5a84206ec2fc3982c074c4dd6f0a6ee2,22874086,1751973095,08/07/25 11:11,0x27262bc999fa29eee037c902328508bc9e6679c5,0xe5544a2a5fa9b175da60d8eec67add5582bb31b0,,0,0,0,8.29994E-05,0.259310527,2616.29,,,Mint
0xfdfc110d010837a00ec5fb6b340782b288e8e59cc2ea235a43b7a4b719b673e4,22874082,1751973047,08/07/25 11:10,0x27262bc999fa29eee037c902328508bc9e6679c5,0xe5544a2a5fa9b175da60d8eec67add5582bb31b0,,0,0,0,8.95511E-05,0.279779791,2616.29,,,Mint
0xbb4a776f9310c79661eac7d35c9b2aa1b9071f1daaa3a7abb7e0e19371dd54e7,22874080,1751973023,08/07/25 11:10,0x27262bc999fa29eee037c902328508bc9e6679c5,0xe5544a2a5fa9b175da60d8eec67add5582bb31b0,,0,0,0,8.06753E-05,0.252049359,2616.29,,,Mint
0xc8365b62811ec09bd0621becf28e3c34e3ae28e0f3e06f45c5091f2118839ffc,22874078,1751972999,08/07/25 11:09,0x27262bc999fa29eee037c902328508bc9e6679c5,0xe5544a2a5fa9b175da60d8eec67add5582bb31b0,,0,0,0,7.50344E-05,0.234425796,2616.29,,,Mint
0x488360cd09a0bc236e3c97d30f5af9c68b1201b0bea1851422757cf876947061,22874075,1751972963,08/07/25 11:09,0x27262bc999fa29eee037c902328508bc9e6679c5,0xe5544a2a5fa9b175da60d8eec67add5582bb31b0,,0,0,0,7.84847E-05,0.24520537,2616.29,,,Mint
0x6745466ff6b8acd81bcb3361218580ec8d95c39cda4cd2fcf1c2d26e7ea9e8cd,22874072,1751972927,08/07/25 11:08,0x27262bc999fa29eee037c902328508bc9e6679c5,0xe5544a2a5fa9b175da60d8eec67add5582bb31b0,,0,0,0,8.06452E-05,0.251955515,2616.29,,,Mint
0x558d54dc90d9a1b32180c9bc414c3290a2d93ad623168f59b9fef48f70eb6be9,22874069,1751972891,08/07/25 11:08,0x27262bc999fa29eee037c902328508bc9e6679c5,0xe5544a2a5fa9b175da60d8eec67add5582bb31b0,,0,0,0,8.46734E-05,0.264540681,2616.29,,,Mint
0x537376aa8a56b47759491ed720543e4a5cc93bc63731217a9a903b799e054fa6,22874062,1751972807,08/07/25 11:06,0x0559d4f52c63732853ac1f4c50b6f293cee0b646,0xe5544a2a5fa9b175da60d8eec67add5582bb31b0,,0,0,0,8.0095E-05,0.250236402,2616.29,,,Mint
0xa04628f430f1d8e97f44943db78f5fa9c7797bfc9cfa4ff76b8d8edf4451743d,22874059,1751972771,08/07/25 11:06,0x0559d4f52c63732853ac1f4c50b6f293cee0b646,0xe5544a2a5fa9b175da60d8eec67add5582bb31b0,,0,0,0,8.42103E-05,0.263093806,2616.29,,,Mint
0xdf0d6c6766ad1faa671e2d5dfa6c59c957a025e95a62da555ad9e8600960de36,22874056,1751972735,08/07/25 11:05,0x0559d4f52c63732853ac1f4c50b6f293cee0b646,0xe5544a2a5fa9b175da60d8eec67add5582bb31b0,,0,0,0,7.59469E-05,0.237276876,2616.29,,,Mint
0x549ba325203d4739e439b4a29c862a28de6924d3c354249df8ba9621d7607ea9,22874053,1751972699,08/07/25 11:04,0x0559d4f52c63732853ac1f4c50b6f293cee0b646,0xe5544a2a5fa9b175da60d8eec67add5582bb31b0,,0,0,0,8.4714E-05,0.264667258,2616.29,,,Mint
0xde27307be058d44cab8e78c827c1c6aedc58f546defcf54b11c109b53d2e222f,22874050,1751972663,08/07/25 11:04,0x0559d4f52c63732853ac1f4c50b6f293cee0b646,0xe5544a2a5fa9b175da60d8eec67add5582bb31b0,,0,0,0,7.54791E-05,0.235815333,2616.29,,,Mint
0x42f2057092aae7d6f5104a6c9263487226d343069d145ce5448a3a6a45ddcaab,22874048,1751972639,08/07/25 11:03,0x0559d4f52c63732853ac1f4c50b6f293cee0b646,0xe5544a2a5fa9b175da60d8eec67add5582bb31b0,,0,0,0,7.48316E-05,0.233792325,2616.29,,,Mint
0x8128fe21867fce92f6ebad2f13bf9c43968f542ae7e92cf4f85ecaf33f991366,22874046,1751972615,08/07/25 11:03,0x0559d4f52c63732853ac1f4c50b6f293cee0b646,0xe5544a2a5fa9b175da60d8eec67add5582bb31b0,,0,0,0,7.7877E-05,0.243307044,2616.29,,,Mint
0x732a0638c13082e5bdbf0ae865fae77f6e0e1c94db4a89f2e812991e78c7044d,22874044,1751972591,08/07/25 11:03,0x0559d4f52c63732853ac1f4c50b6f293cee0b646,0xe5544a2a5fa9b175da60d8eec67add5582bb31b0,,0,0,0,7.79077E-05,0.243402854,2616.29,,,Mint
0x3378cbb7eba49664cd5d929c4effc0233981b91f7b06fdc4fcb5e8ff71e62cc7,22874042,1751972567,08/07/25 11:02,0x0559d4f52c63732853ac1f4c50b6f293cee0b646,0xe5544a2a5fa9b175da60d8eec67add5582bb31b0,,0,0,0,6.89617E-05,0.215453263,2616.29,,,Mint
0x646b0113042caa8bb69cf266ca8389b91fb9c5fa6158981fc34d7346827353d5,22874040,1751972543,08/07/25 11:02,0x0559d4f52c63732853ac1f4c50b6f293cee0b646,0xe5544a2a5fa9b175da60d8eec67add5582bb31b0,,0,0,0,6.94885E-05,0.217099301,2616.29,,,Mint
0x40b668daa382c74030decd1e15a3d4c49af9b2db49f8e33897c20bb292059e2a,22874038,1751972519,08/07/25 11:01,0x0559d4f52c63732853ac1f4c50b6f293cee0b646,0xe5544a2a5fa9b175da60d8eec67add5582bb31b0,,0,0,0,6.92385E-05,0.216318056,2616.29,,,Mint
0x64a728c04b75e9a429287a072728fcbbdfd21d644b6406dc85de0f3a3d3c19c1,22874036,1751972495,08/07/25 11:01,0x0559d4f52c63732853ac1f4c50b6f293cee0b646,0xe5544a2a5fa9b175da60d8eec67add5582bb31b0,,0,0,0,7.97161E-05,0.249052845,2616.29,,,Mint
0x57343b295c5ffff33b880f68e198ca9aee33ae2db526318a5c17c6e4d56d9ffe,22874034,1751972471,08/07/25 11:01,0x0559d4f52c63732853ac1f4c50b6f293cee0b646,0xe5544a2a5fa9b175da60d8eec67add5582bb31b0,,0,0,0,8.06131E-05,0.251855024,2616.29,,,Mint
0x593ca8e3daf7b657f0f3d519a2b1c1cf4272406b5d816548862556a7a39afbda,22874032,1751972447,08/07/25 11:00,0x0559d4f52c63732853ac1f4c50b6f293cee0b646,0xe5544a2a5fa9b175da60d8eec67add5582bb31b0,,0,0,0,7.90251E-05,0.246893707,2616.29,,,Mint
0x102b94c55803fae07b973abd98e54e7321d9b613549f19174689f817b2cb1aff,22874030,1751972423,08/07/25 11:00,0x0559d4f52c63732853ac1f4c50b6f293cee0b646,0xe5544a2a5fa9b175da60d8eec67add5582bb31b0,,0,0,0,8.14277E-05,0.254400243,2616.29,,,Mint
0xc2e0c9a37c5c5bc50667cbf06b59c0609f57ed0fedbb7530e802b87acd8c41b6,22874028,1751972399,08/07/25 10:59,0x0559d4f52c63732853ac1f4c50b6f293cee0b646,0xe5544a2a5fa9b175da60d8eec67add5582bb31b0,,0,0,0,8.11274E-05,0.253461983,2616.29,,,Mint
0x94162606dd46cbbb161f670f4a9ba6d2dc4a72ddb0a6319a22ddaa910ba7c763,22874026,1751972375,08/07/25 10:59,0x0559d4f52c63732853ac1f4c50b6f293cee0b646,0xe5544a2a5fa9b175da60d8eec67add5582bb31b0,,0,0,0,8.18766E-05,0.25580279,2616.29,,,Mint
0x22f648daaf3717485c0a671e089579c2b584f788abecaccbfc275e27b941592f,22874024,1751972351,08/07/25 10:59,0x0559d4f52c63732853ac1f4c50b6f293cee0b646,0xe5544a2a5fa9b175da60d8eec67add5582bb31b0,,0,0,0,8.65571E-05,0.270425638,2616.29,,,Mint
0x0c13b104c72a04d50646192f55c0cb706a13cd430b91172ea45513ef80c7292e,22874022,1751972327,08/07/25 10:58,0x0559d4f52c63732853ac1f4c50b6f293cee0b646,0xe5544a2a5fa9b175da60d8eec67add5582bb31b0,,0,0,0,8.55239E-05,0.267197655,2616.29,,,Mint
0x2c1471acc1fbe3d169d2caed0f978feaa0c9c414066746885f138c4dc8ac831c,22874019,1751972291,08/07/25 10:58,0x0559d4f52c63732853ac1f4c50b6f293cee0b646,0xe5544a2a5fa9b175da60d8eec67add5582bb31b0,,0,0,0,8.96193E-05,0.27999272,2616.29,,,Mint
0xe44716e1725b8c53245d9132d319ca97c65426d595c170d63afe4e4ac0e3182c,22874017,1751972267,08/07/25 10:57,0x0559d4f52c63732853ac1f4c50b6f293cee0b646,0xe5544a2a5fa9b175da60d8eec67add5582bb31b0,,0,0,0,9.3208E-05,0.291204692,2616.29,,,Mint
0xf6911ef7c177111e195afaac9463f43fba2805454a7c86b3b9af5b2ac7f730d0,22874015,1751972243,08/07/25 10:57,0x0559d4f52c63732853ac1f4c50b6f293cee0b646,0xe5544a2a5fa9b175da60d8eec67add5582bb31b0,,0,0,0,7.95528E-05,0.248542356,2616.29,,,Mint
0x4e02065849ae3efb72e1701dec3c5416b19b03e669e731524230417e8a5492e5,22874013,1751972219,08/07/25 10:56,0x0559d4f52c63732853ac1f4c50b6f293cee0b646,0xe5544a2a5fa9b175da60d8eec67add5582bb31b0,,0,0,0,7.84406E-05,0.24506784,2616.29,,,Mint
0x9e837d36f001976c18d7acae81153788212c5d167f79c34283062bcddf84fae7,22874008,1751972159,08/07/25 10:55,0x0559d4f52c63732853ac1f4c50b6f293cee0b646,0xe5544a2a5fa9b175da60d8eec67add5582bb31b0,,0,0,0,8.59987E-05,0.268681233,2616.29,,,Mint
0xf1a84844800b4a8fcd90de6d89a94aca591c01a20568ada76f4fae735e019e6b,22874006,1751972135,08/07/25 10:55,0x0559d4f52c63732853ac1f4c50b6f293cee0b646,0xe5544a2a5fa9b175da60d8eec67add5582bb31b0,,0,0,0,8.20355E-05,0.256298924,2616.29,,,Mint
0xcf6e66ff9c83be77b91cc381d5085a8f2b1181e0a7ac55cab88c3bac00afc4ce,22874003,1751972099,08/07/25 10:54,0x27262bc999fa29eee037c902328508bc9e6679c5,0xe5544a2a5fa9b175da60d8eec67add5582bb31b0,,0,0,0,8.50222E-05,0.265630383,2616.29,,,Mint
0x9e16bef326714a38ebeb3b9d5d57040f3b07e750eb72caba09aaa77e9b4abe0a,22874000,1751972063,08/07/25 10:54,0x27262bc999fa29eee037c902328508bc9e6679c5,0xe5544a2a5fa9b175da60d8eec67add5582bb31b0,,0,0,0,8.98823E-05,0.280814457,2616.29,,,Mint
0x95986aae0527341380552f073eff9e5c764f95b11d634c95f7e5e987fc4c3978,22873997,1751972027,08/07/25 10:53,0x0559d4f52c63732853ac1f4c50b6f293cee0b646,0xe5544a2a5fa9b175da60d8eec67add5582bb31b0,,0,0,0,7.602E-05,0.23750519,2616.29,,,Mint
0x59f92c6cbb44a7eaf0d683a9537e7dc849f37061fba4c0e7f4559b334d154b38,22873995,1751972003,08/07/25 10:53,0x0559d4f52c63732853ac1f4c50b6f293cee0b646,0xe5544a2a5fa9b175da60d8eec67add5582bb31b0,,0,0,0,7.29631E-05,0.227954782,2616.29,,,Mint
0x43007b54bffaca0f861b1513153a891b5350acc9306aa6a19186880299c200d9,22873993,1751971979,08/07/25 10:52,0x0559d4f52c63732853ac1f4c50b6f293cee0b646,0xe5544a2a5fa9b175da60d8eec67add5582bb31b0,,0,0,0,6.57791E-05,0.20551007,2616.29,,,Mint
0x56e3a95211931babbbdd35a1ef86f4a82151709653797eda257f995b8aaa745a,22873991,1751971955,08/07/25 10:52,0x0559d4f52c63732853ac1f4c50b6f293cee0b646,0xe5544a2a5fa9b175da60d8eec67add5582bb31b0,,0,0,0,6.87338E-05,0.214741396,2616.29,,,Mint
0x982da1d898f230b4072dc569094ed2569052a073b980306f15dd592a1e1b499e,22873989,1751971931,08/07/25 10:52,0x0559d4f52c63732853ac1f4c50b6f293cee0b646,0xe5544a2a5fa9b175da60d8eec67add5582bb31b0,,0,0,0,6.79289E-05,0.212226513,2616.29,,,Mint
0x3c278e5ac1ea27fa9831e64e28e2636d030a3d3cd79770c32a74b27025563618,22873987,1751971907,08/07/25 10:51,0x0559d4f52c63732853ac1f4c50b6f293cee0b646,0xe5544a2a5fa9b175da60d8eec67add5582bb31b0,,0,0,0,6.77062E-05,0.211530795,2616.29,,,Mint
0x0877dcbc0ea2e20198d614dd2e4abc490f67902d2c85f8be12fb3fc9410c539f,22873985,1751971883,08/07/25 10:51,0x0559d4f52c63732853ac1f4c50b6f293cee0b646,0xe5544a2a5fa9b175da60d8eec67add5582bb31b0,,0,0,0,6.48774E-05,0.202692856,2616.29,,,Mint
0x4ac8ae65be1c4574422d7350765b37a58b4853458f9094383d4a4d22bf7b5f38,22873982,1751971847,08/07/25 10:50,0x27262bc999fa29eee037c902328508bc9e6679c5,0xe5544a2a5fa9b175da60d8eec67add5582bb31b0,,0,0,0,6.58368E-05,0.20569036,2616.29,,,Mint
0xb6cd25be3fa5481b0d1841539f110fe25ae65658d0c201f245133b19449e7a2a,22873978,1751971799,08/07/25 10:49,0x27262bc999fa29eee037c902328508bc9e6679c5,0xe5544a2a5fa9b175da60d8eec67add5582bb31b0,,0,0,0,6.65068E-05,0.207783501,2616.29,,,Mint
0x7f0724cc8fc758ed08bfaa6140806078203d53aa1d43ccd515f65e235831f699,22873975,1751971763,08/07/25 10:49,0x27262bc999fa29eee037c902328508bc9e6679c5,0xe5544a2a5fa9b175da60d8eec67add5582bb31b0,,0,0,0,6.93812E-05,0.216763843,2616.29,,,Mint
0x5dc6396643a3b522a473e43a79742d6c39380a6e9d578d3adbb1561161d8ac0a,22873973,1751971739,08/07/25 10:48,0x27262bc999fa29eee037c902328508bc9e6679c5,0xe5544a2a5fa9b175da60d8eec67add5582bb31b0,,0,0,0,6.608E-05,0.206450252,2616.29,,,Mint
0xed8a8a5272406b8f395b269c7686837e176b5cb276325174eb82501399ab2032,22873970,1751971703,08/07/25 10:48,0x27262bc999fa29eee037c902328508bc9e6679c5,0xe5544a2a5fa9b175da60d8eec67add5582bb31b0,,0,0,0,6.60394E-05,0.20632342,2616.29,,,Mint
0x6a974048232d86f5e6c3013174584ec817eed8aafa4be9517285afcee8f4728f,22873967,1751971667,08/07/25 10:47,0x27262bc999fa29eee037c902328508bc9e6679c5,0xe5544a2a5fa9b175da60d8eec67add5582bb31b0,,0,0,0,6.79164E-05,0.212187679,2616.29,,,Mint
0x660e8aa36b3b4173bd590992b08c535a9f7b7a17a38936cc2bbff8b7f4ee6fec,22873964,1751971631,08/07/25 10:47,0x27262bc999fa29eee037c902328508bc9e6679c5,0xe5544a2a5fa9b175da60d8eec67add5582bb31b0,,0,0,0,5.7075E-05,0.178316342,2616.29,,,Mint
0x9c76fb709ceff4b9ad47d1ddfc2d3df01a7518ce6f5d973a0959d8f52475ad73,22873962,1751971607,08/07/25 10:46,0x27262bc999fa29eee037c902328508bc9e6679c5,0xe5544a2a5fa9b175da60d8eec67add5582bb31b0,,0,0,0,4.84271E-05,0.151298248,2616.29,,,Mint
0x4db6c68f2161aeb5d59b51e5a45a55b8ba6183583288811480c7de62204a0b3c,22873959,1751971571,08/07/25 10:46,0x27262bc999fa29eee037c902328508bc9e6679c5,0xe5544a2a5fa9b175da60d8eec67add5582bb31b0,,0,0,0,4.77126E-05,0.149065958,2616.29,,,Mint
0xb47623f5661061d868558a33abc6a6f3162400a06da46b5bbe0f60219f304e61,22873956,1751971535,08/07/25 10:45,0x27262bc999fa29eee037c902328508bc9e6679c5,0xe5544a2a5fa9b175da60d8eec67add5582bb31b0,,0,0,0,4.92646E-05,0.153914732,2616.29,,,Mint
0x1a7410ed4284a2e5820786fad50c0a93f3e331e97d202f8f7f7bff4d7aa63761,22873953,1751971499,08/07/25 10:44,0x27262bc999fa29eee037c902328508bc9e6679c5,0xe5544a2a5fa9b175da60d8eec67add5582bb31b0,,0,0,0,4.81663E-05,0.150483385,2616.29,,,Mint
0x8000863305ede31132bef8022f06826490ffe7954e468f742ee311268f37a052,22873951,1751971475,08/07/25 10:44,0x27262bc999fa29eee037c902328508bc9e6679c5,0xe5544a2a5fa9b175da60d8eec67add5582bb31b0,,0,0,0,4.51254E-05,0.140982928,2616.29,,,Mint
0x89e90af537f6ddef1ea4d56b1986c32dc80fe07c1ed136d30c54b0133002c591,22873948,1751971439,08/07/25 10:43,0x27262bc999fa29eee037c902328508bc9e6679c5,0xe5544a2a5fa9b175da60d8eec67add5582bb31b0,,0,0,0,4.90009E-05,0.153090755,2616.29,,,Mint
0x4accf1196558f1d54cbe81bcc8d2648003e96a4bf85b22b0a4059c3a1c92c3ad,22873944,1751971391,08/07/25 10:43,0x27262bc999fa29eee037c902328508bc9e6679c5,0xe5544a2a5fa9b175da60d8eec67add5582bb31b0,,0,0,0,5.26558E-05,0.164509521,2616.29,,,Mint
0xdc8cf6f162a9801ba47969d0575e204f2af15ccab915a28eccabd0e259d95074,22873939,1751971331,08/07/25 10:42,0x27262bc999fa29eee037c902328508bc9e6679c5,0xe5544a2a5fa9b175da60d8eec67add5582bb31b0,,0,0,0,5.23562E-05,0.163573602,2616.29,,,Mint
0xe6a0854cb3a07df6857f50f8ea4fa68700674b38ae86b7f4dd345e73f7218067,22873936,1751971295,08/07/25 10:41,0x27262bc999fa29eee037c902328508bc9e6679c5,0xe5544a2a5fa9b175da60d8eec67add5582bb31b0,,0,0,0,5.35612E-05,0.167338297,2616.29,,,Mint
0x90a5869a61966c2e4b099d6b5fb1f35fad707d0fb528d4296a6e59fb923a36c7,22873930,1751971223,08/07/25 10:40,0x27262bc999fa29eee037c902328508bc9e6679c5,0xe5544a2a5fa9b175da60d8eec67add5582bb31b0,,0,0,0,5.1833E-05,0.161939178,2616.29,,,Mint
0x833edc0d8b325ffe3e6bf8cd00dc64ff48b632e400a610979f456c1a8ec44347,22873927,1751971187,08/07/25 10:39,0x27262bc999fa29eee037c902328508bc9e6679c5,0xe5544a2a5fa9b175da60d8eec67add5582bb31b0,,0,0,0,4.69636E-05,0.146725928,2616.29,,,Mint
0x89c75e78c859d965aeb7c16cb954cf184c94f2a5ca0ca675b3e0eea68fac4bf8,22873924,1751971151,08/07/25 10:39,0x27262bc999fa29eee037c902328508bc9e6679c5,0xe5544a2a5fa9b175da60d8eec67add5582bb31b0,,0,0,0,4.76634E-05,0.148912084,2616.29,,,Mint
0x1562131552d42c353058eb743000b470c66220e7d5c8b95efacdad20965ec121,22873920,1751971103,08/07/25 10:38,0x27262bc999fa29eee037c902328508bc9e6679c5,0xe5544a2a5fa9b175da60d8eec67add5582bb31b0,,0,0,0,4.42346E-05,0.138199672,2616.29,,,Mint
0xff5c830ba0e9822d7e8b2822e5748fd217e6b6f1790c753af390b1aae1c79914,22873915,1751971031,08/07/25 10:37,0x27262bc999fa29eee037c902328508bc9e6679c5,0xe5544a2a5fa9b175da60d8eec67add5582bb31b0,,0,0,0,4.00026E-05,0.124977804,2616.29,,,Mint
0xaafdb80dc523c2a375d2e94c9fe24109164ba0c2a1759fd267549b162e906bbe,22873910,1751970971,08/07/25 10:36,0x27262bc999fa29eee037c902328508bc9e6679c5,0xe5544a2a5fa9b175da60d8eec67add5582bb31b0,,0,0,0,4.58009E-05,0.143093296,2616.29,,,Mint
0x060a9b43011d9bc27924d3acc40eb121360bbdd3f67ad5931438d5d51d0727f2,22873903,1751970887,08/07/25 10:34,0xb3897952ce7a4cea159d232dae8d02ca8273372e,0xe5544a2a5fa9b175da60d8eec67add5582bb31b0,,0,0,0,0.00012313,0.384688929,2616.29,,,Mint
0xdea0171fd8b5368290d4adc73bbc8583e8f4fdd26864ba43306bd753a47f9aa0,22873895,1751970791,08/07/25 10:33,0xb3897952ce7a4cea159d232dae8d02ca8273372e,0xe5544a2a5fa9b175da60d8eec67add5582bb31b0,,0,0,0,0.000125248,0.391304305,2616.29,,,Mint
0x56db55d83db4ba28b3800be3386eb9c1d395b2716f7787daa1a57051a5ee9b99,22873890,1751970731,08/07/25 10:32,0xb3897952ce7a4cea159d232dae8d02ca8273372e,0xe5544a2a5fa9b175da60d8eec67add5582bb31b0,,0,0,0,0.000124748,0.389742132,2616.29,,,Mint
0x31019d7eb24769da90938cb2943323a4aed3a64243cb0444f5719d7d9dc03a0e,22873884,1751970659,08/07/25 10:30,0xb3897952ce7a4cea159d232dae8d02ca8273372e,0xe5544a2a5fa9b175da60d8eec67add5582bb31b0,,0,0,0,0.00012652,0.395281021,2616.29,,,Mint
0xbbb2c0ce38abb55f1c0168401017de7bf4ab1eb9e196dd87ff9704a3be39d520,22873879,1751970599,08/07/25 10:29,0xb3897952ce7a4cea159d232dae8d02ca8273372e,0xe5544a2a5fa9b175da60d8eec67add5582bb31b0,,0,0,0,0.000128393,0.40113083,2616.29,,,Mint
0x5206b0f01ad48ba44e06a6e654cbb9ad217499f70a037486d4c3a49d6c2f72d5,22873874,1751970539,08/07/25 10:28,0xb3897952ce7a4cea159d232dae8d02ca8273372e,0xe5544a2a5fa9b175da60d8eec67add5582bb31b0,,0,0,0,0.000127706,0.398983667,2616.29,,,Mint
0x5346a859acfd560168f150422a34d462baeb0a89aa0bedb03a66681040733c7d,22873869,1751970479,08/07/25 10:27,0xb3897952ce7a4cea159d232dae8d02ca8273372e,0xe5544a2a5fa9b175da60d8eec67add5582bb31b0,,0,0,0,0.000127785,0.399232677,2616.29,,,Mint
0x762f26b10b809966ba2af43127fc59743c7fa1f010b4ad7519841ceeb2c6df3d,22873861,1751970383,08/07/25 10:26,0xb3897952ce7a4cea159d232dae8d02ca8273372e,0xe5544a2a5fa9b175da60d8eec67add5582bb31b0,,0,0,0,0.000128594,0.401759412,2616.29,,,Mint
0x51185969c925a7d4f4ab8cd3fbcb75f8c849acc133ae129b4498c94826079396,22873682,1751968235,08/07/25 09:50,0x4822c6499d4d0b0699f42419610f894c6662a484,0xe5544a2a5fa9b175da60d8eec67add5582bb31b0,,0,0,0,3.23465E-05,0.101058571,2616.29,,,Mint
0x11601fc0ffa812cf127f2241ebb7dc3debed821a71457d07b4f09b3dfad26458,22873680,1751968211,08/07/25 09:50,0x4822c6499d4d0b0699f42419610f894c6662a484,0xe5544a2a5fa9b175da60d8eec67add5582bb31b0,,0,0,0,3.10821E-05,0.097108091,2616.29,,,Mint
0xa00f5e2d53ac3eaac2aaa507e1740abeb271e8a4eeea4f51b4d0f53fee039df2,22873672,1751968115,08/07/25 09:48,0x4822c6499d4d0b0699f42419610f894c6662a484,0xe5544a2a5fa9b175da60d8eec67add5582bb31b0,,0,0,0,3.24732E-05,0.101454355,2616.29,,,Mint
0xd111a12c3eaf81b0de932082e6ba09c9f9befbad07d9f10d9409fad6ad9a555e,22873670,1751968091,08/07/25 09:48,0x4822c6499d4d0b0699f42419610f894c6662a484,0xe5544a2a5fa9b175da60d8eec67add5582bb31b0,,0,0,0,2.98246E-05,0.093179484,2616.29,,,Mint
0xf7b43ef656dafe587e5e9cf317e93c8dcc60690bc8b9e1e805dc6c2081b6366b,22873668,1751968067,08/07/25 09:47,0x4822c6499d4d0b0699f42419610f894c6662a484,0xe5544a2a5fa9b175da60d8eec67add5582bb31b0,,0,0,0,2.91816E-05,0.091170519,2616.29,,,Mint
0xb7b3feb527e3545a7074d64f72f435fa11b364d049d9065fdb16bf7350bad885,22873666,1751968043,08/07/25 09:47,0x4822c6499d4d0b0699f42419610f894c6662a484,0xe5544a2a5fa9b175da60d8eec67add5582bb31b0,,0,0,0,2.70264E-05,0.084437172,2616.29,,,Mint
0x1cc58cad56453390f65bca3aac9dfb48c2ef492eccf91e3dda1673be359f3251,22873664,1751968019,08/07/25 09:46,0x4822c6499d4d0b0699f42419610f894c6662a484,0xe5544a2a5fa9b175da60d8eec67add5582bb31b0,,0,0,0,2.89215E-05,0.090357916,2616.29,,,Mint
0x64c5e54bc7f7fededdaedfe546bc4f36cd00950a885cd09364c60e649f369102,22873662,1751967995,08/07/25 09:46,0x4822c6499d4d0b0699f42419610f894c6662a484,0xe5544a2a5fa9b175da60d8eec67add5582bb31b0,,0,0,0,2.79813E-05,0.087420526,2616.29,,,Mint
0xe21befc9d7397c921587f750ef7598cfa186a376885ce21f9635086f1bab4768,22873660,1751967971,08/07/25 09:46,0x4822c6499d4d0b0699f42419610f894c6662a484,0xe5544a2a5fa9b175da60d8eec67add5582bb31b0,,0,0,0,2.79341E-05,0.087273109,2616.29,,,Mint
0x7bec73ff5c75dac9900be4ac977c7a046bdde796e7e3f418500281e9f8fed006,22873658,1751967947,08/07/25 09:45,0x4822c6499d4d0b0699f42419610f894c6662a484,0xe5544a2a5fa9b175da60d8eec67add5582bb31b0,,0,0,0,2.4558E-05,0.076725307,2616.29,,,Mint
0x00d061f409898da715dca920d66f2b181d415fdafad7c83b4de2aa3049c38f04,22873656,1751967923,08/07/25 09:45,0x4822c6499d4d0b0699f42419610f894c6662a484,0xe5544a2a5fa9b175da60d8eec67add5582bb31b0,,0,0,0,2.58194E-05,0.080666216,2616.29,,,Mint
0x404fca7a8906e8b8b45cfc74bac284df67a3b0236a96f986e91d1e782f16b8df,22873654,1751967899,08/07/25 09:44,0x4822c6499d4d0b0699f42419610f894c6662a484,0xe5544a2a5fa9b175da60d8eec67add5582bb31b0,,0,0,0,2.69449E-05,0.084182532,2616.29,,,Mint
0x314892217dca996005ae5a77db19d91ebb2d08ed9dcf952b8eecb123e85e841c,22873652,1751967875,08/07/25 09:44,0x4822c6499d4d0b0699f42419610f894c6662a484,0xe5544a2a5fa9b175da60d8eec67add5582bb31b0,,0,0,0,2.68588E-05,0.083913594,2616.29,,,Mint
0x40ec243eddbc37ca9fb7f2f2589f9dbd431719cfbc849834150c55020ab990e0,22873650,1751967851,08/07/25 09:44,0x4822c6499d4d0b0699f42419610f894c6662a484,0xe5544a2a5fa9b175da60d8eec67add5582bb31b0,,0,0,0,2.50081E-05,0.078131576,2616.29,,,Mint
0x6852163ebbe295aa09ad159ff7ac6af63424f04609afe95d9b85b9e79e10ab82,22873648,1751967827,08/07/25 09:43,0x4822c6499d4d0b0699f42419610f894c6662a484,0xe5544a2a5fa9b175da60d8eec67add5582bb31b0,,0,0,0,2.50559E-05,0.078280863,2616.29,,,Mint
0xb384df86a0bcf7fbeb324a3d6f0e3efe563dfc4a63381281bb64bab4d6cf8605,22873646,1751967803,08/07/25 09:43,0x4822c6499d4d0b0699f42419610f894c6662a484,0xe5544a2a5fa9b175da60d8eec67add5582bb31b0,,0,0,0,2.56849E-05,0.080245789,2616.29,,,Mint
0xef5ac23ee8f6aff9ca976afdf1fc3d7777f11d63c00b505552d937355a3b198d,22873644,1751967779,08/07/25 09:42,0x4822c6499d4d0b0699f42419610f894c6662a484,0xe5544a2a5fa9b175da60d8eec67add5582bb31b0,,0,0,0,2.41389E-05,0.075416015,2616.29,,,Mint
0x0a89c7faaad7913fb073dbd51aafcda80dff48ccdbc5128f947774b699a6e1d7,22873642,1751967755,08/07/25 09:42,0x4822c6499d4d0b0699f42419610f894c6662a484,0xe5544a2a5fa9b175da60d8eec67add5582bb31b0,,0,0,0,2.40647E-05,0.07518408,2616.29,,,Mint
0xa7ed510c827f10e3665fb1f9f5d36de5591fff4d37b58ff8a331bb39cf192f5d,22873640,1751967731,08/07/25 09:42,0x4822c6499d4d0b0699f42419610f894c6662a484,0xe5544a2a5fa9b175da60d8eec67add5582bb31b0,,0,0,0,2.4266E-05,0.075813089,2616.29,,,Mint
0x3604ad9ba7423351765586be3a48b1e6a2a8c274e193625f22806e43d09e13fd,22873638,1751967707,08/07/25 09:41,0x4822c6499d4d0b0699f42419610f894c6662a484,0xe5544a2a5fa9b175da60d8eec67add5582bb31b0,,0,0,0,2.51591E-05,0.078603356,2616.29,,,Mint
0xa892cfb12ef469860c892270ace5a481f145fd623bff243d81e41ff2ea45367f,22873636,1751967683,08/07/25 09:41,0x4822c6499d4d0b0699f42419610f894c6662a484,0xe5544a2a5fa9b175da60d8eec67add5582bb31b0,,0,0,0,2.50353E-05,0.078216381,2616.29,,,Mint
0xc5c9ea5b1896a040819a0c98a6ce50d700dc6a8a44dc29c875a8468a6bcc2613,22873634,1751967659,08/07/25 09:40,0x4822c6499d4d0b0699f42419610f894c6662a484,0xe5544a2a5fa9b175da60d8eec67add5582bb31b0,,0,0,0,2.20232E-05,0.068806031,2616.29,,,Mint
0x18a7c31e8256aa9fe5ac40d02a8fa125f8bf962e96708a257524bc07e89c7b48,22873632,1751967623,08/07/25 09:40,0x4822c6499d4d0b0699f42419610f894c6662a484,0xe5544a2a5fa9b175da60d8eec67add5582bb31b0,,0,0,0,2.36827E-05,0.073990531,2616.29,,,Mint
0x0e0e7694abcef0b525ae98017741814ef930886135c1b246485601eadf02ca47,22873630,1751967599,08/07/25 09:39,0x4822c6499d4d0b0699f42419610f894c6662a484,0xe5544a2a5fa9b175da60d8eec67add5582bb31b0,,0,0,0,2.29704E-05,0.071765098,2616.29,,,Mint
0x9e303aacd6ecbedee494c1bfe80452b5295914b124bb877bb8f71ba50deed669,22873628,1751967575,08/07/25 09:39,0x4822c6499d4d0b0699f42419610f894c6662a484,0xe5544a2a5fa9b175da60d8eec67add5582bb31b0,,0,0,0,2.56836E-05,0.080241816,2616.29,,,Mint
0x10b6bbdf0930f6971a16374ee377d18e10c660d02a130ae1cf0de0335c79f0ce,22873626,1751967551,08/07/25 09:39,0x4822c6499d4d0b0699f42419610f894c6662a484,0xe5544a2a5fa9b175da60d8eec67add5582bb31b0,,0,0,0,2.50409E-05,0.07823403,2616.29,,,Mint
0xbb2d43139f4c5681c2db2a6b38d9790f4c1cfde2fda54beb9b2ed55acefe6ba1,22873624,1751967527,08/07/25 09:38,0x4822c6499d4d0b0699f42419610f894c6662a484,0xe5544a2a5fa9b175da60d8eec67add5582bb31b0,,0,0,0,2.45589E-05,0.07672813,2616.29,,,Mint
0xfe7f7532f5ba02c6a9f1aae31d2094f426a1aa1cb9d5c1bb340702da45bfd139,22873622,1751967503,08/07/25 09:38,0x4822c6499d4d0b0699f42419610f894c6662a484,0xe5544a2a5fa9b175da60d8eec67add5582bb31b0,,0,0,0,2.49856E-05,0.078061184,2616.29,,,Mint
0xfbae84d5f9741e3946adec4a651ab83728542b04618fd8d6f7b7edbaca22571e,22873620,1751967479,08/07/25 09:37,0x4822c6499d4d0b0699f42419610f894c6662a484,0xe5544a2a5fa9b175da60d8eec67add5582bb31b0,,0,0,0,2.41799E-05,0.075544046,2616.29,,,Mint
0x70d309ac4a85f8582baf7c07303ab42a7b742d48a2caf0f9d8a460e56e5be3bf,22873618,1751967455,08/07/25 09:37,0x4822c6499d4d0b0699f42419610f894c6662a484,0xe5544a2a5fa9b175da60d8eec67add5582bb31b0,,0,0,0,2.53938E-05,0.079336327,2616.29,,,Mint
0x05aa93210b7c7310aca2cd49813c80f9cf884b17bc562ccc014a0c800871b37f,22873616,1751967431,08/07/25 09:37,0x4822c6499d4d0b0699f42419610f894c6662a484,0xe5544a2a5fa9b175da60d8eec67add5582bb31b0,,0,0,0,2.52183E-05,0.078788136,2616.29,,,Mint
0xdaf0951e5888d7c5558fc54731e3814c323e9c2f3066faa397e8c77a565842fe,22873614,1751967407,08/07/25 09:36,0x4822c6499d4d0b0699f42419610f894c6662a484,0xe5544a2a5fa9b175da60d8eec67add5582bb31b0,,0,0,0,2.71978E-05,0.084972644,2616.29,,,Mint
0xafe9313aec5319fd64048dfdbc838bf849b1120016c4addbd29e407f3662d292,22873612,1751967383,08/07/25 09:36,0x4822c6499d4d0b0699f42419610f894c6662a484,0xe5544a2a5fa9b175da60d8eec67add5582bb31b0,,0,0,0,2.68445E-05,0.083868823,2616.29,,,Mint
0xac90df3b4ded0963a76dd0698af1cd91c5a00ecb7083a0db80715de66fb6df8d,22873610,1751967359,08/07/25 09:35,0x4822c6499d4d0b0699f42419610f894c6662a484,0xe5544a2a5fa9b175da60d8eec67add5582bb31b0,,0,0,0,2.63416E-05,0.082297667,2616.29,,,Mint
0x2fcfa22f558774334eb328d81fe32203fc530b1f2ba697796270580cc20d6771,22873608,1751967335,08/07/25 09:35,0x4822c6499d4d0b0699f42419610f894c6662a484,0xe5544a2a5fa9b175da60d8eec67add5582bb31b0,,0,0,0,2.36824E-05,0.073989654,2616.29,,,Mint
0xc34b4dca5f47d8dfdd5ea0ddc69ccdb4d5ce23eceb76dd72e4d91dc4fb26318b,22873606,1751967311,08/07/25 09:35,0x4822c6499d4d0b0699f42419610f894c6662a484,0xe5544a2a5fa9b175da60d8eec67add5582bb31b0,,0,0,0,2.59631E-05,0.081115024,2616.29,,,Mint
0x63bd395160434192e682bff97e5dab9cbe1b29a178d9b71bcfc4416fa028c59d,22873604,1751967287,08/07/25 09:34,0x4822c6499d4d0b0699f42419610f894c6662a484,0xe5544a2a5fa9b175da60d8eec67add5582bb31b0,,0,0,0,2.61153E-05,0.081590482,2616.29,,,Mint
0x96806b73dd0f5eb715b3bac3f435b25d0ebdd77a38b8964aa274824b1d1960d9,22873602,1751967263,08/07/25 09:34,0x4822c6499d4d0b0699f42419610f894c6662a484,0xe5544a2a5fa9b175da60d8eec67add5582bb31b0,,0,0,0,2.73706E-05,0.085512538,2616.29,,,Mint
0x399d73d121be7b7d944377bf375853cd048c383b4a0b2def045dda3a51436c49,22873600,1751967239,08/07/25 09:33,0x4822c6499d4d0b0699f42419610f894c6662a484,0xe5544a2a5fa9b175da60d8eec67add5582bb31b0,,0,0,0,2.68475E-05,0.083878271,2616.29,,,Mint
0xb3dbdf00c4e516c2b869106948932a0d78018ec048bca933ab80deeaf6546172,22873597,1751967203,08/07/25 09:33,0x4822c6499d4d0b0699f42419610f894c6662a484,0xe5544a2a5fa9b175da60d8eec67add5582bb31b0,,0,0,0,2.59702E-05,0.08113717,2616.29,,,Mint
0xed79418ada3c6d640c894994bd6742d21ad4eaaa728feba6c6f0ff35cfeb8015,22873595,1751967179,08/07/25 09:32,0x4822c6499d4d0b0699f42419610f894c6662a484,0xe5544a2a5fa9b175da60d8eec67add5582bb31b0,,0,0,0,2.63333E-05,0.08227167,2616.29,,,Mint
0x3799f3c8cd79d5e68c9c4339ab588176ae0a54da2de4301f5ec9ccbf9be7485d,22873593,1751967155,08/07/25 09:32,0x4822c6499d4d0b0699f42419610f894c6662a484,0xe5544a2a5fa9b175da60d8eec67add5582bb31b0,,0,0,0,2.61462E-05,0.08168713,2616.29,,,Mint
0xb17dee2a3d171a056e8fe65bc3e6d84956696e5b1fa633819299f4e4fb3d6640,22873591,1751967131,08/07/25 09:32,0x4822c6499d4d0b0699f42419610f894c6662a484,0xe5544a2a5fa9b175da60d8eec67add5582bb31b0,,0,0,0,2.6117E-05,0.081596035,2616.29,,,Mint
0xfe0adb645ff10e821f7ce1e43a276067bc582282fb82a576061ce23fcc44d3d9,22873589,1751967107,08/07/25 09:31,0x4822c6499d4d0b0699f42419610f894c6662a484,0xe5544a2a5fa9b175da60d8eec67add5582bb31b0,,0,0,0,2.3792E-05,0.074331942,2616.29,,,Mint
0x7a34ac5e222815fdef911e7164de82d863dd018c20e6f5e33e6682fb4609d96b,22873587,1751967083,08/07/25 09:31,0x4822c6499d4d0b0699f42419610f894c6662a484,0xe5544a2a5fa9b175da60d8eec67add5582bb31b0,,0,0,0,2.52135E-05,0.078773247,2616.29,,,Mint
0x36182c968292d337011a6004a3537b6577e5f80fe7794fc9256747b7e851249a,22873585,1751967059,08/07/25 09:30,0x4822c6499d4d0b0699f42419610f894c6662a484,0xe5544a2a5fa9b175da60d8eec67add5582bb31b0,,0,0,0,2.51512E-05,0.078578491,2616.29,,,Mint
0x675aefae20f02079e2b7800c5e952b798f83b44807f857191557c3854c48cdb6,22873583,1751967035,08/07/25 09:30,0x4822c6499d4d0b0699f42419610f894c6662a484,0xe5544a2a5fa9b175da60d8eec67add5582bb31b0,,0,0,0,2.5154E-05,0.078587144,2616.29,,,Mint
0x5a5a43610414d8349ddcf395a1ea6af77f18fefa52a4c18c7fdf269554fa305a,22873581,1751967011,08/07/25 09:30,0x4822c6499d4d0b0699f42419610f894c6662a484,0xe5544a2a5fa9b175da60d8eec67add5582bb31b0,,0,0,0,2.23403E-05,0.069796521,2616.29,,,Mint
0xfa0a8a980f5b0b3f04710439c573818fd1aece2126ee5260a2f6ce29090b9284,22873579,1751966987,08/07/25 09:29,0x4822c6499d4d0b0699f42419610f894c6662a484,0xe5544a2a5fa9b175da60d8eec67add5582bb31b0,,0,0,0,2.40896E-05,0.075261929,2616.29,,,Mint
0x6b699cdc3f80e4c065c5bd68ad6eb5e50820c757cec585c946f1a5f452510e51,22873577,1751966963,08/07/25 09:29,0x4822c6499d4d0b0699f42419610f894c6662a484,0xe5544a2a5fa9b175da60d8eec67add5582bb31b0,,0,0,0,2.40499E-05,0.075137677,2616.29,,,Mint
0xfab8214de43e43a1af9fcf4b69149b98d0a45f74f969bdf584b2c32e3245e515,22873575,1751966939,08/07/25 09:28,0x4822c6499d4d0b0699f42419610f894c6662a484,0xe5544a2a5fa9b175da60d8eec67add5582bb31b0,,0,0,0,2.24473E-05,0.070131036,2616.29,,,Mint
0xb79e893d651a44f356d47e06b45d8c245fd0be03a0181fb3a2990981b4aeab33,22873573,1751966915,08/07/25 09:28,0x4822c6499d4d0b0699f42419610f894c6662a484,0xe5544a2a5fa9b175da60d8eec67add5582bb31b0,,0,0,0,2.44704E-05,0.076451638,2616.29,,,Mint
0xd524c751b71bb69507f7baeb70798cd79d8563f8db762e1b2962fa7fad8db399,22873571,1751966891,08/07/25 09:28,0x4822c6499d4d0b0699f42419610f894c6662a484,0xe5544a2a5fa9b175da60d8eec67add5582bb31b0,,0,0,0,2.47632E-05,0.077366308,2616.29,,,Mint
0x6decba11007185761128aa9c8bebe8f6295fad239a2c64dcfa3a3aaaa8eb4202,22873569,1751966867,08/07/25 09:27,0x4822c6499d4d0b0699f42419610f894c6662a484,0xe5544a2a5fa9b175da60d8eec67add5582bb31b0,,0,0,0,2.47218E-05,0.077237078,2616.29,,,Mint
0x59bc08bd056a41776586980785f81e16b94ef42ffcef01f71ebbc4e1bdd444c4,22873567,1751966843,08/07/25 09:27,0x4822c6499d4d0b0699f42419610f894c6662a484,0xe5544a2a5fa9b175da60d8eec67add5582bb31b0,,0,0,0,2.18622E-05,0.068302781,2616.29,,,Mint
0xf87c501a21bbe924ee90bfe018b837ce0b6b14b41bfecf9195bbee42f51df820,22873563,1751966795,08/07/25 09:26,0x4822c6499d4d0b0699f42419610f894c6662a484,0xe5544a2a5fa9b175da60d8eec67add5582bb31b0,,0,0,0,2.45955E-05,0.076842415,2616.29,,,Mint
0x07254759f7233952707bdf9eb0e46274cf728931767f835d50426e6b1e7d5827,22873561,1751966771,08/07/25 09:26,0x4822c6499d4d0b0699f42419610f894c6662a484,0xe5544a2a5fa9b175da60d8eec67add5582bb31b0,,0,0,0,2.49591E-05,0.077978453,2616.29,,,Mint
0x68078ccc5a1fb182904579e8b0ec06c14209e0c757b56d134fc5b1c7d0be2e38,22873559,1751966747,08/07/25 09:25,0x4822c6499d4d0b0699f42419610f894c6662a484,0xe5544a2a5fa9b175da60d8eec67add5582bb31b0,,0,0,0,2.39075E-05,0.074692863,2616.29,,,Mint
0xe39458ee982526f07c35d7e95013db709a5cdc90726195b7d4802a56d3cf2fbc,22873557,1751966723,08/07/25 09:25,0x4822c6499d4d0b0699f42419610f894c6662a484,0xe5544a2a5fa9b175da60d8eec67add5582bb31b0,,0,0,0,2.4334E-05,0.076025248,2616.29,,,Mint
0x9ac00d3dae5c9dab0e5c631c6507273d87cf7273af199b629f43021301c8da50,22873555,1751966699,08/07/25 09:24,0x4822c6499d4d0b0699f42419610f894c6662a484,0xe5544a2a5fa9b175da60d8eec67add5582bb31b0,,0,0,0,2.48049E-05,0.077496627,2616.29,,,Mint
0x04a80f21673871887a93cab0f69e266c2b76ff89b8b309b3d742b915a6ba58db,22873547,1751966603,08/07/25 09:23,0x4822c6499d4d0b0699f42419610f894c6662a484,0xe5544a2a5fa9b175da60d8eec67add5582bb31b0,,0,0,0,1.98331E-05,0.061963634,2616.29,,,Mint
0x09feda80c41c1f9725b0608bc864dfe4e86ea346778aa78ee03fa71f29a32ba0,22873545,1751966579,08/07/25 09:22,0x4822c6499d4d0b0699f42419610f894c6662a484,0xe5544a2a5fa9b175da60d8eec67add5582bb31b0,,0,0,0,2.00978E-05,0.062790413,2616.29,,,Mint
0xa291b5c4764cbc3a03c12be455b53047d4376b7f17c8e9b5b4061ccd1bd91327,22873542,1751966543,08/07/25 09:22,0x4822c6499d4d0b0699f42419610f894c6662a484,0xe5544a2a5fa9b175da60d8eec67add5582bb31b0,,0,0,0,2.2213E-05,0.06939887,2616.29,,,Mint
0x5b5eb1ed31a0b1330bc4c96786f4f0155990c111a8a885c3b2ebfb8336265862,22873540,1751966519,08/07/25 09:21,0x4822c6499d4d0b0699f42419610f894c6662a484,0xe5544a2a5fa9b175da60d8eec67add5582bb31b0,,0,0,0,2.17472E-05,0.067943575,2616.29,,,Mint
0xef2aac7812dcb5638abeb6629d7fc0fad9e15ff0f10c2ebb745a606ed4b701e9,22873538,1751966495,08/07/25 09:21,0x4822c6499d4d0b0699f42419610f894c6662a484,0xe5544a2a5fa9b175da60d8eec67add5582bb31b0,,0,0,0,2.25069E-05,0.070317222,2616.29,,,Mint
0x7d827bfc907650db84ec3a7493a8584306369cc169baf1c67419d470425422d9,22873536,1751966471,08/07/25 09:21,0x4822c6499d4d0b0699f42419610f894c6662a484,0xe5544a2a5fa9b175da60d8eec67add5582bb31b0,,0,0,0,2.21176E-05,0.069100908,2616.29,,,Mint
0x427aba6cf545e6a2bd4dc5fd5ce2f7309a3d77166fdd5a6e2947cfb65017b99a,22873534,1751966447,08/07/25 09:20,0x4822c6499d4d0b0699f42419610f894c6662a484,0xe5544a2a5fa9b175da60d8eec67add5582bb31b0,,0,0,0,2.24814E-05,0.070237411,2616.29,,,Mint
0x6d10a6e7baa251ea29fc6165176518cec714c06f7befbc725bd68a4844c98ffa,22873532,1751966423,08/07/25 09:20,0x4822c6499d4d0b0699f42419610f894c6662a484,0xe5544a2a5fa9b175da60d8eec67add5582bb31b0,,0,0,0,2.26845E-05,0.070872091,2616.29,,,Mint
0x0260a2ccb0ef339a3df1d216391115c56506559c87c9bf6212d5eacc87ba0783,22873530,1751966399,08/07/25 09:19,0x4822c6499d4d0b0699f42419610f894c6662a484,0xe5544a2a5fa9b175da60d8eec67add5582bb31b0,,0,0,0,2.33217E-05,0.072862749,2616.29,,,Mint
0x840c7b24f09a63db0a58cb0da382466fabb1c87c3f446d3aed71917172b45336,22873528,1751966375,08/07/25 09:19,0x4822c6499d4d0b0699f42419610f894c6662a484,0xe5544a2a5fa9b175da60d8eec67add5582bb31b0,,0,0,0,2.39312E-05,0.074767064,2616.29,,,Mint
0x6b3ddaf734c847cdcbdef78329a66101fe9a66a474b5fc81b18a10a8ed77cc1d,22873526,1751966351,08/07/25 09:19,0x4822c6499d4d0b0699f42419610f894c6662a484,0xe5544a2a5fa9b175da60d8eec67add5582bb31b0,,0,0,0,2.44947E-05,0.076527373,2616.29,,,Mint
0x82036be08bc7bd9fb55699bfbdb62529773785897b29ae5e66ffa32b59c479cb,22873524,1751966327,08/07/25 09:18,0x4822c6499d4d0b0699f42419610f894c6662a484,0xe5544a2a5fa9b175da60d8eec67add5582bb31b0,,0,0,0,2.56271E-05,0.080065324,2616.29,,,Mint
0x3c1a46699319a74f913a4f63a4c5f11de665a5388e198989cc5e7f5fe2eda668,22873522,1751966303,08/07/25 09:18,0x4822c6499d4d0b0699f42419610f894c6662a484,0xe5544a2a5fa9b175da60d8eec67add5582bb31b0,,0,0,0,2.68424E-05,0.083862244,2616.29,,,Mint
0x6cf56c82e67fc60fbff358ac8b35a2d8d8456a1ea03c0e083b03e4ecf06c26c4,22873520,1751966279,08/07/25 09:17,0x4822c6499d4d0b0699f42419610f894c6662a484,0xe5544a2a5fa9b175da60d8eec67add5582bb31b0,,0,0,0,2.64367E-05,0.082594601,2616.29,,,Mint
0x9996ca7c87f7d5ca00006cf657b1af6b193965d6038a9ef33095e0de7eee446a,22873518,1751966255,08/07/25 09:17,0x4822c6499d4d0b0699f42419610f894c6662a484,0xe5544a2a5fa9b175da60d8eec67add5582bb31b0,,0,0,0,2.51824E-05,0.078676003,2616.29,,,Mint
0x5130de226add1003b7a4c12d07a0e33cc05093e9710e8ae8ecaf1ad70ef7f0e8,22873516,1751966231,08/07/25 09:17,0x4822c6499d4d0b0699f42419610f894c6662a484,0xe5544a2a5fa9b175da60d8eec67add5582bb31b0,,0,0,0,2.61545E-05,0.081713028,2616.29,,,Mint
0x78ad98d1ae35d9b3f385d4f264eb1788c35c53323623e1e9bb48154a43112c05,22873514,1751966207,08/07/25 09:16,0x4822c6499d4d0b0699f42419610f894c6662a484,0xe5544a2a5fa9b175da60d8eec67add5582bb31b0,,0,0,0,2.68204E-05,0.083793573,2616.29,,,Mint
0xbda303a037cca9858433dbe50bbee5c889b288afb386776012dbe845b9e2d294,22873512,1751966183,08/07/25 09:16,0x4822c6499d4d0b0699f42419610f894c6662a484,0xe5544a2a5fa9b175da60d8eec67add5582bb31b0,,0,0,0,2.6866E-05,0.083935935,2616.29,,,Mint
0x84a2a1ed59ea03b5b7cae0705f4cfc7627911454349da2ff185bf00058080a66,22873509,1751966135,08/07/25 09:15,0x4822c6499d4d0b0699f42419610f894c6662a484,0xe5544a2a5fa9b175da60d8eec67add5582bb31b0,,0,0,0,2.25495E-05,0.070450224,2616.29,,,Mint
0xfc8e3b9754b68aa318fe0e66373d5d00cce50825fe44d49499dccac6f9fc3218,22873507,1751966111,08/07/25 09:15,0x4822c6499d4d0b0699f42419610f894c6662a484,0xe5544a2a5fa9b175da60d8eec67add5582bb31b0,,0,0,0,2.39847E-05,0.074934184,2616.29,,,Mint
0x2fc41530bfc82d6410cc7481a9380adb7dcb436d7dfd1a506256724159f3814c,22873505,1751966087,08/07/25 09:14,0x4822c6499d4d0b0699f42419610f894c6662a484,0xe5544a2a5fa9b175da60d8eec67add5582bb31b0,,0,0,0,2.44556E-05,0.076405335,2616.29,,,Mint
0x4e18616beed6aa516c618a679f90917efc8b4fdd3de75f9dec0df4950c96a02a,22873503,1751966063,08/07/25 09:14,0x4822c6499d4d0b0699f42419610f894c6662a484,0xe5544a2a5fa9b175da60d8eec67add5582bb31b0,,0,0,0,2.38256E-05,0.074436898,2616.29,,,Mint
0x2ddbcc0a6cbed00804e77a0990e6c3e393774620970b5f0784c5478068629eff,22873501,1751966039,08/07/25 09:13,0x4822c6499d4d0b0699f42419610f894c6662a484,0xe5544a2a5fa9b175da60d8eec67add5582bb31b0,,0,0,0,2.26937E-05,0.070900793,2616.29,,,Mint
0x763732a8fdc572f6f44d7f60916988a75c0bfde76b7f3d8f4773eb3b153929a6,22873499,1751966015,08/07/25 09:13,0x4822c6499d4d0b0699f42419610f894c6662a484,0xe5544a2a5fa9b175da60d8eec67add5582bb31b0,,0,0,0,2.40006E-05,0.074983894,2616.29,,,Mint
0x35328af242d45318b8d24ea975da8cbd40fe16c0fd56aa2ba2b8e83679c25f14,22873497,1751965991,08/07/25 09:13,0x4822c6499d4d0b0699f42419610f894c6662a484,0xe5544a2a5fa9b175da60d8eec67add5582bb31b0,,0,0,0,2.31638E-05,0.07236952,2616.29,,,Mint
0x4f58f917190c07313cc3f582b8348b294f5edc05bf445cfe59f4d69f9073618e,22873495,1751965967,08/07/25 09:12,0x4822c6499d4d0b0699f42419610f894c6662a484,0xe5544a2a5fa9b175da60d8eec67add5582bb31b0,,0,0,0,2.43414E-05,0.076048593,2616.29,,,Mint
0x39cf4a5b48abdf61558ffd7ecb5bb7ed254c5dd27dbe1dce40987a13b7aa0237,22873493,1751965943,08/07/25 09:12,0x4822c6499d4d0b0699f42419610f894c6662a484,0xe5544a2a5fa9b175da60d8eec67add5582bb31b0,,0,0,0,2.45709E-05,0.076765658,2616.29,,,Mint
0x1daf74ff0cbf88d34badc345b91d3d8d9cf98cbd764b5d11b9abef4f41e39330,22873491,1751965907,08/07/25 09:11,0x4822c6499d4d0b0699f42419610f894c6662a484,0xe5544a2a5fa9b175da60d8eec67add5582bb31b0,,0,0,0,2.43855E-05,0.076186374,2616.29,,,Mint
0x86c8217a18e315e1523705aa93469dffedb244cb30db63b9f4f814c0481abfb5,22873489,1751965883,08/07/25 09:11,0x4822c6499d4d0b0699f42419610f894c6662a484,0xe5544a2a5fa9b175da60d8eec67add5582bb31b0,,0,0,0,2.49042E-05,0.077806725,2616.29,,,Mint
0x1af0605cf3056f8d9510d230288c65ae33561b99fc430ec6aee888881605690b,22873487,1751965859,08/07/25 09:10,0x4822c6499d4d0b0699f42419610f894c6662a484,0xe5544a2a5fa9b175da60d8eec67add5582bb31b0,,0,0,0,2.52119E-05,0.078768023,2616.29,,,Mint
0x5ab924a95f7278ad4a1f7f98607acb5f908a07dfe4a3c62467a88cf10b656066,22873485,1751965835,08/07/25 09:10,0x4822c6499d4d0b0699f42419610f894c6662a484,0xe5544a2a5fa9b175da60d8eec67add5582bb31b0,,0,0,0,2.54946E-05,0.079651391,2616.29,,,Mint
0x02dc5149827e15a5c288e807b5b4115ffd9884a3fe192667cf01dee6c5d016f4,22873483,1751965811,08/07/25 09:10,0x4822c6499d4d0b0699f42419610f894c6662a484,0xe5544a2a5fa9b175da60d8eec67add5582bb31b0,,0,0,0,2.4849E-05,0.077634502,2616.29,,,Mint
0x895953af7a98c1625709caf9a70ae22e719850ea7bcd5a849ccadc3e2602d6cc,22873481,1751965787,08/07/25 09:09,0x4822c6499d4d0b0699f42419610f894c6662a484,0xe5544a2a5fa9b175da60d8eec67add5582bb31b0,,0,0,0,2.32766E-05,0.072721713,2616.29,,,Mint
0x0cb8ce82c6affeb4cbe5bc788a4ddd4e4ee7c1fc28e824734ac1b6337f3caafc,22873479,1751965763,08/07/25 09:09,0x4822c6499d4d0b0699f42419610f894c6662a484,0xe5544a2a5fa9b175da60d8eec67add5582bb31b0,,0,0,0,2.51149E-05,0.078465231,2616.29,,,Mint
0xb5b4af689e3c78d20bf8bd8ac7c18c874d4706fe89768c83b29b8f554029fcda,22873477,1751965739,08/07/25 09:08,0x4822c6499d4d0b0699f42419610f894c6662a484,0xe5544a2a5fa9b175da60d8eec67add5582bb31b0,,0,0,0,2.56039E-05,0.079992728,2616.29,,,Mint
0xd58355b90680c12240aaed123a1016e86f1d498821fe02bd43836ac5288f50bb,22873475,1751965715,08/07/25 09:08,0x4822c6499d4d0b0699f42419610f894c6662a484,0xe5544a2a5fa9b175da60d8eec67add5582bb31b0,,0,0,0,2.45015E-05,0.076548569,2616.29,,,Mint
0x647b9545e849e01bec65f30fcb0efa22b0d076f9b7746e3220aea2a3dbac66f4,22873473,1751965691,08/07/25 09:08,0x4822c6499d4d0b0699f42419610f894c6662a484,0xe5544a2a5fa9b175da60d8eec67add5582bb31b0,,0,0,0,2.56327E-05,0.08008271,2616.29,,,Mint
0x8e2048cd62981caee39eb0b410475242732322c3b46926e613503dc1f0c7d4c5,22873471,1751965667,08/07/25 09:07,0x4822c6499d4d0b0699f42419610f894c6662a484,0xe5544a2a5fa9b175da60d8eec67add5582bb31b0,,0,0,0,2.61289E-05,0.081633232,2616.29,,,Mint
0xaf49d09f019ea8a4558bdc67f1ea94e430bd0bd69437d54512d290dd746364d1,22873469,1751965643,08/07/25 09:07,0x4822c6499d4d0b0699f42419610f894c6662a484,0xe5544a2a5fa9b175da60d8eec67add5582bb31b0,,0,0,0,2.49263E-05,0.077875836,2616.29,,,Mint
0xb5f9dc81176674850f07399751b6d31486613461d1fd84e991183417a2fa79cd,22873467,1751965619,08/07/25 09:06,0x4822c6499d4d0b0699f42419610f894c6662a484,0xe5544a2a5fa9b175da60d8eec67add5582bb31b0,,0,0,0,2.60051E-05,0.081246283,2616.29,,,Mint
0x980caee57349c41cc5dec90e80e6e35f518d18d98193f25a51a937daec5362c8,22873465,1751965595,08/07/25 09:06,0x4822c6499d4d0b0699f42419610f894c6662a484,0xe5544a2a5fa9b175da60d8eec67add5582bb31b0,,0,0,0,2.5656E-05,0.080155569,2616.29,,,Mint
0x494c172ee97d6a7f1d2bbc274c2771ced2016676ac9fab6adfdae0c2ddb533ae,22873463,1751965571,08/07/25 09:06,0x4822c6499d4d0b0699f42419610f894c6662a484,0xe5544a2a5fa9b175da60d8eec67add5582bb31b0,,0,0,0,2.54532E-05,0.079522118,2616.29,,,Mint
0x81e54d21bb4da61d98212e73e0677871571f17f0cf6b8eb7b54f7f186333488e,22873461,1751965547,08/07/25 09:05,0x4822c6499d4d0b0699f42419610f894c6662a484,0xe5544a2a5fa9b175da60d8eec67add5582bb31b0,,0,0,0,2.60138E-05,0.081273482,2616.29,,,Mint
0xac5442f21c8afe4f290ace5fad2bdc97d4364544280e615bbe4780ee59c0369b,22873459,1751965523,08/07/25 09:05,0x4822c6499d4d0b0699f42419610f894c6662a484,0xe5544a2a5fa9b175da60d8eec67add5582bb31b0,,0,0,0,2.45741E-05,0.076775428,2616.29,,,Mint
0x91da33ffe3370cd487bd15006778a890825e29385c396eed54d679e9f8ce5b5f,22873457,1751965499,08/07/25 09:04,0x4822c6499d4d0b0699f42419610f894c6662a484,0xe5544a2a5fa9b175da60d8eec67add5582bb31b0,,0,0,0,2.43198E-05,0.07598115,2616.29,,,Mint
0xbdd581b6cafd3cbdd0a4d8ed5c4a7e2e131d1fc13aac908778cde9117a4d5d8e,22873455,1751965475,08/07/25 09:04,0x4822c6499d4d0b0699f42419610f894c6662a484,0xe5544a2a5fa9b175da60d8eec67add5582bb31b0,,0,0,0,2.55584E-05,0.079850808,2616.29,,,Mint
0xe7e172e8fd46cec0145fe18b34237d4c9c1e0ce46c3e308590e70d7677b005df,22873453,1751965451,08/07/25 09:04,0x4822c6499d4d0b0699f42419610f894c6662a484,0xe5544a2a5fa9b175da60d8eec67add5582bb31b0,,0,0,0,2.36529E-05,0.073897568,2616.29,,,Mint
0xa2a9f1fea1b950d8343a536b961ccf3dcc946f5a26bec12baadcaaf7f01711ad,22873451,1751965427,08/07/25 09:03,0x4822c6499d4d0b0699f42419610f894c6662a484,0xe5544a2a5fa9b175da60d8eec67add5582bb31b0,,0,0,0,2.38025E-05,0.074364814,2616.29,,,Mint
0x901fb4f66e23efec8280a9bbf553894343c3740da2d786efc8f0af8064507a39,22873449,1751965403,08/07/25 09:03,0x4822c6499d4d0b0699f42419610f894c6662a484,0xe5544a2a5fa9b175da60d8eec67add5582bb31b0,,0,0,0,2.51074E-05,0.078441618,2616.29,,,Mint
0x39944c3366ee5da5ac4eb8e55ec486031a497844ad3cb039b70d03e45ba7fa78,22873447,1751965379,08/07/25 09:02,0x4822c6499d4d0b0699f42419610f894c6662a484,0xe5544a2a5fa9b175da60d8eec67add5582bb31b0,,0,0,0,2.5432E-05,0.07945574,2616.29,,,Mint
0xb07685826ad7957cb7da971005f9c4629df09946db485b6c827e2617600416b0,22873445,1751965355,08/07/25 09:02,0x4822c6499d4d0b0699f42419610f894c6662a484,0xe5544a2a5fa9b175da60d8eec67add5582bb31b0,,0,0,0,2.43521E-05,0.076082098,2616.29,,,Mint
0x217fd9087564fb45dc980f7be9e6f433e063762dbcca3d30a53d383209534dd3,22873443,1751965331,08/07/25 09:02,0x4822c6499d4d0b0699f42419610f894c6662a484,0xe5544a2a5fa9b175da60d8eec67add5582bb31b0,,0,0,0,2.50474E-05,0.078254108,2616.29,,,Mint
0x270bde63a2d81a46b9d8a488ae2e40245ad48afeaf96c3589b94ec1ae387e2cb,22873441,1751965307,08/07/25 09:01,0x4822c6499d4d0b0699f42419610f894c6662a484,0xe5544a2a5fa9b175da60d8eec67add5582bb31b0,,0,0,0,2.22557E-05,0.069532419,2616.29,,,Mint
0xb7f32e54577e965830b07c1afd9a7ceeb50394e9650fa16fedba25c3de364cdf,22873438,1751965271,08/07/25 09:01,0x4822c6499d4d0b0699f42419610f894c6662a484,0xe5544a2a5fa9b175da60d8eec67add5582bb31b0,,0,0,0,2.42822E-05,0.075863594,2616.29,,,Mint
0xba6d97ad3ceaa0874d407863000b8e4de2d20dfb169799cea43be9037f5706a9,22873436,1751965247,08/07/25 09:00,0x4822c6499d4d0b0699f42419610f894c6662a484,0xe5544a2a5fa9b175da60d8eec67add5582bb31b0,,0,0,0,2.25232E-05,0.070367906,2616.29,,,Mint
0x0a54cf8203b686c90cb29d34600658d79c8c293109e55344fa33383c51889085,22873434,1751965223,08/07/25 09:00,0x4822c6499d4d0b0699f42419610f894c6662a484,0xe5544a2a5fa9b175da60d8eec67add5582bb31b0,,0,0,0,2.147E-05,0.067077642,2616.29,,,Mint
0x98be3d764d32c98bf15cf756b4970042190c4ee38fda3d7bfcd1dbfde572adc6,22873430,1751965175,08/07/25 08:59,0x4822c6499d4d0b0699f42419610f894c6662a484,0xe5544a2a5fa9b175da60d8eec67add5582bb31b0,,0,0,0,2.37141E-05,0.074088828,2616.29,,,Mint
0x4b274cac598619cd12acd0c3ef991718090b5cc7fdfdc985af5da07720da8e68,22873428,1751965151,08/07/25 08:59,0x4822c6499d4d0b0699f42419610f894c6662a484,0xe5544a2a5fa9b175da60d8eec67add5582bb31b0,,0,0,0,2.32071E-05,0.072504775,2616.29,,,Mint
0x1f875dec66de6543a3baef4ce7dfea25e904907dad07bb1f827647e91e067b47,22873426,1751965127,08/07/25 08:58,0x4822c6499d4d0b0699f42419610f894c6662a484,0xe5544a2a5fa9b175da60d8eec67add5582bb31b0,,0,0,0,2.36794E-05,0.073980161,2616.29,,,Mint
0x94d41ae75971d9c3573f36b6d2d392e5fe6714e8bb0033b7d9cc061d66847d81,22873424,1751965103,08/07/25 08:58,0x4822c6499d4d0b0699f42419610f894c6662a484,0xe5544a2a5fa9b175da60d8eec67add5582bb31b0,,0,0,0,2.36853E-05,0.073998641,2616.29,,,Mint
0xcd506a8b818b90a1d9589e389dd2c604ade2d9491115466e712790f2bb627c46,22873422,1751965079,08/07/25 08:57,0x4822c6499d4d0b0699f42419610f894c6662a484,0xe5544a2a5fa9b175da60d8eec67add5582bb31b0,,0,0,0,2.29616E-05,0.071737534,2616.29,,,Mint
0x4dc6cd3abdce7212ded55a43a21264ec54b6db3766bcc1e40472f9bb1f536da0,22873420,1751965055,08/07/25 08:57,0x4822c6499d4d0b0699f42419610f894c6662a484,0xe5544a2a5fa9b175da60d8eec67add5582bb31b0,,0,0,0,2.2576E-05,0.070533009,2616.29,,,Mint
0x6949810aa078316ca333798b3a3622df5e467070e43011abc5b4c6e5d9b28c64,22873418,1751965031,08/07/25 08:57,0x4822c6499d4d0b0699f42419610f894c6662a484,0xe5544a2a5fa9b175da60d8eec67add5582bb31b0,,0,0,0,2.1875E-05,0.068343,2616.29,,,Mint
0x405e9f4bb579ae66db5df80e239d99506831e673ead2968ce5b01f87c733779c,22873416,1751965007,08/07/25 08:56,0x4822c6499d4d0b0699f42419610f894c6662a484,0xe5544a2a5fa9b175da60d8eec67add5582bb31b0,,0,0,0,2.1745E-05,0.067936632,2616.29,,,Mint
0x34646631e101a5148a11dbcaa1263d885e079cff7ea6dbeece9524d643d1efcf,22873414,1751964983,08/07/25 08:56,0x4822c6499d4d0b0699f42419610f894c6662a484,0xe5544a2a5fa9b175da60d8eec67add5582bb31b0,,0,0,0,2.16062E-05,0.067502948,2616.29,,,Mint
0xd42bd58793245000d21e0c54e59c017be6b5c00fde9ef0a155962854a009f76a,22873412,1751964959,08/07/25 08:55,0x4822c6499d4d0b0699f42419610f894c6662a484,0xe5544a2a5fa9b175da60d8eec67add5582bb31b0,,0,0,0,2.20524E-05,0.068897191,2616.29,,,Mint
0x5d58f2b50829f1ab6ac3c5952dabb59ef54b244943d4bc83134024f05a17f141,22873410,1751964935,08/07/25 08:55,0x4822c6499d4d0b0699f42419610f894c6662a484,0xe5544a2a5fa9b175da60d8eec67add5582bb31b0,,0,0,0,2.26044E-05,0.070621811,2616.29,,,Mint
0xcf16a4aa6a183544c7709813fdb7fb6b7074bf00dfad6700208479d9845eb69d,22873408,1751964911,08/07/25 08:55,0x4822c6499d4d0b0699f42419610f894c6662a484,0xe5544a2a5fa9b175da60d8eec67add5582bb31b0,,0,0,0,2.17805E-05,0.06804772,2616.29,,,Mint
0x85d4db5ea7964259259f6acab264bcad6620c1b7e465893176b69a70e1fa4fad,22873406,1751964887,08/07/25 08:54,0x4822c6499d4d0b0699f42419610f894c6662a484,0xe5544a2a5fa9b175da60d8eec67add5582bb31b0,,0,0,0,2.46911E-05,0.077141127,2616.29,,,Mint
0xc2c8a607736481058be1fd1c5472a2af4b18ee46abdfc12293fd143b37bd1072,22873404,1751964863,08/07/25 08:54,0x4822c6499d4d0b0699f42419610f894c6662a484,0xe5544a2a5fa9b175da60d8eec67add5582bb31b0,,0,0,0,2.49351E-05,0.077903279,2616.29,,,Mint
0x970e01f85493125e92fd24765381cce028abb216a3395fb6c8fce2364ccef756,22873402,1751964839,08/07/25 08:53,0x4822c6499d4d0b0699f42419610f894c6662a484,0xe5544a2a5fa9b175da60d8eec67add5582bb31b0,,0,0,0,2.46682E-05,0.077069551,2616.29,,,Mint
0x6418252c6ae1a005aab3a35853580f04334b377c75c23151ed98f0442ba0beac,22873400,1751964815,08/07/25 08:53,0x4822c6499d4d0b0699f42419610f894c6662a484,0xe5544a2a5fa9b175da60d8eec67add5582bb31b0,,0,0,0,2.50011E-05,0.078109477,2616.29,,,Mint
0xf1eefee05f54450ba5f0292ef243323377f8aa3a30980da5e20881ea348285a0,22873398,1751964791,08/07/25 08:53,0x4822c6499d4d0b0699f42419610f894c6662a484,0xe5544a2a5fa9b175da60d8eec67add5582bb31b0,,0,0,0,2.31813E-05,0.07242419,2616.29,,,Mint
0x6f3460d1b042130185c27c854470dd3bd7aa436946cde421dd723665b7bc7a1e,22873396,1751964767,08/07/25 08:52,0x4822c6499d4d0b0699f42419610f894c6662a484,0xe5544a2a5fa9b175da60d8eec67add5582bb31b0,,0,0,0,2.37602E-05,0.074232761,2616.29,,,Mint
0xb30dab78485f550bc80a81ef83c43da2b060e72287d6e61f377f4c34eec12323,22873393,1751964731,08/07/25 08:52,0x4822c6499d4d0b0699f42419610f894c6662a484,0xe5544a2a5fa9b175da60d8eec67add5582bb31b0,,0,0,0,2.59515E-05,0.081078872,2616.29,,,Mint
0xb22b1b7cd751d686ad920b60a2a7c672280636266b731b99fcfbd8f3f242bdc5,22873391,1751964707,08/07/25 08:51,0x4822c6499d4d0b0699f42419610f894c6662a484,0xe5544a2a5fa9b175da60d8eec67add5582bb31b0,,0,0,0,2.6687E-05,0.08337681,2616.29,,,Mint
0x446ed65e6245ab9e638765149b6d01612257c26ba91ff19f1a0ab90a1bce8827,22873389,1751964683,08/07/25 08:51,0x4822c6499d4d0b0699f42419610f894c6662a484,0xe5544a2a5fa9b175da60d8eec67add5582bb31b0,,0,0,0,2.52517E-05,0.078892505,2616.29,,,Mint
0x7bc9dab7ce285dde0b6e64efa739f3ad6812b711afd4c60711592bb031544963,22873387,1751964659,08/07/25 08:50,0x4822c6499d4d0b0699f42419610f894c6662a484,0xe5544a2a5fa9b175da60d8eec67add5582bb31b0,,0,0,0,2.48611E-05,0.077672251,2616.29,,,Mint
0x3866d028f6820846e78dc724bdfcba708b648372ffe1faa1eca180e910934aec,22873384,1751964623,08/07/25 08:50,0x4822c6499d4d0b0699f42419610f894c6662a484,0xe5544a2a5fa9b175da60d8eec67add5582bb31b0,,0,0,0,2.39252E-05,0.07474815,2616.29,,,Mint
0x9c2c43747ed27b367fd56e8044c0786b29b6201e437fd06d31381139474dcc25,22873381,1751964587,08/07/25 08:49,0x4822c6499d4d0b0699f42419610f894c6662a484,0xe5544a2a5fa9b175da60d8eec67add5582bb31b0,,0,0,0,2.51761E-05,0.078656389,2616.29,,,Mint
0xf402492cb9f680a0a9840be2e4284c5c4c130305570eaba1c9efa08596fb3ba1,22873379,1751964563,08/07/25 08:49,0x4822c6499d4d0b0699f42419610f894c6662a484,0xe5544a2a5fa9b175da60d8eec67add5582bb31b0,,0,0,0,2.51292E-05,0.078509683,2616.29,,,Mint
0x4214ad61b504109d2f9893691ac905c185304f20bc90083ee22438079aa634af,22873377,1751964539,08/07/25 08:48,0x4822c6499d4d0b0699f42419610f894c6662a484,0xe5544a2a5fa9b175da60d8eec67add5582bb31b0,,0,0,0,2.53448E-05,0.079183496,2616.29,,,Mint
0x7e56827095123d3ed06753871554d0698b3a54cd73e070bba31267d35f1988f5,22873375,1751964515,08/07/25 08:48,0x4822c6499d4d0b0699f42419610f894c6662a484,0xe5544a2a5fa9b175da60d8eec67add5582bb31b0,,0,0,0,2.59275E-05,0.081003765,2616.29,,,Mint
0xef5a76349a1f1c1cddb9eb8589c60316f782a8c11db491d0425ea58d426244fe,22873373,1751964491,08/07/25 08:48,0x4822c6499d4d0b0699f42419610f894c6662a484,0xe5544a2a5fa9b175da60d8eec67add5582bb31b0,,0,0,0,2.56701E-05,0.080199635,2616.29,,,Mint
0x2528dbdd6f13efc1e3c443284532cd5aa05843308591210f66dd7a7fdb2812a0,22873371,1751964467,08/07/25 08:47,0x4822c6499d4d0b0699f42419610f894c6662a484,0xe5544a2a5fa9b175da60d8eec67add5582bb31b0,,0,0,0,2.46967E-05,0.07715846,2616.29,,,Mint
0xa27b557e708bd73641c321c57ee58848d32367b82010409059a11c31fd661038,22873369,1751964443,08/07/25 08:47,0x4822c6499d4d0b0699f42419610f894c6662a484,0xe5544a2a5fa9b175da60d8eec67add5582bb31b0,,0,0,0,2.51934E-05,0.078710267,2616.29,,,Mint
0x43ebbb6b840a70d770d79b76e2e98a300d0a382c8f1eefb38edc17ff4d792722,22873367,1751964419,08/07/25 08:46,0x4822c6499d4d0b0699f42419610f894c6662a484,0xe5544a2a5fa9b175da60d8eec67add5582bb31b0,,0,0,0,2.22293E-05,0.069449821,2616.29,,,Mint
0xd202d94be0d0882623d47efb637dc35ba632aebf44de8eff19f8455ec67c6dbc,22873363,1751964371,08/07/25 08:46,0x4822c6499d4d0b0699f42419610f894c6662a484,0xe5544a2a5fa9b175da60d8eec67add5582bb31b0,,0,0,0,2.50001E-05,0.078106529,2616.29,,,Mint
0x40883ac622a658e73a096d979713e8f90661afe94e9d6cc9dbe7b9d3fe30ada9,22873361,1751964347,08/07/25 08:45,0x4822c6499d4d0b0699f42419610f894c6662a484,0xe5544a2a5fa9b175da60d8eec67add5582bb31b0,,0,0,0,2.58021E-05,0.080612032,2616.29,,,Mint
0xec9ad2492dd71219ffe372279c93a0c865a891a14f6f48ffa28fd39e4c32341d,22873359,1751964323,08/07/25 08:45,0x4822c6499d4d0b0699f42419610f894c6662a484,0xe5544a2a5fa9b175da60d8eec67add5582bb31b0,,0,0,0,2.59227E-05,0.080988826,2616.29,,,Mint
0xfed8accab9fde3e2fea09d1d6cac7afc70c0769d29eba29829cafaf1b836d130,22873357,1751964299,08/07/25 08:44,0x4822c6499d4d0b0699f42419610f894c6662a484,0xe5544a2a5fa9b175da60d8eec67add5582bb31b0,,0,0,0,2.55464E-05,0.079813364,2616.29,,,Mint
0xdb17791aac11a91215c1ad1cad7bf020c4d7586f2eb12d0a6b1c8cc9d769e01e,22873355,1751964275,08/07/25 08:44,0x4822c6499d4d0b0699f42419610f894c6662a484,0xe5544a2a5fa9b175da60d8eec67add5582bb31b0,,0,0,0,2.45869E-05,0.076815534,2616.29,,,Mint
0xfca9834c0bf4e056f9b1875659a9cb22d9258c1eb400d3528ce1d7f41fd2099a,22873353,1751964251,08/07/25 08:44,0x4822c6499d4d0b0699f42419610f894c6662a484,0xe5544a2a5fa9b175da60d8eec67add5582bb31b0,,0,0,0,2.46059E-05,0.076874761,2616.29,,,Mint
0x55307ef70daa825f68baf631a19b8b27cdf65410793d2d32238ae4b121c110a2,22873351,1751964227,08/07/25 08:43,0x4822c6499d4d0b0699f42419610f894c6662a484,0xe5544a2a5fa9b175da60d8eec67add5582bb31b0,,0,0,0,2.45915E-05,0.076829909,2616.29,,,Mint
0x214745385a3dc1c17e8038d2c0d3b807276786fc906b664556e37964d33efbed,22873349,1751964203,08/07/25 08:43,0x4822c6499d4d0b0699f42419610f894c6662a484,0xe5544a2a5fa9b175da60d8eec67add5582bb31b0,,0,0,0,2.54912E-05,0.079640702,2616.29,,,Mint
0x059d2832f10400ade174c496e3474e1121df53d4af3a261e6b7a80449716c319,22873347,1751964179,08/07/25 08:42,0x4822c6499d4d0b0699f42419610f894c6662a484,0xe5544a2a5fa9b175da60d8eec67add5582bb31b0,,0,0,0,2.58722E-05,0.080831178,2616.29,,,Mint
0x975cd1bade7edc36e9305371f05613f66352d15961fae8642cc5317937161ab6,22873345,1751964155,08/07/25 08:42,0x4822c6499d4d0b0699f42419610f894c6662a484,0xe5544a2a5fa9b175da60d8eec67add5582bb31b0,,0,0,0,2.37333E-05,0.074148767,2616.29,,,Mint
0x83798d1030ebaa24048fe105dbc0fe2a268a7d28370ece537d17fad3962ddda0,22873343,1751964131,08/07/25 08:42,0x4822c6499d4d0b0699f42419610f894c6662a484,0xe5544a2a5fa9b175da60d8eec67add5582bb31b0,,0,0,0,2.27692E-05,0.071136696,2616.29,,,Mint
0x5e70babf9403138ee1f0c1970cfd786caabea373c292259e2d80e792cebf84ac,22873341,1751964107,08/07/25 08:41,0x4822c6499d4d0b0699f42419610f894c6662a484,0xe5544a2a5fa9b175da60d8eec67add5582bb31b0,,0,0,0,2.29679E-05,0.071757287,2616.29,,,Mint
0x61d32e44a2bf5a3588b051ea8878906b9148c6a7fdd83ac517a3a7c2e6068ea0,22873339,1751964083,08/07/25 08:41,0x4822c6499d4d0b0699f42419610f894c6662a484,0xe5544a2a5fa9b175da60d8eec67add5582bb31b0,,0,0,0,2.31429E-05,0.072304209,2616.29,,,Mint
0x74515ea904229b6de5c8faa8ba7b40121b6f503d139bea4f930a71d26a242c7d,22873337,1751964059,08/07/25 08:40,0x4822c6499d4d0b0699f42419610f894c6662a484,0xe5544a2a5fa9b175da60d8eec67add5582bb31b0,,0,0,0,2.13894E-05,0.0668258,2616.29,,,Mint
0x3a36a9d05e470e2e5f90c52ed65841934768cf640b21cd28c09e495974e00070,22873335,1751964035,08/07/25 08:40,0x4822c6499d4d0b0699f42419610f894c6662a484,0xe5544a2a5fa9b175da60d8eec67add5582bb31b0,,0,0,0,2.23208E-05,0.069735568,2616.29,,,Mint
0x180427bbb4781fa33ac1d17e784e8feca591e7eb7d7c1587a73bcefba540b194,22873333,1751964011,08/07/25 08:40,0x4822c6499d4d0b0699f42419610f894c6662a484,0xe5544a2a5fa9b175da60d8eec67add5582bb31b0,,0,0,0,2.25532E-05,0.070461693,2616.29,,,Mint
0x8e13a82b4c45c9fa590342851a3006ea4b061bc50a9553b2017ba499176442dc,22873331,1751963987,08/07/25 08:39,0x4822c6499d4d0b0699f42419610f894c6662a484,0xe5544a2a5fa9b175da60d8eec67add5582bb31b0,,0,0,0,2.31638E-05,0.072369449,2616.29,,,Mint
0xe61e4e8624edb4cd3cc935e5f3019fc2fef6710ffff344b30197b3f6e582afea,22873329,1751963963,08/07/25 08:39,0x4822c6499d4d0b0699f42419610f894c6662a484,0xe5544a2a5fa9b175da60d8eec67add5582bb31b0,,0,0,0,2.2195E-05,0.069342655,2616.29,,,Mint
0x1ec39bc5651bb69e2f35c035460def83c190266c99aed7ba8ef68ff1483ce401,22873327,1751963939,08/07/25 08:38,0x4822c6499d4d0b0699f42419610f894c6662a484,0xe5544a2a5fa9b175da60d8eec67add5582bb31b0,,0,0,0,2.47847E-05,0.077433475,2616.29,,,Mint
0xc8bffea31d543d483499e63d559e216a0e8b5879fe337de38d02876928f3638d,22873325,1751963915,08/07/25 08:38,0x4822c6499d4d0b0699f42419610f894c6662a484,0xe5544a2a5fa9b175da60d8eec67add5582bb31b0,,0,0,0,2.48026E-05,0.077489308,2616.29,,,Mint
0xce81f2904d5172bf49752ac858686799858acae0a0d932968630be7a24185992,22873323,1751963891,08/07/25 08:38,0x4822c6499d4d0b0699f42419610f894c6662a484,0xe5544a2a5fa9b175da60d8eec67add5582bb31b0,,0,0,0,2.51549E-05,0.078590063,2616.29,,,Mint
0x53ce9412abafbe700f507d4091cf52dadbbbaf4ff941156d58b8347aff5a16bb,22873321,1751963867,08/07/25 08:37,0x4822c6499d4d0b0699f42419610f894c6662a484,0xe5544a2a5fa9b175da60d8eec67add5582bb31b0,,0,0,0,2.27609E-05,0.071110674,2616.29,,,Mint
0x2fbd400383dcf6f9f9894f40906a113b51c92ba06a87a7c8137a5806f0ecf123,22873319,1751963843,08/07/25 08:37,0x4822c6499d4d0b0699f42419610f894c6662a484,0xe5544a2a5fa9b175da60d8eec67add5582bb31b0,,0,0,0,2.4347E-05,0.076065946,2616.29,,,Mint
0xf2a29e0f43390e12ca0bf4130a1cb3d3ee0a8d032dd9dec51b389ceb4b0c9e9e,22873317,1751963819,08/07/25 08:36,0x4822c6499d4d0b0699f42419610f894c6662a484,0xe5544a2a5fa9b175da60d8eec67add5582bb31b0,,0,0,0,2.4782E-05,0.077425049,2616.29,,,Mint
0x78148092bcca77d19ba890c532200768c8cc07549a8f5df4ddde013d24855872,22873315,1751963795,08/07/25 08:36,0x4822c6499d4d0b0699f42419610f894c6662a484,0xe5544a2a5fa9b175da60d8eec67add5582bb31b0,,0,0,0,2.4631E-05,0.076953376,2616.29,,,Mint
0x30fc9b6a6a5bdecef246cfd57fddfad73d6cb95e91f50f9fd40895bcb9def098,22873313,1751963771,08/07/25 08:36,0x4822c6499d4d0b0699f42419610f894c6662a484,0xe5544a2a5fa9b175da60d8eec67add5582bb31b0,,0,0,0,2.46006E-05,0.076858262,2616.29,,,Mint
0x72dd081487250f0388999f711504a1c33668a59c12f7ee935d1ea70538c2f546,22873311,1751963747,08/07/25 08:35,0x4822c6499d4d0b0699f42419610f894c6662a484,0xe5544a2a5fa9b175da60d8eec67add5582bb31b0,,0,0,0,2.56404E-05,0.080106775,2616.29,,,Mint
0x3fc6d68ec2b02374d6b6fedc52fd952791eb9d86885e0e5fb883dcee611ce0cd,22873309,1751963723,08/07/25 08:35,0x4822c6499d4d0b0699f42419610f894c6662a484,0xe5544a2a5fa9b175da60d8eec67add5582bb31b0,,0,0,0,2.46393E-05,0.076979348,2616.29,,,Mint
0xd0dcab6111bd3f1b6293cc45060047532345d6b488c70b1806e0ca7f43e0a40c,22873307,1751963699,08/07/25 08:34,0x4822c6499d4d0b0699f42419610f894c6662a484,0xe5544a2a5fa9b175da60d8eec67add5582bb31b0,,0,0,0,2.37444E-05,0.074183369,2616.29,,,Mint
0x2f6f3daf112a6788e10b50940572e899a528a480ae296d0c203cbb356101a63d,22873304,1751963663,08/07/25 08:34,0x4822c6499d4d0b0699f42419610f894c6662a484,0xe5544a2a5fa9b175da60d8eec67add5582bb31b0,,0,0,0,2.34917E-05,0.073393776,2616.29,,,Mint
0x25f0ae8a6f6e718df6172a712cef20c51e9cf2d022f2a6724cb78fee0cef9386,22873302,1751963639,08/07/25 08:33,0x4822c6499d4d0b0699f42419610f894c6662a484,0xe5544a2a5fa9b175da60d8eec67add5582bb31b0,,0,0,0,2.44907E-05,0.076514982,2616.29,,,Mint
0xcbdb7f2a8df42fd67b8b7f9ce5de3c136260498cb2cde4bc05330f8a84f0b211,22873300,1751963615,08/07/25 08:33,0x4822c6499d4d0b0699f42419610f894c6662a484,0xe5544a2a5fa9b175da60d8eec67add5582bb31b0,,0,0,0,2.48935E-05,0.077773358,2616.29,,,Mint
0xda3599242f4b36d5d3b8c33c81afd46b52a945df65b12df2622a42d5ad687c03,22873298,1751963591,08/07/25 08:33,0x4822c6499d4d0b0699f42419610f894c6662a484,0xe5544a2a5fa9b175da60d8eec67add5582bb31b0,,0,0,0,2.34655E-05,0.073311984,2616.29,,,Mint
0xb551384412097ebd25b65733eabc25c729d59916ec8204d76f8aa55370524936,22873296,1751963567,08/07/25 08:32,0x4822c6499d4d0b0699f42419610f894c6662a484,0xe5544a2a5fa9b175da60d8eec67add5582bb31b0,,0,0,0,2.36417E-05,0.073862607,2616.29,,,Mint
0xabfe705831025f44e1efec4264b30a493166fca03a28b0ee54ad0194a9c21f44,22873293,1751963531,08/07/25 08:32,0x4822c6499d4d0b0699f42419610f894c6662a484,0xe5544a2a5fa9b175da60d8eec67add5582bb31b0,,0,0,0,2.4857E-05,0.077659289,2616.29,,,Mint
0x1d80b43d2744819fddfafb50a2f65a3fc160506af997942f2f65cb91352a390d,22873290,1751963495,08/07/25 08:31,0x4822c6499d4d0b0699f42419610f894c6662a484,0xe5544a2a5fa9b175da60d8eec67add5582bb31b0,,0,0,0,2.72602E-05,0.085167451,2616.29,,,Mint
0xdd1af3e87ca88e0b95c68e0e7d0da532e1fbe186f0c788c8bafd73386ef78862,22873288,1751963471,08/07/25 08:31,0x4822c6499d4d0b0699f42419610f894c6662a484,0xe5544a2a5fa9b175da60d8eec67add5582bb31b0,,0,0,0,2.65167E-05,0.08284481,2616.29,,,Mint
0x574949a9912402a6cd7dbdfe86bfcd0d002ff7f21955caf750fb61f8e698c70c,22873286,1751963447,08/07/25 08:30,0x4822c6499d4d0b0699f42419610f894c6662a484,0xe5544a2a5fa9b175da60d8eec67add5582bb31b0,,0,0,0,2.74465E-05,0.085749653,2616.29,,,Mint
0x382e6fd06bb611c72e5da1efa3417f264826901d55dd5da5fd704556d4078f2f,22873284,1751963423,08/07/25 08:30,0x4822c6499d4d0b0699f42419610f894c6662a484,0xe5544a2a5fa9b175da60d8eec67add5582bb31b0,,0,0,0,2.71248E-05,0.084744462,2616.29,,,Mint
0x94a9cf9d3c072444877d583bc366e87baa58368807e583f6d20e093fd36960e2,22873282,1751963399,08/07/25 08:29,0x4822c6499d4d0b0699f42419610f894c6662a484,0xe5544a2a5fa9b175da60d8eec67add5582bb31b0,,0,0,0,2.66935E-05,0.08339708,2616.29,,,Mint
0xb055565fb98c9c5b83d675dbde0b2a22d2822f60753f87073423d4d0e65b4a44,22873280,1751963375,08/07/25 08:29,0x4822c6499d4d0b0699f42419610f894c6662a484,0xe5544a2a5fa9b175da60d8eec67add5582bb31b0,,0,0,0,2.55227E-05,0.079739273,2616.29,,,Mint
0x412f6a84f06cac50e65efbd2f9dd2350db089b3735db98d46fb5e8f43d732374,22873278,1751963351,08/07/25 08:29,0x4822c6499d4d0b0699f42419610f894c6662a484,0xe5544a2a5fa9b175da60d8eec67add5582bb31b0,,0,0,0,2.60382E-05,0.081349637,2616.29,,,Mint
0xfc3290d36b748165345a85bdd4156f42d831836c23be56844265657e01e73c78,22873276,1751963327,08/07/25 08:28,0x4822c6499d4d0b0699f42419610f894c6662a484,0xe5544a2a5fa9b175da60d8eec67add5582bb31b0,,0,0,0,2.53053E-05,0.07906,2616.29,,,Mint
0x203444cb2e8d0087dadaf129cf2568740399a7ce3c32d624f61566779d7add3a,22873274,1751963303,08/07/25 08:28,0x4822c6499d4d0b0699f42419610f894c6662a484,0xe5544a2a5fa9b175da60d8eec67add5582bb31b0,,0,0,0,2.51373E-05,0.078535013,2616.29,,,Mint
0x8e2c4200b643ed91fe8f6ce0077e8eab730cf08bebb8d28985754aa91e06d32a,22873272,1751963279,08/07/25 08:27,0x4822c6499d4d0b0699f42419610f894c6662a484,0xe5544a2a5fa9b175da60d8eec67add5582bb31b0,,0,0,0,2.59192E-05,0.080977845,2616.29,,,Mint
0x399e9a629b550424cc82849f8f650856fe06d985b380680a43df9dfd56d5ab9f,22873270,1751963255,08/07/25 08:27,0x4822c6499d4d0b0699f42419610f894c6662a484,0xe5544a2a5fa9b175da60d8eec67add5582bb31b0,,0,0,0,2.55377E-05,0.079786119,2616.29,,,Mint
0xa43c6c0f5e3715f4e8c3dfceec84a4ccdb6cd66b4ad58b9da41ed951fa80a009,22873268,1751963231,08/07/25 08:27,0x4822c6499d4d0b0699f42419610f894c6662a484,0xe5544a2a5fa9b175da60d8eec67add5582bb31b0,,0,0,0,2.45613E-05,0.076735576,2616.29,,,Mint
0xa8737f57dfd0cda5955d13639b3d06fd3ff19af68e9dc0aa57068b010fac8bee,22873266,1751963207,08/07/25 08:26,0x4822c6499d4d0b0699f42419610f894c6662a484,0xe5544a2a5fa9b175da60d8eec67add5582bb31b0,,0,0,0,2.66451E-05,0.083245932,2616.29,,,Mint
0x6ec32dbebffd7b3641a43303641bae6b5d7319f8382b53295df5811b3fe84cce,22873264,1751963183,08/07/25 08:26,0x4822c6499d4d0b0699f42419610f894c6662a484,0xe5544a2a5fa9b175da60d8eec67add5582bb31b0,,0,0,0,2.58267E-05,0.080689018,2616.29,,,Mint
0x2835187af549cd85818ccf402b884def12d4d6584787eae3679f23163d51735e,22873262,1751963159,08/07/25 08:25,0x4822c6499d4d0b0699f42419610f894c6662a484,0xe5544a2a5fa9b175da60d8eec67add5582bb31b0,,0,0,0,2.76103E-05,0.086261353,2616.29,,,Mint
0xc8a0d4ec02b17444cf6acccaba7995eb5a59faf487220b7d4c912b48f170f923,22873260,1751963135,08/07/25 08:25,0x4822c6499d4d0b0699f42419610f894c6662a484,0xe5544a2a5fa9b175da60d8eec67add5582bb31b0,,0,0,0,2.76084E-05,0.086255544,2616.29,,,Mint
0x602974eb108d5011566d359763414c42bb0f769b6af1eb7fbc1cc21d8bb5ad20,22873258,1751963111,08/07/25 08:25,0x4822c6499d4d0b0699f42419610f894c6662a484,0xe5544a2a5fa9b175da60d8eec67add5582bb31b0,,0,0,0,2.85459E-05,0.089184333,2616.29,,,Mint
0xd6eb8dd02d03248faada92ab0b0192e5ebcb8ebd82cb7db4d98cee566df61557,22873256,1751963087,08/07/25 08:24,0x4822c6499d4d0b0699f42419610f894c6662a484,0xe5544a2a5fa9b175da60d8eec67add5582bb31b0,,0,0,0,2.89924E-05,0.090579254,2616.29,,,Mint
0xff7bda525ca300b8b95858e44566bd82071194653854302faa8947f1269796ec,22873254,1751963063,08/07/25 08:24,0x4822c6499d4d0b0699f42419610f894c6662a484,0xe5544a2a5fa9b175da60d8eec67add5582bb31b0,,0,0,0,2.82319E-05,0.088203345,2616.29,,,Mint
0xf04bfc2e7a39e3dd5141ec2d45d36330339f62a862361f4a7d164ec3fd18b8bf,22873252,1751963039,08/07/25 08:23,0x4822c6499d4d0b0699f42419610f894c6662a484,0xe5544a2a5fa9b175da60d8eec67add5582bb31b0,,0,0,0,2.98666E-05,0.093310655,2616.29,,,Mint
0x4232290b22559730f4c5a08b0cfe1e853af592702f75b1b50122922c766936cd,22873250,1751963015,08/07/25 08:23,0x4822c6499d4d0b0699f42419610f894c6662a484,0xe5544a2a5fa9b175da60d8eec67add5582bb31b0,,0,0,0,2.97617E-05,0.092982778,2616.29,,,Mint
0x17a7de65fa6236ddedc5d867e0baea6f83827df9eb85f5ce30e4aed4d1857a93,22873248,1751962991,08/07/25 08:23,0x4822c6499d4d0b0699f42419610f894c6662a484,0xe5544a2a5fa9b175da60d8eec67add5582bb31b0,,0,0,0,3.00637E-05,0.093926282,2616.29,,,Mint
0x06afd72d2e21e9304f9ec6aa365f4391cf72d74623b74002cfbc2352df4f6441,22873246,1751962967,08/07/25 08:22,0x4822c6499d4d0b0699f42419610f894c6662a484,0xe5544a2a5fa9b175da60d8eec67add5582bb31b0,,0,0,0,2.88147E-05,0.090024173,2616.29,,,Mint
0x9f81c12bb9aa887f4e57f87a37f0b016978e831d9bae6717e8881101b6b71118,22873244,1751962943,08/07/25 08:22,0x4822c6499d4d0b0699f42419610f894c6662a484,0xe5544a2a5fa9b175da60d8eec67add5582bb31b0,,0,0,0,2.97244E-05,0.092866193,2616.29,,,Mint
0x8533c03649c301b343211ab2261f274d4b01236dda0c93a86996b3e3e38ee1f7,22873242,1751962919,08/07/25 08:21,0x4822c6499d4d0b0699f42419610f894c6662a484,0xe5544a2a5fa9b175da60d8eec67add5582bb31b0,,0,0,0,3.01025E-05,0.09404756,2616.29,,,Mint
0x14aab938311b5b770beb83ce2abd1ce11fa84f691fc3ee83abc8df8a2586336c,22873240,1751962895,08/07/25 08:21,0x4822c6499d4d0b0699f42419610f894c6662a484,0xe5544a2a5fa9b175da60d8eec67add5582bb31b0,,0,0,0,2.9517E-05,0.092218514,2616.29,,,Mint
0x4a29fe783bfe423434b215185038b2f1dda0b15af0bdae2d1ef3649398877e79,22873238,1751962871,08/07/25 08:21,0x4822c6499d4d0b0699f42419610f894c6662a484,0xe5544a2a5fa9b175da60d8eec67add5582bb31b0,,0,0,0,2.96064E-05,0.092497756,2616.29,,,Mint
0x7307efa0498eb3ead0f0934375914754de3cfa239266a49f483efc3c3a81bfe2,22873236,1751962847,08/07/25 08:20,0x4822c6499d4d0b0699f42419610f894c6662a484,0xe5544a2a5fa9b175da60d8eec67add5582bb31b0,,0,0,0,3.11992E-05,0.097473819,2616.29,,,Mint
0xddf57a9522a3188ebfe4e431a55fecb3811346ed4914366e67c65a75eef76ac3,22873234,1751962823,08/07/25 08:20,0x4822c6499d4d0b0699f42419610f894c6662a484,0xe5544a2a5fa9b175da60d8eec67add5582bb31b0,,0,0,0,2.99738E-05,0.093645611,2616.29,,,Mint
0x2e67d652a8c34a9288ffb305aaf6d2fb4e15c7a5e1a3b54530194a8dd66ce368,22873232,1751962799,08/07/25 08:19,0x4822c6499d4d0b0699f42419610f894c6662a484,0xe5544a2a5fa9b175da60d8eec67add5582bb31b0,,0,0,0,2.9175E-05,0.091149758,2616.29,,,Mint
0x6cc7ca0f541f67fe1960593b4b2409cdf5893296abfd99f4973ee4b08987c40d,22873230,1751962775,08/07/25 08:19,0x4822c6499d4d0b0699f42419610f894c6662a484,0xe5544a2a5fa9b175da60d8eec67add5582bb31b0,,0,0,0,3.00452E-05,0.093868503,2616.29,,,Mint
0xd0ee7dfa3802c7c5d1ec542d343024db6182450d660161982b77c1ca4c6d44d2,22873228,1751962751,08/07/25 08:19,0x4822c6499d4d0b0699f42419610f894c6662a484,0xe5544a2a5fa9b175da60d8eec67add5582bb31b0,,0,0,0,3.066E-05,0.095789279,2616.29,,,Mint
0x6461556f89cb877794d29803a6ea9f81918e33d2a8bd77358907689cf46207aa,22873226,1751962727,08/07/25 08:18,0x4822c6499d4d0b0699f42419610f894c6662a484,0xe5544a2a5fa9b175da60d8eec67add5582bb31b0,,0,0,0,3.08358E-05,0.096338768,2616.29,,,Mint
0x4376b9cb5db74b67b1440356ffd3fa2db67dc32f9e4f1c9de02d21fb9470d175,22873224,1751962703,08/07/25 08:18,0x4822c6499d4d0b0699f42419610f894c6662a484,0xe5544a2a5fa9b175da60d8eec67add5582bb31b0,,0,0,0,2.92124E-05,0.091266755,2616.29,,,Mint
0x276ef2257fbf10a30ba986320bb73afa36d6f8a7456d15b2834c135cf49d90f1,22873222,1751962679,08/07/25 08:17,0x4822c6499d4d0b0699f42419610f894c6662a484,0xe5544a2a5fa9b175da60d8eec67add5582bb31b0,,0,0,0,2.93389E-05,0.09166199,2616.29,,,Mint
0xe1ef3f7d76ce275dd866b2a725f811c81e32ecd037dad48b6e34f7fce8aa35ee,22873220,1751962655,08/07/25 08:17,0x4822c6499d4d0b0699f42419610f894c6662a484,0xe5544a2a5fa9b175da60d8eec67add5582bb31b0,,0,0,0,2.96328E-05,0.092580044,2616.29,,,Mint
0x33592dc2553e8e5bb6a0917872791780bb687d4b80052e9c099048996ece8477,22873218,1751962631,08/07/25 08:17,0x4822c6499d4d0b0699f42419610f894c6662a484,0xe5544a2a5fa9b175da60d8eec67add5582bb31b0,,0,0,0,3.07605E-05,0.096103235,2616.29,,,Mint
0x92a4c3aa7443c5b4bf78605d778ee74109ebb780c53511ccaf36e2f4e1cb3a25,22873216,1751962607,08/07/25 08:16,0x4822c6499d4d0b0699f42419610f894c6662a484,0xe5544a2a5fa9b175da60d8eec67add5582bb31b0,,0,0,0,3.06545E-05,0.095772182,2616.29,,,Mint
0x01040ae5bbafdca6dac2fc6add2c649caaad0a42029c47cc2a7b015f83e663ac,22873214,1751962583,08/07/25 08:16,0x4822c6499d4d0b0699f42419610f894c6662a484,0xe5544a2a5fa9b175da60d8eec67add5582bb31b0,,0,0,0,3.04312E-05,0.095074707,2616.29,,,Mint
0x753fc6b8acf7150f79fc04b937c8b247c122d242a1799a85196ff4ac45ec4003,22873212,1751962559,08/07/25 08:15,0x4822c6499d4d0b0699f42419610f894c6662a484,0xe5544a2a5fa9b175da60d8eec67add5582bb31b0,,0,0,0,2.83565E-05,0.088592571,2616.29,,,Mint
0x6f5b18e42ce5b5a6061ca7ce0e6a4b536e00047b959d41e58d35a3c5853a15cd,22873210,1751962535,08/07/25 08:15,0x4822c6499d4d0b0699f42419610f894c6662a484,0xe5544a2a5fa9b175da60d8eec67add5582bb31b0,,0,0,0,3.05071E-05,0.095311828,2616.29,,,Mint
0xcef40c1b54c08b08291a9d894cce3189e0eb78273844e125570830dae1b678ed,22873208,1751962511,08/07/25 08:15,0x4822c6499d4d0b0699f42419610f894c6662a484,0xe5544a2a5fa9b175da60d8eec67add5582bb31b0,,0,0,0,3.17586E-05,0.099221563,2616.29,,,Mint
0x0e259f125ecc91ecb9d6d4e3a9d2f67fa990def50c50bcf6ed4cad59adb82bf8,22873206,1751962487,08/07/25 08:14,0x4822c6499d4d0b0699f42419610f894c6662a484,0xe5544a2a5fa9b175da60d8eec67add5582bb31b0,,0,0,0,3.1901E-05,0.099666652,2616.29,,,Mint
0xe88b43cd86d2f3526612aa55eaefcc72d1d7fdc037268e973433450741437314,22873204,1751962463,08/07/25 08:14,0x4822c6499d4d0b0699f42419610f894c6662a484,0xe5544a2a5fa9b175da60d8eec67add5582bb31b0,,0,0,0,3.20654E-05,0.100180337,2616.29,,,Mint
0x0daf14dee9612a3c51d1e28b8c017032558ddb3ae0372fa23f980f2d9fd0e6fd,22873202,1751962439,08/07/25 08:13,0x4822c6499d4d0b0699f42419610f894c6662a484,0xe5544a2a5fa9b175da60d8eec67add5582bb31b0,,0,0,0,3.27357E-05,0.102274237,2616.29,,,Mint
0xb4a15e234bd1cd9f6bdb1c5668e7d5eab8fbf75e1e6a4f9efd812f02580bb042,22873199,1751962403,08/07/25 08:13,0x4822c6499d4d0b0699f42419610f894c6662a484,0xe5544a2a5fa9b175da60d8eec67add5582bb31b0,,0,0,0,3.1192E-05,0.097451572,2616.29,,,Mint
0x7b8c6987d8cf3b7405b4567d897a81fccca87b1a91b57f120cd2aa1dd8a94144,22873195,1751962355,08/07/25 08:12,0x4822c6499d4d0b0699f42419610f894c6662a484,0xe5544a2a5fa9b175da60d8eec67add5582bb31b0,,0,0,0,3.23931E-05,0.101204121,2616.29,,,Mint
0x5fe24fa48e711aefda01dce53dc051502c1a89fe6a3f9160005711f9ce6a15bc,22873193,1751962331,08/07/25 08:12,0x4822c6499d4d0b0699f42419610f894c6662a484,0xe5544a2a5fa9b175da60d8eec67add5582bb31b0,,0,0,0,3.19628E-05,0.09985971,2616.29,,,Mint
0x74cddc7cd4e333ec49aafa46f432f37d5d325e4857c3f2eb952cd8da24335d8e,22873191,1751962307,08/07/25 08:11,0x4822c6499d4d0b0699f42419610f894c6662a484,0xe5544a2a5fa9b175da60d8eec67add5582bb31b0,,0,0,0,3.23367E-05,0.101027699,2616.29,,,Mint
0xf745ccc926807b5eff0f18b5f03a2ca2cb87739c2ff6cb4b0d9f856951448833,22873189,1751962283,08/07/25 08:11,0x4822c6499d4d0b0699f42419610f894c6662a484,0xe5544a2a5fa9b175da60d8eec67add5582bb31b0,,0,0,0,3.25129E-05,0.101578388,2616.29,,,Mint
0x4bcdaeb854d06580bd29ddcc57adb8c6cac9fc42698b715ec26d564974a35521,22873187,1751962259,08/07/25 08:10,0x4822c6499d4d0b0699f42419610f894c6662a484,0xe5544a2a5fa9b175da60d8eec67add5582bb31b0,,0,0,0,3.29923E-05,0.103075943,2616.29,,,Mint
0xff2c5b9118db15a8659055b1ca284f6eef06c7ee72b11034e1ddaef2d6ab5185,22873176,1751962127,08/07/25 08:08,0x4822c6499d4d0b0699f42419610f894c6662a484,0xe5544a2a5fa9b175da60d8eec67add5582bb31b0,,0,0,0,3.27526E-05,0.102327264,2616.29,,,Mint
0xbbdd55a66f0e47f7fb22c2450c25bdf75704e75d364fa76625f313de40f8b4f5,22873171,1751962067,08/07/25 08:07,0x4822c6499d4d0b0699f42419610f894c6662a484,0xe5544a2a5fa9b175da60d8eec67add5582bb31b0,,0,0,0,3.1916E-05,0.099713295,2616.29,,,Mint
0xdc2303d6335f6c28544a3632ccb6a12f2c2bfb887c5d2368e0ed6d11fc5b8451,22873169,1751962043,08/07/25 08:07,0x4822c6499d4d0b0699f42419610f894c6662a484,0xe5544a2a5fa9b175da60d8eec67add5582bb31b0,,0,0,0,3.18738E-05,0.099581618,2616.29,,,Mint
0x21a120790ee3be7c36a84480c462d707284b58933751a1cb9ffcd9b2320067f2,22873167,1751962019,08/07/25 08:06,0x4822c6499d4d0b0699f42419610f894c6662a484,0xe5544a2a5fa9b175da60d8eec67add5582bb31b0,,0,0,0,3.0698E-05,0.095908027,2616.29,,,Mint
0x177954a661bc4798e7e3ef7c3867f503950f405efc494099d8d6255acd899843,22873165,1751961995,08/07/25 08:06,0x4822c6499d4d0b0699f42419610f894c6662a484,0xe5544a2a5fa9b175da60d8eec67add5582bb31b0,,0,0,0,3.0368E-05,0.094877204,2616.29,,,Mint
0xcb00f77246e5c94dce5420314bb87696281bb3a71cdcd33c7a218df4d21f7bff,22873163,1751961971,08/07/25 08:06,0x4822c6499d4d0b0699f42419610f894c6662a484,0xe5544a2a5fa9b175da60d8eec67add5582bb31b0,,0,0,0,2.91447E-05,0.091055257,2616.29,,,Mint
0x9655b82043cf1ba5ada9b814a1e1315c5d776aea5fce9abdf4d71ed2e2837a97,22873161,1751961947,08/07/25 08:05,0x4822c6499d4d0b0699f42419610f894c6662a484,0xe5544a2a5fa9b175da60d8eec67add5582bb31b0,,0,0,0,2.9043E-05,0.090737353,2616.29,,,Mint
0x0829b0c63b377d9ca21a3000370e29481e0700aec977b9a4a5c56ab1db0f7d31,22873159,1751961923,08/07/25 08:05,0x4822c6499d4d0b0699f42419610f894c6662a484,0xe5544a2a5fa9b175da60d8eec67add5582bb31b0,,0,0,0,2.77361E-05,0.086654332,2616.29,,,Mint
0xaf72e7a237c01a82b665f7988ddaf288a10c4f28e1d33ea48f4782f1e4fdb1e6,22873156,1751961887,08/07/25 08:04,0x4822c6499d4d0b0699f42419610f894c6662a484,0xe5544a2a5fa9b175da60d8eec67add5582bb31b0,,0,0,0,2.69405E-05,0.084168827,2616.29,,,Mint
0x5e2196dc7b369b6a22b2e729237e85752c82777da963a0513ff8822a83878f15,22873154,1751961863,08/07/25 08:04,0x4822c6499d4d0b0699f42419610f894c6662a484,0xe5544a2a5fa9b175da60d8eec67add5582bb31b0,,0,0,0,2.90178E-05,0.090658837,2616.29,,,Mint
0x52ce5d2519159151ce8ae872fd9b1f9b4a5d255bde4a65b3b32034b91fdd0a0b,22873150,1751961815,08/07/25 08:03,0x4822c6499d4d0b0699f42419610f894c6662a484,0xe5544a2a5fa9b175da60d8eec67add5582bb31b0,,0,0,0,2.93528E-05,0.091705264,2616.29,,,Mint
0xa79d11a81910a5f57715b33f8ac5116e25808b79538f09e880968ed425e9b595,22873147,1751961779,08/07/25 08:02,0x4822c6499d4d0b0699f42419610f894c6662a484,0xe5544a2a5fa9b175da60d8eec67add5582bb31b0,,0,0,0,3.12667E-05,0.097685016,2616.29,,,Mint
0xf8ba707de9ea05a0d14b39f06d60ced2aeab9eac5a05ca84707c7d0fa0866557,22873145,1751961755,08/07/25 08:02,0x4822c6499d4d0b0699f42419610f894c6662a484,0xe5544a2a5fa9b175da60d8eec67add5582bb31b0,,0,0,0,3.11857E-05,0.097431936,2616.29,,,Mint
0x9df0b69209804dfe21f5d7260b0134057a3c7bee0efa90a3db791d32dc37c63e,22873143,1751961731,08/07/25 08:02,0x4822c6499d4d0b0699f42419610f894c6662a484,0xe5544a2a5fa9b175da60d8eec67add5582bb31b0,,0,0,0,3.17522E-05,0.099201665,2616.29,,,Mint
0x169d4de5712ae13fa13c085dbf06f71f8a2983ac983726681413f3cc626ff4dd,22873141,1751961707,08/07/25 08:01,0x4822c6499d4d0b0699f42419610f894c6662a484,0xe5544a2a5fa9b175da60d8eec67add5582bb31b0,,0,0,0,3.1751E-05,0.099197972,2616.29,,,Mint
0xa59a3743d5d6d49b68e1bb3f3e29df273e72fd05ac83c8220c8da139fdc0722a,22873139,1751961683,08/07/25 08:01,0x4822c6499d4d0b0699f42419610f894c6662a484,0xe5544a2a5fa9b175da60d8eec67add5582bb31b0,,0,0,0,3.26126E-05,0.101889717,2616.29,,,Mint
0x5dad6dd798554bc0c04dddb53bc607f41fccd73b63534f0e79b15d3ea17d3ba5,22873137,1751961659,08/07/25 08:00,0x4822c6499d4d0b0699f42419610f894c6662a484,0xe5544a2a5fa9b175da60d8eec67add5582bb31b0,,0,0,0,3.00303E-05,0.093822058,2616.29,,,Mint
0x3c46abd123a137204f24b300cbea9036bd0b855b70ec62f1d0a6abbcb3659bb4,22873135,1751961635,08/07/25 08:00,0x4822c6499d4d0b0699f42419610f894c6662a484,0xe5544a2a5fa9b175da60d8eec67add5582bb31b0,,0,0,0,3.09092E-05,0.096567835,2616.29,,,Mint
0x5f53299b4a090cdcb52bf585e6b206a282d817caf096c93351fa3ca7e6344a3b,22873133,1751961611,08/07/25 08:00,0x4822c6499d4d0b0699f42419610f894c6662a484,0xe5544a2a5fa9b175da60d8eec67add5582bb31b0,,0,0,0,2.86622E-05,0.089547887,2616.29,,,Mint
0x9e612e5457857d89446da00b9fad1aa8787f06e48004ce254811d527d40b7150,22873131,1751961587,08/07/25 07:59,0x4822c6499d4d0b0699f42419610f894c6662a484,0xe5544a2a5fa9b175da60d8eec67add5582bb31b0,,0,0,0,2.75371E-05,0.08603264,2616.29,,,Mint
0xbbe08cc81a68e023f7e1344e24fdbd6829e2c1718d068a4b550d4d939c251597,22873129,1751961563,08/07/25 07:59,0x4822c6499d4d0b0699f42419610f894c6662a484,0xe5544a2a5fa9b175da60d8eec67add5582bb31b0,,0,0,0,2.79483E-05,0.087317402,2616.29,,,Mint
0x474cdbac90e0c80d8ef9fe3f1d4b6ea3b69af5af46abda16a88bda7689a716b4,22873127,1751961539,08/07/25 07:58,0x4822c6499d4d0b0699f42419610f894c6662a484,0xe5544a2a5fa9b175da60d8eec67add5582bb31b0,,0,0,0,2.66537E-05,0.083272717,2616.29,,,Mint
0xd7b49e264d5278543032c7f0f10548b17b3f08393c4816e59d3268961c8557b2,22873125,1751961515,08/07/25 07:58,0x4822c6499d4d0b0699f42419610f894c6662a484,0xe5544a2a5fa9b175da60d8eec67add5582bb31b0,,0,0,0,2.69253E-05,0.08412139,2616.29,,,Mint
0x63701a1e9225a30a0b7a71b415f430b2407bc278f1da840d771ba66d39888bd8,22873123,1751961491,08/07/25 07:58,0x4822c6499d4d0b0699f42419610f894c6662a484,0xe5544a2a5fa9b175da60d8eec67add5582bb31b0,,0,0,0,2.62776E-05,0.082097712,2616.29,,,Mint
0xd7e28e3c96709a5c86b2f92ba52ddb25b8be4ee005f80417e7acbd7d35b99a78,22873121,1751961467,08/07/25 07:57,0x4822c6499d4d0b0699f42419610f894c6662a484,0xe5544a2a5fa9b175da60d8eec67add5582bb31b0,,0,0,0,2.28286E-05,0.07132214,2616.29,,,Mint
0xa4c1e927c835f1af822ccf11960d1b09b59e43d47c53497dbb7068f34483400f,22873118,1751961431,08/07/25 07:57,0x4822c6499d4d0b0699f42419610f894c6662a484,0xe5544a2a5fa9b175da60d8eec67add5582bb31b0,,0,0,0,2.42905E-05,0.075889437,2616.29,,,Mint
0x4f4931261336adcca6f71ecfe81f3c2c58f8daf407fe52518de1a551ad872e8a,22873116,1751961407,08/07/25 07:56,0x4822c6499d4d0b0699f42419610f894c6662a484,0xe5544a2a5fa9b175da60d8eec67add5582bb31b0,,0,0,0,2.50859E-05,0.078374573,2616.29,,,Mint
0xd4904d28e58aace8674ed683d7a9169354ad3b9ef4d914548f4fac71f3597a4f,22873114,1751961383,08/07/25 07:56,0x4822c6499d4d0b0699f42419610f894c6662a484,0xe5544a2a5fa9b175da60d8eec67add5582bb31b0,,0,0,0,2.65946E-05,0.083088103,2616.29,,,Mint
0x5c9cb46c42fe19957af87740e1c2c488d1753e56ce1b069331fd2624e7a8bdab,22873112,1751961359,08/07/25 07:55,0x4822c6499d4d0b0699f42419610f894c6662a484,0xe5544a2a5fa9b175da60d8eec67add5582bb31b0,,0,0,0,2.53508E-05,0.079202236,2616.29,,,Mint
0x022682d536cd37d105ade690839c7b691765ab9cfaaa5d2f1a04c6a89b942993,22873110,1751961335,08/07/25 07:55,0x4822c6499d4d0b0699f42419610f894c6662a484,0xe5544a2a5fa9b175da60d8eec67add5582bb31b0,,0,0,0,2.74005E-05,0.085605848,2616.29,,,Mint
0x542b28d2c4fd822c252b586efa7f752501c910e69cac3122741ee19ccc48a8fb,22873108,1751961311,08/07/25 07:55,0x4822c6499d4d0b0699f42419610f894c6662a484,0xe5544a2a5fa9b175da60d8eec67add5582bb31b0,,0,0,0,2.80362E-05,0.087592006,2616.29,,,Mint
0xd469d95bfe0cacf82d596e640811e888eae82d56a5c50c9ed5edcaf31290fa3f,22873106,1751961287,08/07/25 07:54,0x4822c6499d4d0b0699f42419610f894c6662a484,0xe5544a2a5fa9b175da60d8eec67add5582bb31b0,,0,0,0,2.88903E-05,0.090260378,2616.29,,,Mint
0x5c900169241aa5ac8b12b1c00f5e0f807ff2afc0c8d79cce751058a0296dc11c,22873104,1751961263,08/07/25 07:54,0x4822c6499d4d0b0699f42419610f894c6662a484,0xe5544a2a5fa9b175da60d8eec67add5582bb31b0,,0,0,0,3.05147E-05,0.09533547,2616.29,,,Mint
0x137a6985b6d5a9f75dbb7b7bf19f8fa9db125cfe5445e5fe3fffcc899d8aeb3f,22873102,1751961239,08/07/25 07:53,0x4822c6499d4d0b0699f42419610f894c6662a484,0xe5544a2a5fa9b175da60d8eec67add5582bb31b0,,0,0,0,3.01533E-05,0.094206216,2616.29,,,Mint
0x72b49f98cd9132fe8fff881f4366523c328816602c783febb9718eea1e84378a,22873100,1751961215,08/07/25 07:53,0x4822c6499d4d0b0699f42419610f894c6662a484,0xe5544a2a5fa9b175da60d8eec67add5582bb31b0,,0,0,0,3.05533E-05,0.095455877,2616.29,,,Mint
0x79a30b7eee222d0891d69cd526d0c8b88dd2706c42ed0618ab855262536910fa,22873098,1751961191,08/07/25 07:53,0x4822c6499d4d0b0699f42419610f894c6662a484,0xe5544a2a5fa9b175da60d8eec67add5582bb31b0,,0,0,0,2.95257E-05,0.092245489,2616.29,,,Mint
0xabe0fb6cb25d6bb4fb1fdf3905441f3dbafe04240972d0e55d14f08e94060fc1,22873096,1751961167,08/07/25 07:52,0x4822c6499d4d0b0699f42419610f894c6662a484,0xe5544a2a5fa9b175da60d8eec67add5582bb31b0,,0,0,0,3.05245E-05,0.09536617,2616.29,,,Mint
0xca0baf31e89e1a4f71f86f1a7e52c5895ba7cd0d64d45a13368efd0704c139a4,22873094,1751961143,08/07/25 07:52,0x4822c6499d4d0b0699f42419610f894c6662a484,0xe5544a2a5fa9b175da60d8eec67add5582bb31b0,,0,0,0,2.68596E-05,0.083915904,2616.29,,,Mint
0x64ede0c44abe559fd2011ef11f19f2651c5c7b7439e1051338dada5285671304,22873092,1751961119,08/07/25 07:51,0x4822c6499d4d0b0699f42419610f894c6662a484,0xe5544a2a5fa9b175da60d8eec67add5582bb31b0,,0,0,0,2.48487E-05,0.077633529,2616.29,,,Mint
0xcde2c335760780575e3e9bc7b56b8e7da1ba4bb8a42786c9c1a60b611d4b6ea5,22873089,1751961083,08/07/25 07:51,0x4822c6499d4d0b0699f42419610f894c6662a484,0xe5544a2a5fa9b175da60d8eec67add5582bb31b0,,0,0,0,2.75268E-05,0.086000545,2616.29,,,Mint
0xfd120f764ad7c360b0ef300e30938c8eabce70b2141267ecee4262d82929b737,22873087,1751961059,08/07/25 07:50,0x4822c6499d4d0b0699f42419610f894c6662a484,0xe5544a2a5fa9b175da60d8eec67add5582bb31b0,,0,0,0,2.78099E-05,0.086885065,2616.29,,,Mint
0x59b19b7b32f7f1bf021a2137c4fd4cb982efe437eb57fdc2c3e343b0342b8ce5,22873085,1751961035,08/07/25 07:50,0x4822c6499d4d0b0699f42419610f894c6662a484,0xe5544a2a5fa9b175da60d8eec67add5582bb31b0,,0,0,0,2.57207E-05,0.080357652,2616.29,,,Mint
0xf6888073b4a1a58dd9dd6ac6b35a28b9c6377f40fb49200ea2090f152b850357,22873083,1751961011,08/07/25 07:50,0x4822c6499d4d0b0699f42419610f894c6662a484,0xe5544a2a5fa9b175da60d8eec67add5582bb31b0,,0,0,0,2.76003E-05,0.086230198,2616.29,,,Mint
0xe828d7e893b6b0a86078e0ef6e21aeb11673b1e1d0071b2ff2ba4a6fc17379bc,22873081,1751960987,08/07/25 07:49,0x4822c6499d4d0b0699f42419610f894c6662a484,0xe5544a2a5fa9b175da60d8eec67add5582bb31b0,,0,0,0,2.79884E-05,0.087442581,2616.29,,,Mint
0xbc0e4d65ed2119e081c7ce458c08e4617953ffc94cb87d4655fdb65970038919,22873079,1751960963,08/07/25 07:49,0x4822c6499d4d0b0699f42419610f894c6662a484,0xe5544a2a5fa9b175da60d8eec67add5582bb31b0,,0,0,0,2.69108E-05,0.084076009,2616.29,,,Mint
0x81e9e9cfc02b9c36010f6f866479447089d747572ccec78198e3ec6aa7cb3bc9,22873077,1751960939,08/07/25 07:48,0x4822c6499d4d0b0699f42419610f894c6662a484,0xe5544a2a5fa9b175da60d8eec67add5582bb31b0,,0,0,0,3.7828E-05,0.118184005,2616.29,,,Mint
0x65bfdb1527c7dad37dc84d80e78f91a95ce44bceb689b30590828b62b950d247,22873073,1751960891,08/07/25 07:48,0xb3897952ce7a4cea159d232dae8d02ca8273372e,0xe5544a2a5fa9b175da60d8eec67add5582bb31b0,,0,0,0,0.000103336,0.322846396,2616.29,,,Mint
0x32ff089631f787c6222ed8748c7602108993b06c913395fcb24f48f8eee3e05d,22873069,1751960843,08/07/25 07:47,0xb3897952ce7a4cea159d232dae8d02ca8273372e,0xe5544a2a5fa9b175da60d8eec67add5582bb31b0,,0,0,0,0.000103019,0.32185767,2616.29,,,Mint
0x120b6c9196657778ce87a0d0696b103d23144b45814a59ac2c32b279217239b1,22873064,1751960783,08/07/25 07:46,0xb3897952ce7a4cea159d232dae8d02ca8273372e,0xe5544a2a5fa9b175da60d8eec67add5582bb31b0,,0,0,0,0.000103457,0.323226301,2616.29,,,Mint
0x640c8b061a92f2a25ee8ccd348f91136fb5444f2999c5eac3078b7d0e7cac65f,22872974,1751959691,08/07/25 07:28,0xb3897952ce7a4cea159d232dae8d02ca8273372e,0xe5544a2a5fa9b175da60d8eec67add5582bb31b0,,0,0,0,9.86584E-05,0.308233155,2616.29,,,Mint
0x06d60007d6b3398fbba709c7379a8d8cff17704c90bb44e2140d2b96ebd0bf47,22872970,1751959643,08/07/25 07:27,0xb3897952ce7a4cea159d232dae8d02ca8273372e,0xe5544a2a5fa9b175da60d8eec67add5582bb31b0,,0,0,0,9.95107E-05,0.310895785,2616.29,,,Mint
0x0731e3b5b61378ae1b6883b4425864e9bbc2afc354741da8d03a43917b4d3045,22872965,1751959583,08/07/25 07:26,0xb3897952ce7a4cea159d232dae8d02ca8273372e,0xe5544a2a5fa9b175da60d8eec67add5582bb31b0,,0,0,0,9.87683E-05,0.308576501,2616.29,,,Mint
0x565a201d726091763030dcb173d0add48c398a2b3f7758474e582a3e965c6cc8,22872961,1751959535,08/07/25 07:25,0xb3897952ce7a4cea159d232dae8d02ca8273372e,0xe5544a2a5fa9b175da60d8eec67add5582bb31b0,,0,0,0,9.99944E-05,0.312407146,2616.29,,,Mint
0xcd19ff1143221caab2548674c7792cd4f59f67f04bb9d656295254d0c61e027f,22872884,1751958611,08/07/25 07:10,0x0559d4f52c63732853ac1f4c50b6f293cee0b646,0xe5544a2a5fa9b175da60d8eec67add5582bb31b0,,0,0,0,1.65814E-05,0.051804423,2616.29,,,Mint
0x8933a2ffb8b0d46044c3c072cc611b5e3e23c220ee6a89699cbd2533f3bbe580,22872882,1751958587,08/07/25 07:09,0x0559d4f52c63732853ac1f4c50b6f293cee0b646,0xe5544a2a5fa9b175da60d8eec67add5582bb31b0,,0,0,0,1.70412E-05,0.053241011,2616.29,,,Mint
0x5ffb1921db9d0528faf045a28a04c451d81326e6c0dd7c75500568f6ded68939,22872880,1751958563,08/07/25 07:09,0x0559d4f52c63732853ac1f4c50b6f293cee0b646,0xe5544a2a5fa9b175da60d8eec67add5582bb31b0,,0,0,0,1.6903E-05,0.052808998,2616.29,,,Mint
0x22dad84a14052649a72b5d26b654d1d5ace4763b432350e37d6c50882aef44de,22872878,1751958539,08/07/25 07:08,0x0559d4f52c63732853ac1f4c50b6f293cee0b646,0xe5544a2a5fa9b175da60d8eec67add5582bb31b0,,0,0,0,1.523E-05,0.04758237,2616.29,,,Mint
0x5f90d06cac986f881c3da3ee18543c6ea498dd6da37a46e860fc2cde0965e955,22872876,1751958515,08/07/25 07:08,0x0559d4f52c63732853ac1f4c50b6f293cee0b646,0xe5544a2a5fa9b175da60d8eec67add5582bb31b0,,0,0,0,1.698E-05,0.05304984,2616.29,,,Mint
0xf36a96562ed12e3f0b150704332af58960a535252eb5f9e7f23986e88b0ae19d,22872874,1751958491,08/07/25 07:08,0x0559d4f52c63732853ac1f4c50b6f293cee0b646,0xe5544a2a5fa9b175da60d8eec67add5582bb31b0,,0,0,0,1.52615E-05,0.047680694,2616.29,,,Mint
0x940fbcaf7591c2227eefc7956b72efe496121c2432d0205d8232716f539f3800,22872872,1751958467,08/07/25 07:07,0x0559d4f52c63732853ac1f4c50b6f293cee0b646,0xe5544a2a5fa9b175da60d8eec67add5582bb31b0,,0,0,0,1.55273E-05,0.04851105,2616.29,,,Mint
0xd238057d0467ad2057c82601d3a537b125d1b4cf7efc8ddaf47e1b862ef31053,22872870,1751958443,08/07/25 07:07,0x0559d4f52c63732853ac1f4c50b6f293cee0b646,0xe5544a2a5fa9b175da60d8eec67add5582bb31b0,,0,0,0,1.46365E-05,0.045728102,2616.29,,,Mint
0xe1dae31afe16c382ddf86b15015f2072a3e08f2629ff1dc3b5d4051c59515391,22872867,1751958407,08/07/25 07:06,0x0559d4f52c63732853ac1f4c50b6f293cee0b646,0xe5544a2a5fa9b175da60d8eec67add5582bb31b0,,0,0,0,1.524E-05,0.047613617,2616.29,,,Mint
0x2548b5c045bc86d1042bfa75ae7af8aa9248b54381abb7c8be79620b6c1c4b4b,22872865,1751958383,08/07/25 07:06,0x0559d4f52c63732853ac1f4c50b6f293cee0b646,0xe5544a2a5fa9b175da60d8eec67add5582bb31b0,,0,0,0,1.45707E-05,0.045522357,2616.29,,,Mint
0x37e22aefe082bc2ac83bfd78887b3f1fee6eb9539821692dd29e046987060366,22872863,1751958359,08/07/25 07:05,0x0559d4f52c63732853ac1f4c50b6f293cee0b646,0xe5544a2a5fa9b175da60d8eec67add5582bb31b0,,0,0,0,1.4201E-05,0.044367282,2616.29,,,Mint
0xd0a8ab97ed2cb26d6ffb93bdd964609c7ba20d7a1bd43d35564735aa8da2c31b,22872861,1751958335,08/07/25 07:05,0x0559d4f52c63732853ac1f4c50b6f293cee0b646,0xe5544a2a5fa9b175da60d8eec67add5582bb31b0,,0,0,0,1.5493E-05,0.048403786,2616.29,,,Mint
0xe35bb95370947b7328029c43bcf9c3ca24d45277170ec638ec6a3a91a58199f1,22872859,1751958311,08/07/25 07:05,0x0559d4f52c63732853ac1f4c50b6f293cee0b646,0xe5544a2a5fa9b175da60d8eec67add5582bb31b0,,0,0,0,1.52052E-05,0.047504661,2616.29,,,Mint
0x27cb9f2860e6780b9418b1b30c44769d5c49e70ef60ea64275c0d673da8b1892,22872857,1751958287,08/07/25 07:04,0x0559d4f52c63732853ac1f4c50b6f293cee0b646,0xe5544a2a5fa9b175da60d8eec67add5582bb31b0,,0,0,0,1.50847E-05,0.047128281,2616.29,,,Mint
0x337cad4bc82ac9fabbb403c80c9ea1b92159b508b56c5cf579446051f0dfdab1,22872855,1751958263,08/07/25 07:04,0x0559d4f52c63732853ac1f4c50b6f293cee0b646,0xe5544a2a5fa9b175da60d8eec67add5582bb31b0,,0,0,0,1.50728E-05,0.047091,2616.29,,,Mint
0x304edfc54ba86bef19e770ef08252402fe1e2102f5f6c335aae54aa384e977b1,22872853,1751958239,08/07/25 07:03,0x0559d4f52c63732853ac1f4c50b6f293cee0b646,0xe5544a2a5fa9b175da60d8eec67add5582bb31b0,,0,0,0,1.48768E-05,0.046478817,2616.29,,,Mint
0x8776f96007e2b0df24862122084136f59a9eabce28d1e7b332590136462002c9,22872851,1751958215,08/07/25 07:03,0x0559d4f52c63732853ac1f4c50b6f293cee0b646,0xe5544a2a5fa9b175da60d8eec67add5582bb31b0,,0,0,0,1.4843E-05,0.046373194,2616.29,,,Mint
0x6d97a59bbb99a852fa12449d1845edf973b8a8abf8e1098374abb43e7fa221fa,22872849,1751958191,08/07/25 07:03,0x0559d4f52c63732853ac1f4c50b6f293cee0b646,0xe5544a2a5fa9b175da60d8eec67add5582bb31b0,,0,0,0,1.48978E-05,0.046544511,2616.29,,,Mint
0xf94b5e290fbafa0dd9e03631a0547a70a64fe561e27f422d34e978848583d1d6,22872847,1751958167,08/07/25 07:02,0x0559d4f52c63732853ac1f4c50b6f293cee0b646,0xe5544a2a5fa9b175da60d8eec67add5582bb31b0,,0,0,0,1.41639E-05,0.044251624,2616.29,,,Mint
0x18a552d5940d6ab6537eef3a1b4ea787606efa668e9d3e48e2b789e14bc330d9,22872845,1751958143,08/07/25 07:02,0x0559d4f52c63732853ac1f4c50b6f293cee0b646,0xe5544a2a5fa9b175da60d8eec67add5582bb31b0,,0,0,0,1.39143E-05,0.043471832,2616.29,,,Mint
0x81a8bc96c1f073cdcd942a2294f57e977fd35d3c1f86801949a2a62cd6f0f7bf,22872843,1751958119,08/07/25 07:01,0x0559d4f52c63732853ac1f4c50b6f293cee0b646,0xe5544a2a5fa9b175da60d8eec67add5582bb31b0,,0,0,0,1.47687E-05,0.046141096,2616.29,,,Mint
0x2212851836be3176d17e54600272d875ee4b32fd52a2a10df7bc80ab12c15617,22872841,1751958095,08/07/25 07:01,0x0559d4f52c63732853ac1f4c50b6f293cee0b646,0xe5544a2a5fa9b175da60d8eec67add5582bb31b0,,0,0,0,1.41618E-05,0.044244867,2616.29,,,Mint
0xf6a92206b79d279a2f2606095815c42e8023baa9232451322cee2ea7d5654f7c,22872838,1751958059,08/07/25 07:00,0x0559d4f52c63732853ac1f4c50b6f293cee0b646,0xe5544a2a5fa9b175da60d8eec67add5582bb31b0,,0,0,0,1.44431E-05,0.045123673,2616.29,,,Mint
0xb5f7ea7210a43681a7e406f1c123563e0ad04cf76bf77751e245752c261b48a3,22872836,1751958035,08/07/25 07:00,0x0559d4f52c63732853ac1f4c50b6f293cee0b646,0xe5544a2a5fa9b175da60d8eec67add5582bb31b0,,0,0,0,1.37247E-05,0.042879433,2616.29,,,Mint
0x16711a4e3b76f86c08f7c399fbde54a95038bc467de33b9a1f9027adc4a0d6d9,22872834,1751958011,08/07/25 07:00,0x0559d4f52c63732853ac1f4c50b6f293cee0b646,0xe5544a2a5fa9b175da60d8eec67add5582bb31b0,,0,0,0,1.37685E-05,0.043016142,2616.29,,,Mint
0x5678be8de8dca63cfd5e05802ab2ea3d319e7bc371c192bec0b21154c1ba7ba4,22872832,1751957987,08/07/25 06:59,0x0559d4f52c63732853ac1f4c50b6f293cee0b646,0xe5544a2a5fa9b175da60d8eec67add5582bb31b0,,0,0,0,1.36457E-05,0.042632439,2616.29,,,Mint
0x2e859801b9195a503df187150820a0eb35bf2c7fa6681e74a39c3a576e1bd632,22872829,1751957951,08/07/25 06:59,0x0559d4f52c63732853ac1f4c50b6f293cee0b646,0xe5544a2a5fa9b175da60d8eec67add5582bb31b0,,0,0,0,1.50589E-05,0.047047614,2616.29,,,Mint
0x8306838d69739b24b9d116dc0c9892d2dcbe35cb7df76b8699c9b47e09b5e6df,22872827,1751957927,08/07/25 06:58,0x0559d4f52c63732853ac1f4c50b6f293cee0b646,0xe5544a2a5fa9b175da60d8eec67add5582bb31b0,,0,0,0,1.50277E-05,0.04695032,2616.29,,,Mint
0x401c7051fb372f5367a309c6cc51ac7405a7c56154fb56848cc58e33d72e5d4f,22872824,1751957891,08/07/25 06:58,0x0559d4f52c63732853ac1f4c50b6f293cee0b646,0xe5544a2a5fa9b175da60d8eec67add5582bb31b0,,0,0,0,1.65423E-05,0.051682267,2616.29,,,Mint
0x1fef6ead36cd65c03cfc0cd095281875b1d8482b49808345c362e8e7d21b4fc3,22872822,1751957867,08/07/25 06:57,0x0559d4f52c63732853ac1f4c50b6f293cee0b646,0xe5544a2a5fa9b175da60d8eec67add5582bb31b0,,0,0,0,1.54889E-05,0.04839101,2616.29,,,Mint
0x87a30e4f33e71a5d5f29a530d42b926ad9c5f129f107948e437b4404b962ecae,22872820,1751957843,08/07/25 06:57,0x0559d4f52c63732853ac1f4c50b6f293cee0b646,0xe5544a2a5fa9b175da60d8eec67add5582bb31b0,,0,0,0,1.69464E-05,0.052944606,2616.29,,,Mint
0xe97d53b58c62db9dc8e429fa9c1a26b961df785032c7c058c0a7ab2088af1435,22872818,1751957819,08/07/25 06:56,0x0559d4f52c63732853ac1f4c50b6f293cee0b646,0xe5544a2a5fa9b175da60d8eec67add5582bb31b0,,0,0,0,1.73349E-05,0.054158628,2616.29,,,Mint
0xd41e0ac109ae07deda72588438f70ae9ecef1821957cab818fbd92bb2e905f14,22872816,1751957795,08/07/25 06:56,0x0559d4f52c63732853ac1f4c50b6f293cee0b646,0xe5544a2a5fa9b175da60d8eec67add5582bb31b0,,0,0,0,1.72836E-05,0.053998198,2616.29,,,Mint
0xcff393edde581150d9403d3d75007d7495326865d0038be8727b6f31e158c25a,22872814,1751957771,08/07/25 06:56,0x0559d4f52c63732853ac1f4c50b6f293cee0b646,0xe5544a2a5fa9b175da60d8eec67add5582bb31b0,,0,0,0,1.73515E-05,0.054210338,2616.29,,,Mint
0xd94488ac0a82186a19f0867fad35a6b14c28739831bd7e7de02af83e3b7313b3,22872812,1751957747,08/07/25 06:55,0x0559d4f52c63732853ac1f4c50b6f293cee0b646,0xe5544a2a5fa9b175da60d8eec67add5582bb31b0,,0,0,0,1.81649E-05,0.056751604,2616.29,,,Mint
0xcfc0c4743461a1f4cf7a53bd1e6b1f52110b4743c80799e70344a847c88133b2,22872810,1751957723,08/07/25 06:55,0x0559d4f52c63732853ac1f4c50b6f293cee0b646,0xe5544a2a5fa9b175da60d8eec67add5582bb31b0,,0,0,0,1.93805E-05,0.060549301,2616.29,,,Mint
0x86036f4aa88fe912822aa6794cd13a9a57e187b542c62dd90d30f198f36e212a,22872808,1751957699,08/07/25 06:54,0x0559d4f52c63732853ac1f4c50b6f293cee0b646,0xe5544a2a5fa9b175da60d8eec67add5582bb31b0,,0,0,0,1.9848E-05,0.062010123,2616.29,,,Mint
0x35d856a3be3b9bee74f72d395bbbc4a890073c023b0c336109544576961d502a,22872806,1751957675,08/07/25 06:54,0x0559d4f52c63732853ac1f4c50b6f293cee0b646,0xe5544a2a5fa9b175da60d8eec67add5582bb31b0,,0,0,0,2.01798E-05,0.063046505,2616.29,,,Mint
0x8fd88af4cb121bea9a0cc2ca361579e8c1d9d4fb74004910bc03880f40118213,22872804,1751957651,08/07/25 06:54,0x0559d4f52c63732853ac1f4c50b6f293cee0b646,0xe5544a2a5fa9b175da60d8eec67add5582bb31b0,,0,0,0,1.88017E-05,0.058741273,2616.29,,,Mint
0x0d30da120a92fcb4cbb9b2f7be997946d83ef336912a52bf843bfb3f54118a5f,22872802,1751957627,08/07/25 06:53,0x0559d4f52c63732853ac1f4c50b6f293cee0b646,0xe5544a2a5fa9b175da60d8eec67add5582bb31b0,,0,0,0,1.87313E-05,0.058521065,2616.29,,,Mint
0x7822d1a35faa4b32ab5f0780d3c34aa1e4c098be1b87975aa35a2c8f15af4770,22872799,1751957591,08/07/25 06:53,0x0559d4f52c63732853ac1f4c50b6f293cee0b646,0xe5544a2a5fa9b175da60d8eec67add5582bb31b0,,0,0,0,1.84719E-05,0.057710869,2616.29,,,Mint
0xa8ba78ed18ddf2558c062648e7284e1bd493cbd2805ca6db0f29e175d8e06d11,22872796,1751957555,08/07/25 06:52,0x0559d4f52c63732853ac1f4c50b6f293cee0b646,0xe5544a2a5fa9b175da60d8eec67add5582bb31b0,,0,0,0,2.00023E-05,0.06249203,2616.29,,,Mint
0x9a708ba8e3265be5f663ec6c7f5437041857c422a3301dbff3c8516296376510,22872794,1751957531,08/07/25 06:52,0x0559d4f52c63732853ac1f4c50b6f293cee0b646,0xe5544a2a5fa9b175da60d8eec67add5582bb31b0,,0,0,0,1.97145E-05,0.061592981,2616.29,,,Mint
0x4c2ae2901d6ed626fa81d0dae08af201d591136ae1ce4193a9784a49bebc766a,22872792,1751957507,08/07/25 06:51,0x0559d4f52c63732853ac1f4c50b6f293cee0b646,0xe5544a2a5fa9b175da60d8eec67add5582bb31b0,,0,0,0,2.14542E-05,0.067028093,2616.29,,,Mint
0x4b201afdcca2e92241b485029dbb82cad6060f87315d6e28c19752d637b03f47,22872790,1751957483,08/07/25 06:51,0x0559d4f52c63732853ac1f4c50b6f293cee0b646,0xe5544a2a5fa9b175da60d8eec67add5582bb31b0,,0,0,0,2.15101E-05,0.0672027,2616.29,,,Mint
0x20fd815bc61ac3458e131f93370170a8bac9f080a3087138d4d715f8caf13ce5,22872788,1751957459,08/07/25 06:50,0x0559d4f52c63732853ac1f4c50b6f293cee0b646,0xe5544a2a5fa9b175da60d8eec67add5582bb31b0,,0,0,0,2.13765E-05,0.066785542,2616.29,,,Mint
0x58612d39d4ea77cba23907f60575786b55bf106f03a81a752825a1d1cb323ede,22872786,1751957435,08/07/25 06:50,0x0559d4f52c63732853ac1f4c50b6f293cee0b646,0xe5544a2a5fa9b175da60d8eec67add5582bb31b0,,0,0,0,2.18895E-05,0.06838803,2616.29,,,Mint
0xab88d809f159b7e1488df6aa40428914be19ec3369dfa5e9af7463711d44963f,22872784,1751957411,08/07/25 06:50,0x0559d4f52c63732853ac1f4c50b6f293cee0b646,0xe5544a2a5fa9b175da60d8eec67add5582bb31b0,,0,0,0,2.2444E-05,0.070120605,2616.29,,,Mint
0xebbb80a54d82244fea187706a5445447f9c0ed768a16e65e3cbc8c86822fe194,22872782,1751957387,08/07/25 06:49,0x0559d4f52c63732853ac1f4c50b6f293cee0b646,0xe5544a2a5fa9b175da60d8eec67add5582bb31b0,,0,0,0,2.27071E-05,0.070942526,2616.29,,,Mint
0x7b3f67991ee12eebb989915eaae90206266bd68f94820fca84ea242499137e01,22872780,1751957363,08/07/25 06:49,0x0559d4f52c63732853ac1f4c50b6f293cee0b646,0xe5544a2a5fa9b175da60d8eec67add5582bb31b0,,0,0,0,2.37367E-05,0.074159394,2616.29,,,Mint
0xdc56ca141cbf13e6f78fe0b1e00f2da1c9b7167d70316471b647bd2537186ba2,22872778,1751957339,08/07/25 06:48,0x0559d4f52c63732853ac1f4c50b6f293cee0b646,0xe5544a2a5fa9b175da60d8eec67add5582bb31b0,,0,0,0,2.34391E-05,0.073229666,2616.29,,,Mint
0xe47bb0125b79da918c1911b61adeaccc3c04aa71d69f08835f9c131bbc5b4eb1,22872776,1751957315,08/07/25 06:48,0x0559d4f52c63732853ac1f4c50b6f293cee0b646,0xe5544a2a5fa9b175da60d8eec67add5582bb31b0,,0,0,0,2.06883E-05,0.064635464,2616.29,,,Mint
0x200cc5a0bf53fa37a52d073ae0ca8d382e576f52423cb84d6bfc7c5a35bf9508,22872751,1751957015,08/07/25 06:43,0x0559d4f52c63732853ac1f4c50b6f293cee0b646,0xe5544a2a5fa9b175da60d8eec67add5582bb31b0,,0,0,0,1.748E-05,0.054611951,2616.29,,,Mint
0x09b797c1052ac53dd27ef02ed836e4f820a3553565adceb797ccfd36204344a8,22872748,1751956979,08/07/25 06:42,0x0559d4f52c63732853ac1f4c50b6f293cee0b646,0xe5544a2a5fa9b175da60d8eec67add5582bb31b0,,0,0,0,1.81534E-05,0.056715582,2616.29,,,Mint
0x597e23e670867ff6ee7c2c8d84f22fa6abe123fd1c069879e6c79bf6c3169d09,22872742,1751956907,08/07/25 06:41,0x0559d4f52c63732853ac1f4c50b6f293cee0b646,0xe5544a2a5fa9b175da60d8eec67add5582bb31b0,,0,0,0,1.99237E-05,0.062246387,2616.29,,,Mint
0x0c20108baed3dee62b011d0f47e13ce085a2071e4c40c92c96baac1c83437db2,22872739,1751956871,08/07/25 06:41,0x0559d4f52c63732853ac1f4c50b6f293cee0b646,0xe5544a2a5fa9b175da60d8eec67add5582bb31b0,,0,0,0,2.03325E-05,0.063523643,2616.29,,,Mint
0x45dfd20ac11ee3bdb0631f0daccbb4ca3a3aad471762dcada08094d599c49762,22872736,1751956823,08/07/25 06:40,0x0559d4f52c63732853ac1f4c50b6f293cee0b646,0xe5544a2a5fa9b175da60d8eec67add5582bb31b0,,0,0,0,1.83267E-05,0.057257222,2616.29,,,Mint
0x52b2065259e750dc5cf4ba3867ef3a68e02c0fbc68b95eb3291d26b45ea6cd9f,22872723,1751956655,08/07/25 06:37,0x0559d4f52c63732853ac1f4c50b6f293cee0b646,0xe5544a2a5fa9b175da60d8eec67add5582bb31b0,,0,0,0,1.79637E-05,0.05612289,2616.29,,,Mint
0xe2781baa8634c44e32690dece8357ebb2c6c7b5510bec2f3df2b1bfdb1f92fbf,22872718,1751956595,08/07/25 06:36,0x0559d4f52c63732853ac1f4c50b6f293cee0b646,0xe5544a2a5fa9b175da60d8eec67add5582bb31b0,,0,0,0,1.85668E-05,0.058007368,2616.29,,,Mint
0xef88d3301679e833439797866ea7dc8d6d49f8ab7c5af5eeb396c7d304915580,22872710,1751956499,08/07/25 06:34,0x0559d4f52c63732853ac1f4c50b6f293cee0b646,0xe5544a2a5fa9b175da60d8eec67add5582bb31b0,,0,0,0,1.71901E-05,0.053706196,2616.29,,,Mint
0x6a95530b25460ea968403116d26b44bec6e62a625e2df2f0c023fcf458f32e02,22872660,1751955899,08/07/25 06:24,0xb3897952ce7a4cea159d232dae8d02ca8273372e,0xe5544a2a5fa9b175da60d8eec67add5582bb31b0,,0,0,0,8.84347E-05,0.276291732,2616.29,,,Mint
0x204e6b33a99e4dc83a21d7b70ad82e804ae27de0a7fa1425fb871bf817ed86ce,22872528,1751954291,08/07/25 05:58,0xb3897952ce7a4cea159d232dae8d02ca8273372e,0xe5544a2a5fa9b175da60d8eec67add5582bb31b0,,0,0,0,8.73283E-05,0.272835055,2616.29,,,Mint
0x07f9ecc44b31097e96c780cbd2d5271b5e8268b738c9b20eb3499fbea4cba155,22872523,1751954231,08/07/25 05:57,0xb3897952ce7a4cea159d232dae8d02ca8273372e,0xe5544a2a5fa9b175da60d8eec67add5582bb31b0,,0,0,0,8.82689E-05,0.275773893,2616.29,,,Mint
0x438680f842b29dec249b0e82bb7c779b0766213b4d20ac72d5d2a1e5a7280217,22872519,1751954183,08/07/25 05:56,0xb3897952ce7a4cea159d232dae8d02ca8273372e,0xe5544a2a5fa9b175da60d8eec67add5582bb31b0,,0,0,0,8.90316E-05,0.27815676,2616.29,,,Mint
0x8770b496710d07bf9d68240990c21f6527846d6187ffe83bd6a64ea8384ac42e,22872514,1751954123,08/07/25 05:55,0xb3897952ce7a4cea159d232dae8d02ca8273372e,0xe5544a2a5fa9b175da60d8eec67add5582bb31b0,,0,0,0,8.91114E-05,0.278405779,2616.29,,,Mint
0xbbcd5c5e98a9886ab3b6ded0ed31f74d20ce174aff41f7313b12303bebb4b051,22872410,1751952875,08/07/25 05:34,0x66e7a04f96ce5c2cddc0b670cd881956a08f9c9b,0xe5544a2a5fa9b175da60d8eec67add5582bb31b0,,0,0,0,8.70098E-05,0.271840022,2616.29,,,Mint
0xe5613b40648ea7bf66215f3ff4b5e9b1edab54599eb13284616d510967d449a5,22872407,1751952839,08/07/25 05:33,0x66e7a04f96ce5c2cddc0b670cd881956a08f9c9b,0xe5544a2a5fa9b175da60d8eec67add5582bb31b0,,0,0,0,8.64597E-05,0.270121226,2616.29,,,Mint
0x9d410b1d6082d851c26c6c583af3e8a2fca4cf7dbdb466f7e73b4c33fd0e1038,22872403,1751952791,08/07/25 05:33,0x66e7a04f96ce5c2cddc0b670cd881956a08f9c9b,0xe5544a2a5fa9b175da60d8eec67add5582bb31b0,,0,0,0,8.69114E-05,0.271532471,2616.29,,,Mint
0x4b0fafec07fb77b89a2836378469249664c4163c1f77d5a323f712ee4b4dbb49,22872400,1751952755,08/07/25 05:32,0x66e7a04f96ce5c2cddc0b670cd881956a08f9c9b,0xe5544a2a5fa9b175da60d8eec67add5582bb31b0,,0,0,0,8.78049E-05,0.274324169,2616.29,,,Mint
0xb6773bcf8bb95f55710a487a1f0ecffd0a4446b7474a832bd43543b22e0a97ac,22872397,1751952719,08/07/25 05:31,0x66e7a04f96ce5c2cddc0b670cd881956a08f9c9b,0xe5544a2a5fa9b175da60d8eec67add5582bb31b0,,0,0,0,8.79272E-05,0.274706289,2616.29,,,Mint
0xdb92da3e388d48aed06e1b08f217ea74950753f06c43f3d5c7ba8d84063ff852,22872393,1751952671,08/07/25 05:31,0x66e7a04f96ce5c2cddc0b670cd881956a08f9c9b,0xe5544a2a5fa9b175da60d8eec67add5582bb31b0,,0,0,0,8.84719E-05,0.276407848,2616.29,,,Mint
0xacd607902baec188b11dfcfc5aaabb93ebb11d8cf18e2f9ff42a9f57fba2fe79,22872390,1751952635,08/07/25 05:30,0x66e7a04f96ce5c2cddc0b670cd881956a08f9c9b,0xe5544a2a5fa9b175da60d8eec67add5582bb31b0,,0,0,0,8.90387E-05,0.278178904,2616.29,,,Mint
0xf36e28fcb065497418a65158e9316addf187d7ac2167692066e42cdc5adf395b,22872387,1751952599,08/07/25 05:29,0x66e7a04f96ce5c2cddc0b670cd881956a08f9c9b,0xe5544a2a5fa9b175da60d8eec67add5582bb31b0,,0,0,0,8.8006E-05,0.274952408,2616.29,,,Mint
0x258b930f336d904e9ac8eb7943fc57241a08da97794ddb98ffb996bc9b76d1fb,22872384,1751952563,08/07/25 05:29,0x66e7a04f96ce5c2cddc0b670cd881956a08f9c9b,0xe5544a2a5fa9b175da60d8eec67add5582bb31b0,,0,0,0,8.86234E-05,0.276881215,2616.29,,,Mint
0x5e71781e76b72f24f5c0f2c9c1f2d10da172741a1e774ddcb0b73d2f727f25ba,22872380,1751952515,08/07/25 05:28,0x66e7a04f96ce5c2cddc0b670cd881956a08f9c9b,0xe5544a2a5fa9b175da60d8eec67add5582bb31b0,,0,0,0,8.85973E-05,0.276799643,2616.29,,,Mint
0xff2757af1a753f2ed9d8d3e47a909164e2af8e6fb58a3f7ee395fe6c5789913d,22872376,1751952467,08/07/25 05:27,0x66e7a04f96ce5c2cddc0b670cd881956a08f9c9b,0xe5544a2a5fa9b175da60d8eec67add5582bb31b0,,0,0,0,8.73522E-05,0.272909672,2616.29,,,Mint
0x3f8f8bd8ef1bb83e5fa5d4dcd4ec89b4fb9e634ccb6cca34a5cf5b7e3610d6e8,22872373,1751952431,08/07/25 05:27,0x66e7a04f96ce5c2cddc0b670cd881956a08f9c9b,0xe5544a2a5fa9b175da60d8eec67add5582bb31b0,,0,0,0,8.73401E-05,0.272872013,2616.29,,,Mint
0x5743f887c00480e4239025dd2cd32e1e53d5ad04aa2f9e4776db8bc0bd8c3dfe,22872369,1751952383,08/07/25 05:26,0x66e7a04f96ce5c2cddc0b670cd881956a08f9c9b,0xe5544a2a5fa9b175da60d8eec67add5582bb31b0,,0,0,0,8.73681E-05,0.272959434,2616.29,,,Mint
0xa76e188e453ddb70de9fa3ae0001720b730658bacc1897100447226e9ad5a217,22872365,1751952335,08/07/25 05:25,0x66e7a04f96ce5c2cddc0b670cd881956a08f9c9b,0xe5544a2a5fa9b175da60d8eec67add5582bb31b0,,0,0,0,8.66906E-05,0.270842658,2616.29,,,Mint
0xfce41f83bb6225105c0cf71c30347780d81b2eb391d62e0d824030d7a0eda671,22872362,1751952299,08/07/25 05:24,0x66e7a04f96ce5c2cddc0b670cd881956a08f9c9b,0xe5544a2a5fa9b175da60d8eec67add5582bb31b0,,0,0,0,8.75211E-05,0.273437452,2616.29,,,Mint
0x1075b9bd45bd340d5a20b4d6ebc65cd2d8760a8443a5f1844e35d12c88428c42,22872359,1751952263,08/07/25 05:24,0x66e7a04f96ce5c2cddc0b670cd881956a08f9c9b,0xe5544a2a5fa9b175da60d8eec67add5582bb31b0,,0,0,0,8.72038E-05,0.272446039,2616.29,,,Mint
0x6169bdb48bd5cbfef1423ea664a4cc2621d12f7662fdcd1eb93225a50ea685ae,22872356,1751952227,08/07/25 05:23,0x66e7a04f96ce5c2cddc0b670cd881956a08f9c9b,0xe5544a2a5fa9b175da60d8eec67add5582bb31b0,,0,0,0,8.67181E-05,0.270928774,2616.29,,,Mint
0xba653895b6023e3648602083c466a2227765c2e5c1a4d702a5836e1f4269e36c,22872353,1751952191,08/07/25 05:23,0x66e7a04f96ce5c2cddc0b670cd881956a08f9c9b,0xe5544a2a5fa9b175da60d8eec67add5582bb31b0,,0,0,0,8.7234E-05,0.272540348,2616.29,,,Mint
0x4e4c5626c36f198842c7d3652a3c306c52b477cb6e57e566cf4cd3a302ac095a,22872350,1751952155,08/07/25 05:22,0x66e7a04f96ce5c2cddc0b670cd881956a08f9c9b,0xe5544a2a5fa9b175da60d8eec67add5582bb31b0,,0,0,0,8.76694E-05,0.273900625,2616.29,,,Mint
0x13e2cae5d9a7f4de0df557bf0ff469fff614f417679f8c713d2a63fee15a7444,22872346,1751952107,08/07/25 05:21,0x66e7a04f96ce5c2cddc0b670cd881956a08f9c9b,0xe5544a2a5fa9b175da60d8eec67add5582bb31b0,,0,0,0,8.76485E-05,0.273835501,2616.29,,,Mint
0x615cfe84c15a370a190dc1c7a600b3ba408194f39fd3471579e8a4d232e0a694,22872342,1751952059,08/07/25 05:20,0x66e7a04f96ce5c2cddc0b670cd881956a08f9c9b,0xe5544a2a5fa9b175da60d8eec67add5582bb31b0,,0,0,0,8.76786E-05,0.273929395,2616.29,,,Mint
0x7e316cec0b2a829f585bbb7422d3972759c2a158e94a53cdcc287cf3676970e6,22872339,1751952023,08/07/25 05:20,0x66e7a04f96ce5c2cddc0b670cd881956a08f9c9b,0xe5544a2a5fa9b175da60d8eec67add5582bb31b0,,0,0,0,8.78154E-05,0.274356963,2616.29,,,Mint
0x3e9836f32a16020f375ead56947f418ea6bb2b2e2e4076cd0c4ce000510b98d2,22872336,1751951987,08/07/25 05:19,0x66e7a04f96ce5c2cddc0b670cd881956a08f9c9b,0xe5544a2a5fa9b175da60d8eec67add5582bb31b0,,0,0,0,8.66247E-05,0.270636893,2616.29,,,Mint
0xb319ffdee36c113404a2e56637c97e2496566ec2efa4c674988a695b86e38dde,22872333,1751951951,08/07/25 05:19,0x66e7a04f96ce5c2cddc0b670cd881956a08f9c9b,0xe5544a2a5fa9b175da60d8eec67add5582bb31b0,,0,0,0,8.74712E-05,0.273281613,2616.29,,,Mint
0x3cdcb2ef716a46025724396f683c10953a3661f6619245b40e9fff4c5de928f9,22872330,1751951915,08/07/25 05:18,0x66e7a04f96ce5c2cddc0b670cd881956a08f9c9b,0xe5544a2a5fa9b175da60d8eec67add5582bb31b0,,0,0,0,8.63954E-05,0.269920564,2616.29,,,Mint
0xf62c5c5d9d876b45e683f281be4b972a0c6b3d56b28c7f553ea4307883b5f91a,22872326,1751951867,08/07/25 05:17,0x66e7a04f96ce5c2cddc0b670cd881956a08f9c9b,0xe5544a2a5fa9b175da60d8eec67add5582bb31b0,,0,0,0,8.65072E-05,0.270269767,2616.29,,,Mint
0x514e774196952146f4adbbb25de134ddec3ae085c54124bd8761e1a6e059048f,22872322,1751951819,08/07/25 05:16,0x66e7a04f96ce5c2cddc0b670cd881956a08f9c9b,0xe5544a2a5fa9b175da60d8eec67add5582bb31b0,,0,0,0,8.66908E-05,0.270843429,2616.29,,,Mint
0x6d3a1c18ff819e9221c0424395fd498cd12072d086d69e8cbea5cba9cd2dadb7,22872318,1751951771,08/07/25 05:16,0x66e7a04f96ce5c2cddc0b670cd881956a08f9c9b,0xe5544a2a5fa9b175da60d8eec67add5582bb31b0,,0,0,0,8.73078E-05,0.27277119,2616.29,,,Mint
0xd2600fbe768d2b2fabebe5297ae5323ce4327893423f09e17cb1922d2ae19a0c,22872315,1751951735,08/07/25 05:15,0x66e7a04f96ce5c2cddc0b670cd881956a08f9c9b,0xe5544a2a5fa9b175da60d8eec67add5582bb31b0,,0,0,0,8.77586E-05,0.274179472,2616.29,,,Mint
0x9e84a6eea6fb0e5ff6c8e23904e92d1cae41debb0b4e9ce267c5f51541789aab,22872311,1751951687,08/07/25 05:14,0x66e7a04f96ce5c2cddc0b670cd881956a08f9c9b,0xe5544a2a5fa9b175da60d8eec67add5582bb31b0,,0,0,0,8.84311E-05,0.276280545,2616.29,,,Mint
0xe6d93ee028c626ea78fdf564347bdf672c26fa01d79671a3fd480f88220dba6c,22872307,1751951639,08/07/25 05:13,0x66e7a04f96ce5c2cddc0b670cd881956a08f9c9b,0xe5544a2a5fa9b175da60d8eec67add5582bb31b0,,0,0,0,8.89105E-05,0.27777832,2616.29,,,Mint
0xa44a90f66dccb555df9cee0e81be9ea460a6b9ec50ff1e109134b58e514d9e66,22872304,1751951603,08/07/25 05:13,0x66e7a04f96ce5c2cddc0b670cd881956a08f9c9b,0xe5544a2a5fa9b175da60d8eec67add5582bb31b0,,0,0,0,8.79485E-05,0.274772862,2616.29,,,Mint
0xa006489c5d4221c75ac2cc82ec3cdea7a8dbdc6eb299ff4f2f9d6c89a4f81bb6,22872297,1751951519,08/07/25 05:11,0xb3897952ce7a4cea159d232dae8d02ca8273372e,0xe5544a2a5fa9b175da60d8eec67add5582bb31b0,,0,0,0,8.98119E-05,0.2805945,2616.29,,,Mint
0x587eb0337654b7739f63b0fdcd4a56b5701ba9bdfe2436a77598123db56fd9c7,22872294,1751951471,08/07/25 05:11,0xb3897952ce7a4cea159d232dae8d02ca8273372e,0xe5544a2a5fa9b175da60d8eec67add5582bb31b0,,0,0,0,8.96041E-05,0.279945334,2616.29,,,Mint
0xc481e8148e64a95af593fa6edc340d36dbec6ddd7cf36ab8863eac39839da914,22872289,1751951411,08/07/25 05:10,0x66e7a04f96ce5c2cddc0b670cd881956a08f9c9b,0xe5544a2a5fa9b175da60d8eec67add5582bb31b0,,0,0,0,8.7659E-05,0.273868421,2616.29,,,Mint
0x2ec4aba6284e8b5c927c127c6579810f6ad2f3976630f04d56775ebe9100320e,22872286,1751951375,08/07/25 05:09,0x66e7a04f96ce5c2cddc0b670cd881956a08f9c9b,0xe5544a2a5fa9b175da60d8eec67add5582bb31b0,,0,0,0,8.71457E-05,0.272264488,2616.29,,,Mint
0x872465f0de5c249decb967952dff55524da03800c29b56ce3ad874f87f048aa8,22872282,1751951327,08/07/25 05:08,0x66e7a04f96ce5c2cddc0b670cd881956a08f9c9b,0xe5544a2a5fa9b175da60d8eec67add5582bb31b0,,0,0,0,8.79123E-05,0.274659609,2616.29,,,Mint
0x3f9974c68ff57d55a6550c99c4f0d40b2bd9e27c3bc0eeafedf67936350d42ca,22872279,1751951291,08/07/25 05:08,0xb3897952ce7a4cea159d232dae8d02ca8273372e,0xe5544a2a5fa9b175da60d8eec67add5582bb31b0,,0,0,0,8.69124E-05,0.27153559,2616.29,,,Mint
0xe46e83838a60aaf6fc1823911cb7bf15fb1737957b5df10a0baf4e1dc4d74d52,22872272,1751951195,08/07/25 05:06,0x66e7a04f96ce5c2cddc0b670cd881956a08f9c9b,0xe5544a2a5fa9b175da60d8eec67add5582bb31b0,,0,0,0,8.76257E-05,0.273764084,2616.29,,,Mint
0xf172daee1932353659742c2c540e938603137c958f29f8c9554cef2a1391a339,22872269,1751951159,08/07/25 05:05,0x66e7a04f96ce5c2cddc0b670cd881956a08f9c9b,0xe5544a2a5fa9b175da60d8eec67add5582bb31b0,,0,0,0,8.79657E-05,0.274826562,2616.29,,,Mint
0x4a58291915530e15bbdeec3ba6a59313794ff80383e96d94450c7843219d77bc,22872266,1751951123,08/07/25 05:05,0x66e7a04f96ce5c2cddc0b670cd881956a08f9c9b,0xe5544a2a5fa9b175da60d8eec67add5582bb31b0,,0,0,0,8.80145E-05,0.274979027,2616.29,,,Mint
0x9f1a8671d48acdf2cb10b13e674f13bc3bca9e368b1d340df82f76f107e33122,22872262,1751951075,08/07/25 05:04,0x66e7a04f96ce5c2cddc0b670cd881956a08f9c9b,0xe5544a2a5fa9b175da60d8eec67add5582bb31b0,,0,0,0,8.82786E-05,0.275804119,2616.29,,,Mint
0xc784b1700c6ac609f667bf2b6d7719b1b8e822d12aac52d0d3b69d1525e40811,22872259,1751951039,08/07/25 05:03,0x66e7a04f96ce5c2cddc0b670cd881956a08f9c9b,0xe5544a2a5fa9b175da60d8eec67add5582bb31b0,,0,0,0,8.85116E-05,0.276532035,2616.29,,,Mint
0x4c312013b4906aee85bcd95c2d63d7ee422d59420bd01d65a8845ffc7957e580,22872255,1751950991,08/07/25 05:03,0x66e7a04f96ce5c2cddc0b670cd881956a08f9c9b,0xe5544a2a5fa9b175da60d8eec67add5582bb31b0,,0,0,0,8.75858E-05,0.273639668,2616.29,,,Mint
0xba0fd2d771f49fa0946a1d2fef71d5df4778657a25bd4a45d0c063a340c0f84e,22872252,1751950955,08/07/25 05:02,0x66e7a04f96ce5c2cddc0b670cd881956a08f9c9b,0xe5544a2a5fa9b175da60d8eec67add5582bb31b0,,0,0,0,8.78555E-05,0.274482226,2616.29,,,Mint
0xfa62ee5b9007e90c4431ca320966b468c1fa1ab64361f9d65898c32d18e2fa66,22872248,1751950907,08/07/25 05:01,0x66e7a04f96ce5c2cddc0b670cd881956a08f9c9b,0xe5544a2a5fa9b175da60d8eec67add5582bb31b0,,0,0,0,8.80636E-05,0.275132395,2616.29,,,Mint
0x4607770c2ab1cb2e0c0cf7fca9bb834ac50182c6c7a06fbbc2ecf19fc0ac43c8,22872244,1751950859,08/07/25 05:00,0x66e7a04f96ce5c2cddc0b670cd881956a08f9c9b,0xe5544a2a5fa9b175da60d8eec67add5582bb31b0,,0,0,0,8.74726E-05,0.273285826,2616.29,,,Mint
0x5cd3154c45eb0a885d3bc7515a3a1a52c4d6a2bc038625af49266f9e25ddb6ab,22872235,1751950751,08/07/25 04:59,0x66e7a04f96ce5c2cddc0b670cd881956a08f9c9b,0xe5544a2a5fa9b175da60d8eec67add5582bb31b0,,0,0,0,8.75045E-05,0.273385635,2616.29,,,Mint
0xf3f1400792892f2cccbd99e4fe0f6c4ef23016cabcb12716938eac6e8698e144,22872231,1751950703,08/07/25 04:58,0x66e7a04f96ce5c2cddc0b670cd881956a08f9c9b,0xe5544a2a5fa9b175da60d8eec67add5582bb31b0,,0,0,0,8.7017E-05,0.271862588,2616.29,,,Mint
0xc28c42f8d16bf2611c2d1086bf0ae8a485ccf1458e52991c0b28c090e5253e12,22872228,1751950667,08/07/25 04:57,0x66e7a04f96ce5c2cddc0b670cd881956a08f9c9b,0xe5544a2a5fa9b175da60d8eec67add5582bb31b0,,0,0,0,8.74952E-05,0.273356576,2616.29,,,Mint
0x93b977bc290e3a5130e76b5d569f027b9fc972e5bce803119bcdbb3adfa6afcd,22872224,1751950619,08/07/25 04:56,0x66e7a04f96ce5c2cddc0b670cd881956a08f9c9b,0xe5544a2a5fa9b175da60d8eec67add5582bb31b0,,0,0,0,8.81125E-05,0.275285107,2616.29,,,Mint
0x898d52f74228e8ad14b7332d99255d1ecb47c0f3b31c141902b9e79602d23730,22872216,1751950511,08/07/25 04:55,0x66e7a04f96ce5c2cddc0b670cd881956a08f9c9b,0xe5544a2a5fa9b175da60d8eec67add5582bb31b0,,0,0,0,8.77086E-05,0.274023093,2616.29,,,Mint
0xded4e5390f34e66a20d7bae56d99eb4825dcbb0c35b22fb6fb59b38896cf493a,22872212,1751950463,08/07/25 04:54,0x66e7a04f96ce5c2cddc0b670cd881956a08f9c9b,0xe5544a2a5fa9b175da60d8eec67add5582bb31b0,,0,0,0,8.63632E-05,0.269819786,2616.29,,,Mint
0xb52ed816aed2a243d7f7971d98bdc45086dd910a7d91697b1344afb19a700222,22872206,1751950391,08/07/25 04:53,0x66e7a04f96ce5c2cddc0b670cd881956a08f9c9b,0xe5544a2a5fa9b175da60d8eec67add5582bb31b0,,0,0,0,8.78042E-05,0.274322008,2616.29,,,Mint
0xe57129edbd79af8a9289cf0f3ce5643c88afb7d6d31e3e0df235b8fb1580b2b7,22872204,1751950367,08/07/25 04:52,0x66e7a04f96ce5c2cddc0b670cd881956a08f9c9b,0xe5544a2a5fa9b175da60d8eec67add5582bb31b0,,0,0,0,8.81223E-05,0.275315704,2616.29,,,Mint
0x5e1749b81df97a23f73551632bf36bad8d419c9527f3b8956626921cc61ba2e3,22872194,1751950235,08/07/25 04:50,0x66e7a04f96ce5c2cddc0b670cd881956a08f9c9b,0xe5544a2a5fa9b175da60d8eec67add5582bb31b0,,0,0,0,8.85883E-05,0.276771686,2616.29,,,Mint
0x6428036fa3c865cec0f46a120457c483fd3a0154d844a9d6886292d8f45b8fc8,22872189,1751950175,08/07/25 04:49,0x66e7a04f96ce5c2cddc0b670cd881956a08f9c9b,0xe5544a2a5fa9b175da60d8eec67add5582bb31b0,,0,0,0,8.85793E-05,0.276743374,2616.29,,,Mint
0x91f6af59b9477654e11c38ae8fe193d8e5661ded523ddaac239e1bbe7cf5fe2a,22872185,1751950127,08/07/25 04:48,0x66e7a04f96ce5c2cddc0b670cd881956a08f9c9b,0xe5544a2a5fa9b175da60d8eec67add5582bb31b0,,0,0,0,8.75758E-05,0.273608445,2616.29,,,Mint
0x2e804b2ef2c85fd0d656d0f3fc33feaa0ef6d2b55ade1e61933f502634f8a93c,22872181,1751950079,08/07/25 04:47,0x66e7a04f96ce5c2cddc0b670cd881956a08f9c9b,0xe5544a2a5fa9b175da60d8eec67add5582bb31b0,,0,0,0,8.81695E-05,0.275463321,2616.29,,,Mint
0x4a058e657893b988ca3556cbaa58ebfc4dace9ca6bdeb2fff99f4999252ca9c4,22872176,1751950019,08/07/25 04:46,0x66e7a04f96ce5c2cddc0b670cd881956a08f9c9b,0xe5544a2a5fa9b175da60d8eec67add5582bb31b0,,0,0,0,8.85971E-05,0.276799269,2616.29,,,Mint
0x4b734ac4e4b4aba0d4c38396e7fe46741a551fbf1ceaa99d7f908b31d8ca0d30,22872169,1751949935,08/07/25 04:45,0x66e7a04f96ce5c2cddc0b670cd881956a08f9c9b,0xe5544a2a5fa9b175da60d8eec67add5582bb31b0,,0,0,0,8.77744E-05,0.274228771,2616.29,,,Mint
0x3b9103e0f78336fea0623b758db63c29a56ab9100ef5dc71920153846df762b0,22872164,1751949875,08/07/25 04:44,0x66e7a04f96ce5c2cddc0b670cd881956a08f9c9b,0xe5544a2a5fa9b175da60d8eec67add5582bb31b0,,0,0,0,0.00012539,0.391750641,2616.29,,,Mint
0x29b098bdfc7f1a4f5761fb06b6f06a1fc7c81beb392c5af8e55f9f2c2fa38735,22872081,1751948879,08/07/25 04:27,0x727a583016deb6d85379fee77598740e8dc61af9,0xe5544a2a5fa9b175da60d8eec67add5582bb31b0,,0,0,0,9.0492E-05,0.282719226,2616.29,,,Mint
0xcefb80b3e3c418ac2c92942c84c620d56e7e71a420bd4640c2ef14c2f47b5f15,22872076,1751948819,08/07/25 04:26,0x727a583016deb6d85379fee77598740e8dc61af9,0xe5544a2a5fa9b175da60d8eec67add5582bb31b0,,0,0,0,0.000131639,0.411272342,2616.29,,,Mint
0x164974e1b305bf9d6448ca56885be1fa626b82534d667ef8beb038ae47120b13,22872061,1751948639,08/07/25 04:23,0xb3897952ce7a4cea159d232dae8d02ca8273372e,0xe5544a2a5fa9b175da60d8eec67add5582bb31b0,,0,0,0,9.17038E-05,0.286505345,2616.29,,,Mint
0xcce156de3ca2ed8783618eeb0cd9da6af388be66c16c01cb0c847ecd85f68ae7,22872056,1751948579,08/07/25 04:22,0xb3897952ce7a4cea159d232dae8d02ca8273372e,0xe5544a2a5fa9b175da60d8eec67add5582bb31b0,,0,0,0,9.09915E-05,0.28427971,2616.29,,,Mint
0x7426fe64e2af985c95819219b736b0f1ee0bfab49bdb921ce7c02fa7ceda5261,22872051,1751948519,08/07/25 04:21,0xb3897952ce7a4cea159d232dae8d02ca8273372e,0xe5544a2a5fa9b175da60d8eec67add5582bb31b0,,0,0,0,9.24108E-05,0.288714036,2616.29,,,Mint
0x64540145f64aa3be911fa78d69530dd2d18ba62c6667932d39320673e08ceb86,22872046,1751948459,08/07/25 04:20,0xb3897952ce7a4cea159d232dae8d02ca8273372e,0xe5544a2a5fa9b175da60d8eec67add5582bb31b0,,0,0,0,9.07489E-05,0.28352182,2616.29,,,Mint
0xaa26e61af315f7582d399dc8cf65fa327d805522e8f09e95901ce09777041473,22872038,1751948363,08/07/25 04:19,0xb3897952ce7a4cea159d232dae8d02ca8273372e,0xe5544a2a5fa9b175da60d8eec67add5582bb31b0,,0,0,0,8.79663E-05,0.274828379,2616.29,,,Mint
0x9f8692925fba227dbd19e30fa8ac31b17dc3db99a8bbc1a2d3177d3d49556d8d,22872033,1751948291,08/07/25 04:18,0xb3897952ce7a4cea159d232dae8d02ca8273372e,0xe5544a2a5fa9b175da60d8eec67add5582bb31b0,,0,0,0,8.80731E-05,0.275161984,2616.29,,,Mint
0x20a804f07758a7045ac9b82e6b36f7ce08eae90cac4615a2f2a8de8a98f5db24,22872028,1751948231,08/07/25 04:17,0xb3897952ce7a4cea159d232dae8d02ca8273372e,0xe5544a2a5fa9b175da60d8eec67add5582bb31b0,,0,0,0,8.88284E-05,0.277521786,2616.29,,,Mint
0x41bafd4a26591412486ad2e4dbde0e8664cee6d18f4a2a65bf4e782a5e2c3427,22872023,1751948171,08/07/25 04:16,0xb3897952ce7a4cea159d232dae8d02ca8273372e,0xe5544a2a5fa9b175da60d8eec67add5582bb31b0,,0,0,0,8.80274E-05,0.275019292,2616.29,,,Mint
0xfba6ca9646bae8660a6d1df378cd1f56496c972f68f51a9ca3af35652ba83201,22872015,1751948075,08/07/25 04:14,0xb3897952ce7a4cea159d232dae8d02ca8273372e,0xe5544a2a5fa9b175da60d8eec67add5582bb31b0,,0,0,0,8.81374E-05,0.275362938,2616.29,,,Mint
0x78b39989d236fae80372ce42897ffe6b89c7daff4f7b8db9d80acb3cfd4c3aa1,22872009,1751948003,08/07/25 04:13,0xb3897952ce7a4cea159d232dae8d02ca8273372e,0xe5544a2a5fa9b175da60d8eec67add5582bb31b0,,0,0,0,8.80164E-05,0.274984947,2616.29,,,Mint
0xcdfffdd78600f00b83c25aebdfb0ed55e5f68d22a1a7984a8f44b1cb0c36f8a4,22871995,1751947835,08/07/25 04:10,0xb3897952ce7a4cea159d232dae8d02ca8273372e,0xe5544a2a5fa9b175da60d8eec67add5582bb31b0,,0,0,0,8.80978E-05,0.275239081,2616.29,,,Mint
0x7efbc3e4a510b147a3bc458e342d910548f338f0480e25568ec90a503b20ed72,22871977,1751947619,08/07/25 04:06,0xb3897952ce7a4cea159d232dae8d02ca8273372e,0xe5544a2a5fa9b175da60d8eec67add5582bb31b0,,0,0,0,8.8979E-05,0.277992296,2616.29,,,Mint
0x9bb7cc301072b59c789d99e890135751354b487eff98032db940da0a0a3d05a5,22871971,1751947547,08/07/25 04:05,0xb3897952ce7a4cea159d232dae8d02ca8273372e,0xe5544a2a5fa9b175da60d8eec67add5582bb31b0,,0,0,0,8.71762E-05,0.272359983,2616.29,,,Mint
0xbc81e60764078cc4d6628fc2d1c6dd5d41e8b94760ec653e1a92dad22ccfef4f,22871966,1751947487,08/07/25 04:04,0xb3897952ce7a4cea159d232dae8d02ca8273372e,0xe5544a2a5fa9b175da60d8eec67add5582bb31b0,,0,0,0,8.73022E-05,0.272753586,2616.29,,,Mint
0x6be9bf3af11a2395878635d53750745c456a0da69ddbe4757832d34e25c3bec3,22871941,1751947187,08/07/25 03:59,0xb3897952ce7a4cea159d232dae8d02ca8273372e,0xe5544a2a5fa9b175da60d8eec67add5582bb31b0,,0,0,0,8.68842E-05,0.271447556,2616.29,,,Mint
0x610f06aeda5addded0589b6ec89784f8f9e1bd3c542e7b7136a4a025b9d3a8d3,22871932,1751947079,08/07/25 03:57,0xb3897952ce7a4cea159d232dae8d02ca8273372e,0xe5544a2a5fa9b175da60d8eec67add5582bb31b0,,0,0,0,8.74774E-05,0.27330083,2616.29,,,Mint
0x95dece7fa465bca50976701737187a3af7cdf6267810e97c234b8b1fcc98a8ca,22871926,1751947007,08/07/25 03:56,0xb3897952ce7a4cea159d232dae8d02ca8273372e,0xe5544a2a5fa9b175da60d8eec67add5582bb31b0,,0,0,0,8.79211E-05,0.274687251,2616.29,,,Mint
0x3fc063360d75c2de25661214f772bceee01e0bb5d7c2caa2ff086940df53a25b,22871922,1751946959,08/07/25 03:55,0xb3897952ce7a4cea159d232dae8d02ca8273372e,0xe5544a2a5fa9b175da60d8eec67add5582bb31b0,,0,0,0,8.83648E-05,0.276073432,2616.29,,,Mint
0xe51b9d485da997e749f1a5f3d29ef431bf3ce692c528d8819371c483a24a995b,22871908,1751946791,08/07/25 03:53,0xb3897952ce7a4cea159d232dae8d02ca8273372e,0xe5544a2a5fa9b175da60d8eec67add5582bb31b0,,0,0,0,8.93291E-05,0.279085981,2616.29,,,Mint
0xd781cc36371e1fbd418f58a08c5305014400553343256f62b245a079e384c1b7,22871889,1751946563,08/07/25 03:49,0xb3897952ce7a4cea159d232dae8d02ca8273372e,0xe5544a2a5fa9b175da60d8eec67add5582bb31b0,,0,0,0,9.12166E-05,0.284983099,2616.29,,,Mint
0x399b7666f4b47a49e5e8593486f1b89ed108f84904032c201f5f34a1d5d50cd4,22871885,1751946515,08/07/25 03:48,0xb3897952ce7a4cea159d232dae8d02ca8273372e,0xe5544a2a5fa9b175da60d8eec67add5582bb31b0,,0,0,0,9.20011E-05,0.287434153,2616.29,,,Mint
0x9ffc152015b58eb9001fa891eeeb441c2f8c9151d03cfb46675b74fdc9f34d2f,22871881,1751946455,08/07/25 03:47,0xb3897952ce7a4cea159d232dae8d02ca8273372e,0xe5544a2a5fa9b175da60d8eec67add5582bb31b0,,0,0,0,9.23284E-05,0.288456726,2616.29,,,Mint
0xa44313e28c68f780acd1597a2861abf2628bac835fe472ef8f40a10cbdcbcba3,22871874,1751946371,08/07/25 03:46,0xb3897952ce7a4cea159d232dae8d02ca8273372e,0xe5544a2a5fa9b175da60d8eec67add5582bb31b0,,0,0,0,9.22204E-05,0.288119345,2616.29,,,Mint
0x70bb542afacb114541eac314d7134c8ed6fe6b1026efdecb2accffb926401316,22871863,1751946239,08/07/25 03:43,0xb3897952ce7a4cea159d232dae8d02ca8273372e,0xe5544a2a5fa9b175da60d8eec67add5582bb31b0,,0,0,0,9.44485E-05,0.295080329,2616.29,,,Mint
0xc59f61da6783bb21c25974af6eeb3ee6f15765c70c64a2c0cc42571a59dca595,22871859,1751946191,08/07/25 03:43,0xb3897952ce7a4cea159d232dae8d02ca8273372e,0xe5544a2a5fa9b175da60d8eec67add5582bb31b0,,0,0,0,9.45593E-05,0.295426628,2616.29,,,Mint
0x69bd865d483446bf3c1fc6e14e51f45be1de5413f82c67d567fdaf5c04b215ff,22871855,1751946143,08/07/25 03:42,0xb3897952ce7a4cea159d232dae8d02ca8273372e,0xe5544a2a5fa9b175da60d8eec67add5582bb31b0,,0,0,0,9.5066E-05,0.297009606,2616.29,,,Mint
0xc3fcb3c03affb9765e5dd82e9037f43fbfbf3fc6dfeddcff84f7788a4a60608d,22871850,1751946083,08/07/25 03:41,0xb3897952ce7a4cea159d232dae8d02ca8273372e,0xe5544a2a5fa9b175da60d8eec67add5582bb31b0,,0,0,0,9.48951E-05,0.296475592,2616.29,,,Mint
0x72c61d0ab6433899db7d7b452f92ccdd44d0ad8a552825aa6c1be1c6d229d91e,22871845,1751946023,08/07/25 03:40,0xb3897952ce7a4cea159d232dae8d02ca8273372e,0xe5544a2a5fa9b175da60d8eec67add5582bb31b0,,0,0,0,9.52779E-05,0.297671442,2616.29,,,Mint
0x4aec12ff09207ff3a004c9c97a5b7d94822328fb780a237ce486b210cb824187,22871840,1751945963,08/07/25 03:39,0xb3897952ce7a4cea159d232dae8d02ca8273372e,0xe5544a2a5fa9b175da60d8eec67add5582bb31b0,,0,0,0,9.52893E-05,0.297707208,2616.29,,,Mint
0x3a604c7169b112b9e4c1f41d4c8a9c58e34821ef33bcd43fb89ce8b2bdc67a47,22871836,1751945915,08/07/25 03:38,0xb3897952ce7a4cea159d232dae8d02ca8273372e,0xe5544a2a5fa9b175da60d8eec67add5582bb31b0,,0,0,0,9.59979E-05,0.2999209,2616.29,,,Mint
0x4a65395ebceb35d24a47a669734a07e950a30395f8d11d421dcc6ce966a18599,22871831,1751945855,08/07/25 03:37,0xb3897952ce7a4cea159d232dae8d02ca8273372e,0xe5544a2a5fa9b175da60d8eec67add5582bb31b0,,0,0,0,9.59169E-05,0.299667841,2616.29,,,Mint
0xfeeb2263dbb9ad2f0d807ca399d25f9e7090e06d145b5b42128a94ebae75e54c,22871826,1751945795,08/07/25 03:36,0xb3897952ce7a4cea159d232dae8d02ca8273372e,0xe5544a2a5fa9b175da60d8eec67add5582bb31b0,,0,0,0,9.81269E-05,0.306572706,2616.29,,,Mint
0x35b6a92af4f5ba4161bd3d190ff1b14f32cb6f9da06efa66c14bad822780aa26,22871821,1751945735,08/07/25 03:35,0xb3897952ce7a4cea159d232dae8d02ca8273372e,0xe5544a2a5fa9b175da60d8eec67add5582bb31b0,,0,0,0,9.96985E-05,0.311482576,2616.29,,,Mint
0xba470530c8b6d36b92725f5ebc9fb33f48d4e8aba3ffb6c633e1d2ada56b4425,22871815,1751945663,08/07/25 03:34,0xb3897952ce7a4cea159d232dae8d02ca8273372e,0xe5544a2a5fa9b175da60d8eec67add5582bb31b0,,0,0,0,9.91516E-05,0.309773979,2616.29,,,Mint
0x8c0a32ebbb57ab479505d0c3012f6881e8a160602b08c4e005c5b18fc382b70b,22871805,1751945543,08/07/25 03:32,0xb3897952ce7a4cea159d232dae8d02ca8273372e,0xe5544a2a5fa9b175da60d8eec67add5582bb31b0,,0,0,0,0.000102273,0.319525208,2616.29,,,Mint
0x4890685492d42ece28bd17edc9983b1fe13426cf085e9b6b9c29cd398de1c044,22871800,1751945471,08/07/25 03:31,0xb3897952ce7a4cea159d232dae8d02ca8273372e,0xe5544a2a5fa9b175da60d8eec67add5582bb31b0,,0,0,0,9.9417E-05,0.310603065,2616.29,,,Mint
0x6d19913d4ab0b1eba6545c2239febbd7c64a78bb34b3939a6099355fe10f7445,22871792,1751945375,08/07/25 03:29,0xb3897952ce7a4cea159d232dae8d02ca8273372e,0xe5544a2a5fa9b175da60d8eec67add5582bb31b0,,0,0,0,9.95219E-05,0.310930762,2616.29,,,Mint
0x2a2259a8fc45a92eb0161070faca75bcf8be983cafb226c1a8727e617cc87aad,22871786,1751945303,08/07/25 03:28,0xb3897952ce7a4cea159d232dae8d02ca8273372e,0xe5544a2a5fa9b175da60d8eec67add5582bb31b0,,0,0,0,9.81969E-05,0.306791322,2616.29,,,Mint
0x41e8771c4360eeb4d3d5bb24d34449d505edc422ed1e0a292bfcd784837168e2,22871775,1751945171,08/07/25 03:26,0xb3897952ce7a4cea159d232dae8d02ca8273372e,0xe5544a2a5fa9b175da60d8eec67add5582bb31b0,,0,0,0,0.000100285,0.313314651,2616.29,,,Mint
0x3d625f48c7b67a707995a4c83d292c215c1877caa51cd49a223ec86604b512ef,22871545,1751942387,08/07/25 02:39,0xb3897952ce7a4cea159d232dae8d02ca8273372e,0xe5544a2a5fa9b175da60d8eec67add5582bb31b0,,0,0,0,9.02888E-05,0.282084482,2616.29,,,Mint
0x3eec586d7537e0b97d88c5ea6b63242b188aabe97f99fd00e415a53ff7ba913d,22871531,1751942219,08/07/25 02:36,0xb3897952ce7a4cea159d232dae8d02ca8273372e,0xe5544a2a5fa9b175da60d8eec67add5582bb31b0,,0,0,0,9.27705E-05,0.289837904,2616.29,,,Mint
0x30aaf453e709ffae649643eb1cbeb8cdc5eb8e2880853c4d21ad82ae5e614d55,22871522,1751942111,08/07/25 02:35,0xb3897952ce7a4cea159d232dae8d02ca8273372e,0xe5544a2a5fa9b175da60d8eec67add5582bb31b0,,0,0,0,9.50177E-05,0.296858634,2616.29,,,Mint
0x5e286c480111388bea52da96f8ae523a318656a1af3a4353ee6bacc5eabf4b7d,22871509,1751941943,08/07/25 02:32,0xb3897952ce7a4cea159d232dae8d02ca8273372e,0xe5544a2a5fa9b175da60d8eec67add5582bb31b0,,0,0,0,9.41466E-05,0.29413702,2616.29,,,Mint
0x9a2eae18ab841a9cb72ef15feceeebf13f5e1e10b39eb156f4bb22fe7a44c605,22871486,1751941667,08/07/25 02:27,0xb3897952ce7a4cea159d232dae8d02ca8273372e,0xe5544a2a5fa9b175da60d8eec67add5582bb31b0,,0,0,0,9.47007E-05,0.295868256,2616.29,,,Mint
0x90a94b134e0e318f203a941e59ed48aeefc1d8adc5f278b48e7edc6e9f28a494,22871471,1751941487,08/07/25 02:24,0xb3897952ce7a4cea159d232dae8d02ca8273372e,0xe5544a2a5fa9b175da60d8eec67add5582bb31b0,,0,0,0,9.59841E-05,0.299878036,2616.29,,,Mint
0x4bd3c7c7976402634cf9820e01dda012122105995cdcb3faaa85dcb3fe2862c5,22871465,1751941415,08/07/25 02:23,0xb3897952ce7a4cea159d232dae8d02ca8273372e,0xe5544a2a5fa9b175da60d8eec67add5582bb31b0,,0,0,0,9.41104E-05,0.29402388,2616.29,,,Mint
0x951571f36b9fe7494b7ece47c8c66f6f09605de86f99f6a72b053374933b9f48,22871459,1751941331,08/07/25 02:22,0xb3897952ce7a4cea159d232dae8d02ca8273372e,0xe5544a2a5fa9b175da60d8eec67add5582bb31b0,,0,0,0,9.16987E-05,0.28648942,2616.29,,,Mint
0x7507598c57fc34cd0a084dcb3480bece85db38a640de6f77f4c18f820cc80fef,22871441,1751941115,08/07/25 02:18,0xb3897952ce7a4cea159d232dae8d02ca8273372e,0xe5544a2a5fa9b175da60d8eec67add5582bb31b0,,0,0,0,9.05396E-05,0.282867916,2616.29,,,Mint
0x9b4bca8a36342cfa8fd6298848e18e5828527f630d87f4aa5af70650255f4308,22871425,1751940923,08/07/25 02:15,0xb3897952ce7a4cea159d232dae8d02ca8273372e,0xe5544a2a5fa9b175da60d8eec67add5582bb31b0,,0,0,0,9.19762E-05,0.287356119,2616.29,,,Mint
0x5c755a7dc00406c3f8a24137752643c541f0f2b1de76f08fa40603443415e4db,22871393,1751940539,08/07/25 02:08,0xb3897952ce7a4cea159d232dae8d02ca8273372e,0xe5544a2a5fa9b175da60d8eec67add5582bb31b0,,0,0,0,8.98121E-05,0.280595134,2616.29,,,Mint
0xfb3ba8cf6128323083af89bbe01bb7783490efa3e65f19e37c4ab3f2a6bc9a4d,22871379,1751940371,08/07/25 02:06,0xb3897952ce7a4cea159d232dae8d02ca8273372e,0xe5544a2a5fa9b175da60d8eec67add5582bb31b0,,0,0,0,9.00812E-05,0.28143569,2616.29,,,Mint
0x240bc96819872f8cb63fe54019724328b8c1e4c983a3adf5aeea083e8497e610,22871374,1751940311,08/07/25 02:05,0xb3897952ce7a4cea159d232dae8d02ca8273372e,0xe5544a2a5fa9b175da60d8eec67add5582bb31b0,,0,0,0,8.97189E-05,0.280303929,2616.29,,,Mint
0x315280cfcc18ee318a416a50abe9acd44236e114b8ca744d21a1e9f3e8b1f810,22871370,1751940263,08/07/25 02:04,0xb3897952ce7a4cea159d232dae8d02ca8273372e,0xe5544a2a5fa9b175da60d8eec67add5582bb31b0,,0,0,0,8.97593E-05,0.28043007,2616.29,,,Mint
0x003d6b892c2330c26506cf58eb337050bd0a90660df75dac118b0d9ef37aecdd,22871365,1751940203,08/07/25 02:03,0xb3897952ce7a4cea159d232dae8d02ca8273372e,0xe5544a2a5fa9b175da60d8eec67add5582bb31b0,,0,0,0,8.90523E-05,0.278221257,2616.29,,,Mint
0x5b53211c18f1389c640dff8005493e59fc61a4badf368cf13bdb3d0785273a1f,22871109,1751937131,08/07/25 01:12,0xb3897952ce7a4cea159d232dae8d02ca8273372e,0xe5544a2a5fa9b175da60d8eec67add5582bb31b0,,0,0,0,0.000127755,0.399137059,2616.29,,,Mint
0xe822d2156071bb31e1bbb357a98124898f2de728abb9c6cb7a2c99e524ed6c1e,22871012,1751935931,08/07/25 00:52,0xea2440b50d908aa7baa78483a78e0d0d33ede57d,0xe5544a2a5fa9b175da60d8eec67add5582bb31b0,,0,0,0,8.94792E-05,0.279554903,2616.29,,,Mint
0xb1d16d3f7dc9d35ff18a5cbea3d5ca815b13e1b37789f689317824f9cc1f1bae,22871008,1751935883,08/07/25 00:51,0xea2440b50d908aa7baa78483a78e0d0d33ede57d,0xe5544a2a5fa9b175da60d8eec67add5582bb31b0,,0,0,0,8.9494E-05,0.279601398,2616.29,,,Mint
0x7b5403bbe4da499443d4a52c32cb9820e18c34b2cde7984db8a891241a531750,22871004,1751935835,08/07/25 00:50,0xea2440b50d908aa7baa78483a78e0d0d33ede57d,0xe5544a2a5fa9b175da60d8eec67add5582bb31b0,,0,0,0,8.99381E-05,0.280988816,2616.29,,,Mint
0xc1123dcc8c2c173f85793a52c552b2a7c47b3370fdb4b1309df944576d24e3a8,22871000,1751935787,08/07/25 00:49,0xea2440b50d908aa7baa78483a78e0d0d33ede57d,0xe5544a2a5fa9b175da60d8eec67add5582bb31b0,,0,0,0,8.89497E-05,0.277900655,2616.29,,,Mint
0x179a09b889fd5304c2954b0abfe4d475d237b63972c12b93873dece62df4a238,22870995,1751935727,08/07/25 00:48,0xea2440b50d908aa7baa78483a78e0d0d33ede57d,0xe5544a2a5fa9b175da60d8eec67add5582bb31b0,,0,0,0,8.64397E-05,0.270058941,2616.29,,,Mint
0x4f2f45b5970b0d1367ce5663dd9f4caaf03454efb1d58218d8c4cd6a3b72cd43,22870991,1751935679,08/07/25 00:47,0xea2440b50d908aa7baa78483a78e0d0d33ede57d,0xe5544a2a5fa9b175da60d8eec67add5582bb31b0,,0,0,0,8.77903E-05,0.274278572,2616.29,,,Mint
0x1e129b82bbd9012177bc44107b97e59b78617a7f84fcc42d9956e7ef0c6f2a13,22870987,1751935631,08/07/25 00:47,0xea2440b50d908aa7baa78483a78e0d0d33ede57d,0xe5544a2a5fa9b175da60d8eec67add5582bb31b0,,0,0,0,8.76921E-05,0.273971842,2616.29,,,Mint
0xe71088ab9737cf88514e4362445591aa6e6e52c8bff438024936d8f74a50702e,22870982,1751935571,08/07/25 00:46,0xea2440b50d908aa7baa78483a78e0d0d33ede57d,0xe5544a2a5fa9b175da60d8eec67add5582bb31b0,,0,0,0,8.84546E-05,0.27635398,2616.29,,,Mint
0x805b27e90f7da5eb36f690c20b58b83279294187bab21d6b05d66f75351a267b,22870978,1751935523,08/07/25 00:45,0xea2440b50d908aa7baa78483a78e0d0d33ede57d,0xe5544a2a5fa9b175da60d8eec67add5582bb31b0,,0,0,0,8.92336E-05,0.278787605,2616.29,,,Mint
0xcc123819a7704578062ccb26959ccd0c410f7b4022139fb547ad14f63bb0c8eb,22870974,1751935475,08/07/25 00:44,0xea2440b50d908aa7baa78483a78e0d0d33ede57d,0xe5544a2a5fa9b175da60d8eec67add5582bb31b0,,0,0,0,8.8867E-05,0.277642316,2616.29,,,Mint
0x65c21eac0386fca91efee62bc51bb90ed0ae45e57629c532df38f44917ce16fa,22870970,1751935427,08/07/25 00:43,0xea2440b50d908aa7baa78483a78e0d0d33ede57d,0xe5544a2a5fa9b175da60d8eec67add5582bb31b0,,0,0,0,8.84554E-05,0.276356313,2616.29,,,Mint
0xfa2eadf13f8f7e7a85dac84d21da0e63422a390f94f0e68d2b0044ed433696a2,22870965,1751935367,08/07/25 00:42,0xea2440b50d908aa7baa78483a78e0d0d33ede57d,0xe5544a2a5fa9b175da60d8eec67add5582bb31b0,,0,0,0,8.95502E-05,0.27977693,2616.29,,,Mint
0x00e08225bd623d99aedeed743f2d22b17492ce2ddb8803611b2bfa16747333d8,22870960,1751935307,08/07/25 00:41,0xea2440b50d908aa7baa78483a78e0d0d33ede57d,0xe5544a2a5fa9b175da60d8eec67add5582bb31b0,,0,0,0,8.78369E-05,0.274423924,2616.29,,,Mint
0x7c3f6b95ec99143b319b73d26bf8e8dc059a71dcbe29eb1d7b27717eb51e7cd2,22870956,1751935259,08/07/25 00:40,0xea2440b50d908aa7baa78483a78e0d0d33ede57d,0xe5544a2a5fa9b175da60d8eec67add5582bb31b0,,0,0,0,8.84719E-05,0.276407902,2616.29,,,Mint
0x08e86e8213f405abc869b3bd567760cf76321120ce4e39bf6c23415579e28173,22870952,1751935199,08/07/25 00:39,0xea2440b50d908aa7baa78483a78e0d0d33ede57d,0xe5544a2a5fa9b175da60d8eec67add5582bb31b0,,0,0,0,8.85539E-05,0.276664102,2616.29,,,Mint
0x12df82dd28bdf9d6c32300c304cc9581b277925667778eaca97055e98770ad14,22870947,1751935139,08/07/25 00:38,0xea2440b50d908aa7baa78483a78e0d0d33ede57d,0xe5544a2a5fa9b175da60d8eec67add5582bb31b0,,0,0,0,8.839E-05,0.27615217,2616.29,,,Mint
0x21e8f33f1c36b1cf125c84cf0a836a85dfc4b7abaa91cbdd3344af2cda3a4b12,22870941,1751935067,08/07/25 00:37,0xea2440b50d908aa7baa78483a78e0d0d33ede57d,0xe5544a2a5fa9b175da60d8eec67add5582bb31b0,,0,0,0,8.74462E-05,0.273203362,2616.29,,,Mint
0xb365d8e604dd91845648d22dceed68919dc5f1ba64cf8df82bae0a3379f853a9,22870936,1751935007,08/07/25 00:36,0xea2440b50d908aa7baa78483a78e0d0d33ede57d,0xe5544a2a5fa9b175da60d8eec67add5582bb31b0,,0,0,0,8.8475E-05,0.276417627,2616.29,,,Mint
0x82f577bde48426fb0b3c626614723402dbf1262b62297aef28b96bd227c82585,22870926,1751934887,08/07/25 00:34,0xea2440b50d908aa7baa78483a78e0d0d33ede57d,0xe5544a2a5fa9b175da60d8eec67add5582bb31b0,,0,0,0,8.87512E-05,0.27728053,2616.29,,,Mint
0x31064fabef39cda7fe74ae80e65f7a546e178c6d929571714c984e2c42a33d97,22870921,1751934827,08/07/25 00:33,0xea2440b50d908aa7baa78483a78e0d0d33ede57d,0xe5544a2a5fa9b175da60d8eec67add5582bb31b0,,0,0,0,8.83046E-05,0.275885368,2616.29,,,Mint
0xf2b61a22782a3371c3497c75eba4f7a5105a67864a9a85b6ade22107c69c7df0,22870917,1751934779,08/07/25 00:32,0xea2440b50d908aa7baa78483a78e0d0d33ede57d,0xe5544a2a5fa9b175da60d8eec67add5582bb31b0,,0,0,0,8.89764E-05,0.277984306,2616.29,,,Mint
0x0b549375529034993c2b83cf03e8eedb6fbe460871ba28f81f3de6fb46eea8fe,22870913,1751934731,08/07/25 00:32,0xea2440b50d908aa7baa78483a78e0d0d33ede57d,0xe5544a2a5fa9b175da60d8eec67add5582bb31b0,,0,0,0,8.96475E-05,0.280080808,2616.29,,,Mint
0x65533835606b8c9ede7c975b3d088fba216ee03c6191d126cee32bb4a1dbac79,22870909,1751934683,08/07/25 00:31,0xea2440b50d908aa7baa78483a78e0d0d33ede57d,0xe5544a2a5fa9b175da60d8eec67add5582bb31b0,,0,0,0,9.01574E-05,0.281674028,2616.29,,,Mint
0x2cb7104beb980f5c8d1b19ce884c6cc01f180595deb661934c652a453fd37c98,22870904,1751934623,08/07/25 00:30,0xea2440b50d908aa7baa78483a78e0d0d33ede57d,0xe5544a2a5fa9b175da60d8eec67add5582bb31b0,,0,0,0,9.00324E-05,0.281283319,2616.29,,,Mint
0x52281a6d4d154043664a003862532c0452267cc9aedc43318ba939f9fb8b75a3,22870899,1751934563,08/07/25 00:29,0xea2440b50d908aa7baa78483a78e0d0d33ede57d,0xe5544a2a5fa9b175da60d8eec67add5582bb31b0,,0,0,0,8.93123E-05,0.279033553,2616.29,,,Mint
0x0c2e4c56f58b6928d300430783250920f662d55b4ada06860f577c5426d6ed61,22870894,1751934503,08/07/25 00:28,0xea2440b50d908aa7baa78483a78e0d0d33ede57d,0xe5544a2a5fa9b175da60d8eec67add5582bb31b0,,0,0,0,8.9724E-05,0.280319949,2616.29,,,Mint
0x0d0f232720591078929b79055569bda7915093c4bfdd3a4d709e3b343cea1a49,22870891,1751934455,08/07/25 00:27,0xea2440b50d908aa7baa78483a78e0d0d33ede57d,0xe5544a2a5fa9b175da60d8eec67add5582bb31b0,,0,0,0,8.79317E-05,0.27472024,2616.29,,,Mint
0xa444d017c20441f564ad52ff3ecbdf3aeaaad0666f84b1ed3d2990c29ff01b16,22870885,1751934383,08/07/25 00:26,0xea2440b50d908aa7baa78483a78e0d0d33ede57d,0xe5544a2a5fa9b175da60d8eec67add5582bb31b0,,0,0,0,8.84336E-05,0.27628839,2616.29,,,Mint
0x210ff9f7d6adac8f45ecd6b34f125a8e5c37a1c918ba81c4f836ecefaa0f1b8b,22870879,1751934311,08/07/25 00:25,0xea2440b50d908aa7baa78483a78e0d0d33ede57d,0xe5544a2a5fa9b175da60d8eec67add5582bb31b0,,0,0,0,8.71734E-05,0.272351082,2616.29,,,Mint
0x0d4f29958308c50fcfe521f61ceab5d658c424624640dd1f6f10c76033365f83,22870874,1751934251,08/07/25 00:24,0xea2440b50d908aa7baa78483a78e0d0d33ede57d,0xe5544a2a5fa9b175da60d8eec67add5582bb31b0,,0,0,0,8.82636E-05,0.27575724,2616.29,,,Mint
0x19bd4ed3155f1290c0be23764e616fa5bc52f4fee7955ecf73b1082a07c6182e,22870868,1751934179,08/07/25 00:22,0xea2440b50d908aa7baa78483a78e0d0d33ede57d,0xe5544a2a5fa9b175da60d8eec67add5582bb31b0,,0,0,0,8.80925E-05,0.275222581,2616.29,,,Mint
0x4bcece282bb743bd7791ae25a27157bf9a41bba5fd66b2b91a7a4456ed6996a4,22870836,1751933795,08/07/25 00:16,0xea2440b50d908aa7baa78483a78e0d0d33ede57d,0xe5544a2a5fa9b175da60d8eec67add5582bb31b0,,0,0,0,9.06457E-05,0.28319946,2616.29,,,Mint
0x5dafe5677bc7e2c93435407f22281c4870021d236f94b66ec8907b95426cf470,22870831,1751933735,08/07/25 00:15,0xea2440b50d908aa7baa78483a78e0d0d33ede57d,0xe5544a2a5fa9b175da60d8eec67add5582bb31b0,,0,0,0,9.02055E-05,0.281824062,2616.29,,,Mint
0x3194881c05f9463890e370f0e5e7ba0aa897182cd39990b59d2410dab92368cb,22870826,1751933675,08/07/25 00:14,0xea2440b50d908aa7baa78483a78e0d0d33ede57d,0xe5544a2a5fa9b175da60d8eec67add5582bb31b0,,0,0,0,8.85007E-05,0.276497989,2616.29,,,Mint
0x1e775dd005192a828e63607fae4d694a072b87c7e697a3e7eac3059c9816a194,22870801,1751933375,08/07/25 00:09,0xea2440b50d908aa7baa78483a78e0d0d33ede57d,0xe5544a2a5fa9b175da60d8eec67add5582bb31b0,,0,0,0,8.81003E-05,0.275247008,2616.29,,,Mint
0xc0305ac98e246d7e84b78e913e1b8574bcdac7072937a47f48d6e4055cd10093,22870790,1751933243,08/07/25 00:07,0xea2440b50d908aa7baa78483a78e0d0d33ede57d,0xe5544a2a5fa9b175da60d8eec67add5582bb31b0,,0,0,0,9.02813E-05,0.282060982,2616.29,,,Mint
0xd968fdf5eeb23924b9e1dc22ec928e5dfe70d52eb8fd9d58d08e0313ccda7f6b,22870781,1751933135,08/07/25 00:05,0xea2440b50d908aa7baa78483a78e0d0d33ede57d,0xe5544a2a5fa9b175da60d8eec67add5582bb31b0,,0,0,0,8.98204E-05,0.28062111,2616.29,,,Mint
0x1f4ec5c2044f473492e190d2eb6a2024ba499a0b79b723271bf85fa49fe12b81,22870775,1751933063,08/07/25 00:04,0xea2440b50d908aa7baa78483a78e0d0d33ede57d,0xe5544a2a5fa9b175da60d8eec67add5582bb31b0,,0,0,0,8.97699E-05,0.280463384,2616.29,,,Mint
0x935a82f6b9746f1a92ef90d8d81f3efc9088478bcda8225da6f439b131132fb8,22870714,1751932319,07/07/25 23:51,0xea2440b50d908aa7baa78483a78e0d0d33ede57d,0xe5544a2a5fa9b175da60d8eec67add5582bb31b0,,0,0,0,9.53866E-05,0.298011146,2542.5,,,Mint
0x23a9851e5f74b5aa3404597b9bca6c220bd96249110177b04e9ede1e35dcd43d,22870710,1751932271,07/07/25 23:51,0xea2440b50d908aa7baa78483a78e0d0d33ede57d,0xe5544a2a5fa9b175da60d8eec67add5582bb31b0,,0,0,0,9.63641E-05,0.301065287,2542.5,,,Mint
0xce72349cfe447be11090b9004d59b21d7c3b26a9afdbadf1e240c6c339fe24a1,22870706,1751932223,07/07/25 23:50,0xea2440b50d908aa7baa78483a78e0d0d33ede57d,0xe5544a2a5fa9b175da60d8eec67add5582bb31b0,,0,0,0,9.47339E-05,0.295972045,2542.5,,,Mint
0xc11511cb63180356e57c6b917ad36eaf234927f35540f1fad896f32c34f9293d,22870698,1751932127,07/07/25 23:48,0xea2440b50d908aa7baa78483a78e0d0d33ede57d,0xe5544a2a5fa9b175da60d8eec67add5582bb31b0,,0,0,0,9.72465E-05,0.303821908,2542.5,,,Mint
0xd8bbec9b599e91d4beb8ff3042d68aa1c47b0d59c3833ae22b4a8c367e8183a1,22870692,1751932055,07/07/25 23:47,0xea2440b50d908aa7baa78483a78e0d0d33ede57d,0xe5544a2a5fa9b175da60d8eec67add5582bb31b0,,0,0,0,9.68207E-05,0.302491589,2542.5,,,Mint
0xf9b3612646ee74daef22c3898c9b42801ce0d3d12739ca0211761963de7a4469,22870685,1751931971,07/07/25 23:46,0xea2440b50d908aa7baa78483a78e0d0d33ede57d,0xe5544a2a5fa9b175da60d8eec67add5582bb31b0,,0,0,0,9.51115E-05,0.297151611,2542.5,,,Mint
0xedc7e2ba3bf7010a0fb090c363dd73a9f57171ad0ccc11a5c662fbd57f9c63ff,22870670,1751931791,07/07/25 23:43,0xea2440b50d908aa7baa78483a78e0d0d33ede57d,0xe5544a2a5fa9b175da60d8eec67add5582bb31b0,,0,0,0,9.56172E-05,0.298731729,2542.5,,,Mint
0x4b084b3b55bb3d06487034556c95ce1f8cc88b9a7749f43e0e5270434e48ddef,22870647,1751931515,07/07/25 23:38,0xea2440b50d908aa7baa78483a78e0d0d33ede57d,0xe5544a2a5fa9b175da60d8eec67add5582bb31b0,,0,0,0,9.87813E-05,0.308617069,2542.5,,,Mint
0xde377a730ece37f2ef9f0fe5dba5ef57cca5764627b295152e7d27ac646232bd,22870638,1751931407,07/07/25 23:36,0xea2440b50d908aa7baa78483a78e0d0d33ede57d,0xe5544a2a5fa9b175da60d8eec67add5582bb31b0,,0,0,0,0.000100139,0.312858419,2542.5,,,Mint
0x050113bbfa4d8657769817cc216515d1d29d498e6629649bd5ef500a278e5dcf,22870630,1751931311,07/07/25 23:35,0xea2440b50d908aa7baa78483a78e0d0d33ede57d,0xe5544a2a5fa9b175da60d8eec67add5582bb31b0,,0,0,0,0.000150026,0.468716928,2542.5,,,Mint
0x3369abe9bd66c29addae4a3c7c7b71284c5ad2b3cf7f5148047fe044eb6eb715,22870607,1751931035,07/07/25 23:30,0x0cf7cf67c28dcb1274138c3b6027ddd861e4bdbe,0xe5544a2a5fa9b175da60d8eec67add5582bb31b0,,0,0,0,2.79969E-05,0.087469125,2542.5,,,Mint
0x77c2ce8151c0523e698d70aa271f9b5d158ac24e05df60ca17bd00c1c870b82e,22870542,1751930255,07/07/25 23:17,0x0cf7cf67c28dcb1274138c3b6027ddd861e4bdbe,0xe5544a2a5fa9b175da60d8eec67add5582bb31b0,,0,0,0,2.59473E-05,0.081065668,2542.5,,,Mint
0x0eeb5a183dacde0b0d36e38d8044b3d5ff50b112802544b70bfc1dcd8d8b6228,22870528,1751930087,07/07/25 23:14,0x0cf7cf67c28dcb1274138c3b6027ddd861e4bdbe,0xe5544a2a5fa9b175da60d8eec67add5582bb31b0,,0,0,0,3.72174E-05,0.116276413,2542.5,,,Mint
0x43246a99f92330bc7044b4ec0cdaae0b17c3a6c8bd368ad0de5b4fda89e5be47,22870392,1751928419,07/07/25 22:46,0x0559d4f52c63732853ac1f4c50b6f293cee0b646,0xe5544a2a5fa9b175da60d8eec67add5582bb31b0,,0,0,0,0.00077418,2.418728713,2542.5,,,Mint
0x819c66c0648ece020f259fc0aade25c86dd1b305da355a37463c8e3bf2a4ef0a,22870389,1751928383,07/07/25 22:46,0x0559d4f52c63732853ac1f4c50b6f293cee0b646,0xe5544a2a5fa9b175da60d8eec67add5582bb31b0,,0,0,0,0.00077442,2.419478532,2542.5,,,Mint
0x1cc021101d3c0dfb927ebcbe6228927fa61cc48e91542712d7b63a1ea639e423,22870387,1751928359,07/07/25 22:45,0x0559d4f52c63732853ac1f4c50b6f293cee0b646,0xe5544a2a5fa9b175da60d8eec67add5582bb31b0,,0,0,0,0.00077442,2.419478532,2542.5,,,Mint
0xf5a9910bf9c27e8715083a4ce216d67b887cc32640781962b9bd64e3e023ce26,22870384,1751928323,07/07/25 22:45,0x0559d4f52c63732853ac1f4c50b6f293cee0b646,0xe5544a2a5fa9b175da60d8eec67add5582bb31b0,,0,0,0,0.00077442,2.419478532,2542.5,,,Mint
0xe49d0d884257ba976374ba006172a7c9a781c383d1d0fd926ec1d56e54030ee5,22870383,1751928311,07/07/25 22:45,0x0559d4f52c63732853ac1f4c50b6f293cee0b646,0xe5544a2a5fa9b175da60d8eec67add5582bb31b0,,0,0,0,0.00077442,2.419478532,2542.5,,,Mint
0xee6ba735a830419c009483c042983b4b84b0caab77a1e99e3554ebf1cde1cdd0,22870380,1751928275,07/07/25 22:44,0x0559d4f52c63732853ac1f4c50b6f293cee0b646,0xe5544a2a5fa9b175da60d8eec67add5582bb31b0,,0,0,0,0.00077442,2.419478532,2542.5,,,Mint
0x286c1aed7e55de9b764116630029b592e21778c1a6459ef79d00131879a3f0f4,22870379,1751928263,07/07/25 22:44,0x0559d4f52c63732853ac1f4c50b6f293cee0b646,0xe5544a2a5fa9b175da60d8eec67add5582bb31b0,,0,0,0,0.00077418,2.418728713,2542.5,,,Mint
0xc8fe0549c80a2a9c38fe55a3198697fc95df5d9bb9ce599ad5d86bf358f814c6,22870370,1751928155,07/07/25 22:42,0x0559d4f52c63732853ac1f4c50b6f293cee0b646,0xe5544a2a5fa9b175da60d8eec67add5582bb31b0,,0,0,0,0.00077442,2.419478532,2542.5,,,Mint
0xaf667a62796a7a900ecb6709b643abb98e0da1edf05c55e87bc15b5b422f9a93,22870369,1751928143,07/07/25 22:42,0x0559d4f52c63732853ac1f4c50b6f293cee0b646,0xe5544a2a5fa9b175da60d8eec67add5582bb31b0,,0,0,0,0.00077442,2.419478532,2542.5,,,Mint
0x3a7be9a4f2bb581058a9b5598490c590ea87512b7c06489cfb8ecd9b5a98db52,22870360,1751928035,07/07/25 22:40,0x0559d4f52c63732853ac1f4c50b6f293cee0b646,0xe5544a2a5fa9b175da60d8eec67add5582bb31b0,,0,0,0,0.00077442,2.419478532,2542.5,,,Mint
0xf8ef08f3820c649b98ec6fe72923eeda4af2ba41af18c8b1f110230be7557433,22870359,1751928011,07/07/25 22:40,0x0559d4f52c63732853ac1f4c50b6f293cee0b646,0xe5544a2a5fa9b175da60d8eec67add5582bb31b0,,0,0,0,0.00077442,2.419478532,2542.5,,,Mint
0x6e39c41ad0ed0a58ef72612c5191266be7851fafc72b13e2350c9b0580baa2c4,22870358,1751927999,07/07/25 22:39,0x0559d4f52c63732853ac1f4c50b6f293cee0b646,0xe5544a2a5fa9b175da60d8eec67add5582bb31b0,,0,0,0,0.00077442,2.419478532,2542.5,,,Mint
0xca8b76734397a4aa4f74b010f840c0232b8de811e4b9d38bde92de5c3d0ec318,22870356,1751927975,07/07/25 22:39,0x0559d4f52c63732853ac1f4c50b6f293cee0b646,0xe5544a2a5fa9b175da60d8eec67add5582bb31b0,,0,0,0,0.00077418,2.418728713,2542.5,,,Mint
0x39bf5ddc894b5d88229686c3d112a5300e0d2160b867e33f36a7492b4d5b9b32,22870354,1751927951,07/07/25 22:39,0x0559d4f52c63732853ac1f4c50b6f293cee0b646,0xe5544a2a5fa9b175da60d8eec67add5582bb31b0,,0,0,0,0.00077442,2.419478532,2542.5,,,Mint
0x1842c36a8595060cdbb50ad786b96c757144be02615e37453b0403d74df55a67,22870349,1751927891,07/07/25 22:38,0x0559d4f52c63732853ac1f4c50b6f293cee0b646,0xe5544a2a5fa9b175da60d8eec67add5582bb31b0,,0,0,0,0.00077442,2.419478532,2542.5,,,Mint
0xf5c68b28f18805726f28b8bb98d9884a5f19d88dca8f2757bc902bc6f0515234,22870347,1751927867,07/07/25 22:37,0x0559d4f52c63732853ac1f4c50b6f293cee0b646,0xe5544a2a5fa9b175da60d8eec67add5582bb31b0,,0,0,0,0.00077442,2.419478532,2542.5,,,Mint
0x708fc733b9c92bb94edf65044f43fbd399864ba489cd8c992147b8601d0d8f8e,22870337,1751927747,07/07/25 22:35,0x0559d4f52c63732853ac1f4c50b6f293cee0b646,0xe5544a2a5fa9b175da60d8eec67add5582bb31b0,,0,0,0,0.00077418,2.418728713,2542.5,,,Mint
0x47d5eec9eaea6eba4013a44008ff53a25226f82abf651258a318a8affc98eee1,22870334,1751927711,07/07/25 22:35,0x0559d4f52c63732853ac1f4c50b6f293cee0b646,0xe5544a2a5fa9b175da60d8eec67add5582bb31b0,,0,0,0,0.00077442,2.419478532,2542.5,,,Mint
0x347423811bb95b3dcda4fa489c1d0942a774338964fe73e02791ff63b184a62a,22870326,1751927615,07/07/25 22:33,0x0559d4f52c63732853ac1f4c50b6f293cee0b646,0xe5544a2a5fa9b175da60d8eec67add5582bb31b0,,0,0,0,0.00077442,2.419478532,2542.5,,,Mint
0x6a14f7a776f62a3cad619bd283fcf7b159d8f437d061fdaf96c5f8f1c4afe461,22870321,1751927555,07/07/25 22:32,0x0559d4f52c63732853ac1f4c50b6f293cee0b646,0xe5544a2a5fa9b175da60d8eec67add5582bb31b0,,0,0,0,0.00077442,2.419478532,2542.5,,,Mint
0x431e74fe33593f35086fee35a53bd5a0b4fe5cfba7e640432b5944dd2e2c37c1,22870317,1751927507,07/07/25 22:31,0x0559d4f52c63732853ac1f4c50b6f293cee0b646,0xe5544a2a5fa9b175da60d8eec67add5582bb31b0,,0,0,0,0.00077442,2.419478532,2542.5,,,Mint
0x4c78d01ce81f189be21011ae3a837e8683c9332615112ed4a20095996bb7a55d,22870316,1751927495,07/07/25 22:31,0x0559d4f52c63732853ac1f4c50b6f293cee0b646,0xe5544a2a5fa9b175da60d8eec67add5582bb31b0,,0,0,0,0.00077442,2.419478532,2542.5,,,Mint
0x4f50f2f1b56f5f9b6795396465fc131368a6d36249d44550c58bcd135d65d26a,22870313,1751927459,07/07/25 22:30,0x0559d4f52c63732853ac1f4c50b6f293cee0b646,0xe5544a2a5fa9b175da60d8eec67add5582bb31b0,,0,0,0,0.00077418,2.418728713,2542.5,,,Mint
0x0d056a8b32cb0fb0e34f5f16615361b50bb8848d4eb1ba4e2acdbfd4188d17b5,22870310,1751927423,07/07/25 22:30,0x0559d4f52c63732853ac1f4c50b6f293cee0b646,0xe5544a2a5fa9b175da60d8eec67add5582bb31b0,,0,0,0,0.00077418,2.418728713,2542.5,,,Mint
0x65d56ea9e0f6e9ec074680e929d7cbdd9874f6e13a0f1692eef745e5f32d6d83,22870304,1751927351,07/07/25 22:29,0x0559d4f52c63732853ac1f4c50b6f293cee0b646,0xe5544a2a5fa9b175da60d8eec67add5582bb31b0,,0,0,0,0.00077442,2.419478532,2542.5,,,Mint
0xf208bf5f881595cf13aa9abd3554dc013081ecd7c1419c94a15e781c145edfa3,22870302,1751927327,07/07/25 22:28,0x0559d4f52c63732853ac1f4c50b6f293cee0b646,0xe5544a2a5fa9b175da60d8eec67add5582bb31b0,,0,0,0,0.00077442,2.419478532,2542.5,,,Mint
0xdcc3a22a9acddf079656d4d35aaa6d4a390be33267469b7847f4e9dae44ea99a,22870301,1751927315,07/07/25 22:28,0x0559d4f52c63732853ac1f4c50b6f293cee0b646,0xe5544a2a5fa9b175da60d8eec67add5582bb31b0,,0,0,0,0.00077442,2.419478532,2542.5,,,Mint
0x172cbbe5460aee3d642a15931388565b058ad61cb7a07e179c0391a3de3e1d75,22870300,1751927303,07/07/25 22:28,0x0559d4f52c63732853ac1f4c50b6f293cee0b646,0xe5544a2a5fa9b175da60d8eec67add5582bb31b0,,0,0,0,0.00077418,2.418728713,2542.5,,,Mint
0x36ab265b1e58095af109bfaf742212e5c082f00f93e09c5464bfd34020dc3a7d,22870273,1751926979,07/07/25 22:22,0x0559d4f52c63732853ac1f4c50b6f293cee0b646,0xe5544a2a5fa9b175da60d8eec67add5582bb31b0,,0,0,0,0.00077442,2.419478532,2542.5,,,Mint
0xbe02e11895642989121be18711ec4953201982f7965dfcf37e60a29bab5e6ec1,22870233,1751926499,07/07/25 22:14,0x0559d4f52c63732853ac1f4c50b6f293cee0b646,0xe5544a2a5fa9b175da60d8eec67add5582bb31b0,,0,0,0,0.00077442,2.419478532,2542.5,,,Mint
0x09c72e020fc6f205e98c2482cda2ff98e7a86b4cd3868c9e750241086fa72f4b,22870227,1751926427,07/07/25 22:13,0x0559d4f52c63732853ac1f4c50b6f293cee0b646,0xe5544a2a5fa9b175da60d8eec67add5582bb31b0,,0,0,0,0.00077442,2.419478532,2542.5,,,Mint
0x9c6c677caa7378c92e23ab5a342a354265def6e1133506537b70a4ff9c9cacd2,22870221,1751926355,07/07/25 22:12,0x0559d4f52c63732853ac1f4c50b6f293cee0b646,0xe5544a2a5fa9b175da60d8eec67add5582bb31b0,,0,0,0,0.00077442,2.419478532,2542.5,,,Mint
0xb6f4731458ab472f94f10bf08870701c00921947432901892fff257b717ad2be,22870220,1751926343,07/07/25 22:12,0x0559d4f52c63732853ac1f4c50b6f293cee0b646,0xe5544a2a5fa9b175da60d8eec67add5582bb31b0,,0,0,0,0.00077418,2.418728713,2542.5,,,Mint
0x78c54b3f2f0a2c6636c42145ca2a332d7f10c793b66fb798a217e4bd956a3f85,22870219,1751926331,07/07/25 22:12,0x0559d4f52c63732853ac1f4c50b6f293cee0b646,0xe5544a2a5fa9b175da60d8eec67add5582bb31b0,,0,0,0,0.00077442,2.419478532,2542.5,,,Mint
0x57a20591a73850c90669492749fbf2235e2480be6440ae000b309bee6ae5d3a8,22870218,1751926319,07/07/25 22:11,0x0559d4f52c63732853ac1f4c50b6f293cee0b646,0xe5544a2a5fa9b175da60d8eec67add5582bb31b0,,0,0,0,0.00077442,2.419478532,2542.5,,,Mint
0xf3f2f7683fe88c65b60695f9a4e26f87a0505bc2256c646f1d096b24039be3b8,22870183,1751925899,07/07/25 22:04,0x0559d4f52c63732853ac1f4c50b6f293cee0b646,0xe5544a2a5fa9b175da60d8eec67add5582bb31b0,,0,0,0,0.00077442,2.419478532,2542.5,,,Mint
0xff8c86aa8a495890b97715434b2432d8eb9c188bbb592ff1be9f6d27f5656c7a,22870180,1751925863,07/07/25 22:04,0x0559d4f52c63732853ac1f4c50b6f293cee0b646,0xe5544a2a5fa9b175da60d8eec67add5582bb31b0,,0,0,0,0.00077442,2.419478532,2542.5,,,Mint
0x396101f8921fa8e07612a657cc08a8d25b491e53540f16c8f54a9bff9eebd38a,22870132,1751925287,07/07/25 21:54,0x0559d4f52c63732853ac1f4c50b6f293cee0b646,0xe5544a2a5fa9b175da60d8eec67add5582bb31b0,,0,0,0,0.00077418,2.418728713,2542.5,,,Mint
0xd177c630008b486035dbd89551d86324c65e6c8b94048786b31be9cb3946a04b,22870115,1751925083,07/07/25 21:51,0x0559d4f52c63732853ac1f4c50b6f293cee0b646,0xe5544a2a5fa9b175da60d8eec67add5582bb31b0,,0,0,0,0.00077442,2.419478532,2542.5,,,Mint
0x4a81005f9b049fd19a7ae789972095fcfb74e90d3fb60250dccc4cadf21ad93f,22870016,1751923871,07/07/25 21:31,0x0559d4f52c63732853ac1f4c50b6f293cee0b646,0xe5544a2a5fa9b175da60d8eec67add5582bb31b0,,0,0,0,9.14473E-05,0.285703788,2542.5,,,Mint
