"Transaction Hash","Blockno","UnixTimestamp","DateTime (UTC)","From","To","ContractAddress","Value_IN(ETH)","Value_OUT(ETH)","CurrentValue @ $2779.15513379622/Eth","TxnFee(ETH)","TxnFee(USD)","Historical $Price/Eth","Status","ErrCode","Method"
"0x4a81005f9b049fd19a7ae789972095fcfb74e90d3fb60250dccc4cadf21ad93f","22870016","1751923871","2025-07-07 21:31:11","0x0559d4f52c63732853ac1f4c50b6f293cee0b646","0xe5544a2a5fa9b175da60d8eec67add5582bb31b0","","0","0","0","0.000091447278738285","0.254146174177199","2542.50","","","Mint"
"0xd177c630008b486035dbd89551d86324c65e6c8b94048786b31be9cb3946a04b","22870115","1751925083","2025-07-07 21:51:23","0x0559d4f52c63732853ac1f4c50b6f293cee0b646","0xe5544a2a5fa9b175da60d8eec67add5582bb31b0","","0","0","0","0.00077442","2.15223331871447","2542.50","","","Mint"
"0x07ea30bb44036924e8652d64b13ad0bc4b66b69c716924563545903cb156bb5e","22870119","1751925131","2025-07-07 21:52:11","0x0559d4f52c63732853ac1f4c50b6f293cee0b646","0xe5544a2a5fa9b175da60d8eec67add5582bb31b0","","0","0","0","0.002","5.55831026759244","2542.50","Error(0)","invalid jump destination","Mint"
"0x396101f8921fa8e07612a657cc08a8d25b491e53540f16c8f54a9bff9eebd38a","22870132","1751925287","2025-07-07 21:54:47","0x0559d4f52c63732853ac1f4c50b6f293cee0b646","0xe5544a2a5fa9b175da60d8eec67add5582bb31b0","","0","0","0","0.00077418","2.15156632148236","2542.50","","","Mint"
"0xc72940a20c6ef5be8fab6061ffe96c6ee28b9c62efa87de21d5b2089fc9ba0a7","22870177","1751925827","2025-07-07 22:03:47","0x0559d4f52c63732853ac1f4c50b6f293cee0b646","0xe5544a2a5fa9b175da60d8eec67add5582bb31b0","","0","0","0","0.002","5.55831026759244","2542.50","Error(0)","invalid jump destination","Mint"
"0x8685020dd8487e5f3268164ae8448a7abc7fe4f426d13cd2ae07e53fbadf5bd1","22870178","1751925839","2025-07-07 22:03:59","0x0559d4f52c63732853ac1f4c50b6f293cee0b646","0xe5544a2a5fa9b175da60d8eec67add5582bb31b0","","0","0","0","0.002","5.55831026759244","2542.50","Error(0)","invalid jump destination","Mint"
"0xd27717c0211f83cce11bc9ec1bee6f12b878a6358f5d409ab9312be3b51d736d","22870179","1751925851","2025-07-07 22:04:11","0x0559d4f52c63732853ac1f4c50b6f293cee0b646","0xe5544a2a5fa9b175da60d8eec67add5582bb31b0","","0","0","0","0.002","5.55831026759244","2542.50","Error(0)","invalid jump destination","Mint"
"0xff8c86aa8a495890b97715434b2432d8eb9c188bbb592ff1be9f6d27f5656c7a","22870180","1751925863","2025-07-07 22:04:23","0x0559d4f52c63732853ac1f4c50b6f293cee0b646","0xe5544a2a5fa9b175da60d8eec67add5582bb31b0","","0","0","0","0.00077442","2.15223331871447","2542.50","","","Mint"
"0x593d387628a0ca25a03d989749468f122e3dd5877622c1c4aa8ed99605fbbd24","22870181","1751925875","2025-07-07 22:04:35","0x0559d4f52c63732853ac1f4c50b6f293cee0b646","0xe5544a2a5fa9b175da60d8eec67add5582bb31b0","","0","0","0","0.002","5.55831026759244","2542.50","Error(0)","invalid jump destination","Mint"
"0xd4257eb3d8a229083d9089955211652a3209f0451f95f3fa03e6a43e4479eee5","22870182","1751925887","2025-07-07 22:04:47","0x0559d4f52c63732853ac1f4c50b6f293cee0b646","0xe5544a2a5fa9b175da60d8eec67add5582bb31b0","","0","0","0","0.002","5.55831026759244","2542.50","Error(0)","invalid jump destination","Mint"
"0xf3f2f7683fe88c65b60695f9a4e26f87a0505bc2256c646f1d096b24039be3b8","22870183","1751925899","2025-07-07 22:04:59","0x0559d4f52c63732853ac1f4c50b6f293cee0b646","0xe5544a2a5fa9b175da60d8eec67add5582bb31b0","","0","0","0","0.00077442","2.15223331871447","2542.50","","","Mint"
"0x242b9ff1fb4fa0f94378b9c99dd3642be1aebdac4c43f1ed85bef9eb4adb9934","22870184","1751925911","2025-07-07 22:05:11","0x0559d4f52c63732853ac1f4c50b6f293cee0b646","0xe5544a2a5fa9b175da60d8eec67add5582bb31b0","","0","0","0","0.002","5.55831026759244","2542.50","Error(0)","invalid jump destination","Mint"
"0x87e69427a7f65a263e3e77bafa04c56102ae64b00aca551356f700b1626d5995","22870217","1751926307","2025-07-07 22:11:47","0x0559d4f52c63732853ac1f4c50b6f293cee0b646","0xe5544a2a5fa9b175da60d8eec67add5582bb31b0","","0","0","0","0.002","5.55831026759244","2542.50","Error(0)","invalid jump destination","Mint"
"0x57a20591a73850c90669492749fbf2235e2480be6440ae000b309bee6ae5d3a8","22870218","1751926319","2025-07-07 22:11:59","0x0559d4f52c63732853ac1f4c50b6f293cee0b646","0xe5544a2a5fa9b175da60d8eec67add5582bb31b0","","0","0","0","0.00077442","2.15223331871447","2542.50","","","Mint"
"0x78c54b3f2f0a2c6636c42145ca2a332d7f10c793b66fb798a217e4bd956a3f85","22870219","1751926331","2025-07-07 22:12:11","0x0559d4f52c63732853ac1f4c50b6f293cee0b646","0xe5544a2a5fa9b175da60d8eec67add5582bb31b0","","0","0","0","0.00077442","2.15223331871447","2542.50","","","Mint"
"0xb6f4731458ab472f94f10bf08870701c00921947432901892fff257b717ad2be","22870220","1751926343","2025-07-07 22:12:23","0x0559d4f52c63732853ac1f4c50b6f293cee0b646","0xe5544a2a5fa9b175da60d8eec67add5582bb31b0","","0","0","0","0.00077418","2.15156632148236","2542.50","","","Mint"
"0x9c6c677caa7378c92e23ab5a342a354265def6e1133506537b70a4ff9c9cacd2","22870221","1751926355","2025-07-07 22:12:35","0x0559d4f52c63732853ac1f4c50b6f293cee0b646","0xe5544a2a5fa9b175da60d8eec67add5582bb31b0","","0","0","0","0.00077442","2.15223331871447","2542.50","","","Mint"
"0x06ec549c879eec51b38e283d1861bec9122d566fb99942ad8f6a413f405dd988","22870222","1751926367","2025-07-07 22:12:47","0x0559d4f52c63732853ac1f4c50b6f293cee0b646","0xe5544a2a5fa9b175da60d8eec67add5582bb31b0","","0","0","0","0.002","5.55831026759244","2542.50","Error(0)","invalid jump destination","Mint"
"0x1ee8a745d343240d5dcc2a5a5090c00b5c888a50a065b37b605ad7679f66f92b","22870225","1751926403","2025-07-07 22:13:23","0x0559d4f52c63732853ac1f4c50b6f293cee0b646","0xe5544a2a5fa9b175da60d8eec67add5582bb31b0","","0","0","0","0.002","5.55831026759244","2542.50","Error(0)","invalid jump destination","Mint"
"0x09c72e020fc6f205e98c2482cda2ff98e7a86b4cd3868c9e750241086fa72f4b","22870227","1751926427","2025-07-07 22:13:47","0x0559d4f52c63732853ac1f4c50b6f293cee0b646","0xe5544a2a5fa9b175da60d8eec67add5582bb31b0","","0","0","0","0.00077442","2.15223331871447","2542.50","","","Mint"
"0x9680fc7e56c90963d71a04e575ea2d32896a506c1676c77af441eb7b7b7ccf2e","22870228","1751926439","2025-07-07 22:13:59","0x0559d4f52c63732853ac1f4c50b6f293cee0b646","0xe5544a2a5fa9b175da60d8eec67add5582bb31b0","","0","0","0","0.002","5.55831026759244","2542.50","Error(0)","invalid jump destination","Mint"
"0x724a4a30b0471b2c583b1ed6f4cd61abe5980932cf4d30ab47d99fd20a744581","22870229","1751926451","2025-07-07 22:14:11","0x0559d4f52c63732853ac1f4c50b6f293cee0b646","0xe5544a2a5fa9b175da60d8eec67add5582bb31b0","","0","0","0","0.002","5.55831026759244","2542.50","Error(0)","invalid jump destination","Mint"
"0x5d95a7668f35f6e2b55a50d77267b226d3fbe31a138bc364cd5c268357ffa528","22870230","1751926463","2025-07-07 22:14:23","0x0559d4f52c63732853ac1f4c50b6f293cee0b646","0xe5544a2a5fa9b175da60d8eec67add5582bb31b0","","0","0","0","0.002","5.55831026759244","2542.50","Error(0)","invalid jump destination","Mint"
"0x82d935d3272c6907b9bd943d6972ddf486bb89983c248f2154699c83b9665cbe","22870231","1751926475","2025-07-07 22:14:35","0x0559d4f52c63732853ac1f4c50b6f293cee0b646","0xe5544a2a5fa9b175da60d8eec67add5582bb31b0","","0","0","0","0.002","5.55831026759244","2542.50","Error(0)","invalid jump destination","Mint"
"0xbe02e11895642989121be18711ec4953201982f7965dfcf37e60a29bab5e6ec1","22870233","1751926499","2025-07-07 22:14:59","0x0559d4f52c63732853ac1f4c50b6f293cee0b646","0xe5544a2a5fa9b175da60d8eec67add5582bb31b0","","0","0","0","0.00077442","2.15223331871447","2542.50","","","Mint"
"0x3c196fe04b49b7689940806c00a850d24c9e6fb6ab584a58214f1e5661d95721","22870234","1751926511","2025-07-07 22:15:11","0x0559d4f52c63732853ac1f4c50b6f293cee0b646","0xe5544a2a5fa9b175da60d8eec67add5582bb31b0","","0","0","0","0.002","5.55831026759244","2542.50","Error(0)","invalid jump destination","Mint"
"0x905b019ff4c5cd4031530293d793f69da41946e5f164a45ae7396b97a1613166","22870251","1751926715","2025-07-07 22:18:35","0x0559d4f52c63732853ac1f4c50b6f293cee0b646","0xe5544a2a5fa9b175da60d8eec67add5582bb31b0","","0","0","0","0.002","5.55831026759244","2542.50","Error(0)","invalid jump destination","Mint"
"0x2e2ce6907b11abb75cf7741ae04ddb455294206178570738d7f0cf8dcb6d7711","22870261","1751926835","2025-07-07 22:20:35","0x0559d4f52c63732853ac1f4c50b6f293cee0b646","0xe5544a2a5fa9b175da60d8eec67add5582bb31b0","","0","0","0","0.002","5.55831026759244","2542.50","Error(0)","invalid jump destination","Mint"
"0x36ab265b1e58095af109bfaf742212e5c082f00f93e09c5464bfd34020dc3a7d","22870273","1751926979","2025-07-07 22:22:59","0x0559d4f52c63732853ac1f4c50b6f293cee0b646","0xe5544a2a5fa9b175da60d8eec67add5582bb31b0","","0","0","0","0.00077442","2.15223331871447","2542.50","","","Mint"
"0xb86d5572103197c47ef43c79becf42cf4f04e75baa647e1b926be14b6278a63b","22870274","1751926991","2025-07-07 22:23:11","0x0559d4f52c63732853ac1f4c50b6f293cee0b646","0xe5544a2a5fa9b175da60d8eec67add5582bb31b0","","0","0","0","0.002","5.55831026759244","2542.50","Error(0)","invalid jump destination","Mint"
"0xe2c843132bfdf1774d610c7f562a6009463f9f362379b1936b4db08c7a7a7a28","22870275","1751927003","2025-07-07 22:23:23","0x0559d4f52c63732853ac1f4c50b6f293cee0b646","0xe5544a2a5fa9b175da60d8eec67add5582bb31b0","","0","0","0","0.002","5.55831026759244","2542.50","Error(0)","invalid jump destination","Mint"
"0xd38d38e083fd3c036bf2f144f727ad3adf157ff82331d125724ea97fd547c48e","22870276","1751927015","2025-07-07 22:23:35","0x0559d4f52c63732853ac1f4c50b6f293cee0b646","0xe5544a2a5fa9b175da60d8eec67add5582bb31b0","","0","0","0","0.002","5.55831026759244","2542.50","Error(0)","invalid jump destination","Mint"
"0x3d8506cb06ff407c8655af161de62b2498c15bac10eb05c2f9cf99e739d2c5c0","22870277","1751927027","2025-07-07 22:23:47","0x0559d4f52c63732853ac1f4c50b6f293cee0b646","0xe5544a2a5fa9b175da60d8eec67add5582bb31b0","","0","0","0","0.002","5.55831026759244","2542.50","Error(0)","invalid jump destination","Mint"
"0x172cbbe5460aee3d642a15931388565b058ad61cb7a07e179c0391a3de3e1d75","22870300","1751927303","2025-07-07 22:28:23","0x0559d4f52c63732853ac1f4c50b6f293cee0b646","0xe5544a2a5fa9b175da60d8eec67add5582bb31b0","","0","0","0","0.00077418","2.15156632148236","2542.50","","","Mint"
"0xdcc3a22a9acddf079656d4d35aaa6d4a390be33267469b7847f4e9dae44ea99a","22870301","1751927315","2025-07-07 22:28:35","0x0559d4f52c63732853ac1f4c50b6f293cee0b646","0xe5544a2a5fa9b175da60d8eec67add5582bb31b0","","0","0","0","0.00077442","2.15223331871447","2542.50","","","Mint"
"0xf208bf5f881595cf13aa9abd3554dc013081ecd7c1419c94a15e781c145edfa3","22870302","1751927327","2025-07-07 22:28:47","0x0559d4f52c63732853ac1f4c50b6f293cee0b646","0xe5544a2a5fa9b175da60d8eec67add5582bb31b0","","0","0","0","0.00077442","2.15223331871447","2542.50","","","Mint"
"0x65d56ea9e0f6e9ec074680e929d7cbdd9874f6e13a0f1692eef745e5f32d6d83","22870304","1751927351","2025-07-07 22:29:11","0x0559d4f52c63732853ac1f4c50b6f293cee0b646","0xe5544a2a5fa9b175da60d8eec67add5582bb31b0","","0","0","0","0.00077442","2.15223331871447","2542.50","","","Mint"
"0x0d056a8b32cb0fb0e34f5f16615361b50bb8848d4eb1ba4e2acdbfd4188d17b5","22870310","1751927423","2025-07-07 22:30:23","0x0559d4f52c63732853ac1f4c50b6f293cee0b646","0xe5544a2a5fa9b175da60d8eec67add5582bb31b0","","0","0","0","0.00077418","2.15156632148236","2542.50","","","Mint"
"0x4f50f2f1b56f5f9b6795396465fc131368a6d36249d44550c58bcd135d65d26a","22870313","1751927459","2025-07-07 22:30:59","0x0559d4f52c63732853ac1f4c50b6f293cee0b646","0xe5544a2a5fa9b175da60d8eec67add5582bb31b0","","0","0","0","0.00077418","2.15156632148236","2542.50","","","Mint"
"0x4c78d01ce81f189be21011ae3a837e8683c9332615112ed4a20095996bb7a55d","22870316","1751927495","2025-07-07 22:31:35","0x0559d4f52c63732853ac1f4c50b6f293cee0b646","0xe5544a2a5fa9b175da60d8eec67add5582bb31b0","","0","0","0","0.00077442","2.15223331871447","2542.50","","","Mint"
"0x431e74fe33593f35086fee35a53bd5a0b4fe5cfba7e640432b5944dd2e2c37c1","22870317","1751927507","2025-07-07 22:31:47","0x0559d4f52c63732853ac1f4c50b6f293cee0b646","0xe5544a2a5fa9b175da60d8eec67add5582bb31b0","","0","0","0","0.00077442","2.15223331871447","2542.50","","","Mint"
"0x6a14f7a776f62a3cad619bd283fcf7b159d8f437d061fdaf96c5f8f1c4afe461","22870321","1751927555","2025-07-07 22:32:35","0x0559d4f52c63732853ac1f4c50b6f293cee0b646","0xe5544a2a5fa9b175da60d8eec67add5582bb31b0","","0","0","0","0.00077442","2.15223331871447","2542.50","","","Mint"
"0x347423811bb95b3dcda4fa489c1d0942a774338964fe73e02791ff63b184a62a","22870326","1751927615","2025-07-07 22:33:35","0x0559d4f52c63732853ac1f4c50b6f293cee0b646","0xe5544a2a5fa9b175da60d8eec67add5582bb31b0","","0","0","0","0.00077442","2.15223331871447","2542.50","","","Mint"
"0x47d5eec9eaea6eba4013a44008ff53a25226f82abf651258a318a8affc98eee1","22870334","1751927711","2025-07-07 22:35:11","0x0559d4f52c63732853ac1f4c50b6f293cee0b646","0xe5544a2a5fa9b175da60d8eec67add5582bb31b0","","0","0","0","0.00077442","2.15223331871447","2542.50","","","Mint"
"0x708fc733b9c92bb94edf65044f43fbd399864ba489cd8c992147b8601d0d8f8e","22870337","1751927747","2025-07-07 22:35:47","0x0559d4f52c63732853ac1f4c50b6f293cee0b646","0xe5544a2a5fa9b175da60d8eec67add5582bb31b0","","0","0","0","0.00077418","2.15156632148236","2542.50","","","Mint"
"0xf5c68b28f18805726f28b8bb98d9884a5f19d88dca8f2757bc902bc6f0515234","22870347","1751927867","2025-07-07 22:37:47","0x0559d4f52c63732853ac1f4c50b6f293cee0b646","0xe5544a2a5fa9b175da60d8eec67add5582bb31b0","","0","0","0","0.00077442","2.15223331871447","2542.50","","","Mint"
"0x1842c36a8595060cdbb50ad786b96c757144be02615e37453b0403d74df55a67","22870349","1751927891","2025-07-07 22:38:11","0x0559d4f52c63732853ac1f4c50b6f293cee0b646","0xe5544a2a5fa9b175da60d8eec67add5582bb31b0","","0","0","0","0.00077442","2.15223331871447","2542.50","","","Mint"
"0x39bf5ddc894b5d88229686c3d112a5300e0d2160b867e33f36a7492b4d5b9b32","22870354","1751927951","2025-07-07 22:39:11","0x0559d4f52c63732853ac1f4c50b6f293cee0b646","0xe5544a2a5fa9b175da60d8eec67add5582bb31b0","","0","0","0","0.00077442","2.15223331871447","2542.50","","","Mint"
"0x796e61e8498795f25a4e07a49a5e500c91e5a0d2b03fe09fa30f619a54148095","22870355","1751927963","2025-07-07 22:39:23","0x0559d4f52c63732853ac1f4c50b6f293cee0b646","0xe5544a2a5fa9b175da60d8eec67add5582bb31b0","","0","0","0","0.002","5.55831026759244","2542.50","Error(0)","invalid jump destination","Mint"
"0xca8b76734397a4aa4f74b010f840c0232b8de811e4b9d38bde92de5c3d0ec318","22870356","1751927975","2025-07-07 22:39:35","0x0559d4f52c63732853ac1f4c50b6f293cee0b646","0xe5544a2a5fa9b175da60d8eec67add5582bb31b0","","0","0","0","0.00077418","2.15156632148236","2542.50","","","Mint"
"0x6e39c41ad0ed0a58ef72612c5191266be7851fafc72b13e2350c9b0580baa2c4","22870358","1751927999","2025-07-07 22:39:59","0x0559d4f52c63732853ac1f4c50b6f293cee0b646","0xe5544a2a5fa9b175da60d8eec67add5582bb31b0","","0","0","0","0.00077442","2.15223331871447","2542.50","","","Mint"
"0xf8ef08f3820c649b98ec6fe72923eeda4af2ba41af18c8b1f110230be7557433","22870359","1751928011","2025-07-07 22:40:11","0x0559d4f52c63732853ac1f4c50b6f293cee0b646","0xe5544a2a5fa9b175da60d8eec67add5582bb31b0","","0","0","0","0.00077442","2.15223331871447","2542.50","","","Mint"
"0x3a7be9a4f2bb581058a9b5598490c590ea87512b7c06489cfb8ecd9b5a98db52","22870360","1751928035","2025-07-07 22:40:35","0x0559d4f52c63732853ac1f4c50b6f293cee0b646","0xe5544a2a5fa9b175da60d8eec67add5582bb31b0","","0","0","0","0.00077442","2.15223331871447","2542.50","","","Mint"
"0xaf667a62796a7a900ecb6709b643abb98e0da1edf05c55e87bc15b5b422f9a93","22870369","1751928143","2025-07-07 22:42:23","0x0559d4f52c63732853ac1f4c50b6f293cee0b646","0xe5544a2a5fa9b175da60d8eec67add5582bb31b0","","0","0","0","0.00077442","2.15223331871447","2542.50","","","Mint"
"0xc8fe0549c80a2a9c38fe55a3198697fc95df5d9bb9ce599ad5d86bf358f814c6","22870370","1751928155","2025-07-07 22:42:35","0x0559d4f52c63732853ac1f4c50b6f293cee0b646","0xe5544a2a5fa9b175da60d8eec67add5582bb31b0","","0","0","0","0.00077442","2.15223331871447","2542.50","","","Mint"
"0x286c1aed7e55de9b764116630029b592e21778c1a6459ef79d00131879a3f0f4","22870379","1751928263","2025-07-07 22:44:23","0x0559d4f52c63732853ac1f4c50b6f293cee0b646","0xe5544a2a5fa9b175da60d8eec67add5582bb31b0","","0","0","0","0.00077418","2.15156632148236","2542.50","","","Mint"
"0xee6ba735a830419c009483c042983b4b84b0caab77a1e99e3554ebf1cde1cdd0","22870380","1751928275","2025-07-07 22:44:35","0x0559d4f52c63732853ac1f4c50b6f293cee0b646","0xe5544a2a5fa9b175da60d8eec67add5582bb31b0","","0","0","0","0.00077442","2.15223331871447","2542.50","","","Mint"
"0xe49d0d884257ba976374ba006172a7c9a781c383d1d0fd926ec1d56e54030ee5","22870383","1751928311","2025-07-07 22:45:11","0x0559d4f52c63732853ac1f4c50b6f293cee0b646","0xe5544a2a5fa9b175da60d8eec67add5582bb31b0","","0","0","0","0.00077442","2.15223331871447","2542.50","","","Mint"
"0xf5a9910bf9c27e8715083a4ce216d67b887cc32640781962b9bd64e3e023ce26","22870384","1751928323","2025-07-07 22:45:23","0x0559d4f52c63732853ac1f4c50b6f293cee0b646","0xe5544a2a5fa9b175da60d8eec67add5582bb31b0","","0","0","0","0.00077442","2.15223331871447","2542.50","","","Mint"
"0x1cc021101d3c0dfb927ebcbe6228927fa61cc48e91542712d7b63a1ea639e423","22870387","1751928359","2025-07-07 22:45:59","0x0559d4f52c63732853ac1f4c50b6f293cee0b646","0xe5544a2a5fa9b175da60d8eec67add5582bb31b0","","0","0","0","0.00077442","2.15223331871447","2542.50","","","Mint"
"0x819c66c0648ece020f259fc0aade25c86dd1b305da355a37463c8e3bf2a4ef0a","22870389","1751928383","2025-07-07 22:46:23","0x0559d4f52c63732853ac1f4c50b6f293cee0b646","0xe5544a2a5fa9b175da60d8eec67add5582bb31b0","","0","0","0","0.00077442","2.15223331871447","2542.50","","","Mint"
"0x8bcba5335881383295dfe7c9cb475bc9d35e36f1936e5c2bdab5aed5fe20be08","22870391","1751928407","2025-07-07 22:46:47","0x0559d4f52c63732853ac1f4c50b6f293cee0b646","0xe5544a2a5fa9b175da60d8eec67add5582bb31b0","","0","0","0","0.002","5.55831026759244","2542.50","Error(0)","invalid jump destination","Mint"
"0x43246a99f92330bc7044b4ec0cdaae0b17c3a6c8bd368ad0de5b4fda89e5be47","22870392","1751928419","2025-07-07 22:46:59","0x0559d4f52c63732853ac1f4c50b6f293cee0b646","0xe5544a2a5fa9b175da60d8eec67add5582bb31b0","","0","0","0","0.00077418","2.15156632148236","2542.50","","","Mint"
"0x0eeb5a183dacde0b0d36e38d8044b3d5ff50b112802544b70bfc1dcd8d8b6228","22870528","1751930087","2025-07-07 23:14:47","0x0cf7cf67c28dcb1274138c3b6027ddd861e4bdbe","0xe5544a2a5fa9b175da60d8eec67add5582bb31b0","","0","0","0","0.000037217432954493","0.103433019862196","2542.50","","","Mint"
"0x77c2ce8151c0523e698d70aa271f9b5d158ac24e05df60ca17bd00c1c870b82e","22870542","1751930255","2025-07-07 23:17:35","0x0cf7cf67c28dcb1274138c3b6027ddd861e4bdbe","0xe5544a2a5fa9b175da60d8eec67add5582bb31b0","","0","0","0","0.000025947275056434","0.0721115026811112","2542.50","","","Mint"
"0x3369abe9bd66c29addae4a3c7c7b71284c5ad2b3cf7f5148047fe044eb6eb715","22870607","1751931035","2025-07-07 23:30:35","0x0cf7cf67c28dcb1274138c3b6027ddd861e4bdbe","0xe5544a2a5fa9b175da60d8eec67add5582bb31b0","","0","0","0","0.000027996875749614","0.0778076609697946","2542.50","","","Mint"
"0x050113bbfa4d8657769817cc216515d1d29d498e6629649bd5ef500a278e5dcf","22870630","1751931311","2025-07-07 23:35:11","0xea2440b50d908aa7baa78483a78e0d0d33ede57d","0xe5544a2a5fa9b175da60d8eec67add5582bb31b0","","0","0","0","0.000150025618548027","0.416944467988703","2542.50","","","Mint"
"0xde377a730ece37f2ef9f0fe5dba5ef57cca5764627b295152e7d27ac646232bd","22870638","1751931407","2025-07-07 23:36:47","0xea2440b50d908aa7baa78483a78e0d0d33ede57d","0xe5544a2a5fa9b175da60d8eec67add5582bb31b0","","0","0","0","0.000100138857909003","0.278301421050296","2542.50","","","Mint"
"0x4b084b3b55bb3d06487034556c95ce1f8cc88b9a7749f43e0e5270434e48ddef","22870647","1751931515","2025-07-07 23:38:35","0xea2440b50d908aa7baa78483a78e0d0d33ede57d","0xe5544a2a5fa9b175da60d8eec67add5582bb31b0","","0","0","0","0.000098781298251867","0.274528552159732","2542.50","","","Mint"
"0xedc7e2ba3bf7010a0fb090c363dd73a9f57171ad0ccc11a5c662fbd57f9c63ff","22870670","1751931791","2025-07-07 23:43:11","0xea2440b50d908aa7baa78483a78e0d0d33ede57d","0xe5544a2a5fa9b175da60d8eec67add5582bb31b0","","0","0","0","0.000095617225950654","0.265735104380113","2542.50","","","Mint"
"0xf9b3612646ee74daef22c3898c9b42801ce0d3d12739ca0211761963de7a4469","22870685","1751931971","2025-07-07 23:46:11","0xea2440b50d908aa7baa78483a78e0d0d33ede57d","0xe5544a2a5fa9b175da60d8eec67add5582bb31b0","","0","0","0","0.000095111466110772","0.264329519324637","2542.50","","","Mint"
"0xd8bbec9b599e91d4beb8ff3042d68aa1c47b0d59c3833ae22b4a8c367e8183a1","22870692","1751932055","2025-07-07 23:47:35","0xea2440b50d908aa7baa78483a78e0d0d33ede57d","0xe5544a2a5fa9b175da60d8eec67add5582bb31b0","","0","0","0","0.000096820671494253","0.269079666240851","2542.50","","","Mint"
"0xc11511cb63180356e57c6b917ad36eaf234927f35540f1fad896f32c34f9293d","22870698","1751932127","2025-07-07 23:48:47","0xea2440b50d908aa7baa78483a78e0d0d33ede57d","0xe5544a2a5fa9b175da60d8eec67add5582bb31b0","","0","0","0","0.000097246476302514","0.270263043859724","2542.50","","","Mint"
"0xce72349cfe447be11090b9004d59b21d7c3b26a9afdbadf1e240c6c339fe24a1","22870706","1751932223","2025-07-07 23:50:23","0xea2440b50d908aa7baa78483a78e0d0d33ede57d","0xe5544a2a5fa9b175da60d8eec67add5582bb31b0","","0","0","0","0.000094733914088781","0.263280243684446","2542.50","","","Mint"
"0x23a9851e5f74b5aa3404597b9bca6c220bd96249110177b04e9ede1e35dcd43d","22870710","1751932271","2025-07-07 23:51:11","0xea2440b50d908aa7baa78483a78e0d0d33ede57d","0xe5544a2a5fa9b175da60d8eec67add5582bb31b0","","0","0","0","0.000096364144668924","0.267810907370522","2542.50","","","Mint"
"0x935a82f6b9746f1a92ef90d8d81f3efc9088478bcda8225da6f439b131132fb8","22870714","1751932319","2025-07-07 23:51:59","0xea2440b50d908aa7baa78483a78e0d0d33ede57d","0xe5544a2a5fa9b175da60d8eec67add5582bb31b0","","0","0","0","0.000095386583694618","0.26509411377018","2542.50","","","Mint"
"0x1f4ec5c2044f473492e190d2eb6a2024ba499a0b79b723271bf85fa49fe12b81","22870775","1751933063","2025-07-08 00:04:23","0xea2440b50d908aa7baa78483a78e0d0d33ede57d","0xe5544a2a5fa9b175da60d8eec67add5582bb31b0","","0","0","0","0.000089769944585496","0.249484602355383","2616.29","","","Mint"
"0xd968fdf5eeb23924b9e1dc22ec928e5dfe70d52eb8fd9d58d08e0313ccda7f6b","22870781","1751933135","2025-07-08 00:05:35","0xea2440b50d908aa7baa78483a78e0d0d33ede57d","0xe5544a2a5fa9b175da60d8eec67add5582bb31b0","","0","0","0","0.000089820429218901","0.249624906983489","2616.29","","","Mint"
"0xc0305ac98e246d7e84b78e913e1b8574bcdac7072937a47f48d6e4055cd10093","22870790","1751933243","2025-07-08 00:07:23","0xea2440b50d908aa7baa78483a78e0d0d33ede57d","0xe5544a2a5fa9b175da60d8eec67add5582bb31b0","","0","0","0","0.000090281299377552","0.250905736650917","2616.29","","","Mint"
"0x1e775dd005192a828e63607fae4d694a072b87c7e697a3e7eac3059c9816a194","22870801","1751933375","2025-07-08 00:09:35","0xea2440b50d908aa7baa78483a78e0d0d33ede57d","0xe5544a2a5fa9b175da60d8eec67add5582bb31b0","","0","0","0","0.00008810030141574","0.244844404968548","2616.29","","","Mint"
"0x3194881c05f9463890e370f0e5e7ba0aa897182cd39990b59d2410dab92368cb","22870826","1751933675","2025-07-08 00:14:35","0xea2440b50d908aa7baa78483a78e0d0d33ede57d","0xe5544a2a5fa9b175da60d8eec67add5582bb31b0","","0","0","0","0.000088500712024176","0.24595720816661","2616.29","","","Mint"
"0x5dafe5677bc7e2c93435407f22281c4870021d236f94b66ec8907b95426cf470","22870831","1751933735","2025-07-08 00:15:35","0xea2440b50d908aa7baa78483a78e0d0d33ede57d","0xe5544a2a5fa9b175da60d8eec67add5582bb31b0","","0","0","0","0.000090205466583591","0.25069498555227","2616.29","","","Mint"
"0x4bcece282bb743bd7791ae25a27157bf9a41bba5fd66b2b91a7a4456ed6996a4","22870836","1751933795","2025-07-08 00:16:35","0xea2440b50d908aa7baa78483a78e0d0d33ede57d","0xe5544a2a5fa9b175da60d8eec67add5582bb31b0","","0","0","0","0.00009064570030785","0.251918463367115","2616.29","","","Mint"
"0xcb4be3e87941f04feb92fe331a9518902a2ba65c8a5ae14869d32c1874917a5a","22870841","1751933855","2025-07-08 00:17:35","0xea2440b50d908aa7baa78483a78e0d0d33ede57d","0xe5544a2a5fa9b175da60d8eec67add5582bb31b0","","0","0","0","0.00005744995214582","0.159662329442403","2616.29","","","Transfer"
"0x393f4db5b3adbbcec9173fbafd0df364ecaa925df77aca76baff8a0d4349ce21","22870853","1751933999","2025-07-08 00:19:59","0x0cf7cf67c28dcb1274138c3b6027ddd861e4bdbe","0xe5544a2a5fa9b175da60d8eec67add5582bb31b0","","0","0","0","0.000012144334849452","0.0337509905433949","2616.29","","","Transfer"
"0x19bd4ed3155f1290c0be23764e616fa5bc52f4fee7955ecf73b1082a07c6182e","22870868","1751934179","2025-07-08 00:22:59","0xea2440b50d908aa7baa78483a78e0d0d33ede57d","0xe5544a2a5fa9b175da60d8eec67add5582bb31b0","","0","0","0","0.000088092482948862","0.244822676236186","2616.29","","","Mint"
"0x0d4f29958308c50fcfe521f61ceab5d658c424624640dd1f6f10c76033365f83","22870874","1751934251","2025-07-08 00:24:11","0xea2440b50d908aa7baa78483a78e0d0d33ede57d","0xe5544a2a5fa9b175da60d8eec67add5582bb31b0","","0","0","0","0.000088263615093603","0.2452982790148","2616.29","","","Mint"
"0x210ff9f7d6adac8f45ecd6b34f125a8e5c37a1c918ba81c4f836ecefaa0f1b8b","22870879","1751934311","2025-07-08 00:25:11","0xea2440b50d908aa7baa78483a78e0d0d33ede57d","0xe5544a2a5fa9b175da60d8eec67add5582bb31b0","","0","0","0","0.000087173381390268","0.242268350421139","2616.29","","","Mint"
"0xa444d017c20441f564ad52ff3ecbdf3aeaaad0666f84b1ed3d2990c29ff01b16","22870885","1751934383","2025-07-08 00:26:23","0xea2440b50d908aa7baa78483a78e0d0d33ede57d","0xe5544a2a5fa9b175da60d8eec67add5582bb31b0","","0","0","0","0.000088433624135739","0.245770760517044","2616.29","","","Mint"
"0x0d0f232720591078929b79055569bda7915093c4bfdd3a4d709e3b343cea1a49","22870891","1751934455","2025-07-08 00:27:35","0xea2440b50d908aa7baa78483a78e0d0d33ede57d","0xe5544a2a5fa9b175da60d8eec67add5582bb31b0","","0","0","0","0.000087931694964387","0.244375821483679","2616.29","","","Mint"
"0x0c2e4c56f58b6928d300430783250920f662d55b4ada06860f577c5426d6ed61","22870894","1751934503","2025-07-08 00:28:23","0xea2440b50d908aa7baa78483a78e0d0d33ede57d","0xe5544a2a5fa9b175da60d8eec67add5582bb31b0","","0","0","0","0.000089724034296147","0.249357010539045","2616.29","","","Mint"
"0x52281a6d4d154043664a003862532c0452267cc9aedc43318ba939f9fb8b75a3","22870899","1751934563","2025-07-08 00:29:23","0xea2440b50d908aa7baa78483a78e0d0d33ede57d","0xe5544a2a5fa9b175da60d8eec67add5582bb31b0","","0","0","0","0.000089312288386008","0.248212704779063","2616.29","","","Mint"
"0x2cb7104beb980f5c8d1b19ce884c6cc01f180595deb661934c652a453fd37c98","22870904","1751934623","2025-07-08 00:30:23","0xea2440b50d908aa7baa78483a78e0d0d33ede57d","0xe5544a2a5fa9b175da60d8eec67add5582bb31b0","","0","0","0","0.000090032387043597","0.250213970660141","2616.29","","","Mint"
"0x65533835606b8c9ede7c975b3d088fba216ee03c6191d126cee32bb4a1dbac79","22870909","1751934683","2025-07-08 00:31:23","0xea2440b50d908aa7baa78483a78e0d0d33ede57d","0xe5544a2a5fa9b175da60d8eec67add5582bb31b0","","0","0","0","0.000090157444179855","0.25056152384239","2616.29","","","Mint"
"0x0b549375529034993c2b83cf03e8eedb6fbe460871ba28f81f3de6fb46eea8fe","22870913","1751934731","2025-07-08 00:32:11","0xea2440b50d908aa7baa78483a78e0d0d33ede57d","0xe5544a2a5fa9b175da60d8eec67add5582bb31b0","","0","0","0","0.00008964749073951","0.249144284120658","2616.29","","","Mint"
"0xf2b61a22782a3371c3497c75eba4f7a5105a67864a9a85b6ade22107c69c7df0","22870917","1751934779","2025-07-08 00:32:59","0xea2440b50d908aa7baa78483a78e0d0d33ede57d","0xe5544a2a5fa9b175da60d8eec67add5582bb31b0","","0","0","0","0.000088976448142752","0.247279352642882","2616.29","","","Mint"
"0x31064fabef39cda7fe74ae80e65f7a546e178c6d929571714c984e2c42a33d97","22870921","1751934827","2025-07-08 00:33:47","0xea2440b50d908aa7baa78483a78e0d0d33ede57d","0xe5544a2a5fa9b175da60d8eec67add5582bb31b0","","0","0","0","0.000088304625782496","0.245412254081378","2616.29","","","Mint"
"0x82f577bde48426fb0b3c626614723402dbf1262b62297aef28b96bd227c82585","22870926","1751934887","2025-07-08 00:34:47","0xea2440b50d908aa7baa78483a78e0d0d33ede57d","0xe5544a2a5fa9b175da60d8eec67add5582bb31b0","","0","0","0","0.000088751185395246","0.246653312521698","2616.29","","","Mint"
"0xb365d8e604dd91845648d22dceed68919dc5f1ba64cf8df82bae0a3379f853a9","22870936","1751935007","2025-07-08 00:36:47","0xea2440b50d908aa7baa78483a78e0d0d33ede57d","0xe5544a2a5fa9b175da60d8eec67add5582bb31b0","","0","0","0","0.000088474989896202","0.245885722382599","2616.29","","","Mint"
"0x21e8f33f1c36b1cf125c84cf0a836a85dfc4b7abaa91cbdd3344af2cda3a4b12","22870941","1751935067","2025-07-08 00:37:47","0xea2440b50d908aa7baa78483a78e0d0d33ede57d","0xe5544a2a5fa9b175da60d8eec67add5582bb31b0","","0","0","0","0.000087446176759581","0.243026491072241","2616.29","","","Mint"
"0x12df82dd28bdf9d6c32300c304cc9581b277925667778eaca97055e98770ad14","22870947","1751935139","2025-07-08 00:38:59","0xea2440b50d908aa7baa78483a78e0d0d33ede57d","0xe5544a2a5fa9b175da60d8eec67add5582bb31b0","","0","0","0","0.000088390023128109","0.245649586552851","2616.29","","","Mint"
"0x08e86e8213f405abc869b3bd567760cf76321120ce4e39bf6c23415579e28173","22870952","1751935199","2025-07-08 00:39:59","0xea2440b50d908aa7baa78483a78e0d0d33ede57d","0xe5544a2a5fa9b175da60d8eec67add5582bb31b0","","0","0","0","0.000088553880836022","0.246104972543009","2616.29","","","Mint"
"0x7c3f6b95ec99143b319b73d26bf8e8dc059a71dcbe29eb1d7b27717eb51e7cd2","22870956","1751935259","2025-07-08 00:40:59","0xea2440b50d908aa7baa78483a78e0d0d33ede57d","0xe5544a2a5fa9b175da60d8eec67add5582bb31b0","","0","0","0","0.000088471877231175","0.245877071803609","2616.29","","","Mint"
"0x00e08225bd623d99aedeed743f2d22b17492ce2ddb8803611b2bfa16747333d8","22870960","1751935307","2025-07-08 00:41:47","0xea2440b50d908aa7baa78483a78e0d0d33ede57d","0xe5544a2a5fa9b175da60d8eec67add5582bb31b0","","0","0","0","0.000087836850933846","0.244112235209291","2616.29","","","Mint"
"0xfa2eadf13f8f7e7a85dac84d21da0e63422a390f94f0e68d2b0044ed433696a2","22870965","1751935367","2025-07-08 00:42:47","0xea2440b50d908aa7baa78483a78e0d0d33ede57d","0xe5544a2a5fa9b175da60d8eec67add5582bb31b0","","0","0","0","0.000089550226414143","0.248873971471479","2616.29","","","Mint"
"0x65c21eac0386fca91efee62bc51bb90ed0ae45e57629c532df38f44917ce16fa","22870970","1751935427","2025-07-08 00:43:47","0xea2440b50d908aa7baa78483a78e0d0d33ede57d","0xe5544a2a5fa9b175da60d8eec67add5582bb31b0","","0","0","0","0.000088455364660725","0.245831180808671","2616.29","","","Mint"
"0xcc123819a7704578062ccb26959ccd0c410f7b4022139fb547ad14f63bb0c8eb","22870974","1751935475","2025-07-08 00:44:35","0xea2440b50d908aa7baa78483a78e0d0d33ede57d","0xe5544a2a5fa9b175da60d8eec67add5582bb31b0","","0","0","0","0.000088866985076103","0.246975137799244","2616.29","","","Mint"
"0x805b27e90f7da5eb36f690c20b58b83279294187bab21d6b05d66f75351a267b","22870978","1751935523","2025-07-08 00:45:23","0xea2440b50d908aa7baa78483a78e0d0d33ede57d","0xe5544a2a5fa9b175da60d8eec67add5582bb31b0","","0","0","0","0.00008923356595998","0.247993922944622","2616.29","","","Mint"
"0xe71088ab9737cf88514e4362445591aa6e6e52c8bff438024936d8f74a50702e","22870982","1751935571","2025-07-08 00:46:11","0xea2440b50d908aa7baa78483a78e0d0d33ede57d","0xe5544a2a5fa9b175da60d8eec67add5582bb31b0","","0","0","0","0.000088454617887519","0.245829105410081","2616.29","","","Mint"
"0x1e129b82bbd9012177bc44107b97e59b78617a7f84fcc42d9956e7ef0c6f2a13","22870987","1751935631","2025-07-08 00:47:11","0xea2440b50d908aa7baa78483a78e0d0d33ede57d","0xe5544a2a5fa9b175da60d8eec67add5582bb31b0","","0","0","0","0.000087692149704984","0.243710088046233","2616.29","","","Mint"
"0x4f2f45b5970b0d1367ce5663dd9f4caaf03454efb1d58218d8c4cd6a3b72cd43","22870991","1751935679","2025-07-08 00:47:59","0xea2440b50d908aa7baa78483a78e0d0d33ede57d","0xe5544a2a5fa9b175da60d8eec67add5582bb31b0","","0","0","0","0.000087790327071531","0.243982938178495","2616.29","","","Mint"
"0x179a09b889fd5304c2954b0abfe4d475d237b63972c12b93873dece62df4a238","22870995","1751935727","2025-07-08 00:48:47","0xea2440b50d908aa7baa78483a78e0d0d33ede57d","0xe5544a2a5fa9b175da60d8eec67add5582bb31b0","","0","0","0","0.000086439719231031","0.240229389464824","2616.29","","","Mint"
"0xc1123dcc8c2c173f85793a52c552b2a7c47b3370fdb4b1309df944576d24e3a8","22871000","1751935787","2025-07-08 00:49:47","0xea2440b50d908aa7baa78483a78e0d0d33ede57d","0xe5544a2a5fa9b175da60d8eec67add5582bb31b0","","0","0","0","0.000088949673423114","0.247204941543344","2616.29","","","Mint"
"0x7b5403bbe4da499443d4a52c32cb9820e18c34b2cde7984db8a891241a531750","22871004","1751935835","2025-07-08 00:50:35","0xea2440b50d908aa7baa78483a78e0d0d33ede57d","0xe5544a2a5fa9b175da60d8eec67add5582bb31b0","","0","0","0","0.000089938123577874","0.249951997865447","2616.29","","","Mint"
"0xb1d16d3f7dc9d35ff18a5cbea3d5ca815b13e1b37789f689317824f9cc1f1bae","22871008","1751935883","2025-07-08 00:51:23","0xea2440b50d908aa7baa78483a78e0d0d33ede57d","0xe5544a2a5fa9b175da60d8eec67add5582bb31b0","","0","0","0","0.000089494042704264","0.248717828225733","2616.29","","","Mint"
"0xe822d2156071bb31e1bbb357a98124898f2de728abb9c6cb7a2c99e524ed6c1e","22871012","1751935931","2025-07-08 00:52:11","0xea2440b50d908aa7baa78483a78e0d0d33ede57d","0xe5544a2a5fa9b175da60d8eec67add5582bb31b0","","0","0","0","0.000089479160446329","0.248676468122191","2616.29","","","Mint"
"0x39f2e46c62fe49bf0b040c619ebdf01f646b4f22edfe6ee9319cde4d9ab84261","22871018","1751936003","2025-07-08 00:53:23","0xea2440b50d908aa7baa78483a78e0d0d33ede57d","0xe5544a2a5fa9b175da60d8eec67add5582bb31b0","","0","0","0","0.000079848637535316","0.221911750932907","2616.29","","","Transfer"
"0x5b53211c18f1389c640dff8005493e59fc61a4badf368cf13bdb3d0785273a1f","22871109","1751937131","2025-07-08 01:12:11","0xb3897952ce7a4cea159d232dae8d02ca8273372e","0xe5544a2a5fa9b175da60d8eec67add5582bb31b0","","0","0","0","0.000127754686323348","0.355050092362058","2616.29","","","Mint"
"0x003d6b892c2330c26506cf58eb337050bd0a90660df75dac118b0d9ef37aecdd","22871365","1751940203","2025-07-08 02:03:23","0xb3897952ce7a4cea159d232dae8d02ca8273372e","0xe5544a2a5fa9b175da60d8eec67add5582bb31b0","","0","0","0","0.000089052290849289","0.247490131290116","2616.29","","","Mint"
"0x315280cfcc18ee318a416a50abe9acd44236e114b8ca744d21a1e9f3e8b1f810","22871370","1751940263","2025-07-08 02:04:23","0xb3897952ce7a4cea159d232dae8d02ca8273372e","0xe5544a2a5fa9b175da60d8eec67add5582bb31b0","","0","0","0","0.000089759281441632","0.249454967824371","2616.29","","","Mint"
"0x240bc96819872f8cb63fe54019724328b8c1e4c983a3adf5aeea083e8497e610","22871374","1751940311","2025-07-08 02:05:11","0xb3897952ce7a4cea159d232dae8d02ca8273372e","0xe5544a2a5fa9b175da60d8eec67add5582bb31b0","","0","0","0","0.000089718906667722","0.249342760064184","2616.29","","","Mint"
"0xc98de9295d47915edeb6aa1e2f2798cf3c4456a8ca4565775f010b03748a39be","22871379","1751940371","2025-07-08 02:06:11","0x50632c2c7dd7cee1a15f3d6b3b0f3f0f38ca1ca6","0xe5544a2a5fa9b175da60d8eec67add5582bb31b0","","0","0","0","0.0011937744891","3.31768449997722","2616.29","Error(0)","invalid jump destination","Mint"
"0xfb3ba8cf6128323083af89bbe01bb7783490efa3e65f19e37c4ab3f2a6bc9a4d","22871379","1751940371","2025-07-08 02:06:11","0xb3897952ce7a4cea159d232dae8d02ca8273372e","0xe5544a2a5fa9b175da60d8eec67add5582bb31b0","","0","0","0","0.000090081157769379","0.250349512073077","2616.29","","","Mint"
"0x5c755a7dc00406c3f8a24137752643c541f0f2b1de76f08fa40603443415e4db","22871393","1751940539","2025-07-08 02:08:59","0xb3897952ce7a4cea159d232dae8d02ca8273372e","0xe5544a2a5fa9b175da60d8eec67add5582bb31b0","","0","0","0","0.000089812114890897","0.249601800176132","2616.29","","","Mint"
"0x288aa8ba17c36540b757db9299fba7aae3d3b50467f21652182f10fc62a254e5","22871397","1751940587","2025-07-08 02:09:47","0x50632c2c7dd7cee1a15f3d6b3b0f3f0f38ca1ca6","0xe5544a2a5fa9b175da60d8eec67add5582bb31b0","","0","0","0","0.0012368450448","3.43738425596634","2616.29","Error(0)","invalid jump destination","Mint"
"0x9b4bca8a36342cfa8fd6298848e18e5828527f630d87f4aa5af70650255f4308","22871425","1751940923","2025-07-08 02:15:23","0xb3897952ce7a4cea159d232dae8d02ca8273372e","0xe5544a2a5fa9b175da60d8eec67add5582bb31b0","","0","0","0","0.000091976152086684","0.25561599525853","2616.29","","","Mint"
"0xe011717ec0d0ea31b70c9c623864af9696589106c1e07d899cadc25ae40fec4c","22871430","1751940983","2025-07-08 02:16:23","0x50632c2c7dd7cee1a15f3d6b3b0f3f0f38ca1ca6","0xe5544a2a5fa9b175da60d8eec67add5582bb31b0","","0","0","0","0.0012257277561","3.40648758600184","2616.29","Error(0)","invalid jump destination","Mint"
"0x7507598c57fc34cd0a084dcb3480bece85db38a640de6f77f4c18f820cc80fef","22871441","1751941115","2025-07-08 02:18:35","0xb3897952ce7a4cea159d232dae8d02ca8273372e","0xe5544a2a5fa9b175da60d8eec67add5582bb31b0","","0","0","0","0.000090539580644667","0.251623540360383","2616.29","","","Mint"
"0x04860d5c01b5488bb377e89093155f6915ceeaa91d9789ac9c5110a7c45e519e","22871452","1751941247","2025-07-08 02:20:47","0x50632c2c7dd7cee1a15f3d6b3b0f3f0f38ca1ca6","0xe5544a2a5fa9b175da60d8eec67add5582bb31b0","","0","0","0","0.0011921993262","3.31330687791712","2616.29","Error(0)","invalid jump destination","Mint"
"0x951571f36b9fe7494b7ece47c8c66f6f09605de86f99f6a72b053374933b9f48","22871459","1751941331","2025-07-08 02:22:11","0xb3897952ce7a4cea159d232dae8d02ca8273372e","0xe5544a2a5fa9b175da60d8eec67add5582bb31b0","","0","0","0","0.000091698741677544","0.2548450286958","2616.29","","","Mint"
"0x39e28c42fbe4a06403d473ad38fd72d6e5ed93a629bb232755521c9da3ccfe06","22871460","1751941343","2025-07-08 02:22:23","0x50632c2c7dd7cee1a15f3d6b3b0f3f0f38ca1ca6","0xe5544a2a5fa9b175da60d8eec67add5582bb31b0","","0","0","0","0.0012460132044","3.46286399378614","2616.29","Error(0)","invalid jump destination","Mint"
"0x4bd3c7c7976402634cf9820e01dda012122105995cdcb3faaa85dcb3fe2862c5","22871465","1751941415","2025-07-08 02:23:35","0xb3897952ce7a4cea159d232dae8d02ca8273372e","0xe5544a2a5fa9b175da60d8eec67add5582bb31b0","","0","0","0","0.000094110350724987","0.26154726436071","2616.29","","","Mint"
"0x90a94b134e0e318f203a941e59ed48aeefc1d8adc5f278b48e7edc6e9f28a494","22871471","1751941487","2025-07-08 02:24:47","0xb3897952ce7a4cea159d232dae8d02ca8273372e","0xe5544a2a5fa9b175da60d8eec67add5582bb31b0","","0","0","0","0.000095984132904072","0.26675479572333","2616.29","","","Mint"
"0x9a2eae18ab841a9cb72ef15feceeebf13f5e1e10b39eb156f4bb22fe7a44c605","22871486","1751941667","2025-07-08 02:27:47","0xb3897952ce7a4cea159d232dae8d02ca8273372e","0xe5544a2a5fa9b175da60d8eec67add5582bb31b0","","0","0","0","0.000094700693444346","0.263187918359916","2616.29","","","Mint"
"0x5e286c480111388bea52da96f8ae523a318656a1af3a4353ee6bacc5eabf4b7d","22871509","1751941943","2025-07-08 02:32:23","0xb3897952ce7a4cea159d232dae8d02ca8273372e","0xe5544a2a5fa9b175da60d8eec67add5582bb31b0","","0","0","0","0.000094146564191748","0.261647907202772","2616.29","","","Mint"
"0x30aaf453e709ffae649643eb1cbeb8cdc5eb8e2880853c4d21ad82ae5e614d55","22871522","1751942111","2025-07-08 02:35:11","0xb3897952ce7a4cea159d232dae8d02ca8273372e","0xe5544a2a5fa9b175da60d8eec67add5582bb31b0","","0","0","0","0.000095017690934715","0.264068903562676","2616.29","","","Mint"
"0x3eec586d7537e0b97d88c5ea6b63242b188aabe97f99fd00e415a53ff7ba913d","22871531","1751942219","2025-07-08 02:36:59","0xb3897952ce7a4cea159d232dae8d02ca8273372e","0xe5544a2a5fa9b175da60d8eec67add5582bb31b0","","0","0","0","0.00009277051518285","0.257823653535338","2616.29","","","Mint"
"0x3d625f48c7b67a707995a4c83d292c215c1877caa51cd49a223ec86604b512ef","22871545","1751942387","2025-07-08 02:39:47","0xb3897952ce7a4cea159d232dae8d02ca8273372e","0xe5544a2a5fa9b175da60d8eec67add5582bb31b0","","0","0","0","0.000090288821280291","0.25092664118553","2616.29","","","Mint"
"0x41e8771c4360eeb4d3d5bb24d34449d505edc422ed1e0a292bfcd784837168e2","22871775","1751945171","2025-07-08 03:26:11","0xb3897952ce7a4cea159d232dae8d02ca8273372e","0xe5544a2a5fa9b175da60d8eec67add5582bb31b0","","0","0","0","0.000100284887500491","0.278707259939166","2616.29","","","Mint"
"0x2a2259a8fc45a92eb0161070faca75bcf8be983cafb226c1a8727e617cc87aad","22871786","1751945303","2025-07-08 03:28:23","0xb3897952ce7a4cea159d232dae8d02ca8273372e","0xe5544a2a5fa9b175da60d8eec67add5582bb31b0","","0","0","0","0.000098196918388371","0.27290446986201","2616.29","","","Mint"
"0x6d19913d4ab0b1eba6545c2239febbd7c64a78bb34b3939a6099355fe10f7445","22871792","1751945375","2025-07-08 03:29:35","0xb3897952ce7a4cea159d232dae8d02ca8273372e","0xe5544a2a5fa9b175da60d8eec67add5582bb31b0","","0","0","0","0.000099521858831481","0.276586684896453","2616.29","","","Mint"
"0x4890685492d42ece28bd17edc9983b1fe13426cf085e9b6b9c29cd398de1c044","22871800","1751945471","2025-07-08 03:31:11","0xb3897952ce7a4cea159d232dae8d02ca8273372e","0xe5544a2a5fa9b175da60d8eec67add5582bb31b0","","0","0","0","0.000099416970263772","0.276295183295028","2616.29","","","Mint"
"0x8c0a32ebbb57ab479505d0c3012f6881e8a160602b08c4e005c5b18fc382b70b","22871805","1751945543","2025-07-08 03:32:23","0xb3897952ce7a4cea159d232dae8d02ca8273372e","0xe5544a2a5fa9b175da60d8eec67add5582bb31b0","","0","0","0","0.000102272745424071","0.284231825492741","2616.29","","","Mint"
"0xba470530c8b6d36b92725f5ebc9fb33f48d4e8aba3ffb6c633e1d2ada56b4425","22871815","1751945663","2025-07-08 03:34:23","0xb3897952ce7a4cea159d232dae8d02ca8273372e","0xe5544a2a5fa9b175da60d8eec67add5582bb31b0","","0","0","0","0.000099151598833068","0.275557674921024","2616.29","","","Mint"
"0x35b6a92af4f5ba4161bd3d190ff1b14f32cb6f9da06efa66c14bad822780aa26","22871821","1751945735","2025-07-08 03:35:35","0xb3897952ce7a4cea159d232dae8d02ca8273372e","0xe5544a2a5fa9b175da60d8eec67add5582bb31b0","","0","0","0","0.000099698482001232","0.277077548085414","2616.29","","","Mint"
"0xfeeb2263dbb9ad2f0d807ca399d25f9e7090e06d145b5b42128a94ebae75e54c","22871826","1751945795","2025-07-08 03:36:35","0xb3897952ce7a4cea159d232dae8d02ca8273372e","0xe5544a2a5fa9b175da60d8eec67add5582bb31b0","","0","0","0","0.000098126944099521","0.272710000457918","2616.29","","","Mint"
"0x4a65395ebceb35d24a47a669734a07e950a30395f8d11d421dcc6ce966a18599","22871831","1751945855","2025-07-08 03:37:35","0xb3897952ce7a4cea159d232dae8d02ca8273372e","0xe5544a2a5fa9b175da60d8eec67add5582bb31b0","","0","0","0","0.000095916854082384","0.26656781744064","2616.29","","","Mint"
"0x3a604c7169b112b9e4c1f41d4c8a9c58e34821ef33bcd43fb89ce8b2bdc67a47","22871836","1751945915","2025-07-08 03:38:35","0xb3897952ce7a4cea159d232dae8d02ca8273372e","0xe5544a2a5fa9b175da60d8eec67add5582bb31b0","","0","0","0","0.000095997852606234","0.266792924904028","2616.29","","","Mint"
"0x4aec12ff09207ff3a004c9c97a5b7d94822328fb780a237ce486b210cb824187","22871840","1751945963","2025-07-08 03:39:23","0xb3897952ce7a4cea159d232dae8d02ca8273372e","0xe5544a2a5fa9b175da60d8eec67add5582bb31b0","","0","0","0","0.000095289300086193","0.264823747530392","2616.29","","","Mint"
"0x72c61d0ab6433899db7d7b452f92ccdd44d0ad8a552825aa6c1be1c6d229d91e","22871845","1751946023","2025-07-08 03:40:23","0xb3897952ce7a4cea159d232dae8d02ca8273372e","0xe5544a2a5fa9b175da60d8eec67add5582bb31b0","","0","0","0","0.000095277852183822","0.264791932033746","2616.29","","","Mint"
"0xc3fcb3c03affb9765e5dd82e9037f43fbfbf3fc6dfeddcff84f7788a4a60608d","22871850","1751946083","2025-07-08 03:41:23","0xb3897952ce7a4cea159d232dae8d02ca8273372e","0xe5544a2a5fa9b175da60d8eec67add5582bb31b0","","0","0","0","0.000094895087974158","0.263728170915425","2616.29","","","Mint"
"0x69bd865d483446bf3c1fc6e14e51f45be1de5413f82c67d567fdaf5c04b215ff","22871855","1751946143","2025-07-08 03:42:23","0xb3897952ce7a4cea159d232dae8d02ca8273372e","0xe5544a2a5fa9b175da60d8eec67add5582bb31b0","","0","0","0","0.000095066013581085","0.264203199693414","2616.29","","","Mint"
"0xc59f61da6783bb21c25974af6eeb3ee6f15765c70c64a2c0cc42571a59dca595","22871859","1751946191","2025-07-08 03:43:11","0xb3897952ce7a4cea159d232dae8d02ca8273372e","0xe5544a2a5fa9b175da60d8eec67add5582bb31b0","","0","0","0","0.000094559338531647","0.262795071128601","2616.29","","","Mint"
"0x70bb542afacb114541eac314d7134c8ed6fe6b1026efdecb2accffb926401316","22871863","1751946239","2025-07-08 03:43:59","0xb3897952ce7a4cea159d232dae8d02ca8273372e","0xe5544a2a5fa9b175da60d8eec67add5582bb31b0","","0","0","0","0.000094448496106815","0.262487022834587","2616.29","","","Mint"
"0xa44313e28c68f780acd1597a2861abf2628bac835fe472ef8f40a10cbdcbcba3","22871874","1751946371","2025-07-08 03:46:11","0xb3897952ce7a4cea159d232dae8d02ca8273372e","0xe5544a2a5fa9b175da60d8eec67add5582bb31b0","","0","0","0","0.000092220443533941","0.256294919088317","2616.29","","","Mint"
"0x9ffc152015b58eb9001fa891eeeb441c2f8c9151d03cfb46675b74fdc9f34d2f","22871881","1751946455","2025-07-08 03:47:35","0xb3897952ce7a4cea159d232dae8d02ca8273372e","0xe5544a2a5fa9b175da60d8eec67add5582bb31b0","","0","0","0","0.000092328431291769","0.256595033819871","2616.29","","","Mint"
"0x399b7666f4b47a49e5e8593486f1b89ed108f84904032c201f5f34a1d5d50cd4","22871885","1751946515","2025-07-08 03:48:35","0xb3897952ce7a4cea159d232dae8d02ca8273372e","0xe5544a2a5fa9b175da60d8eec67add5582bb31b0","","0","0","0","0.000092001129067734","0.255685410163642","2616.29","","","Mint"
"0xd781cc36371e1fbd418f58a08c5305014400553343256f62b245a079e384c1b7","22871889","1751946563","2025-07-08 03:49:23","0xb3897952ce7a4cea159d232dae8d02ca8273372e","0xe5544a2a5fa9b175da60d8eec67add5582bb31b0","","0","0","0","0.000091216602538245","0.253505089231613","2616.29","","","Mint"
"0xe51b9d485da997e749f1a5f3d29ef431bf3ce692c528d8819371c483a24a995b","22871908","1751946791","2025-07-08 03:53:11","0xb3897952ce7a4cea159d232dae8d02ca8273372e","0xe5544a2a5fa9b175da60d8eec67add5582bb31b0","","0","0","0","0.000089329069331709","0.248259341630458","2616.29","","","Mint"
"0x3fc063360d75c2de25661214f772bceee01e0bb5d7c2caa2ff086940df53a25b","22871922","1751946959","2025-07-08 03:55:59","0xb3897952ce7a4cea159d232dae8d02ca8273372e","0xe5544a2a5fa9b175da60d8eec67add5582bb31b0","","0","0","0","0.000088364821085343","0.245579546166315","2616.29","","","Mint"
"0x95dece7fa465bca50976701737187a3af7cdf6267810e97c234b8b1fcc98a8ca","22871926","1751947007","2025-07-08 03:56:47","0xb3897952ce7a4cea159d232dae8d02ca8273372e","0xe5544a2a5fa9b175da60d8eec67add5582bb31b0","","0","0","0","0.00008792113586385","0.244346476105214","2616.29","","","Mint"
"0x610f06aeda5addded0589b6ec89784f8f9e1bd3c542e7b7136a4a025b9d3a8d3","22871932","1751947079","2025-07-08 03:57:59","0xb3897952ce7a4cea159d232dae8d02ca8273372e","0xe5544a2a5fa9b175da60d8eec67add5582bb31b0","","0","0","0","0.000087477374269281","0.243113193791486","2616.29","","","Mint"
"0x6be9bf3af11a2395878635d53750745c456a0da69ddbe4757832d34e25c3bec3","22871941","1751947187","2025-07-08 03:59:47","0xb3897952ce7a4cea159d232dae8d02ca8273372e","0xe5544a2a5fa9b175da60d8eec67add5582bb31b0","","0","0","0","0.000086884183301982","0.241464624069395","2616.29","","","Mint"
"0xbc81e60764078cc4d6628fc2d1c6dd5d41e8b94760ec653e1a92dad22ccfef4f","22871966","1751947487","2025-07-08 04:04:47","0xb3897952ce7a4cea159d232dae8d02ca8273372e","0xe5544a2a5fa9b175da60d8eec67add5582bb31b0","","0","0","0","0.000087302213707863","0.242626395417982","2616.29","","","Mint"
"0x9bb7cc301072b59c789d99e890135751354b487eff98032db940da0a0a3d05a5","22871971","1751947547","2025-07-08 04:05:47","0xb3897952ce7a4cea159d232dae8d02ca8273372e","0xe5544a2a5fa9b175da60d8eec67add5582bb31b0","","0","0","0","0.000087176230442727","0.242276268379907","2616.29","","","Mint"
"0x7efbc3e4a510b147a3bc458e342d910548f338f0480e25568ec90a503b20ed72","22871977","1751947619","2025-07-08 04:06:59","0xb3897952ce7a4cea159d232dae8d02ca8273372e","0xe5544a2a5fa9b175da60d8eec67add5582bb31b0","","0","0","0","0.000088979005548639","0.247286460070582","2616.29","","","Mint"
"0xcdfffdd78600f00b83c25aebdfb0ed55e5f68d22a1a7984a8f44b1cb0c36f8a4","22871995","1751947835","2025-07-08 04:10:35","0xb3897952ce7a4cea159d232dae8d02ca8273372e","0xe5544a2a5fa9b175da60d8eec67add5582bb31b0","","0","0","0","0.000088097764106052","0.244837353391303","2616.29","","","Mint"
"0x78b39989d236fae80372ce42897ffe6b89c7daff4f7b8db9d80acb3cfd4c3aa1","22872009","1751948003","2025-07-08 04:13:23","0xb3897952ce7a4cea159d232dae8d02ca8273372e","0xe5544a2a5fa9b175da60d8eec67add5582bb31b0","","0","0","0","0.00008801642166228","0.244611290121098","2616.29","","","Mint"
"0xfba6ca9646bae8660a6d1df378cd1f56496c972f68f51a9ca3af35652ba83201","22872015","1751948075","2025-07-08 04:14:35","0xb3897952ce7a4cea159d232dae8d02ca8273372e","0xe5544a2a5fa9b175da60d8eec67add5582bb31b0","","0","0","0","0.000088137407827482","0.244947529443238","2616.29","","","Mint"
"0x41bafd4a26591412486ad2e4dbde0e8664cee6d18f4a2a65bf4e782a5e2c3427","22872023","1751948171","2025-07-08 04:16:11","0xb3897952ce7a4cea159d232dae8d02ca8273372e","0xe5544a2a5fa9b175da60d8eec67add5582bb31b0","","0","0","0","0.000088027414786506","0.244641841718727","2616.29","","","Mint"
"0x20a804f07758a7045ac9b82e6b36f7ce08eae90cac4615a2f2a8de8a98f5db24","22872028","1751948231","2025-07-08 04:17:11","0xb3897952ce7a4cea159d232dae8d02ca8273372e","0xe5544a2a5fa9b175da60d8eec67add5582bb31b0","","0","0","0","0.000088828406027289","0.246867920637675","2616.29","","","Mint"
"0x9f8692925fba227dbd19e30fa8ac31b17dc3db99a8bbc1a2d3177d3d49556d8d","22872033","1751948291","2025-07-08 04:18:11","0xb3897952ce7a4cea159d232dae8d02ca8273372e","0xe5544a2a5fa9b175da60d8eec67add5582bb31b0","","0","0","0","0.000088073087223033","0.244768772505174","2616.29","","","Mint"
"0xaa26e61af315f7582d399dc8cf65fa327d805522e8f09e95901ce09777041473","22872038","1751948363","2025-07-08 04:19:23","0xb3897952ce7a4cea159d232dae8d02ca8273372e","0xe5544a2a5fa9b175da60d8eec67add5582bb31b0","","0","0","0","0.000087966307898613","0.244472016197529","2616.29","","","Mint"
"0x64540145f64aa3be911fa78d69530dd2d18ba62c6667932d39320673e08ceb86","22872046","1751948459","2025-07-08 04:20:59","0xb3897952ce7a4cea159d232dae8d02ca8273372e","0xe5544a2a5fa9b175da60d8eec67add5582bb31b0","","0","0","0","0.000090748880311434","0.252205216603781","2616.29","","","Mint"
"0x7426fe64e2af985c95819219b736b0f1ee0bfab49bdb921ce7c02fa7ceda5261","22872051","1751948519","2025-07-08 04:21:59","0xb3897952ce7a4cea159d232dae8d02ca8273372e","0xe5544a2a5fa9b175da60d8eec67add5582bb31b0","","0","0","0","0.000092410790432838","0.256823922649588","2616.29","","","Mint"
"0xcce156de3ca2ed8783618eeb0cd9da6af388be66c16c01cb0c847ecd85f68ae7","22872056","1751948579","2025-07-08 04:22:59","0xb3897952ce7a4cea159d232dae8d02ca8273372e","0xe5544a2a5fa9b175da60d8eec67add5582bb31b0","","0","0","0","0.000090991463775381","0.252879393682983","2616.29","","","Mint"
"0x164974e1b305bf9d6448ca56885be1fa626b82534d667ef8beb038ae47120b13","22872061","1751948639","2025-07-08 04:23:59","0xb3897952ce7a4cea159d232dae8d02ca8273372e","0xe5544a2a5fa9b175da60d8eec67add5582bb31b0","","0","0","0","0.000091703838832155","0.254859194479205","2616.29","","","Mint"
"0xcefb80b3e3c418ac2c92942c84c620d56e7e71a420bd4640c2ef14c2f47b5f15","22872076","1751948819","2025-07-08 04:26:59","0x727a583016deb6d85379fee77598740e8dc61af9","0xe5544a2a5fa9b175da60d8eec67add5582bb31b0","","0","0","0","0.000131638914189399","0.365844964176828","2616.29","","","Mint"
"0x29b098bdfc7f1a4f5761fb06b6f06a1fc7c81beb392c5af8e55f9f2c2fa38735","22872081","1751948879","2025-07-08 04:27:59","0x727a583016deb6d85379fee77598740e8dc61af9","0xe5544a2a5fa9b175da60d8eec67add5582bb31b0","","0","0","0","0.000090491988431241","0.251491274216112","2616.29","","","Mint"
"0x689cb2fa3d43dc4adff77d4304e41025163f70ecb22d6b59ce3c362b987e50c0","22872093","1751949023","2025-07-08 04:30:23","0x727a583016deb6d85379fee77598740e8dc61af9","0xe5544a2a5fa9b175da60d8eec67add5582bb31b0","","0","0","0","0.000068875791835932","0.19141651047511","2616.29","","","Transfer"
"0x3b9103e0f78336fea0623b758db63c29a56ab9100ef5dc71920153846df762b0","22872164","1751949875","2025-07-08 04:44:35","0x66e7a04f96ce5c2cddc0b670cd881956a08f9c9b","0xe5544a2a5fa9b175da60d8eec67add5582bb31b0","","0","0","0","0.000125390462110278","0.34847954650286","2616.29","","","Mint"
"0x4b734ac4e4b4aba0d4c38396e7fe46741a551fbf1ceaa99d7f908b31d8ca0d30","22872169","1751949935","2025-07-08 04:45:35","0x66e7a04f96ce5c2cddc0b670cd881956a08f9c9b","0xe5544a2a5fa9b175da60d8eec67add5582bb31b0","","0","0","0","0.000087774386797461","0.243938637683979","2616.29","","","Mint"
"0x4a058e657893b988ca3556cbaa58ebfc4dace9ca6bdeb2fff99f4999252ca9c4","22872176","1751950019","2025-07-08 04:46:59","0x66e7a04f96ce5c2cddc0b670cd881956a08f9c9b","0xe5544a2a5fa9b175da60d8eec67add5582bb31b0","","0","0","0","0.000088597144854789","0.246225209962874","2616.29","","","Mint"
"0x2e804b2ef2c85fd0d656d0f3fc33feaa0ef6d2b55ade1e61933f502634f8a93c","22872181","1751950079","2025-07-08 04:47:59","0x66e7a04f96ce5c2cddc0b670cd881956a08f9c9b","0xe5544a2a5fa9b175da60d8eec67add5582bb31b0","","0","0","0","0.000088169538319677","0.245036825065573","2616.29","","","Mint"
"0x91f6af59b9477654e11c38ae8fe193d8e5661ded523ddaac239e1bbe7cf5fe2a","22872185","1751950127","2025-07-08 04:48:47","0x66e7a04f96ce5c2cddc0b670cd881956a08f9c9b","0xe5544a2a5fa9b175da60d8eec67add5582bb31b0","","0","0","0","0.000087575834608896","0.243386830349802","2616.29","","","Mint"
"0x6428036fa3c865cec0f46a120457c483fd3a0154d844a9d6886292d8f45b8fc8","22872189","1751950175","2025-07-08 04:49:35","0x66e7a04f96ce5c2cddc0b670cd881956a08f9c9b","0xe5544a2a5fa9b175da60d8eec67add5582bb31b0","","0","0","0","0.00008857925424267","0.246175489176357","2616.29","","","Mint"
"0x5e1749b81df97a23f73551632bf36bad8d419c9527f3b8956626921cc61ba2e3","22872194","1751950235","2025-07-08 04:50:35","0x66e7a04f96ce5c2cddc0b670cd881956a08f9c9b","0xe5544a2a5fa9b175da60d8eec67add5582bb31b0","","0","0","0","0.000088588316234463","0.246200673857371","2616.29","","","Mint"
"0xe57129edbd79af8a9289cf0f3ce5643c88afb7d6d31e3e0df235b8fb1580b2b7","22872204","1751950367","2025-07-08 04:52:47","0x66e7a04f96ce5c2cddc0b670cd881956a08f9c9b","0xe5544a2a5fa9b175da60d8eec67add5582bb31b0","","0","0","0","0.000088122289561521","0.244905513436778","2616.29","","","Mint"
"0xb52ed816aed2a243d7f7971d98bdc45086dd910a7d91697b1344afb19a700222","22872206","1751950391","2025-07-08 04:53:11","0x66e7a04f96ce5c2cddc0b670cd881956a08f9c9b","0xe5544a2a5fa9b175da60d8eec67add5582bb31b0","","0","0","0","0.000087804229846581","0.244021576147149","2616.29","","","Mint"
"0xded4e5390f34e66a20d7bae56d99eb4825dcbb0c35b22fb6fb59b38896cf493a","22872212","1751950463","2025-07-08 04:54:23","0x66e7a04f96ce5c2cddc0b670cd881956a08f9c9b","0xe5544a2a5fa9b175da60d8eec67add5582bb31b0","","0","0","0","0.0000863631712602","0.240016650778707","2616.29","","","Mint"
"0x898d52f74228e8ad14b7332d99255d1ecb47c0f3b31c141902b9e79602d23730","22872216","1751950511","2025-07-08 04:55:11","0x66e7a04f96ce5c2cddc0b670cd881956a08f9c9b","0xe5544a2a5fa9b175da60d8eec67add5582bb31b0","","0","0","0","0.000087708554196021","0.243755678671716","2616.29","","","Mint"
"0x93b977bc290e3a5130e76b5d569f027b9fc972e5bce803119bcdbb3adfa6afcd","22872224","1751950619","2025-07-08 04:56:59","0x66e7a04f96ce5c2cddc0b670cd881956a08f9c9b","0xe5544a2a5fa9b175da60d8eec67add5582bb31b0","","0","0","0","0.000088112496091317","0.244878295863783","2616.29","","","Mint"
"0xc28c42f8d16bf2611c2d1086bf0ae8a485ccf1458e52991c0b28c090e5253e12","22872228","1751950667","2025-07-08 04:57:47","0x66e7a04f96ce5c2cddc0b670cd881956a08f9c9b","0xe5544a2a5fa9b175da60d8eec67add5582bb31b0","","0","0","0","0.000087495217293291","0.243162782323265","2616.29","","","Mint"
"0xf3f1400792892f2cccbd99e4fe0f6c4ef23016cabcb12716938eac6e8698e144","22872231","1751950703","2025-07-08 04:58:23","0x66e7a04f96ce5c2cddc0b670cd881956a08f9c9b","0xe5544a2a5fa9b175da60d8eec67add5582bb31b0","","0","0","0","0.000087017025643779","0.241833813545586","2616.29","","","Mint"
"0x5cd3154c45eb0a885d3bc7515a3a1a52c4d6a2bc038625af49266f9e25ddb6ab","22872235","1751950751","2025-07-08 04:59:11","0x66e7a04f96ce5c2cddc0b670cd881956a08f9c9b","0xe5544a2a5fa9b175da60d8eec67add5582bb31b0","","0","0","0","0.000087504518309817","0.243188631291093","2616.29","","","Mint"
"0x4607770c2ab1cb2e0c0cf7fca9bb834ac50182c6c7a06fbbc2ecf19fc0ac43c8","22872244","1751950859","2025-07-08 05:00:59","0x66e7a04f96ce5c2cddc0b670cd881956a08f9c9b","0xe5544a2a5fa9b175da60d8eec67add5582bb31b0","","0","0","0","0.000087472571703651","0.24309984671656","2616.29","","","Mint"
"0xfa62ee5b9007e90c4431ca320966b468c1fa1ab64361f9d65898c32d18e2fa66","22872248","1751950907","2025-07-08 05:01:47","0x66e7a04f96ce5c2cddc0b670cd881956a08f9c9b","0xe5544a2a5fa9b175da60d8eec67add5582bb31b0","","0","0","0","0.000088063616482083","0.244742451846842","2616.29","","","Mint"
"0xcc00d2c0cf7ba1bd2fa9771efbd1c29a5d099b8c51b5dabbac0b499f8f1c0455","22872249","1751950919","2025-07-08 05:01:59","0xb3897952ce7a4cea159d232dae8d02ca8273372e","0xe5544a2a5fa9b175da60d8eec67add5582bb31b0","","0","0","0","0.000133965048608762","0.372309652590301","2616.29","Error(0)","invalid jump destination","Mint"
"0xba0fd2d771f49fa0946a1d2fef71d5df4778657a25bd4a45d0c063a340c0f84e","22872252","1751950955","2025-07-08 05:02:35","0x66e7a04f96ce5c2cddc0b670cd881956a08f9c9b","0xe5544a2a5fa9b175da60d8eec67add5582bb31b0","","0","0","0","0.00008785551221619","0.244164097807921","2616.29","","","Mint"
"0x4c312013b4906aee85bcd95c2d63d7ee422d59420bd01d65a8845ffc7957e580","22872255","1751950991","2025-07-08 05:03:11","0x66e7a04f96ce5c2cddc0b670cd881956a08f9c9b","0xe5544a2a5fa9b175da60d8eec67add5582bb31b0","","0","0","0","0.000087585828421554","0.243414604705557","2616.29","","","Mint"
"0xc784b1700c6ac609f667bf2b6d7719b1b8e822d12aac52d0d3b69d1525e40811","22872259","1751951039","2025-07-08 05:03:59","0x66e7a04f96ce5c2cddc0b670cd881956a08f9c9b","0xe5544a2a5fa9b175da60d8eec67add5582bb31b0","","0","0","0","0.000088511609391369","0.245987493640589","2616.29","","","Mint"
"0x9f1a8671d48acdf2cb10b13e674f13bc3bca9e368b1d340df82f76f107e33122","22872262","1751951075","2025-07-08 05:04:35","0x66e7a04f96ce5c2cddc0b670cd881956a08f9c9b","0xe5544a2a5fa9b175da60d8eec67add5582bb31b0","","0","0","0","0.000088278619945755","0.24533997982669","2616.29","","","Mint"
"0x4a58291915530e15bbdeec3ba6a59313794ff80383e96d94450c7843219d77bc","22872266","1751951123","2025-07-08 05:05:23","0x66e7a04f96ce5c2cddc0b670cd881956a08f9c9b","0xe5544a2a5fa9b175da60d8eec67add5582bb31b0","","0","0","0","0.000088014526776891","0.244606023940642","2616.29","","","Mint"
"0xf172daee1932353659742c2c540e938603137c958f29f8c9554cef2a1391a339","22872269","1751951159","2025-07-08 05:05:59","0x66e7a04f96ce5c2cddc0b670cd881956a08f9c9b","0xe5544a2a5fa9b175da60d8eec67add5582bb31b0","","0","0","0","0.000087965726148012","0.24447039942236","2616.29","","","Mint"
"0xe46e83838a60aaf6fc1823911cb7bf15fb1737957b5df10a0baf4e1dc4d74d52","22872272","1751951195","2025-07-08 05:06:35","0x66e7a04f96ce5c2cddc0b670cd881956a08f9c9b","0xe5544a2a5fa9b175da60d8eec67add5582bb31b0","","0","0","0","0.00008762565126633","0.243525278569058","2616.29","","","Mint"
"0x3f9974c68ff57d55a6550c99c4f0d40b2bd9e27c3bc0eeafedf67936350d42ca","22872279","1751951291","2025-07-08 05:08:11","0xb3897952ce7a4cea159d232dae8d02ca8273372e","0xe5544a2a5fa9b175da60d8eec67add5582bb31b0","","0","0","0","0.000086912360960892","0.241542934154813","2616.29","","","Mint"
"0x872465f0de5c249decb967952dff55524da03800c29b56ce3ad874f87f048aa8","22872282","1751951327","2025-07-08 05:08:47","0x66e7a04f96ce5c2cddc0b670cd881956a08f9c9b","0xe5544a2a5fa9b175da60d8eec67add5582bb31b0","","0","0","0","0.000087912288347676","0.244321887485217","2616.29","","","Mint"
"0x3a4f426fa4d0fce043f0e2bcd2bc5075f463a3c7132fbe8f17d2898ff4f24c71","22872283","1751951339","2025-07-08 05:08:59","0xb3897952ce7a4cea159d232dae8d02ca8273372e","0xe5544a2a5fa9b175da60d8eec67add5582bb31b0","","0","0","0","0.000133057926618657","0.369788619854521","2616.29","Error(0)","invalid jump destination","Mint"
"0x2ec4aba6284e8b5c927c127c6579810f6ad2f3976630f04d56775ebe9100320e","22872286","1751951375","2025-07-08 05:09:35","0x66e7a04f96ce5c2cddc0b670cd881956a08f9c9b","0xe5544a2a5fa9b175da60d8eec67add5582bb31b0","","0","0","0","0.000087145664627421","0.242191321237381","2616.29","","","Mint"
"0xc481e8148e64a95af593fa6edc340d36dbec6ddd7cf36ab8863eac39839da914","22872289","1751951411","2025-07-08 05:10:11","0x66e7a04f96ce5c2cddc0b670cd881956a08f9c9b","0xe5544a2a5fa9b175da60d8eec67add5582bb31b0","","0","0","0","0.000087659047126926","0.243618090846481","2616.29","","","Mint"
"0x587eb0337654b7739f63b0fdcd4a56b5701ba9bdfe2436a77598123db56fd9c7","22872294","1751951471","2025-07-08 05:11:11","0xb3897952ce7a4cea159d232dae8d02ca8273372e","0xe5544a2a5fa9b175da60d8eec67add5582bb31b0","","0","0","0","0.000089604128485566","0.249023773689997","2616.29","","","Mint"
"0xa006489c5d4221c75ac2cc82ec3cdea7a8dbdc6eb299ff4f2f9d6c89a4f81bb6","22872297","1751951519","2025-07-08 05:11:59","0xb3897952ce7a4cea159d232dae8d02ca8273372e","0xe5544a2a5fa9b175da60d8eec67add5582bb31b0","","0","0","0","0.000089811912031578","0.249601236398615","2616.29","","","Mint"
"0xa44a90f66dccb555df9cee0e81be9ea460a6b9ec50ff1e109134b58e514d9e66","22872304","1751951603","2025-07-08 05:13:23","0x66e7a04f96ce5c2cddc0b670cd881956a08f9c9b","0xe5544a2a5fa9b175da60d8eec67add5582bb31b0","","0","0","0","0.000087948538212177","0.244422631482245","2616.29","","","Mint"
"0xe6d93ee028c626ea78fdf564347bdf672c26fa01d79671a3fd480f88220dba6c","22872307","1751951639","2025-07-08 05:13:59","0x66e7a04f96ce5c2cddc0b670cd881956a08f9c9b","0xe5544a2a5fa9b175da60d8eec67add5582bb31b0","","0","0","0","0.000088910516722599","0.247096118998086","2616.29","","","Mint"
"0x9e84a6eea6fb0e5ff6c8e23904e92d1cae41debb0b4e9ce267c5f51541789aab","22872311","1751951687","2025-07-08 05:14:47","0x66e7a04f96ce5c2cddc0b670cd881956a08f9c9b","0xe5544a2a5fa9b175da60d8eec67add5582bb31b0","","0","0","0","0.000088431112962726","0.245763781577673","2616.29","","","Mint"
"0xd2600fbe768d2b2fabebe5297ae5323ce4327893423f09e17cb1922d2ae19a0c","22872315","1751951735","2025-07-08 05:15:35","0x66e7a04f96ce5c2cddc0b670cd881956a08f9c9b","0xe5544a2a5fa9b175da60d8eec67add5582bb31b0","","0","0","0","0.000087758607447867","0.243894784423547","2616.29","","","Mint"
"0x6d3a1c18ff819e9221c0424395fd498cd12072d086d69e8cbea5cba9cd2dadb7","22872318","1751951771","2025-07-08 05:16:11","0x66e7a04f96ce5c2cddc0b670cd881956a08f9c9b","0xe5544a2a5fa9b175da60d8eec67add5582bb31b0","","0","0","0","0.000087307848465225","0.242642055282832","2616.29","","","Mint"
"0x514e774196952146f4adbbb25de134ddec3ae085c54124bd8761e1a6e059048f","22872322","1751951819","2025-07-08 05:16:59","0x66e7a04f96ce5c2cddc0b670cd881956a08f9c9b","0xe5544a2a5fa9b175da60d8eec67add5582bb31b0","","0","0","0","0.000086690815932759","0.24092722615251","2616.29","","","Mint"
"0xf62c5c5d9d876b45e683f281be4b972a0c6b3d56b28c7f553ea4307883b5f91a","22872326","1751951867","2025-07-08 05:17:47","0x66e7a04f96ce5c2cddc0b670cd881956a08f9c9b","0xe5544a2a5fa9b175da60d8eec67add5582bb31b0","","0","0","0","0.000086507199866571","0.240416928619516","2616.29","","","Mint"
"0x3cdcb2ef716a46025724396f683c10953a3661f6619245b40e9fff4c5de928f9","22872330","1751951915","2025-07-08 05:18:35","0x66e7a04f96ce5c2cddc0b670cd881956a08f9c9b","0xe5544a2a5fa9b175da60d8eec67add5582bb31b0","","0","0","0","0.000086395427905413","0.24010629699985","2616.29","","","Mint"
"0xb319ffdee36c113404a2e56637c97e2496566ec2efa4c674988a695b86e38dde","22872333","1751951951","2025-07-08 05:19:11","0x66e7a04f96ce5c2cddc0b670cd881956a08f9c9b","0xe5544a2a5fa9b175da60d8eec67add5582bb31b0","","0","0","0","0.000087471223167384","0.24309609892507","2616.29","","","Mint"
"0x3e9836f32a16020f375ead56947f418ea6bb2b2e2e4076cd0c4ce000510b98d2","22872336","1751951987","2025-07-08 05:19:47","0x66e7a04f96ce5c2cddc0b670cd881956a08f9c9b","0xe5544a2a5fa9b175da60d8eec67add5582bb31b0","","0","0","0","0.000086624708544297","0.240743503464484","2616.29","","","Mint"
"0x7e316cec0b2a829f585bbb7422d3972759c2a158e94a53cdcc287cf3676970e6","22872339","1751952023","2025-07-08 05:20:23","0x66e7a04f96ce5c2cddc0b670cd881956a08f9c9b","0xe5544a2a5fa9b175da60d8eec67add5582bb31b0","","0","0","0","0.000087815418325866","0.244052670666793","2616.29","","","Mint"
"0x615cfe84c15a370a190dc1c7a600b3ba408194f39fd3471579e8a4d232e0a694","22872342","1751952059","2025-07-08 05:20:59","0x66e7a04f96ce5c2cddc0b670cd881956a08f9c9b","0xe5544a2a5fa9b175da60d8eec67add5582bb31b0","","0","0","0","0.000087678563435388","0.243672329695336","2616.29","","","Mint"
"0x13e2cae5d9a7f4de0df557bf0ff469fff614f417679f8c713d2a63fee15a7444","22872346","1751952107","2025-07-08 05:21:47","0x66e7a04f96ce5c2cddc0b670cd881956a08f9c9b","0xe5544a2a5fa9b175da60d8eec67add5582bb31b0","","0","0","0","0.00008764851020868","0.243588807116043","2616.29","","","Mint"
"0x4e4c5626c36f198842c7d3652a3c306c52b477cb6e57e566cf4cd3a302ac095a","22872350","1751952155","2025-07-08 05:22:35","0x66e7a04f96ce5c2cddc0b670cd881956a08f9c9b","0xe5544a2a5fa9b175da60d8eec67add5582bb31b0","","0","0","0","0.000087669355039494","0.243646738134613","2616.29","","","Mint"
"0xba653895b6023e3648602083c466a2227765c2e5c1a4d702a5836e1f4269e36c","22872353","1751952191","2025-07-08 05:23:11","0x66e7a04f96ce5c2cddc0b670cd881956a08f9c9b","0xe5544a2a5fa9b175da60d8eec67add5582bb31b0","","0","0","0","0.000087233961285351","0.242436711347564","2616.29","","","Mint"
"0x6169bdb48bd5cbfef1423ea664a4cc2621d12f7662fdcd1eb93225a50ea685ae","22872356","1751952227","2025-07-08 05:23:47","0x66e7a04f96ce5c2cddc0b670cd881956a08f9c9b","0xe5544a2a5fa9b175da60d8eec67add5582bb31b0","","0","0","0","0.000086718132940002","0.24100314435343","2616.29","","","Mint"
"0x1075b9bd45bd340d5a20b4d6ebc65cd2d8760a8443a5f1844e35d12c88428c42","22872359","1751952263","2025-07-08 05:24:23","0x66e7a04f96ce5c2cddc0b670cd881956a08f9c9b","0xe5544a2a5fa9b175da60d8eec67add5582bb31b0","","0","0","0","0.000087203774858403","0.24235281858414","2616.29","","","Mint"
"0xfce41f83bb6225105c0cf71c30347780d81b2eb391d62e0d824030d7a0eda671","22872362","1751952299","2025-07-08 05:24:59","0x66e7a04f96ce5c2cddc0b670cd881956a08f9c9b","0xe5544a2a5fa9b175da60d8eec67add5582bb31b0","","0","0","0","0.000087521103714468","0.243234724703575","2616.29","","","Mint"
"0xa76e188e453ddb70de9fa3ae0001720b730658bacc1897100447226e9ad5a217","22872365","1751952335","2025-07-08 05:25:35","0x66e7a04f96ce5c2cddc0b670cd881956a08f9c9b","0xe5544a2a5fa9b175da60d8eec67add5582bb31b0","","0","0","0","0.000086690569357431","0.240926540881422","2616.29","","","Mint"
"0x5743f887c00480e4239025dd2cd32e1e53d5ad04aa2f9e4776db8bc0bd8c3dfe","22872369","1751952383","2025-07-08 05:26:23","0x66e7a04f96ce5c2cddc0b670cd881956a08f9c9b","0xe5544a2a5fa9b175da60d8eec67add5582bb31b0","","0","0","0","0.000087368101186311","0.242809506941964","2616.29","","","Mint"
"0x3f8f8bd8ef1bb83e5fa5d4dcd4ec89b4fb9e634ccb6cca34a5cf5b7e3610d6e8","22872373","1751952431","2025-07-08 05:27:11","0x66e7a04f96ce5c2cddc0b670cd881956a08f9c9b","0xe5544a2a5fa9b175da60d8eec67add5582bb31b0","","0","0","0","0.000087340119553371","0.242731741643127","2616.29","","","Mint"
"0xff2757af1a753f2ed9d8d3e47a909164e2af8e6fb58a3f7ee395fe6c5789913d","22872376","1751952467","2025-07-08 05:27:47","0x66e7a04f96ce5c2cddc0b670cd881956a08f9c9b","0xe5544a2a5fa9b175da60d8eec67add5582bb31b0","","0","0","0","0.000087352173284508","0.242765240831897","2616.29","","","Mint"
"0x5e71781e76b72f24f5c0f2c9c1f2d10da172741a1e774ddcb0b73d2f727f25ba","22872380","1751952515","2025-07-08 05:28:35","0x66e7a04f96ce5c2cddc0b670cd881956a08f9c9b","0xe5544a2a5fa9b175da60d8eec67add5582bb31b0","","0","0","0","0.000088597264565898","0.246225542658617","2616.29","","","Mint"
"0x258b930f336d904e9ac8eb7943fc57241a08da97794ddb98ffb996bc9b76d1fb","22872384","1751952563","2025-07-08 05:29:23","0x66e7a04f96ce5c2cddc0b670cd881956a08f9c9b","0xe5544a2a5fa9b175da60d8eec67add5582bb31b0","","0","0","0","0.000088623373801932","0.246298104275981","2616.29","","","Mint"
"0xf36e28fcb065497418a65158e9316addf187d7ac2167692066e42cdc5adf395b","22872387","1751952599","2025-07-08 05:29:59","0x66e7a04f96ce5c2cddc0b670cd881956a08f9c9b","0xe5544a2a5fa9b175da60d8eec67add5582bb31b0","","0","0","0","0.000088006006797468","0.244582345596088","2616.29","","","Mint"
"0xacd607902baec188b11dfcfc5aaabb93ebb11d8cf18e2f9ff42a9f57fba2fe79","22872390","1751952635","2025-07-08 05:30:35","0x66e7a04f96ce5c2cddc0b670cd881956a08f9c9b","0xe5544a2a5fa9b175da60d8eec67add5582bb31b0","","0","0","0","0.000089038734704631","0.247452456661095","2616.29","","","Mint"
"0xdb92da3e388d48aed06e1b08f217ea74950753f06c43f3d5c7ba8d84063ff852","22872393","1751952671","2025-07-08 05:31:11","0x66e7a04f96ce5c2cddc0b670cd881956a08f9c9b","0xe5544a2a5fa9b175da60d8eec67add5582bb31b0","","0","0","0","0.000088471859922888","0.245877023701194","2616.29","","","Mint"
"0xb6773bcf8bb95f55710a487a1f0ecffd0a4446b7474a832bd43543b22e0a97ac","22872397","1751952719","2025-07-08 05:31:59","0x66e7a04f96ce5c2cddc0b670cd881956a08f9c9b","0xe5544a2a5fa9b175da60d8eec67add5582bb31b0","","0","0","0","0.000087927229465062","0.244363411168305","2616.29","","","Mint"
"0x4b0fafec07fb77b89a2836378469249664c4163c1f77d5a323f712ee4b4dbb49","22872400","1751952755","2025-07-08 05:32:35","0x66e7a04f96ce5c2cddc0b670cd881956a08f9c9b","0xe5544a2a5fa9b175da60d8eec67add5582bb31b0","","0","0","0","0.000087804921519804","0.244023498414337","2616.29","","","Mint"
"0x9d410b1d6082d851c26c6c583af3e8a2fca4cf7dbdb466f7e73b4c33fd0e1038","22872403","1751952791","2025-07-08 05:33:11","0x66e7a04f96ce5c2cddc0b670cd881956a08f9c9b","0xe5544a2a5fa9b175da60d8eec67add5582bb31b0","","0","0","0","0.000086911362818082","0.241540160161098","2616.29","","","Mint"
"0xe5613b40648ea7bf66215f3ff4b5e9b1edab54599eb13284616d510967d449a5","22872407","1751952839","2025-07-08 05:33:59","0x66e7a04f96ce5c2cddc0b670cd881956a08f9c9b","0xe5544a2a5fa9b175da60d8eec67add5582bb31b0","","0","0","0","0.000086459655241254","0.240284794729982","2616.29","","","Mint"
"0xbbcd5c5e98a9886ab3b6ded0ed31f74d20ce174aff41f7313b12303bebb4b051","22872410","1751952875","2025-07-08 05:34:35","0x66e7a04f96ce5c2cddc0b670cd881956a08f9c9b","0xe5544a2a5fa9b175da60d8eec67add5582bb31b0","","0","0","0","0.00008700980266716","0.241813739773034","2616.29","","","Mint"
"0x8770b496710d07bf9d68240990c21f6527846d6187ffe83bd6a64ea8384ac42e","22872514","1751954123","2025-07-08 05:55:23","0xb3897952ce7a4cea159d232dae8d02ca8273372e","0xe5544a2a5fa9b175da60d8eec67add5582bb31b0","","0","0","0","0.000089111352261636","0.247654272117449","2616.29","","","Mint"
"0x438680f842b29dec249b0e82bb7c779b0766213b4d20ac72d5d2a1e5a7280217","22872519","1751954183","2025-07-08 05:56:23","0xb3897952ce7a4cea159d232dae8d02ca8273372e","0xe5544a2a5fa9b175da60d8eec67add5582bb31b0","","0","0","0","0.000089031646667304","0.247432757905769","2616.29","","","Mint"
"0x07f9ecc44b31097e96c780cbd2d5271b5e8268b738c9b20eb3499fbea4cba155","22872523","1751954231","2025-07-08 05:57:11","0xb3897952ce7a4cea159d232dae8d02ca8273372e","0xe5544a2a5fa9b175da60d8eec67add5582bb31b0","","0","0","0","0.000088268945387742","0.245313092729121","2616.29","","","Mint"
"0x204e6b33a99e4dc83a21d7b70ad82e804ae27de0a7fa1425fb871bf817ed86ce","22872528","1751954291","2025-07-08 05:58:11","0xb3897952ce7a4cea159d232dae8d02ca8273372e","0xe5544a2a5fa9b175da60d8eec67add5582bb31b0","","0","0","0","0.000087328290141081","0.242698865871231","2616.29","","","Mint"
"0xa0a6fc8310e677685331c3d05407970826955e56143579a2ed9f1b08b23ed4be","22872648","1751955755","2025-07-08 06:22:35","0x27262bc999fa29eee037c902328508bc9e6679c5","0xe5544a2a5fa9b175da60d8eec67add5582bb31b0","","0","0","0","0.000028947181769478","0.0804487088235771","2616.29","Error(0)","invalid jump destination","Mint"
"0x6a95530b25460ea968403116d26b44bec6e62a625e2df2f0c023fcf458f32e02","22872660","1751955899","2025-07-08 06:24:59","0xb3897952ce7a4cea159d232dae8d02ca8273372e","0xe5544a2a5fa9b175da60d8eec67add5582bb31b0","","0","0","0","0.000088434693927063","0.245773733633095","2616.29","","","Mint"
"0xef88d3301679e833439797866ea7dc8d6d49f8ab7c5af5eeb396c7d304915580","22872710","1751956499","2025-07-08 06:34:59","0x0559d4f52c63732853ac1f4c50b6f293cee0b646","0xe5544a2a5fa9b175da60d8eec67add5582bb31b0","","0","0","0","0.000017190130875246","0.0477740404725688","2616.29","","","Mint"
"0xe2781baa8634c44e32690dece8357ebb2c6c7b5510bec2f3df2b1bfdb1f92fbf","22872718","1751956595","2025-07-08 06:36:35","0x0559d4f52c63732853ac1f4c50b6f293cee0b646","0xe5544a2a5fa9b175da60d8eec67add5582bb31b0","","0","0","0","0.000018566838024981","0.0516001232154888","2616.29","","","Mint"
"0x2097311d8cb3ef23ca37367f2bc087a4f018a8a3d6f12b4e8b245136b35f5bf6","22872721","1751956631","2025-07-08 06:37:11","0x0559d4f52c63732853ac1f4c50b6f293cee0b646","0xe5544a2a5fa9b175da60d8eec67add5582bb31b0","","0","0","0","0.000045091805","0.125317121357888","2616.29","Error(0)","invalid jump destination","Mint"
"0x52b2065259e750dc5cf4ba3867ef3a68e02c0fbc68b95eb3291d26b45ea6cd9f","22872723","1751956655","2025-07-08 06:37:35","0x0559d4f52c63732853ac1f4c50b6f293cee0b646","0xe5544a2a5fa9b175da60d8eec67add5582bb31b0","","0","0","0","0.000017963659462716","0.0499237964175742","2616.29","","","Mint"
"0x45dfd20ac11ee3bdb0631f0daccbb4ca3a3aad471762dcada08094d599c49762","22872736","1751956823","2025-07-08 06:40:23","0x0559d4f52c63732853ac1f4c50b6f293cee0b646","0xe5544a2a5fa9b175da60d8eec67add5582bb31b0","","0","0","0","0.000018326733276555","0.0509328348712518","2616.29","","","Mint"
"0xb84abbd4088cfdc12647f81f6cec980d6bd90c3e6d1f4daff9d9a4cfcb848e89","22872737","1751956847","2025-07-08 06:40:47","0x0559d4f52c63732853ac1f4c50b6f293cee0b646","0xe5544a2a5fa9b175da60d8eec67add5582bb31b0","","0","0","0","0.0000482274533","0.134031574428612","2616.29","Error(0)","invalid jump destination","Mint"
"0x0c20108baed3dee62b011d0f47e13ce085a2071e4c40c92c96baac1c83437db2","22872739","1751956871","2025-07-08 06:41:11","0x0559d4f52c63732853ac1f4c50b6f293cee0b646","0xe5544a2a5fa9b175da60d8eec67add5582bb31b0","","0","0","0","0.000020332471908972","0.056507093688587","2616.29","","","Mint"
"0x64e4997d1c54ae35a9ad7b7d27d5797442733c29a18701816933383d22a99a2c","22872740","1751956883","2025-07-08 06:41:23","0x0559d4f52c63732853ac1f4c50b6f293cee0b646","0xe5544a2a5fa9b175da60d8eec67add5582bb31b0","","0","0","0","0.0000521688631","0.144985363708677","2616.29","Error(0)","invalid jump destination","Mint"
"0x597e23e670867ff6ee7c2c8d84f22fa6abe123fd1c069879e6c79bf6c3169d09","22872742","1751956907","2025-07-08 06:41:47","0x0559d4f52c63732853ac1f4c50b6f293cee0b646","0xe5544a2a5fa9b175da60d8eec67add5582bb31b0","","0","0","0","0.000019923651563988","0.0553709185280243","2616.29","","","Mint"
"0xd443b55c9da7c6ef79a99fcf22a16ec0e0dda3cde75bf9d379ea99ebf54b957d","22872744","1751956931","2025-07-08 06:42:11","0x0559d4f52c63732853ac1f4c50b6f293cee0b646","0xe5544a2a5fa9b175da60d8eec67add5582bb31b0","","0","0","0","0.0000475630685","0.132185146000876","2616.29","Error(0)","invalid jump destination","Mint"
"0x09b797c1052ac53dd27ef02ed836e4f820a3553565adceb797ccfd36204344a8","22872748","1751956979","2025-07-08 06:42:59","0x0559d4f52c63732853ac1f4c50b6f293cee0b646","0xe5544a2a5fa9b175da60d8eec67add5582bb31b0","","0","0","0","0.000018153366590919","0.0504510219568373","2616.29","","","Mint"
"0x322c61d849aa1bc104fb94984b0b877299d485ae9b7f5efc34c93d468b2147a1","22872749","1751956991","2025-07-08 06:43:11","0x0559d4f52c63732853ac1f4c50b6f293cee0b646","0xe5544a2a5fa9b175da60d8eec67add5582bb31b0","","0","0","0","0.0000466376129","0.129613161319036","2616.29","Error(0)","invalid jump destination","Mint"
"0x200cc5a0bf53fa37a52d073ae0ca8d382e576f52423cb84d6bfc7c5a35bf9508","22872751","1751957015","2025-07-08 06:43:35","0x0559d4f52c63732853ac1f4c50b6f293cee0b646","0xe5544a2a5fa9b175da60d8eec67add5582bb31b0","","0","0","0","0.000017480042359236","0.0485797494616461","2616.29","","","Mint"
"0xe47bb0125b79da918c1911b61adeaccc3c04aa71d69f08835f9c131bbc5b4eb1","22872776","1751957315","2025-07-08 06:48:35","0x0559d4f52c63732853ac1f4c50b6f293cee0b646","0xe5544a2a5fa9b175da60d8eec67add5582bb31b0","","0","0","0","0.000020688340589478","0.0574961079589725","2616.29","","","Mint"
"0xdc56ca141cbf13e6f78fe0b1e00f2da1c9b7167d70316471b647bd2537186ba2","22872778","1751957339","2025-07-08 06:48:59","0x0559d4f52c63732853ac1f4c50b6f293cee0b646","0xe5544a2a5fa9b175da60d8eec67add5582bb31b0","","0","0","0","0.000023439148965648","0.065141031179695","2616.29","","","Mint"
"0x7b3f67991ee12eebb989915eaae90206266bd68f94820fca84ea242499137e01","22872780","1751957363","2025-07-08 06:49:23","0x0559d4f52c63732853ac1f4c50b6f293cee0b646","0xe5544a2a5fa9b175da60d8eec67add5582bb31b0","","0","0","0","0.00002373673386765","0.0659680657878341","2616.29","","","Mint"
"0xebbb80a54d82244fea187706a5445447f9c0ed768a16e65e3cbc8c86822fe194","22872782","1751957387","2025-07-08 06:49:47","0x0559d4f52c63732853ac1f4c50b6f293cee0b646","0xe5544a2a5fa9b175da60d8eec67add5582bb31b0","","0","0","0","0.000022707087455109","0.0631065186744259","2616.29","","","Mint"
"0xab88d809f159b7e1488df6aa40428914be19ec3369dfa5e9af7463711d44963f","22872784","1751957411","2025-07-08 06:50:11","0x0559d4f52c63732853ac1f4c50b6f293cee0b646","0xe5544a2a5fa9b175da60d8eec67add5582bb31b0","","0","0","0","0.000022444009469235","0.0623753841393954","2616.29","","","Mint"
"0x58612d39d4ea77cba23907f60575786b55bf106f03a81a752825a1d1cb323ede","22872786","1751957435","2025-07-08 06:50:35","0x0559d4f52c63732853ac1f4c50b6f293cee0b646","0xe5544a2a5fa9b175da60d8eec67add5582bb31b0","","0","0","0","0.000021889451450382","0.0608341813743123","2616.29","","","Mint"
"0x20fd815bc61ac3458e131f93370170a8bac9f080a3087138d4d715f8caf13ce5","22872788","1751957459","2025-07-08 06:50:59","0x0559d4f52c63732853ac1f4c50b6f293cee0b646","0xe5544a2a5fa9b175da60d8eec67add5582bb31b0","","0","0","0","0.000021376531671669","0.0594086977380764","2616.29","","","Mint"
"0x4b201afdcca2e92241b485029dbb82cad6060f87315d6e28c19752d637b03f47","22872790","1751957483","2025-07-08 06:51:23","0x0559d4f52c63732853ac1f4c50b6f293cee0b646","0xe5544a2a5fa9b175da60d8eec67add5582bb31b0","","0","0","0","0.000021510054457599","0.0597797782740725","2616.29","","","Mint"
"0x4c2ae2901d6ed626fa81d0dae08af201d591136ae1ce4193a9784a49bebc766a","22872792","1751957507","2025-07-08 06:51:47","0x0559d4f52c63732853ac1f4c50b6f293cee0b646","0xe5544a2a5fa9b175da60d8eec67add5582bb31b0","","0","0","0","0.000021454166657133","0.0596244574064909","2616.29","","","Mint"
"0x9a708ba8e3265be5f663ec6c7f5437041857c422a3301dbff3c8516296376510","22872794","1751957531","2025-07-08 06:52:11","0x0559d4f52c63732853ac1f4c50b6f293cee0b646","0xe5544a2a5fa9b175da60d8eec67add5582bb31b0","","0","0","0","0.000019714511079252","0.0547896846761857","2616.29","","","Mint"
"0xa8ba78ed18ddf2558c062648e7284e1bd493cbd2805ca6db0f29e175d8e06d11","22872796","1751957555","2025-07-08 06:52:35","0x0559d4f52c63732853ac1f4c50b6f293cee0b646","0xe5544a2a5fa9b175da60d8eec67add5582bb31b0","","0","0","0","0.000020002276258212","0.0555894287506201","2616.29","","","Mint"
"0x7822d1a35faa4b32ab5f0780d3c34aa1e4c098be1b87975aa35a2c8f15af4770","22872799","1751957591","2025-07-08 06:53:11","0x0559d4f52c63732853ac1f4c50b6f293cee0b646","0xe5544a2a5fa9b175da60d8eec67add5582bb31b0","","0","0","0","0.00001847193552573","0.0513363744474853","2616.29","","","Mint"
"0x0d30da120a92fcb4cbb9b2f7be997946d83ef336912a52bf843bfb3f54118a5f","22872802","1751957627","2025-07-08 06:53:47","0x0559d4f52c63732853ac1f4c50b6f293cee0b646","0xe5544a2a5fa9b175da60d8eec67add5582bb31b0","","0","0","0","0.000018731260594842","0.05205707904463","2616.29","","","Mint"
"0x8fd88af4cb121bea9a0cc2ca361579e8c1d9d4fb74004910bc03880f40118213","22872804","1751957651","2025-07-08 06:54:11","0x0559d4f52c63732853ac1f4c50b6f293cee0b646","0xe5544a2a5fa9b175da60d8eec67add5582bb31b0","","0","0","0","0.000018801744392421","0.0522529644525211","2616.29","","","Mint"
"0x35d856a3be3b9bee74f72d395bbbc4a890073c023b0c336109544576961d502a","22872806","1751957675","2025-07-08 06:54:35","0x0559d4f52c63732853ac1f4c50b6f293cee0b646","0xe5544a2a5fa9b175da60d8eec67add5582bb31b0","","0","0","0","0.000020179751096358","0.0560826588581732","2616.29","","","Mint"
"0x86036f4aa88fe912822aa6794cd13a9a57e187b542c62dd90d30f198f36e212a","22872808","1751957699","2025-07-08 06:54:59","0x0559d4f52c63732853ac1f4c50b6f293cee0b646","0xe5544a2a5fa9b175da60d8eec67add5582bb31b0","","0","0","0","0.000019848028908894","0.0551607514378885","2616.29","","","Mint"
"0xcfc0c4743461a1f4cf7a53bd1e6b1f52110b4743c80799e70344a847c88133b2","22872810","1751957723","2025-07-08 06:55:23","0x0559d4f52c63732853ac1f4c50b6f293cee0b646","0xe5544a2a5fa9b175da60d8eec67add5582bb31b0","","0","0","0","0.000019380452970021","0.0538612853669301","2616.29","","","Mint"
"0xd94488ac0a82186a19f0867fad35a6b14c28739831bd7e7de02af83e3b7313b3","22872812","1751957747","2025-07-08 06:55:47","0x0559d4f52c63732853ac1f4c50b6f293cee0b646","0xe5544a2a5fa9b175da60d8eec67add5582bb31b0","","0","0","0","0.000018164896676487","0.0504830658533367","2616.29","","","Mint"
"0xcff393edde581150d9403d3d75007d7495326865d0038be8727b6f31e158c25a","22872814","1751957771","2025-07-08 06:56:11","0x0559d4f52c63732853ac1f4c50b6f293cee0b646","0xe5544a2a5fa9b175da60d8eec67add5582bb31b0","","0","0","0","0.000017351495260527","0.0482224971323344","2616.29","","","Mint"
"0xd41e0ac109ae07deda72588438f70ae9ecef1821957cab818fbd92bb2e905f14","22872816","1751957795","2025-07-08 06:56:35","0x0559d4f52c63732853ac1f4c50b6f293cee0b646","0xe5544a2a5fa9b175da60d8eec67add5582bb31b0","","0","0","0","0.000017283593970522","0.0480337889136256","2616.29","","","Mint"
"0xe97d53b58c62db9dc8e429fa9c1a26b961df785032c7c058c0a7ab2088af1435","22872818","1751957819","2025-07-08 06:56:59","0x0559d4f52c63732853ac1f4c50b6f293cee0b646","0xe5544a2a5fa9b175da60d8eec67add5582bb31b0","","0","0","0","0.000017334943852914","0.0481764982028952","2616.29","","","Mint"
"0x87a30e4f33e71a5d5f29a530d42b926ad9c5f129f107948e437b4404b962ecae","22872820","1751957843","2025-07-08 06:57:23","0x0559d4f52c63732853ac1f4c50b6f293cee0b646","0xe5544a2a5fa9b175da60d8eec67add5582bb31b0","","0","0","0","0.000016946363245677","0.0470965724133988","2616.29","","","Mint"
"0x1fef6ead36cd65c03cfc0cd095281875b1d8482b49808345c362e8e7d21b4fc3","22872822","1751957867","2025-07-08 06:57:47","0x0559d4f52c63732853ac1f4c50b6f293cee0b646","0xe5544a2a5fa9b175da60d8eec67add5582bb31b0","","0","0","0","0.000015488860630518","0.0430459465379583","2616.29","","","Mint"
"0x401c7051fb372f5367a309c6cc51ac7405a7c56154fb56848cc58e33d72e5d4f","22872824","1751957891","2025-07-08 06:58:11","0x0559d4f52c63732853ac1f4c50b6f293cee0b646","0xe5544a2a5fa9b175da60d8eec67add5582bb31b0","","0","0","0","0.000016542317277435","0.0459736659864694","2616.29","","","Mint"
"0x8306838d69739b24b9d116dc0c9892d2dcbe35cb7df76b8699c9b47e09b5e6df","22872827","1751957927","2025-07-08 06:58:47","0x0559d4f52c63732853ac1f4c50b6f293cee0b646","0xe5544a2a5fa9b175da60d8eec67add5582bb31b0","","0","0","0","0.000015027728673684","0.0417643892927656","2616.29","","","Mint"
"0x2e859801b9195a503df187150820a0eb35bf2c7fa6681e74a39c3a576e1bd632","22872829","1751957951","2025-07-08 06:59:11","0x0559d4f52c63732853ac1f4c50b6f293cee0b646","0xe5544a2a5fa9b175da60d8eec67add5582bb31b0","","0","0","0","0.000015058870386423","0.0418509369435993","2616.29","","","Mint"
"0x5678be8de8dca63cfd5e05802ab2ea3d319e7bc371c192bec0b21154c1ba7ba4","22872832","1751957987","2025-07-08 06:59:47","0x0559d4f52c63732853ac1f4c50b6f293cee0b646","0xe5544a2a5fa9b175da60d8eec67add5582bb31b0","","0","0","0","0.000013645673299764","0.0379234430051451","2616.29","","","Mint"
"0x16711a4e3b76f86c08f7c399fbde54a95038bc467de33b9a1f9027adc4a0d6d9","22872834","1751958011","2025-07-08 07:00:11","0x0559d4f52c63732853ac1f4c50b6f293cee0b646","0xe5544a2a5fa9b175da60d8eec67add5582bb31b0","","0","0","0","0.000013768487717925","0.0382647633258815","2616.29","","","Mint"
"0xb5f7ea7210a43681a7e406f1c123563e0ad04cf76bf77751e245752c261b48a3","22872836","1751958035","2025-07-08 07:00:35","0x0559d4f52c63732853ac1f4c50b6f293cee0b646","0xe5544a2a5fa9b175da60d8eec67add5582bb31b0","","0","0","0","0.000013724730238734","0.0381431545029458","2616.29","","","Mint"
"0xf6a92206b79d279a2f2606095815c42e8023baa9232451322cee2ea7d5654f7c","22872838","1751958059","2025-07-08 07:00:59","0x0559d4f52c63732853ac1f4c50b6f293cee0b646","0xe5544a2a5fa9b175da60d8eec67add5582bb31b0","","0","0","0","0.00001444306039209","0.0401395054364058","2616.29","","","Mint"
"0x2212851836be3176d17e54600272d875ee4b32fd52a2a10df7bc80ab12c15617","22872841","1751958095","2025-07-08 07:01:35","0x0559d4f52c63732853ac1f4c50b6f293cee0b646","0xe5544a2a5fa9b175da60d8eec67add5582bb31b0","","0","0","0","0.000014161774823991","0.0393577692057606","2616.29","","","Mint"
"0x81a8bc96c1f073cdcd942a2294f57e977fd35d3c1f86801949a2a62cd6f0f7bf","22872843","1751958119","2025-07-08 07:01:59","0x0559d4f52c63732853ac1f4c50b6f293cee0b646","0xe5544a2a5fa9b175da60d8eec67add5582bb31b0","","0","0","0","0.00001476871445676","0.041044548602075","2616.29","","","Mint"
"0x18a552d5940d6ab6537eef3a1b4ea787606efa668e9d3e48e2b789e14bc330d9","22872845","1751958143","2025-07-08 07:02:23","0x0559d4f52c63732853ac1f4c50b6f293cee0b646","0xe5544a2a5fa9b175da60d8eec67add5582bb31b0","","0","0","0","0.000013914343684449","0.0386701196840415","2616.29","","","Mint"
"0xf94b5e290fbafa0dd9e03631a0547a70a64fe561e27f422d34e978848583d1d6","22872847","1751958167","2025-07-08 07:02:47","0x0559d4f52c63732853ac1f4c50b6f293cee0b646","0xe5544a2a5fa9b175da60d8eec67add5582bb31b0","","0","0","0","0.000014163937624167","0.0393637799629732","2616.29","","","Mint"
"0x6d97a59bbb99a852fa12449d1845edf973b8a8abf8e1098374abb43e7fa221fa","22872849","1751958191","2025-07-08 07:03:11","0x0559d4f52c63732853ac1f4c50b6f293cee0b646","0xe5544a2a5fa9b175da60d8eec67add5582bb31b0","","0","0","0","0.000014897838498369","0.0414034043452092","2616.29","","","Mint"
"0x8776f96007e2b0df24862122084136f59a9eabce28d1e7b332590136462002c9","22872851","1751958215","2025-07-08 07:03:35","0x0559d4f52c63732853ac1f4c50b6f293cee0b646","0xe5544a2a5fa9b175da60d8eec67add5582bb31b0","","0","0","0","0.000014843003676777","0.041251009869271","2616.29","","","Mint"
"0x304edfc54ba86bef19e770ef08252402fe1e2102f5f6c335aae54aa384e977b1","22872853","1751958239","2025-07-08 07:03:59","0x0559d4f52c63732853ac1f4c50b6f293cee0b646","0xe5544a2a5fa9b175da60d8eec67add5582bb31b0","","0","0","0","0.000014876811136761","0.0413449660452461","2616.29","","","Mint"
"0x337cad4bc82ac9fabbb403c80c9ea1b92159b508b56c5cf579446051f0dfdab1","22872855","1751958263","2025-07-08 07:04:23","0x0559d4f52c63732853ac1f4c50b6f293cee0b646","0xe5544a2a5fa9b175da60d8eec67add5582bb31b0","","0","0","0","0.000015072757073748","0.04188953020197","2616.29","","","Mint"
"0x27cb9f2860e6780b9418b1b30c44769d5c49e70ef60ea64275c0d673da8b1892","22872857","1751958287","2025-07-08 07:04:47","0x0559d4f52c63732853ac1f4c50b6f293cee0b646","0xe5544a2a5fa9b175da60d8eec67add5582bb31b0","","0","0","0","0.000015084689742828","0.0419226929405036","2616.29","","","Mint"
"0xe35bb95370947b7328029c43bcf9c3ca24d45277170ec638ec6a3a91a58199f1","22872859","1751958311","2025-07-08 07:05:11","0x0559d4f52c63732853ac1f4c50b6f293cee0b646","0xe5544a2a5fa9b175da60d8eec67add5582bb31b0","","0","0","0","0.000015205160647683","0.0422575002742045","2616.29","","","Mint"
"0xd0a8ab97ed2cb26d6ffb93bdd964609c7ba20d7a1bd43d35564735aa8da2c31b","22872861","1751958335","2025-07-08 07:05:35","0x0559d4f52c63732853ac1f4c50b6f293cee0b646","0xe5544a2a5fa9b175da60d8eec67add5582bb31b0","","0","0","0","0.00001549295010471","0.0430573118211535","2616.29","","","Mint"
"0x37e22aefe082bc2ac83bfd78887b3f1fee6eb9539821692dd29e046987060366","22872863","1751958359","2025-07-08 07:05:59","0x0559d4f52c63732853ac1f4c50b6f293cee0b646","0xe5544a2a5fa9b175da60d8eec67add5582bb31b0","","0","0","0","0.000014200956836217","0.039466662096191","2616.29","","","Mint"
"0x2548b5c045bc86d1042bfa75ae7af8aa9248b54381abb7c8be79620b6c1c4b4b","22872865","1751958383","2025-07-08 07:06:23","0x0559d4f52c63732853ac1f4c50b6f293cee0b646","0xe5544a2a5fa9b175da60d8eec67add5582bb31b0","","0","0","0","0.000014570670183003","0.0404941528419443","2616.29","","","Mint"
"0xe1dae31afe16c382ddf86b15015f2072a3e08f2629ff1dc3b5d4051c59515391","22872867","1751958407","2025-07-08 07:06:47","0x0559d4f52c63732853ac1f4c50b6f293cee0b646","0xe5544a2a5fa9b175da60d8eec67add5582bb31b0","","0","0","0","0.000015240035064822","0.0423544216896345","2616.29","","","Mint"
"0xd238057d0467ad2057c82601d3a537b125d1b4cf7efc8ddaf47e1b862ef31053","22872870","1751958443","2025-07-08 07:07:23","0x0559d4f52c63732853ac1f4c50b6f293cee0b646","0xe5544a2a5fa9b175da60d8eec67add5582bb31b0","","0","0","0","0.000014636524486371","0.040677172167232","2616.29","","","Mint"
"0x940fbcaf7591c2227eefc7956b72efe496121c2432d0205d8232716f539f3800","22872872","1751958467","2025-07-08 07:07:47","0x0559d4f52c63732853ac1f4c50b6f293cee0b646","0xe5544a2a5fa9b175da60d8eec67add5582bb31b0","","0","0","0","0.000015527282737617","0.0431527275341537","2616.29","","","Mint"
"0xf36a96562ed12e3f0b150704332af58960a535252eb5f9e7f23986e88b0ae19d","22872874","1751958491","2025-07-08 07:08:11","0x0559d4f52c63732853ac1f4c50b6f293cee0b646","0xe5544a2a5fa9b175da60d8eec67add5582bb31b0","","0","0","0","0.000015261504775134","0.0424140893452692","2616.29","","","Mint"
"0x5f90d06cac986f881c3da3ee18543c6ea498dd6da37a46e860fc2cde0965e955","22872876","1751958515","2025-07-08 07:08:35","0x0559d4f52c63732853ac1f4c50b6f293cee0b646","0xe5544a2a5fa9b175da60d8eec67add5582bb31b0","","0","0","0","0.00001698004598532","0.047190181972198","2616.29","","","Mint"
"0x22dad84a14052649a72b5d26b654d1d5ace4763b432350e37d6c50882aef44de","22872878","1751958539","2025-07-08 07:08:59","0x0559d4f52c63732853ac1f4c50b6f293cee0b646","0xe5544a2a5fa9b175da60d8eec67add5582bb31b0","","0","0","0","0.000015230033430522","0.0423266255963233","2616.29","","","Mint"
"0x5ffb1921db9d0528faf045a28a04c451d81326e6c0dd7c75500568f6ded68939","22872880","1751958563","2025-07-08 07:09:23","0x0559d4f52c63732853ac1f4c50b6f293cee0b646","0xe5544a2a5fa9b175da60d8eec67add5582bb31b0","","0","0","0","0.000016902958088865","0.0469759427490115","2616.29","","","Mint"
"0x8933a2ffb8b0d46044c3c072cc611b5e3e23c220ee6a89699cbd2533f3bbe580","22872882","1751958587","2025-07-08 07:09:47","0x0559d4f52c63732853ac1f4c50b6f293cee0b646","0xe5544a2a5fa9b175da60d8eec67add5582bb31b0","","0","0","0","0.000017041235736153","0.0473602377823612","2616.29","","","Mint"
"0xcd19ff1143221caab2548674c7792cd4f59f67f04bb9d656295254d0c61e027f","22872884","1751958611","2025-07-08 07:10:11","0x0559d4f52c63732853ac1f4c50b6f293cee0b646","0xe5544a2a5fa9b175da60d8eec67add5582bb31b0","","0","0","0","0.000016581416388","0.046082328480323","2616.29","","","Mint"
"0x565a201d726091763030dcb173d0add48c398a2b3f7758474e582a3e965c6cc8","22872961","1751959535","2025-07-08 07:25:35","0xb3897952ce7a4cea159d232dae8d02ca8273372e","0xe5544a2a5fa9b175da60d8eec67add5582bb31b0","","0","0","0","0.000099994415568747","0.277899993378836","2616.29","","","Mint"
"0x0731e3b5b61378ae1b6883b4425864e9bbc2afc354741da8d03a43917b4d3045","22872965","1751959583","2025-07-08 07:26:23","0xb3897952ce7a4cea159d232dae8d02ca8273372e","0xe5544a2a5fa9b175da60d8eec67add5582bb31b0","","0","0","0","0.000098768313554907","0.274492465672515","2616.29","","","Mint"
"0x06d60007d6b3398fbba709c7379a8d8cff17704c90bb44e2140d2b96ebd0bf47","22872970","1751959643","2025-07-08 07:27:23","0xb3897952ce7a4cea159d232dae8d02ca8273372e","0xe5544a2a5fa9b175da60d8eec67add5582bb31b0","","0","0","0","0.000099510663312588","0.276555570812646","2616.29","","","Mint"
"0x640c8b061a92f2a25ee8ccd348f91136fb5444f2999c5eac3078b7d0e7cac65f","22872974","1751959691","2025-07-08 07:28:11","0xb3897952ce7a4cea159d232dae8d02ca8273372e","0xe5544a2a5fa9b175da60d8eec67add5582bb31b0","","0","0","0","0.000098658416309685","0.274187044179266","2616.29","","","Mint"
"0x28f5f0d85b3d53553a6c3bdbdcbb4450318d9546d5197fb2de8acecfb6af3399","22873035","1751960423","2025-07-08 07:40:23","0xb3897952ce7a4cea159d232dae8d02ca8273372e","0xe5544a2a5fa9b175da60d8eec67add5582bb31b0","","0","0","0","0.000139899708246144","0.388802992388864","2616.29","","","Transfer"
"0x120b6c9196657778ce87a0d0696b103d23144b45814a59ac2c32b279217239b1","22873064","1751960783","2025-07-08 07:46:23","0xb3897952ce7a4cea159d232dae8d02ca8273372e","0xe5544a2a5fa9b175da60d8eec67add5582bb31b0","","0","0","0","0.000103457381002848","0.287524111543177","2616.29","","","Mint"
"0x32ff089631f787c6222ed8748c7602108993b06c913395fcb24f48f8eee3e05d","22873069","1751960843","2025-07-08 07:47:23","0xb3897952ce7a4cea159d232dae8d02ca8273372e","0xe5544a2a5fa9b175da60d8eec67add5582bb31b0","","0","0","0","0.000103019313246597","0.286306653289441","2616.29","","","Mint"
"0x65bfdb1527c7dad37dc84d80e78f91a95ce44bceb689b30590828b62b950d247","22873073","1751960891","2025-07-08 07:48:11","0xb3897952ce7a4cea159d232dae8d02ca8273372e","0xe5544a2a5fa9b175da60d8eec67add5582bb31b0","","0","0","0","0.000103335781922937","0.287186168835977","2616.29","","","Mint"
"0x81e9e9cfc02b9c36010f6f866479447089d747572ccec78198e3ec6aa7cb3bc9","22873077","1751960939","2025-07-08 07:48:59","0x4822c6499d4d0b0699f42419610f894c6662a484","0xe5544a2a5fa9b175da60d8eec67add5582bb31b0","","0","0","0","0.000037828009471701","0.10512990672457","2616.29","","","Mint"
"0xbc0e4d65ed2119e081c7ce458c08e4617953ffc94cb87d4655fdb65970038919","22873079","1751960963","2025-07-08 07:49:23","0x4822c6499d4d0b0699f42419610f894c6662a484","0xe5544a2a5fa9b175da60d8eec67add5582bb31b0","","0","0","0","0.000026910816518568","0.0747893338822264","2616.29","","","Mint"
"0xe828d7e893b6b0a86078e0ef6e21aeb11673b1e1d0071b2ff2ba4a6fc17379bc","22873081","1751960987","2025-07-08 07:49:47","0x4822c6499d4d0b0699f42419610f894c6662a484","0xe5544a2a5fa9b175da60d8eec67add5582bb31b0","","0","0","0","0.000027988379549073","0.0777840487104434","2616.29","","","Mint"
"0xf6888073b4a1a58dd9dd6ac6b35a28b9c6377f40fb49200ea2090f152b850357","22873083","1751961011","2025-07-08 07:50:11","0x4822c6499d4d0b0699f42419610f894c6662a484","0xe5544a2a5fa9b175da60d8eec67add5582bb31b0","","0","0","0","0.000027600323424597","0.0767055805399048","2616.29","","","Mint"
"0x59b19b7b32f7f1bf021a2137c4fd4cb982efe437eb57fdc2c3e343b0342b8ce5","22873085","1751961035","2025-07-08 07:50:35","0x4822c6499d4d0b0699f42419610f894c6662a484","0xe5544a2a5fa9b175da60d8eec67add5582bb31b0","","0","0","0","0.000025720655220765","0.0714816910013916","2616.29","","","Mint"
"0xfd120f764ad7c360b0ef300e30938c8eabce70b2141267ecee4262d82929b737","22873087","1751961059","2025-07-08 07:50:59","0x4822c6499d4d0b0699f42419610f894c6662a484","0xe5544a2a5fa9b175da60d8eec67add5582bb31b0","","0","0","0","0.00002780993138115","0.0772881135684436","2616.29","","","Mint"
"0xcde2c335760780575e3e9bc7b56b8e7da1ba4bb8a42786c9c1a60b611d4b6ea5","22873089","1751961083","2025-07-08 07:51:23","0x4822c6499d4d0b0699f42419610f894c6662a484","0xe5544a2a5fa9b175da60d8eec67add5582bb31b0","","0","0","0","0.000027526816581957","0.0765012936208127","2616.29","","","Mint"
"0x64ede0c44abe559fd2011ef11f19f2651c5c7b7439e1051338dada5285671304","22873092","1751961119","2025-07-08 07:51:59","0x4822c6499d4d0b0699f42419610f894c6662a484","0xe5544a2a5fa9b175da60d8eec67add5582bb31b0","","0","0","0","0.00002484872539776","0.0690584627574772","2616.29","","","Mint"
"0xca0baf31e89e1a4f71f86f1a7e52c5895ba7cd0d64d45a13368efd0704c139a4","22873094","1751961143","2025-07-08 07:52:23","0x4822c6499d4d0b0699f42419610f894c6662a484","0xe5544a2a5fa9b175da60d8eec67add5582bb31b0","","0","0","0","0.000026859570620256","0.0746469135808466","2616.29","","","Mint"
"0xabe0fb6cb25d6bb4fb1fdf3905441f3dbafe04240972d0e55d14f08e94060fc1","22873096","1751961167","2025-07-08 07:52:47","0x4822c6499d4d0b0699f42419610f894c6662a484","0xe5544a2a5fa9b175da60d8eec67add5582bb31b0","","0","0","0","0.000030524540191398","0.0848324325796928","2616.29","","","Mint"
"0x79a30b7eee222d0891d69cd526d0c8b88dd2706c42ed0618ab855262536910fa","22873098","1751961191","2025-07-08 07:53:11","0x4822c6499d4d0b0699f42419610f894c6662a484","0xe5544a2a5fa9b175da60d8eec67add5582bb31b0","","0","0","0","0.000029525681194446","0.0820564484703751","2616.29","","","Mint"
"0x72b49f98cd9132fe8fff881f4366523c328816602c783febb9718eea1e84378a","22873100","1751961215","2025-07-08 07:53:35","0x4822c6499d4d0b0699f42419610f894c6662a484","0xe5544a2a5fa9b175da60d8eec67add5582bb31b0","","0","0","0","0.000030553253206854","0.0849122305040041","2616.29","","","Mint"
"0x137a6985b6d5a9f75dbb7b7bf19f8fa9db125cfe5445e5fe3fffcc899d8aeb3f","22873102","1751961239","2025-07-08 07:53:59","0x4822c6499d4d0b0699f42419610f894c6662a484","0xe5544a2a5fa9b175da60d8eec67add5582bb31b0","","0","0","0","0.000030153265199412","0.0838006017796648","2616.29","","","Mint"
"0x5c900169241aa5ac8b12b1c00f5e0f807ff2afc0c8d79cce751058a0296dc11c","22873104","1751961263","2025-07-08 07:54:23","0x4822c6499d4d0b0699f42419610f894c6662a484","0xe5544a2a5fa9b175da60d8eec67add5582bb31b0","","0","0","0","0.000030514713576018","0.0848051228911116","2616.29","","","Mint"
"0xd469d95bfe0cacf82d596e640811e888eae82d56a5c50c9ed5edcaf31290fa3f","22873106","1751961287","2025-07-08 07:54:47","0x4822c6499d4d0b0699f42419610f894c6662a484","0xe5544a2a5fa9b175da60d8eec67add5582bb31b0","","0","0","0","0.000028890292236231","0.0802906039851945","2616.29","","","Mint"
"0x542b28d2c4fd822c252b586efa7f752501c910e69cac3122741ee19ccc48a8fb","22873108","1751961311","2025-07-08 07:55:11","0x4822c6499d4d0b0699f42419610f894c6662a484","0xe5544a2a5fa9b175da60d8eec67add5582bb31b0","","0","0","0","0.000028036207070016","0.0779169688108089","2616.29","","","Mint"
"0x022682d536cd37d105ade690839c7b691765ab9cfaaa5d2f1a04c6a89b942993","22873110","1751961335","2025-07-08 07:55:35","0x4822c6499d4d0b0699f42419610f894c6662a484","0xe5544a2a5fa9b175da60d8eec67add5582bb31b0","","0","0","0","0.000027400483291314","0.0761501938075528","2616.29","","","Mint"
"0x5c9cb46c42fe19957af87740e1c2c488d1753e56ce1b069331fd2624e7a8bdab","22873112","1751961359","2025-07-08 07:55:59","0x4822c6499d4d0b0699f42419610f894c6662a484","0xe5544a2a5fa9b175da60d8eec67add5582bb31b0","","0","0","0","0.000025350832769652","0.0704538970377878","2616.29","","","Mint"
"0xd4904d28e58aace8674ed683d7a9169354ad3b9ef4d914548f4fac71f3597a4f","22873114","1751961383","2025-07-08 07:56:23","0x4822c6499d4d0b0699f42419610f894c6662a484","0xe5544a2a5fa9b175da60d8eec67add5582bb31b0","","0","0","0","0.000026594610377898","0.0739105479630455","2616.29","","","Mint"
"0x4f4931261336adcca6f71ecfe81f3c2c58f8daf407fe52518de1a551ad872e8a","22873116","1751961407","2025-07-08 07:56:47","0x4822c6499d4d0b0699f42419610f894c6662a484","0xe5544a2a5fa9b175da60d8eec67add5582bb31b0","","0","0","0","0.000025085916620466","0.069717653961752","2616.29","","","Mint"
"0xa4c1e927c835f1af822ccf11960d1b09b59e43d47c53497dbb7068f34483400f","22873118","1751961431","2025-07-08 07:57:11","0x4822c6499d4d0b0699f42419610f894c6662a484","0xe5544a2a5fa9b175da60d8eec67add5582bb31b0","","0","0","0","0.000024290481301089","0.0675070158103026","2616.29","","","Mint"
"0xd7e28e3c96709a5c86b2f92ba52ddb25b8be4ee005f80417e7acbd7d35b99a78","22873121","1751961467","2025-07-08 07:57:47","0x4822c6499d4d0b0699f42419610f894c6662a484","0xe5544a2a5fa9b175da60d8eec67add5582bb31b0","","0","0","0","0.000022828593411015","0.0634442025755689","2616.29","","","Mint"
"0x63701a1e9225a30a0b7a71b415f430b2407bc278f1da840d771ba66d39888bd8","22873123","1751961491","2025-07-08 07:58:11","0x4822c6499d4d0b0699f42419610f894c6662a484","0xe5544a2a5fa9b175da60d8eec67add5582bb31b0","","0","0","0","0.000026277608714445","0.0730295511626381","2616.29","","","Mint"
"0xd7b49e264d5278543032c7f0f10548b17b3f08393c4816e59d3268961c8557b2","22873125","1751961515","2025-07-08 07:58:35","0x4822c6499d4d0b0699f42419610f894c6662a484","0xe5544a2a5fa9b175da60d8eec67add5582bb31b0","","0","0","0","0.000026925342120903","0.0748297027845272","2616.29","","","Mint"
"0x474cdbac90e0c80d8ef9fe3f1d4b6ea3b69af5af46abda16a88bda7689a716b4","22873127","1751961539","2025-07-08 07:58:59","0x4822c6499d4d0b0699f42419610f894c6662a484","0xe5544a2a5fa9b175da60d8eec67add5582bb31b0","","0","0","0","0.000026653701102042","0.07407477025241","2616.29","","","Mint"
"0xbbe08cc81a68e023f7e1344e24fdbd6829e2c1718d068a4b550d4d939c251597","22873129","1751961563","2025-07-08 07:59:23","0x4822c6499d4d0b0699f42419610f894c6662a484","0xe5544a2a5fa9b175da60d8eec67add5582bb31b0","","0","0","0","0.000027948312723276","0.0776726967858347","2616.29","","","Mint"
"0x9e612e5457857d89446da00b9fad1aa8787f06e48004ce254811d527d40b7150","22873131","1751961587","2025-07-08 07:59:47","0x4822c6499d4d0b0699f42419610f894c6662a484","0xe5544a2a5fa9b175da60d8eec67add5582bb31b0","","0","0","0","0.000027537089585358","0.0765298438909541","2616.29","","","Mint"
"0x5f53299b4a090cdcb52bf585e6b206a282d817caf096c93351fa3ca7e6344a3b","22873133","1751961611","2025-07-08 08:00:11","0x4822c6499d4d0b0699f42419610f894c6662a484","0xe5544a2a5fa9b175da60d8eec67add5582bb31b0","","0","0","0","0.000028662240144048","0.0796568118424311","2616.29","","","Mint"
"0x3c46abd123a137204f24b300cbea9036bd0b855b70ec62f1d0a6abbcb3659bb4","22873135","1751961635","2025-07-08 08:00:35","0x4822c6499d4d0b0699f42419610f894c6662a484","0xe5544a2a5fa9b175da60d8eec67add5582bb31b0","","0","0","0","0.000030909165603369","0.0859013662679605","2616.29","","","Mint"
"0x5dad6dd798554bc0c04dddb53bc607f41fccd73b63534f0e79b15d3ea17d3ba5","22873137","1751961659","2025-07-08 08:00:59","0x4822c6499d4d0b0699f42419610f894c6662a484","0xe5544a2a5fa9b175da60d8eec67add5582bb31b0","","0","0","0","0.000030030304882746","0.0834588759843492","2616.29","","","Mint"
"0xa59a3743d5d6d49b68e1bb3f3e29df273e72fd05ac83c8220c8da139fdc0722a","22873139","1751961683","2025-07-08 08:01:23","0x4822c6499d4d0b0699f42419610f894c6662a484","0xe5544a2a5fa9b175da60d8eec67add5582bb31b0","","0","0","0","0.000032612578906065","0.0906354160931249","2616.29","","","Mint"
"0x169d4de5712ae13fa13c085dbf06f71f8a2983ac983726681413f3cc626ff4dd","22873141","1751961707","2025-07-08 08:01:47","0x4822c6499d4d0b0699f42419610f894c6662a484","0xe5544a2a5fa9b175da60d8eec67add5582bb31b0","","0","0","0","0.000031751012610324","0.0882409896992105","2616.29","","","Mint"
"0x9df0b69209804dfe21f5d7260b0134057a3c7bee0efa90a3db791d32dc37c63e","22873143","1751961731","2025-07-08 08:02:11","0x4822c6499d4d0b0699f42419610f894c6662a484","0xe5544a2a5fa9b175da60d8eec67add5582bb31b0","","0","0","0","0.000031752194675256","0.0882442748410347","2616.29","","","Mint"
"0xf8ba707de9ea05a0d14b39f06d60ced2aeab9eac5a05ca84707c7d0fa0866557","22873145","1751961755","2025-07-08 08:02:35","0x4822c6499d4d0b0699f42419610f894c6662a484","0xe5544a2a5fa9b175da60d8eec67add5582bb31b0","","0","0","0","0.000031185744595197","0.0866700221929995","2616.29","","","Mint"
"0xa79d11a81910a5f57715b33f8ac5116e25808b79538f09e880968ed425e9b595","22873147","1751961779","2025-07-08 08:02:59","0x4822c6499d4d0b0699f42419610f894c6662a484","0xe5544a2a5fa9b175da60d8eec67add5582bb31b0","","0","0","0","0.000031266749856501","0.086895148380817","2616.29","","","Mint"
"0x52ce5d2519159151ce8ae872fd9b1f9b4a5d255bde4a65b3b32034b91fdd0a0b","22873150","1751961815","2025-07-08 08:03:35","0x4822c6499d4d0b0699f42419610f894c6662a484","0xe5544a2a5fa9b175da60d8eec67add5582bb31b0","","0","0","0","0.000029352767380332","0.0815758941561759","2616.29","","","Mint"
"0x5e2196dc7b369b6a22b2e729237e85752c82777da963a0513ff8822a83878f15","22873154","1751961863","2025-07-08 08:04:23","0x4822c6499d4d0b0699f42419610f894c6662a484","0xe5544a2a5fa9b175da60d8eec67add5582bb31b0","","0","0","0","0.000029017830033354","0.0806450513088219","2616.29","","","Mint"
"0xaf72e7a237c01a82b665f7988ddaf288a10c4f28e1d33ea48f4782f1e4fdb1e6","22873156","1751961887","2025-07-08 08:04:47","0x4822c6499d4d0b0699f42419610f894c6662a484","0xe5544a2a5fa9b175da60d8eec67add5582bb31b0","","0","0","0","0.000026940525321981","0.0748718992557506","2616.29","","","Mint"
"0x0829b0c63b377d9ca21a3000370e29481e0700aec977b9a4a5c56ab1db0f7d31","22873159","1751961923","2025-07-08 08:05:23","0x4822c6499d4d0b0699f42419610f894c6662a484","0xe5544a2a5fa9b175da60d8eec67add5582bb31b0","","0","0","0","0.000027736079166339","0.0770828668065094","2616.29","","","Mint"
"0x9655b82043cf1ba5ada9b814a1e1315c5d776aea5fce9abdf4d71ed2e2837a97","22873161","1751961947","2025-07-08 08:05:47","0x4822c6499d4d0b0699f42419610f894c6662a484","0xe5544a2a5fa9b175da60d8eec67add5582bb31b0","","0","0","0","0.0000290429609691","0.0807148940779175","2616.29","","","Mint"
"0xcb00f77246e5c94dce5420314bb87696281bb3a71cdcd33c7a218df4d21f7bff","22873163","1751961971","2025-07-08 08:06:11","0x4822c6499d4d0b0699f42419610f894c6662a484","0xe5544a2a5fa9b175da60d8eec67add5582bb31b0","","0","0","0","0.000029144714878254","0.0809976839769267","2616.29","","","Mint"
"0x177954a661bc4798e7e3ef7c3867f503950f405efc494099d8d6255acd899843","22873165","1751961995","2025-07-08 08:06:35","0x4822c6499d4d0b0699f42419610f894c6662a484","0xe5544a2a5fa9b175da60d8eec67add5582bb31b0","","0","0","0","0.000030368033239404","0.0843974754805839","2616.29","","","Mint"
"0x21a120790ee3be7c36a84480c462d707284b58933751a1cb9ffcd9b2320067f2","22873167","1751962019","2025-07-08 08:06:59","0x4822c6499d4d0b0699f42419610f894c6662a484","0xe5544a2a5fa9b175da60d8eec67add5582bb31b0","","0","0","0","0.00003069797627436","0.0853144383600422","2616.29","","","Mint"
"0xdc2303d6335f6c28544a3632ccb6a12f2c2bfb887c5d2368e0ed6d11fc5b8451","22873169","1751962043","2025-07-08 08:07:23","0x4822c6499d4d0b0699f42419610f894c6662a484","0xe5544a2a5fa9b175da60d8eec67add5582bb31b0","","0","0","0","0.000031873808904834","0.0885822596515091","2616.29","","","Mint"
"0xbbdd55a66f0e47f7fb22c2450c25bdf75704e75d364fa76625f313de40f8b4f5","22873171","1751962067","2025-07-08 08:07:47","0x4822c6499d4d0b0699f42419610f894c6662a484","0xe5544a2a5fa9b175da60d8eec67add5582bb31b0","","0","0","0","0.000031915955706588","0.0886993921519768","2616.29","","","Mint"
"0xff2c5b9118db15a8659055b1ca284f6eef06c7ee72b11034e1ddaef2d6ab5185","22873176","1751962127","2025-07-08 08:08:47","0x4822c6499d4d0b0699f42419610f894c6662a484","0xe5544a2a5fa9b175da60d8eec67add5582bb31b0","","0","0","0","0.000032752627696404","0.0910246334077774","2616.29","","","Mint"
"0x4bcdaeb854d06580bd29ddcc57adb8c6cac9fc42698b715ec26d564974a35521","22873187","1751962259","2025-07-08 08:10:59","0x4822c6499d4d0b0699f42419610f894c6662a484","0xe5544a2a5fa9b175da60d8eec67add5582bb31b0","","0","0","0","0.000032992263015063","0.0916906171338675","2616.29","","","Mint"
"0xf745ccc926807b5eff0f18b5f03a2ca2cb87739c2ff6cb4b0d9f856951448833","22873189","1751962283","2025-07-08 08:11:23","0x4822c6499d4d0b0699f42419610f894c6662a484","0xe5544a2a5fa9b175da60d8eec67add5582bb31b0","","0","0","0","0.000032512929676866","0.0903584754262176","2616.29","","","Mint"
"0x74cddc7cd4e333ec49aafa46f432f37d5d325e4857c3f2eb952cd8da24335d8e","22873191","1751962307","2025-07-08 08:11:47","0x4822c6499d4d0b0699f42419610f894c6662a484","0xe5544a2a5fa9b175da60d8eec67add5582bb31b0","","0","0","0","0.000032336666612415","0.08986861302575","2616.29","","","Mint"
"0x5fe24fa48e711aefda01dce53dc051502c1a89fe6a3f9160005711f9ce6a15bc","22873193","1751962331","2025-07-08 08:12:11","0x4822c6499d4d0b0699f42419610f894c6662a484","0xe5544a2a5fa9b175da60d8eec67add5582bb31b0","","0","0","0","0.00003196281981033","0.0888296347664821","2616.29","","","Mint"
"0x7b8c6987d8cf3b7405b4567d897a81fccca87b1a91b57f120cd2aa1dd8a94144","22873195","1751962355","2025-07-08 08:12:35","0x4822c6499d4d0b0699f42419610f894c6662a484","0xe5544a2a5fa9b175da60d8eec67add5582bb31b0","","0","0","0","0.000032393135344044","0.0900255483911557","2616.29","","","Mint"
"0xb4a15e234bd1cd9f6bdb1c5668e7d5eab8fbf75e1e6a4f9efd812f02580bb042","22873199","1751962403","2025-07-08 08:13:23","0x4822c6499d4d0b0699f42419610f894c6662a484","0xe5544a2a5fa9b175da60d8eec67add5582bb31b0","","0","0","0","0.00003119202990408","0.0866874900414492","2616.29","","","Mint"
"0x0daf14dee9612a3c51d1e28b8c017032558ddb3ae0372fa23f980f2d9fd0e6fd","22873202","1751962439","2025-07-08 08:13:59","0x4822c6499d4d0b0699f42419610f894c6662a484","0xe5544a2a5fa9b175da60d8eec67add5582bb31b0","","0","0","0","0.000032735654998521","0.0909774636473215","2616.29","","","Mint"
"0xe88b43cd86d2f3526612aa55eaefcc72d1d7fdc037268e973433450741437314","22873204","1751962463","2025-07-08 08:14:23","0x4822c6499d4d0b0699f42419610f894c6662a484","0xe5544a2a5fa9b175da60d8eec67add5582bb31b0","","0","0","0","0.000032065445484078","0.0891148474345382","2616.29","","","Mint"
"0x0e259f125ecc91ecb9d6d4e3a9d2f67fa990def50c50bcf6ed4cad59adb82bf8","22873206","1751962487","2025-07-08 08:14:47","0x4822c6499d4d0b0699f42419610f894c6662a484","0xe5544a2a5fa9b175da60d8eec67add5582bb31b0","","0","0","0","0.000031901026476549","0.0886579015056703","2616.29","","","Mint"
"0xcef40c1b54c08b08291a9d894cce3189e0eb78273844e125570830dae1b678ed","22873208","1751962511","2025-07-08 08:15:11","0x4822c6499d4d0b0699f42419610f894c6662a484","0xe5544a2a5fa9b175da60d8eec67add5582bb31b0","","0","0","0","0.000031758563708697","0.0882619753730196","2616.29","","","Mint"
"0x6f5b18e42ce5b5a6061ca7ce0e6a4b536e00047b959d41e58d35a3c5853a15cd","22873210","1751962535","2025-07-08 08:15:35","0x4822c6499d4d0b0699f42419610f894c6662a484","0xe5544a2a5fa9b175da60d8eec67add5582bb31b0","","0","0","0","0.000030507146515593","0.0847840928562838","2616.29","","","Mint"
"0x753fc6b8acf7150f79fc04b937c8b247c122d242a1799a85196ff4ac45ec4003","22873212","1751962559","2025-07-08 08:15:59","0x4822c6499d4d0b0699f42419610f894c6662a484","0xe5544a2a5fa9b175da60d8eec67add5582bb31b0","","0","0","0","0.00002835646513101","0.0788070156451599","2616.29","","","Mint"
"0x01040ae5bbafdca6dac2fc6add2c649caaad0a42029c47cc2a7b015f83e663ac","22873214","1751962583","2025-07-08 08:16:23","0x4822c6499d4d0b0699f42419610f894c6662a484","0xe5544a2a5fa9b175da60d8eec67add5582bb31b0","","0","0","0","0.000030431249298888","0.0845731627168372","2616.29","","","Mint"
"0x92a4c3aa7443c5b4bf78605d778ee74109ebb780c53511ccaf36e2f4e1cb3a25","22873216","1751962607","2025-07-08 08:16:47","0x4822c6499d4d0b0699f42419610f894c6662a484","0xe5544a2a5fa9b175da60d8eec67add5582bb31b0","","0","0","0","0.000030654495185667","0.085193597669178","2616.29","","","Mint"
"0x33592dc2553e8e5bb6a0917872791780bb687d4b80052e9c099048996ece8477","22873218","1751962631","2025-07-08 08:17:11","0x4822c6499d4d0b0699f42419610f894c6662a484","0xe5544a2a5fa9b175da60d8eec67add5582bb31b0","","0","0","0","0.00003076045764159","0.085488083772546","2616.29","","","Mint"
"0xe1ef3f7d76ce275dd866b2a725f811c81e32ecd037dad48b6e34f7fce8aa35ee","22873220","1751962655","2025-07-08 08:17:35","0x4822c6499d4d0b0699f42419610f894c6662a484","0xe5544a2a5fa9b175da60d8eec67add5582bb31b0","","0","0","0","0.000029632764507156","0.082354049608637","2616.29","","","Mint"
"0x276ef2257fbf10a30ba986320bb73afa36d6f8a7456d15b2834c135cf49d90f1","22873222","1751962679","2025-07-08 08:17:59","0x4822c6499d4d0b0699f42419610f894c6662a484","0xe5544a2a5fa9b175da60d8eec67add5582bb31b0","","0","0","0","0.000029338916336538","0.0815373999567074","2616.29","","","Mint"
"0x4376b9cb5db74b67b1440356ffd3fa2db67dc32f9e4f1c9de02d21fb9470d175","22873224","1751962703","2025-07-08 08:18:23","0x4822c6499d4d0b0699f42419610f894c6662a484","0xe5544a2a5fa9b175da60d8eec67add5582bb31b0","","0","0","0","0.000029212410763833","0.0811858213448704","2616.29","","","Mint"
"0x6461556f89cb877794d29803a6ea9f81918e33d2a8bd77358907689cf46207aa","22873226","1751962727","2025-07-08 08:18:47","0x4822c6499d4d0b0699f42419610f894c6662a484","0xe5544a2a5fa9b175da60d8eec67add5582bb31b0","","0","0","0","0.000030835846538007","0.0856976012110546","2616.29","","","Mint"
"0xd0ee7dfa3802c7c5d1ec542d343024db6182450d660161982b77c1ca4c6d44d2","22873228","1751962751","2025-07-08 08:19:11","0x4822c6499d4d0b0699f42419610f894c6662a484","0xe5544a2a5fa9b175da60d8eec67add5582bb31b0","","0","0","0","0.00003065996774076","0.0852088067487596","2616.29","","","Mint"
"0x6cc7ca0f541f67fe1960593b4b2409cdf5893296abfd99f4973ee4b08987c40d","22873230","1751962775","2025-07-08 08:19:35","0x4822c6499d4d0b0699f42419610f894c6662a484","0xe5544a2a5fa9b175da60d8eec67add5582bb31b0","","0","0","0","0.000030045170958834","0.0835001911160286","2616.29","","","Mint"
"0x2e67d652a8c34a9288ffb305aaf6d2fb4e15c7a5e1a3b54530194a8dd66ce368","22873232","1751962799","2025-07-08 08:19:59","0x4822c6499d4d0b0699f42419610f894c6662a484","0xe5544a2a5fa9b175da60d8eec67add5582bb31b0","","0","0","0","0.000029174962600545","0.0810817470896174","2616.29","","","Mint"
"0xddf57a9522a3188ebfe4e431a55fecb3811346ed4914366e67c65a75eef76ac3","22873234","1751962823","2025-07-08 08:20:23","0x4822c6499d4d0b0699f42419610f894c6662a484","0xe5544a2a5fa9b175da60d8eec67add5582bb31b0","","0","0","0","0.000029973828368196","0.0833019189889987","2616.29","","","Mint"
"0x7307efa0498eb3ead0f0934375914754de3cfa239266a49f483efc3c3a81bfe2","22873236","1751962847","2025-07-08 08:20:47","0x4822c6499d4d0b0699f42419610f894c6662a484","0xe5544a2a5fa9b175da60d8eec67add5582bb31b0","","0","0","0","0.000031199150482731","0.0867072792341627","2616.29","","","Mint"
"0x4a29fe783bfe423434b215185038b2f1dda0b15af0bdae2d1ef3649398877e79","22873238","1751962871","2025-07-08 08:21:11","0x4822c6499d4d0b0699f42419610f894c6662a484","0xe5544a2a5fa9b175da60d8eec67add5582bb31b0","","0","0","0","0.000029606425906098","0.0822808505502897","2616.29","","","Mint"
"0x14aab938311b5b770beb83ce2abd1ce11fa84f691fc3ee83abc8df8a2586336c","22873240","1751962895","2025-07-08 08:21:35","0x4822c6499d4d0b0699f42419610f894c6662a484","0xe5544a2a5fa9b175da60d8eec67add5582bb31b0","","0","0","0","0.000029517046876098","0.0820324523602114","2616.29","","","Mint"
"0x8533c03649c301b343211ab2261f274d4b01236dda0c93a86996b3e3e38ee1f7","22873242","1751962919","2025-07-08 08:21:59","0x4822c6499d4d0b0699f42419610f894c6662a484","0xe5544a2a5fa9b175da60d8eec67add5582bb31b0","","0","0","0","0.000030102483072564","0.0836594703711301","2616.29","","","Mint"
"0x9f81c12bb9aa887f4e57f87a37f0b016978e831d9bae6717e8881101b6b71118","22873244","1751962943","2025-07-08 08:22:23","0x4822c6499d4d0b0699f42419610f894c6662a484","0xe5544a2a5fa9b175da60d8eec67add5582bb31b0","","0","0","0","0.000029724354269973","0.0826085917681731","2616.29","","","Mint"
"0x06afd72d2e21e9304f9ec6aa365f4391cf72d74623b74002cfbc2352df4f6441","22873246","1751962967","2025-07-08 08:22:47","0x4822c6499d4d0b0699f42419610f894c6662a484","0xe5544a2a5fa9b175da60d8eec67add5582bb31b0","","0","0","0","0.000028814688476985","0.0800804894095516","2616.29","","","Mint"
"0x17a7de65fa6236ddedc5d867e0baea6f83827df9eb85f5ce30e4aed4d1857a93","22873248","1751962991","2025-07-08 08:23:11","0x4822c6499d4d0b0699f42419610f894c6662a484","0xe5544a2a5fa9b175da60d8eec67add5582bb31b0","","0","0","0","0.000030063664844133","0.0835515884923012","2616.29","","","Mint"
"0x4232290b22559730f4c5a08b0cfe1e853af592702f75b1b50122922c766936cd","22873250","1751963015","2025-07-08 08:23:35","0x4822c6499d4d0b0699f42419610f894c6662a484","0xe5544a2a5fa9b175da60d8eec67add5582bb31b0","","0","0","0","0.000029761670472093","0.0827122992828686","2616.29","","","Mint"
"0x485955fe7aa27573bf3bbe7a54780f686836a30b2b9bbf188e81e35325a2c8ec","22873252","1751963039","2025-07-08 08:23:59","0x0559d4f52c63732853ac1f4c50b6f293cee0b646","0xe5544a2a5fa9b175da60d8eec67add5582bb31b0","","0","0","0","0.00014082480217344","0.391373971926153","2616.29","","","Transfer"
"0xf04bfc2e7a39e3dd5141ec2d45d36330339f62a862361f4a7d164ec3fd18b8bf","22873252","1751963039","2025-07-08 08:23:59","0x4822c6499d4d0b0699f42419610f894c6662a484","0xe5544a2a5fa9b175da60d8eec67add5582bb31b0","","0","0","0","0.00002986661642184","0.0830039603578791","2616.29","","","Mint"
"0xff7bda525ca300b8b95858e44566bd82071194653854302faa8947f1269796ec","22873254","1751963063","2025-07-08 08:24:23","0x4822c6499d4d0b0699f42419610f894c6662a484","0xe5544a2a5fa9b175da60d8eec67add5582bb31b0","","0","0","0","0.000028231882791654","0.0784607819971584","2616.29","","","Mint"
"0xd6eb8dd02d03248faada92ab0b0192e5ebcb8ebd82cb7db4d98cee566df61557","22873256","1751963087","2025-07-08 08:24:47","0x4822c6499d4d0b0699f42419610f894c6662a484","0xe5544a2a5fa9b175da60d8eec67add5582bb31b0","","0","0","0","0.000028992357229899","0.0805742584363278","2616.29","","","Mint"
"0x602974eb108d5011566d359763414c42bb0f769b6af1eb7fbc1cc21d8bb5ad20","22873258","1751963111","2025-07-08 08:25:11","0x4822c6499d4d0b0699f42419610f894c6662a484","0xe5544a2a5fa9b175da60d8eec67add5582bb31b0","","0","0","0","0.000028545874671939","0.0793334141432228","2616.29","","","Mint"
"0xc8a0d4ec02b17444cf6acccaba7995eb5a59faf487220b7d4c912b48f170f923","22873260","1751963135","2025-07-08 08:25:35","0x4822c6499d4d0b0699f42419610f894c6662a484","0xe5544a2a5fa9b175da60d8eec67add5582bb31b0","","0","0","0","0.000027608436086817","0.0767281268867623","2616.29","","","Mint"
"0x2835187af549cd85818ccf402b884def12d4d6584787eae3679f23163d51735e","22873262","1751963159","2025-07-08 08:25:59","0x4822c6499d4d0b0699f42419610f894c6662a484","0xe5544a2a5fa9b175da60d8eec67add5582bb31b0","","0","0","0","0.000027610295353074","0.0767332940761255","2616.29","","","Mint"
"0x6ec32dbebffd7b3641a43303641bae6b5d7319f8382b53295df5811b3fe84cce","22873264","1751963183","2025-07-08 08:26:23","0x4822c6499d4d0b0699f42419610f894c6662a484","0xe5544a2a5fa9b175da60d8eec67add5582bb31b0","","0","0","0","0.000025826717731752","0.0717764551733044","2616.29","","","Mint"
"0xa8737f57dfd0cda5955d13639b3d06fd3ff19af68e9dc0aa57068b010fac8bee","22873266","1751963207","2025-07-08 08:26:47","0x4822c6499d4d0b0699f42419610f894c6662a484","0xe5544a2a5fa9b175da60d8eec67add5582bb31b0","","0","0","0","0.000026645127769269","0.0740509436306202","2616.29","","","Mint"
"0xa43c6c0f5e3715f4e8c3dfceec84a4ccdb6cd66b4ad58b9da41ed951fa80a009","22873268","1751963231","2025-07-08 08:27:11","0x4822c6499d4d0b0699f42419610f894c6662a484","0xe5544a2a5fa9b175da60d8eec67add5582bb31b0","","0","0","0","0.000024561310998837","0.0682596935551834","2616.29","","","Mint"
"0x399e9a629b550424cc82849f8f650856fe06d985b380680a43df9dfd56d5ab9f","22873270","1751963255","2025-07-08 08:27:35","0x4822c6499d4d0b0699f42419610f894c6662a484","0xe5544a2a5fa9b175da60d8eec67add5582bb31b0","","0","0","0","0.000025537720489293","0.0709732870032716","2616.29","","","Mint"
"0x8e2c4200b643ed91fe8f6ce0077e8eab730cf08bebb8d28985754aa91e06d32a","22873272","1751963279","2025-07-08 08:27:59","0x4822c6499d4d0b0699f42419610f894c6662a484","0xe5544a2a5fa9b175da60d8eec67add5582bb31b0","","0","0","0","0.000025919164661346","0.0720333795322893","2616.29","","","Mint"
"0x203444cb2e8d0087dadaf129cf2568740399a7ce3c32d624f61566779d7add3a","22873274","1751963303","2025-07-08 08:28:23","0x4822c6499d4d0b0699f42419610f894c6662a484","0xe5544a2a5fa9b175da60d8eec67add5582bb31b0","","0","0","0","0.00002513726972718","0.0698603722119126","2616.29","","","Mint"
"0xfc3290d36b748165345a85bdd4156f42d831836c23be56844265657e01e73c78","22873276","1751963327","2025-07-08 08:28:47","0x4822c6499d4d0b0699f42419610f894c6662a484","0xe5544a2a5fa9b175da60d8eec67add5582bb31b0","","0","0","0","0.00002530530618165","0.0703273715870178","2616.29","","","Mint"
"0x412f6a84f06cac50e65efbd2f9dd2350db089b3735db98d46fb5e8f43d732374","22873278","1751963351","2025-07-08 08:29:11","0x4822c6499d4d0b0699f42419610f894c6662a484","0xe5544a2a5fa9b175da60d8eec67add5582bb31b0","","0","0","0","0.000026038166956113","0.0723641053707245","2616.29","","","Mint"
"0xb055565fb98c9c5b83d675dbde0b2a22d2822f60753f87073423d4d0e65b4a44","22873280","1751963375","2025-07-08 08:29:35","0x4822c6499d4d0b0699f42419610f894c6662a484","0xe5544a2a5fa9b175da60d8eec67add5582bb31b0","","0","0","0","0.000025522726014369","0.0709316150313079","2616.29","","","Mint"
"0x94a9cf9d3c072444877d583bc366e87baa58368807e583f6d20e093fd36960e2","22873282","1751963399","2025-07-08 08:29:59","0x4822c6499d4d0b0699f42419610f894c6662a484","0xe5544a2a5fa9b175da60d8eec67add5582bb31b0","","0","0","0","0.000026693506832136","0.0741853965515552","2616.29","","","Mint"
"0x382e6fd06bb611c72e5da1efa3417f264826901d55dd5da5fd704556d4078f2f","22873284","1751963423","2025-07-08 08:30:23","0x4822c6499d4d0b0699f42419610f894c6662a484","0xe5544a2a5fa9b175da60d8eec67add5582bb31b0","","0","0","0","0.000027124773043842","0.0753839522578508","2616.29","","","Mint"
"0x574949a9912402a6cd7dbdfe86bfcd0d002ff7f21955caf750fb61f8e698c70c","22873286","1751963447","2025-07-08 08:30:47","0x4822c6499d4d0b0699f42419610f894c6662a484","0xe5544a2a5fa9b175da60d8eec67add5582bb31b0","","0","0","0","0.000027446511912039","0.0762781144851423","2616.29","","","Mint"
"0xdd1af3e87ca88e0b95c68e0e7d0da532e1fbe186f0c788c8bafd73386ef78862","22873288","1751963471","2025-07-08 08:31:11","0x4822c6499d4d0b0699f42419610f894c6662a484","0xe5544a2a5fa9b175da60d8eec67add5582bb31b0","","0","0","0","0.000026516737839099","0.0736941280970605","2616.29","","","Mint"
"0x1d80b43d2744819fddfafb50a2f65a3fc160506af997942f2f65cb91352a390d","22873290","1751963495","2025-07-08 08:31:35","0x4822c6499d4d0b0699f42419610f894c6662a484","0xe5544a2a5fa9b175da60d8eec67add5582bb31b0","","0","0","0","0.000027260162259414","0.0757602198913684","2616.29","","","Mint"
"0xabfe705831025f44e1efec4264b30a493166fca03a28b0ee54ad0194a9c21f44","22873293","1751963531","2025-07-08 08:32:11","0x4822c6499d4d0b0699f42419610f894c6662a484","0xe5544a2a5fa9b175da60d8eec67add5582bb31b0","","0","0","0","0.000024856970499114","0.0690813771732339","2616.29","","","Mint"
"0xb551384412097ebd25b65733eabc25c729d59916ec8204d76f8aa55370524936","22873296","1751963567","2025-07-08 08:32:47","0x4822c6499d4d0b0699f42419610f894c6662a484","0xe5544a2a5fa9b175da60d8eec67add5582bb31b0","","0","0","0","0.000023641739057535","0.065704060473619","2616.29","","","Mint"
"0xda3599242f4b36d5d3b8c33c81afd46b52a945df65b12df2622a42d5ad687c03","22873298","1751963591","2025-07-08 08:33:11","0x4822c6499d4d0b0699f42419610f894c6662a484","0xe5544a2a5fa9b175da60d8eec67add5582bb31b0","","0","0","0","0.00002346549713475","0.065214256829121","2616.29","","","Mint"
"0xcbdb7f2a8df42fd67b8b7f9ce5de3c136260498cb2cde4bc05330f8a84f0b211","22873300","1751963615","2025-07-08 08:33:35","0x4822c6499d4d0b0699f42419610f894c6662a484","0xe5544a2a5fa9b175da60d8eec67add5582bb31b0","","0","0","0","0.000024893481498039","0.0691828469033363","2616.29","","","Mint"
"0x25f0ae8a6f6e718df6172a712cef20c51e9cf2d022f2a6724cb78fee0cef9386","22873302","1751963639","2025-07-08 08:33:59","0x4822c6499d4d0b0699f42419610f894c6662a484","0xe5544a2a5fa9b175da60d8eec67add5582bb31b0","","0","0","0","0.000024490704029757","0.0680634658345829","2616.29","","","Mint"
"0x2f6f3daf112a6788e10b50940572e899a528a480ae296d0c203cbb356101a63d","22873304","1751963663","2025-07-08 08:34:23","0x4822c6499d4d0b0699f42419610f894c6662a484","0xe5544a2a5fa9b175da60d8eec67add5582bb31b0","","0","0","0","0.000023491676983665","0.0652870146906351","2616.29","","","Mint"
"0xd0dcab6111bd3f1b6293cc45060047532345d6b488c70b1806e0ca7f43e0a40c","22873307","1751963699","2025-07-08 08:34:59","0x4822c6499d4d0b0699f42419610f894c6662a484","0xe5544a2a5fa9b175da60d8eec67add5582bb31b0","","0","0","0","0.000023744407750314","0.0659893926982359","2616.29","","","Mint"
"0x3fc6d68ec2b02374d6b6fedc52fd952791eb9d86885e0e5fb883dcee611ce0cd","22873309","1751963723","2025-07-08 08:35:23","0x4822c6499d4d0b0699f42419610f894c6662a484","0xe5544a2a5fa9b175da60d8eec67add5582bb31b0","","0","0","0","0.000024639336842769","0.0684765394799158","2616.29","","","Mint"
"0x72dd081487250f0388999f711504a1c33668a59c12f7ee935d1ea70538c2f546","22873311","1751963747","2025-07-08 08:35:47","0x4822c6499d4d0b0699f42419610f894c6662a484","0xe5544a2a5fa9b175da60d8eec67add5582bb31b0","","0","0","0","0.000025640355223755","0.0712585248524574","2616.29","","","Mint"
"0x30fc9b6a6a5bdecef246cfd57fddfad73d6cb95e91f50f9fd40895bcb9def098","22873313","1751963771","2025-07-08 08:36:11","0x4822c6499d4d0b0699f42419610f894c6662a484","0xe5544a2a5fa9b175da60d8eec67add5582bb31b0","","0","0","0","0.000024600580133313","0.0683688285718621","2616.29","","","Mint"
"0x78148092bcca77d19ba890c532200768c8cc07549a8f5df4ddde013d24855872","22873315","1751963795","2025-07-08 08:36:35","0x4822c6499d4d0b0699f42419610f894c6662a484","0xe5544a2a5fa9b175da60d8eec67add5582bb31b0","","0","0","0","0.00002463102401619","0.0684534368452524","2616.29","","","Mint"
"0xf2a29e0f43390e12ca0bf4130a1cb3d3ee0a8d032dd9dec51b389ceb4b0c9e9e","22873317","1751963819","2025-07-08 08:36:59","0x4822c6499d4d0b0699f42419610f894c6662a484","0xe5544a2a5fa9b175da60d8eec67add5582bb31b0","","0","0","0","0.000024781995688131","0.0688730105423851","2616.29","","","Mint"
"0x2fbd400383dcf6f9f9894f40906a113b51c92ba06a87a7c8137a5806f0ecf123","22873319","1751963843","2025-07-08 08:37:23","0x4822c6499d4d0b0699f42419610f894c6662a484","0xe5544a2a5fa9b175da60d8eec67add5582bb31b0","","0","0","0","0.000024346977679512","0.0676640280104377","2616.29","","","Mint"
"0x53ce9412abafbe700f507d4091cf52dadbbbaf4ff941156d58b8347aff5a16bb","22873321","1751963867","2025-07-08 08:37:47","0x4822c6499d4d0b0699f42419610f894c6662a484","0xe5544a2a5fa9b175da60d8eec67add5582bb31b0","","0","0","0","0.000022760908018827","0.0632560943703866","2616.29","","","Mint"
"0xce81f2904d5172bf49752ac858686799858acae0a0d932968630be7a24185992","22873323","1751963891","2025-07-08 08:38:11","0x4822c6499d4d0b0699f42419610f894c6662a484","0xe5544a2a5fa9b175da60d8eec67add5582bb31b0","","0","0","0","0.000025154889989277","0.0699093416537783","2616.29","","","Mint"
"0xc8bffea31d543d483499e63d559e216a0e8b5879fe337de38d02876928f3638d","22873325","1751963915","2025-07-08 08:38:35","0x4822c6499d4d0b0699f42419610f894c6662a484","0xe5544a2a5fa9b175da60d8eec67add5582bb31b0","","0","0","0","0.000024802563505851","0.0689301716985926","2616.29","","","Mint"
"0x1ec39bc5651bb69e2f35c035460def83c190266c99aed7ba8ef68ff1483ce401","22873327","1751963939","2025-07-08 08:38:59","0x4822c6499d4d0b0699f42419610f894c6662a484","0xe5544a2a5fa9b175da60d8eec67add5582bb31b0","","0","0","0","0.000024784692564","0.0688805055788016","2616.29","","","Mint"
"0xe61e4e8624edb4cd3cc935e5f3019fc2fef6710ffff344b30197b3f6e582afea","22873329","1751963963","2025-07-08 08:39:23","0x4822c6499d4d0b0699f42419610f894c6662a484","0xe5544a2a5fa9b175da60d8eec67add5582bb31b0","","0","0","0","0.000022195005405231","0.0616833632165826","2616.29","","","Mint"
"0x8e13a82b4c45c9fa590342851a3006ea4b061bc50a9553b2017ba499176442dc","22873331","1751963987","2025-07-08 08:39:47","0x4822c6499d4d0b0699f42419610f894c6662a484","0xe5544a2a5fa9b175da60d8eec67add5582bb31b0","","0","0","0","0.000023163813072804","0.0643758300195792","2616.29","","","Mint"
"0x180427bbb4781fa33ac1d17e784e8feca591e7eb7d7c1587a73bcefba540b194","22873333","1751964011","2025-07-08 08:40:11","0x4822c6499d4d0b0699f42419610f894c6662a484","0xe5544a2a5fa9b175da60d8eec67add5582bb31b0","","0","0","0","0.000022553183870829","0.0626787967380645","2616.29","","","Mint"
"0x3a36a9d05e470e2e5f90c52ed65841934768cf640b21cd28c09e495974e00070","22873335","1751964035","2025-07-08 08:40:35","0x4822c6499d4d0b0699f42419610f894c6662a484","0xe5544a2a5fa9b175da60d8eec67add5582bb31b0","","0","0","0","0.000022320767844504","0.0620328765453269","2616.29","","","Mint"
"0x74515ea904229b6de5c8faa8ba7b40121b6f503d139bea4f930a71d26a242c7d","22873337","1751964059","2025-07-08 08:40:59","0x4822c6499d4d0b0699f42419610f894c6662a484","0xe5544a2a5fa9b175da60d8eec67add5582bb31b0","","0","0","0","0.000021389417207328","0.0594445086406548","2616.29","","","Mint"
"0x61d32e44a2bf5a3588b051ea8878906b9148c6a7fdd83ac517a3a7c2e6068ea0","22873339","1751964083","2025-07-08 08:41:23","0x4822c6499d4d0b0699f42419610f894c6662a484","0xe5544a2a5fa9b175da60d8eec67add5582bb31b0","","0","0","0","0.000023142931302156","0.0643177963394801","2616.29","","","Mint"
"0x5e70babf9403138ee1f0c1970cfd786caabea373c292259e2d80e792cebf84ac","22873341","1751964107","2025-07-08 08:41:47","0x4822c6499d4d0b0699f42419610f894c6662a484","0xe5544a2a5fa9b175da60d8eec67add5582bb31b0","","0","0","0","0.000022967874087087","0.063831285181513","2616.29","","","Mint"
"0x83798d1030ebaa24048fe105dbc0fe2a268a7d28370ece537d17fad3962ddda0","22873343","1751964131","2025-07-08 08:42:11","0x4822c6499d4d0b0699f42419610f894c6662a484","0xe5544a2a5fa9b175da60d8eec67add5582bb31b0","","0","0","0","0.000022769236905927","0.0632792416397294","2616.29","","","Mint"
"0x975cd1bade7edc36e9305371f05613f66352d15961fae8642cc5317937161ab6","22873345","1751964155","2025-07-08 08:42:35","0x4822c6499d4d0b0699f42419610f894c6662a484","0xe5544a2a5fa9b175da60d8eec67add5582bb31b0","","0","0","0","0.000023733332498847","0.0659586128562633","2616.29","","","Mint"
"0x059d2832f10400ade174c496e3474e1121df53d4af3a261e6b7a80449716c319","22873347","1751964179","2025-07-08 08:42:59","0x4822c6499d4d0b0699f42419610f894c6662a484","0xe5544a2a5fa9b175da60d8eec67add5582bb31b0","","0","0","0","0.000025872219979203","0.0719029129779072","2616.29","","","Mint"
"0x214745385a3dc1c17e8038d2c0d3b807276786fc906b664556e37964d33efbed","22873349","1751964203","2025-07-08 08:43:23","0x4822c6499d4d0b0699f42419610f894c6662a484","0xe5544a2a5fa9b175da60d8eec67add5582bb31b0","","0","0","0","0.000025491175872522","0.0708439322926219","2616.29","","","Mint"
"0x55307ef70daa825f68baf631a19b8b27cdf65410793d2d32238ae4b121c110a2","22873351","1751964227","2025-07-08 08:43:47","0x4822c6499d4d0b0699f42419610f894c6662a484","0xe5544a2a5fa9b175da60d8eec67add5582bb31b0","","0","0","0","0.000024591505015101","0.0683436074104934","2616.29","","","Mint"
"0xfca9834c0bf4e056f9b1875659a9cb22d9258c1eb400d3528ce1d7f41fd2099a","22873353","1751964251","2025-07-08 08:44:11","0x4822c6499d4d0b0699f42419610f894c6662a484","0xe5544a2a5fa9b175da60d8eec67add5582bb31b0","","0","0","0","0.000024605860942014","0.0683835047584741","2616.29","","","Mint"
"0xdb17791aac11a91215c1ad1cad7bf020c4d7586f2eb12d0a6b1c8cc9d769e01e","22873355","1751964275","2025-07-08 08:44:35","0x4822c6499d4d0b0699f42419610f894c6662a484","0xe5544a2a5fa9b175da60d8eec67add5582bb31b0","","0","0","0","0.0000245869039152","0.0683308202400825","2616.29","","","Mint"
"0xfed8accab9fde3e2fea09d1d6cac7afc70c0769d29eba29829cafaf1b836d130","22873357","1751964299","2025-07-08 08:44:59","0x4822c6499d4d0b0699f42419610f894c6662a484","0xe5544a2a5fa9b175da60d8eec67add5582bb31b0","","0","0","0","0.000025546440806982","0.0709975221189453","2616.29","","","Mint"
"0xec9ad2492dd71219ffe372279c93a0c865a891a14f6f48ffa28fd39e4c32341d","22873359","1751964323","2025-07-08 08:45:23","0x4822c6499d4d0b0699f42419610f894c6662a484","0xe5544a2a5fa9b175da60d8eec67add5582bb31b0","","0","0","0","0.000025922679700005","0.072043148370024","2616.29","","","Mint"
"0x40883ac622a658e73a096d979713e8f90661afe94e9d6cc9dbe7b9d3fe30ada9","22873361","1751964347","2025-07-08 08:45:47","0x4822c6499d4d0b0699f42419610f894c6662a484","0xe5544a2a5fa9b175da60d8eec67add5582bb31b0","","0","0","0","0.000025802076345609","0.0717079729385013","2616.29","","","Mint"
"0xd202d94be0d0882623d47efb637dc35ba632aebf44de8eff19f8455ec67c6dbc","22873363","1751964371","2025-07-08 08:46:11","0x4822c6499d4d0b0699f42419610f894c6662a484","0xe5544a2a5fa9b175da60d8eec67add5582bb31b0","","0","0","0","0.000025000121986983","0.0694792173656556","2616.29","","","Mint"
"0x43ebbb6b840a70d770d79b76e2e98a300d0a382c8f1eefb38edc17ff4d792722","22873367","1751964419","2025-07-08 08:46:59","0x4822c6499d4d0b0699f42419610f894c6662a484","0xe5544a2a5fa9b175da60d8eec67add5582bb31b0","","0","0","0","0.000022229306838387","0.0617786922206347","2616.29","","","Mint"
"0xa27b557e708bd73641c321c57ee58848d32367b82010409059a11c31fd661038","22873369","1751964443","2025-07-08 08:47:23","0x4822c6499d4d0b0699f42419610f894c6662a484","0xe5544a2a5fa9b175da60d8eec67add5582bb31b0","","0","0","0","0.000025193364530112","0.0700162683714604","2616.29","","","Mint"
"0x2528dbdd6f13efc1e3c443284532cd5aa05843308591210f66dd7a7fdb2812a0","22873371","1751964467","2025-07-08 08:47:47","0x4822c6499d4d0b0699f42419610f894c6662a484","0xe5544a2a5fa9b175da60d8eec67add5582bb31b0","","0","0","0","0.000024696666729801","0.0686358681297808","2616.29","","","Mint"
"0xef5a76349a1f1c1cddb9eb8589c60316f782a8c11db491d0425ea58d426244fe","22873373","1751964491","2025-07-08 08:48:11","0x4822c6499d4d0b0699f42419610f894c6662a484","0xe5544a2a5fa9b175da60d8eec67add5582bb31b0","","0","0","0","0.000025670077463355","0.0713411275672297","2616.29","","","Mint"
"0x7e56827095123d3ed06753871554d0698b3a54cd73e070bba31267d35f1988f5","22873375","1751964515","2025-07-08 08:48:35","0x4822c6499d4d0b0699f42419610f894c6662a484","0xe5544a2a5fa9b175da60d8eec67add5582bb31b0","","0","0","0","0.000025927461255132","0.0720564370535027","2616.29","","","Mint"
"0x4214ad61b504109d2f9893691ac905c185304f20bc90083ee22438079aa634af","22873377","1751964539","2025-07-08 08:48:59","0x4822c6499d4d0b0699f42419610f894c6662a484","0xe5544a2a5fa9b175da60d8eec67add5582bb31b0","","0","0","0","0.000025344834615705","0.0704372272374527","2616.29","","","Mint"
"0xf402492cb9f680a0a9840be2e4284c5c4c130305570eaba1c9efa08596fb3ba1","22873379","1751964563","2025-07-08 08:49:23","0x4822c6499d4d0b0699f42419610f894c6662a484","0xe5544a2a5fa9b175da60d8eec67add5582bb31b0","","0","0","0","0.000025129162208037","0.069837840158464","2616.29","","","Mint"
"0x9c2c43747ed27b367fd56e8044c0786b29b6201e437fd06d31381139474dcc25","22873381","1751964587","2025-07-08 08:49:47","0x4822c6499d4d0b0699f42419610f894c6662a484","0xe5544a2a5fa9b175da60d8eec67add5582bb31b0","","0","0","0","0.000025176119629389","0.0699683421170842","2616.29","","","Mint"
"0x3866d028f6820846e78dc724bdfcba708b648372ffe1faa1eca180e910934aec","22873384","1751964623","2025-07-08 08:50:23","0x4822c6499d4d0b0699f42419610f894c6662a484","0xe5544a2a5fa9b175da60d8eec67add5582bb31b0","","0","0","0","0.000023925181191729","0.0664917901359984","2616.29","","","Mint"
"0x7bc9dab7ce285dde0b6e64efa739f3ad6812b711afd4c60711592bb031544963","22873387","1751964659","2025-07-08 08:50:59","0x4822c6499d4d0b0699f42419610f894c6662a484","0xe5544a2a5fa9b175da60d8eec67add5582bb31b0","","0","0","0","0.000024861119338101","0.0690929074404039","2616.29","","","Mint"
"0x446ed65e6245ab9e638765149b6d01612257c26ba91ff19f1a0ab90a1bce8827","22873389","1751964683","2025-07-08 08:51:23","0x4822c6499d4d0b0699f42419610f894c6662a484","0xe5544a2a5fa9b175da60d8eec67add5582bb31b0","","0","0","0","0.000025251694889979","0.0701783774905409","2616.29","","","Mint"
"0xb22b1b7cd751d686ad920b60a2a7c672280636266b731b99fcfbd8f3f242bdc5","22873391","1751964707","2025-07-08 08:51:47","0x4822c6499d4d0b0699f42419610f894c6662a484","0xe5544a2a5fa9b175da60d8eec67add5582bb31b0","","0","0","0","0.000026687018857539","0.0741673654636461","2616.29","","","Mint"
"0xb30dab78485f550bc80a81ef83c43da2b060e72287d6e61f377f4c34eec12323","22873393","1751964731","2025-07-08 08:52:11","0x4822c6499d4d0b0699f42419610f894c6662a484","0xe5544a2a5fa9b175da60d8eec67add5582bb31b0","","0","0","0","0.000025951501144008","0.0721232476340883","2616.29","","","Mint"
"0x6f3460d1b042130185c27c854470dd3bd7aa436946cde421dd723665b7bc7a1e","22873396","1751964767","2025-07-08 08:52:47","0x4822c6499d4d0b0699f42419610f894c6662a484","0xe5544a2a5fa9b175da60d8eec67add5582bb31b0","","0","0","0","0.000023760216782478","0.0660333284511348","2616.29","","","Mint"
"0xf1eefee05f54450ba5f0292ef243323377f8aa3a30980da5e20881ea348285a0","22873398","1751964791","2025-07-08 08:53:11","0x4822c6499d4d0b0699f42419610f894c6662a484","0xe5544a2a5fa9b175da60d8eec67add5582bb31b0","","0","0","0","0.000023181334480188","0.0644245247288618","2616.29","","","Mint"
"0x6418252c6ae1a005aab3a35853580f04334b377c75c23151ed98f0442ba0beac","22873400","1751964815","2025-07-08 08:53:35","0x4822c6499d4d0b0699f42419610f894c6662a484","0xe5544a2a5fa9b175da60d8eec67add5582bb31b0","","0","0","0","0.000025001065589442","0.0694818397832738","2616.29","","","Mint"
"0x970e01f85493125e92fd24765381cce028abb216a3395fb6c8fce2364ccef756","22873402","1751964839","2025-07-08 08:53:59","0x4822c6499d4d0b0699f42419610f894c6662a484","0xe5544a2a5fa9b175da60d8eec67add5582bb31b0","","0","0","0","0.000024668208760515","0.0685567790183422","2616.29","","","Mint"
"0xc2c8a607736481058be1fd1c5472a2af4b18ee46abdfc12293fd143b37bd1072","22873404","1751964863","2025-07-08 08:54:23","0x4822c6499d4d0b0699f42419610f894c6662a484","0xe5544a2a5fa9b175da60d8eec67add5582bb31b0","","0","0","0","0.000024935066225757","0.0692984173128613","2616.29","","","Mint"
"0x85d4db5ea7964259259f6acab264bcad6620c1b7e465893176b69a70e1fa4fad","22873406","1751964887","2025-07-08 08:54:47","0x4822c6499d4d0b0699f42419610f894c6662a484","0xe5544a2a5fa9b175da60d8eec67add5582bb31b0","","0","0","0","0.000024691118814585","0.0686204496127263","2616.29","","","Mint"
"0xcf16a4aa6a183544c7709813fdb7fb6b7074bf00dfad6700208479d9845eb69d","22873408","1751964911","2025-07-08 08:55:11","0x4822c6499d4d0b0699f42419610f894c6662a484","0xe5544a2a5fa9b175da60d8eec67add5582bb31b0","","0","0","0","0.000021780526218423","0.0605314612567135","2616.29","","","Mint"
"0x5d58f2b50829f1ab6ac3c5952dabb59ef54b244943d4bc83134024f05a17f141","22873410","1751964935","2025-07-08 08:55:35","0x4822c6499d4d0b0699f42419610f894c6662a484","0xe5544a2a5fa9b175da60d8eec67add5582bb31b0","","0","0","0","0.000022604434134567","0.0628212291716404","2616.29","","","Mint"
"0xd42bd58793245000d21e0c54e59c017be6b5c00fde9ef0a155962854a009f76a","22873412","1751964959","2025-07-08 08:55:59","0x4822c6499d4d0b0699f42419610f894c6662a484","0xe5544a2a5fa9b175da60d8eec67add5582bb31b0","","0","0","0","0.000022052422408674","0.0612871029497091","2616.29","","","Mint"
"0x34646631e101a5148a11dbcaa1263d885e079cff7ea6dbeece9524d643d1efcf","22873414","1751964983","2025-07-08 08:56:23","0x4822c6499d4d0b0699f42419610f894c6662a484","0xe5544a2a5fa9b175da60d8eec67add5582bb31b0","","0","0","0","0.000021606157036803","0.0600468622504384","2616.29","","","Mint"
"0x405e9f4bb579ae66db5df80e239d99506831e673ead2968ce5b01f87c733779c","22873416","1751965007","2025-07-08 08:56:47","0x4822c6499d4d0b0699f42419610f894c6662a484","0xe5544a2a5fa9b175da60d8eec67add5582bb31b0","","0","0","0","0.000021744969227496","0.0604326428628363","2616.29","","","Mint"
"0x6949810aa078316ca333798b3a3622df5e467070e43011abc5b4c6e5d9b28c64","22873418","1751965031","2025-07-08 08:57:11","0x4822c6499d4d0b0699f42419610f894c6662a484","0xe5544a2a5fa9b175da60d8eec67add5582bb31b0","","0","0","0","0.000021875038448715","0.060794125406736","2616.29","","","Mint"
"0x4dc6cd3abdce7212ded55a43a21264ec54b6db3766bcc1e40472f9bb1f536da0","22873420","1751965055","2025-07-08 08:57:35","0x4822c6499d4d0b0699f42419610f894c6662a484","0xe5544a2a5fa9b175da60d8eec67add5582bb31b0","","0","0","0","0.000022576010481144","0.0627422354293086","2616.29","","","Mint"
"0xcd506a8b818b90a1d9589e389dd2c604ade2d9491115466e712790f2bb627c46","22873422","1751965079","2025-07-08 08:57:59","0x4822c6499d4d0b0699f42419610f894c6662a484","0xe5544a2a5fa9b175da60d8eec67add5582bb31b0","","0","0","0","0.000022961551683486","0.0638137142410874","2616.29","","","Mint"
"0x94d41ae75971d9c3573f36b6d2d392e5fe6714e8bb0033b7d9cc061d66847d81","22873424","1751965103","2025-07-08 08:58:23","0x4822c6499d4d0b0699f42419610f894c6662a484","0xe5544a2a5fa9b175da60d8eec67add5582bb31b0","","0","0","0","0.00002368528033905","0.0658250684496735","2616.29","","","Mint"
"0x1f875dec66de6543a3baef4ce7dfea25e904907dad07bb1f827647e91e067b47","22873426","1751965127","2025-07-08 08:58:47","0x4822c6499d4d0b0699f42419610f894c6662a484","0xe5544a2a5fa9b175da60d8eec67add5582bb31b0","","0","0","0","0.000023679365531028","0.0658086302805937","2616.29","","","Mint"
"0x4b274cac598619cd12acd0c3ef991718090b5cc7fdfdc985af5da07720da8e68","22873428","1751965151","2025-07-08 08:59:11","0x4822c6499d4d0b0699f42419610f894c6662a484","0xe5544a2a5fa9b175da60d8eec67add5582bb31b0","","0","0","0","0.000023207127816081","0.0644962084107266","2616.29","","","Mint"
"0x98be3d764d32c98bf15cf756b4970042190c4ee38fda3d7bfcd1dbfde572adc6","22873430","1751965175","2025-07-08 08:59:35","0x4822c6499d4d0b0699f42419610f894c6662a484","0xe5544a2a5fa9b175da60d8eec67add5582bb31b0","","0","0","0","0.000023714147211372","0.0659052939660838","2616.29","","","Mint"
"0x0a54cf8203b686c90cb29d34600658d79c8c293109e55344fa33383c51889085","22873434","1751965223","2025-07-08 09:00:23","0x4822c6499d4d0b0699f42419610f894c6662a484","0xe5544a2a5fa9b175da60d8eec67add5582bb31b0","","0","0","0","0.000021470026197918","0.0596685335306832","2616.29","","","Mint"
"0xba6d97ad3ceaa0874d407863000b8e4de2d20dfb169799cea43be9037f5706a9","22873436","1751965247","2025-07-08 09:00:47","0x4822c6499d4d0b0699f42419610f894c6662a484","0xe5544a2a5fa9b175da60d8eec67add5582bb31b0","","0","0","0","0.000022523164818363","0.0625953691342919","2616.29","","","Mint"
"0xb7f32e54577e965830b07c1afd9a7ceeb50394e9650fa16fedba25c3de364cdf","22873438","1751965271","2025-07-08 09:01:11","0x4822c6499d4d0b0699f42419610f894c6662a484","0xe5544a2a5fa9b175da60d8eec67add5582bb31b0","","0","0","0","0.000024282209428092","0.0674840269919969","2616.29","","","Mint"
"0x270bde63a2d81a46b9d8a488ae2e40245ad48afeaf96c3589b94ec1ae387e2cb","22873441","1751965307","2025-07-08 09:01:47","0x4822c6499d4d0b0699f42419610f894c6662a484","0xe5544a2a5fa9b175da60d8eec67add5582bb31b0","","0","0","0","0.000022255744443624","0.0618521664269543","2616.29","","","Mint"
"0x217fd9087564fb45dc980f7be9e6f433e063762dbcca3d30a53d383209534dd3","22873443","1751965331","2025-07-08 09:02:11","0x4822c6499d4d0b0699f42419610f894c6662a484","0xe5544a2a5fa9b175da60d8eec67add5582bb31b0","","0","0","0","0.000025047358424847","0.0696104947544476","2616.29","","","Mint"
"0xb07685826ad7957cb7da971005f9c4629df09946db485b6c827e2617600416b0","22873445","1751965355","2025-07-08 09:02:35","0x4822c6499d4d0b0699f42419610f894c6662a484","0xe5544a2a5fa9b175da60d8eec67add5582bb31b0","","0","0","0","0.000024352147746153","0.0676783964276852","2616.29","","","Mint"
"0x39944c3366ee5da5ac4eb8e55ec486031a497844ad3cb039b70d03e45ba7fa78","22873447","1751965379","2025-07-08 09:02:59","0x4822c6499d4d0b0699f42419610f894c6662a484","0xe5544a2a5fa9b175da60d8eec67add5582bb31b0","","0","0","0","0.000025431973670619","0.0706794001892711","2616.29","","","Mint"
"0x901fb4f66e23efec8280a9bbf553894343c3740da2d786efc8f0af8064507a39","22873449","1751965403","2025-07-08 09:03:23","0x4822c6499d4d0b0699f42419610f894c6662a484","0xe5544a2a5fa9b175da60d8eec67add5582bb31b0","","0","0","0","0.000025107376224597","0.0697772935307419","2616.29","","","Mint"
"0xa2a9f1fea1b950d8343a536b961ccf3dcc946f5a26bec12baadcaaf7f01711ad","22873451","1751965427","2025-07-08 09:03:47","0x4822c6499d4d0b0699f42419610f894c6662a484","0xe5544a2a5fa9b175da60d8eec67add5582bb31b0","","0","0","0","0.000023802483945537","0.0661507954543413","2616.29","","","Mint"
"0xe7e172e8fd46cec0145fe18b34237d4c9c1e0ce46c3e308590e70d7677b005df","22873453","1751965451","2025-07-08 09:04:11","0x4822c6499d4d0b0699f42419610f894c6662a484","0xe5544a2a5fa9b175da60d8eec67add5582bb31b0","","0","0","0","0.000023652929271651","0.0657351598146278","2616.29","","","Mint"
"0xbdd581b6cafd3cbdd0a4d8ed5c4a7e2e131d1fc13aac908778cde9117a4d5d8e","22873455","1751965475","2025-07-08 09:04:35","0x4822c6499d4d0b0699f42419610f894c6662a484","0xe5544a2a5fa9b175da60d8eec67add5582bb31b0","","0","0","0","0.00002555842604067","0.071030830942679","2616.29","","","Mint"
"0x91da33ffe3370cd487bd15006778a890825e29385c396eed54d679e9f8ce5b5f","22873457","1751965499","2025-07-08 09:04:59","0x4822c6499d4d0b0699f42419610f894c6662a484","0xe5544a2a5fa9b175da60d8eec67add5582bb31b0","","0","0","0","0.000024319836426888","0.0675885982588701","2616.29","","","Mint"
"0xac5442f21c8afe4f290ace5fad2bdc97d4364544280e615bbe4780ee59c0369b","22873459","1751965523","2025-07-08 09:05:23","0x4822c6499d4d0b0699f42419610f894c6662a484","0xe5544a2a5fa9b175da60d8eec67add5582bb31b0","","0","0","0","0.000024574066780425","0.0682951438510693","2616.29","","","Mint"
"0x81e54d21bb4da61d98212e73e0677871571f17f0cf6b8eb7b54f7f186333488e","22873461","1751965547","2025-07-08 09:05:47","0x4822c6499d4d0b0699f42419610f894c6662a484","0xe5544a2a5fa9b175da60d8eec67add5582bb31b0","","0","0","0","0.000026013791350914","0.0722963617823963","2616.29","","","Mint"
"0x494c172ee97d6a7f1d2bbc274c2771ced2016676ac9fab6adfdae0c2ddb533ae","22873463","1751965571","2025-07-08 09:06:11","0x4822c6499d4d0b0699f42419610f894c6662a484","0xe5544a2a5fa9b175da60d8eec67add5582bb31b0","","0","0","0","0.000025453219612272","0.0707384459570884","2616.29","","","Mint"
"0x980caee57349c41cc5dec90e80e6e35f518d18d98193f25a51a937daec5362c8","22873465","1751965595","2025-07-08 09:06:35","0x4822c6499d4d0b0699f42419610f894c6662a484","0xe5544a2a5fa9b175da60d8eec67add5582bb31b0","","0","0","0","0.000025655973029337","0.0713019291570193","2616.29","","","Mint"
"0xb5f9dc81176674850f07399751b6d31486613461d1fd84e991183417a2fa79cd","22873467","1751965619","2025-07-08 09:06:59","0x4822c6499d4d0b0699f42419610f894c6662a484","0xe5544a2a5fa9b175da60d8eec67add5582bb31b0","","0","0","0","0.000026005085785926","0.0722721676667673","2616.29","","","Mint"
"0xaf49d09f019ea8a4558bdc67f1ea94e430bd0bd69437d54512d290dd746364d1","22873469","1751965643","2025-07-08 09:07:23","0x4822c6499d4d0b0699f42419610f894c6662a484","0xe5544a2a5fa9b175da60d8eec67add5582bb31b0","","0","0","0","0.000024926282444349","0.0692740058216671","2616.29","","","Mint"
"0x8e2048cd62981caee39eb0b410475242732322c3b46926e613503dc1f0c7d4c5","22873471","1751965667","2025-07-08 09:07:47","0x4822c6499d4d0b0699f42419610f894c6662a484","0xe5544a2a5fa9b175da60d8eec67add5582bb31b0","","0","0","0","0.000026128939163736","0.072616375417546","2616.29","","","Mint"
"0x843a7b188a6e32f8d8d81365e4ee142ae69a88673cdc48065f77126e0a7f7465","22873473","1751965691","2025-07-08 09:08:11","0xea2440b50d908aa7baa78483a78e0d0d33ede57d","0xe5544a2a5fa9b175da60d8eec67add5582bb31b0","","0","0","0","0.000121075870318942","0.336488626575733","2616.29","","","Approve"
"0x647b9545e849e01bec65f30fcb0efa22b0d076f9b7746e3220aea2a3dbac66f4","22873473","1751965691","2025-07-08 09:08:11","0x4822c6499d4d0b0699f42419610f894c6662a484","0xe5544a2a5fa9b175da60d8eec67add5582bb31b0","","0","0","0","0.000025632652377783","0.0712371174485295","2616.29","","","Mint"
"0xd58355b90680c12240aaed123a1016e86f1d498821fe02bd43836ac5288f50bb","22873475","1751965715","2025-07-08 09:08:35","0x4822c6499d4d0b0699f42419610f894c6662a484","0xe5544a2a5fa9b175da60d8eec67add5582bb31b0","","0","0","0","0.000024501454295871","0.0680933424918433","2616.29","","","Mint"
"0xb5b4af689e3c78d20bf8bd8ac7c18c874d4706fe89768c83b29b8f554029fcda","22873477","1751965739","2025-07-08 09:08:59","0x4822c6499d4d0b0699f42419610f894c6662a484","0xe5544a2a5fa9b175da60d8eec67add5582bb31b0","","0","0","0","0.00002560385119461","0.0711570744924549","2616.29","","","Mint"
"0x0cb8ce82c6affeb4cbe5bc788a4ddd4e4ee7c1fc28e824734ac1b6337f3caafc","22873479","1751965763","2025-07-08 09:09:23","0x4822c6499d4d0b0699f42419610f894c6662a484","0xe5544a2a5fa9b175da60d8eec67add5582bb31b0","","0","0","0","0.000025114934254029","0.0697982984670392","2616.29","","","Mint"
"0x895953af7a98c1625709caf9a70ae22e719850ea7bcd5a849ccadc3e2602d6cc","22873481","1751965787","2025-07-08 09:09:47","0x4822c6499d4d0b0699f42419610f894c6662a484","0xe5544a2a5fa9b175da60d8eec67add5582bb31b0","","0","0","0","0.000023276564791425","0.0646891845372291","2616.29","","","Mint"
"0x02dc5149827e15a5c288e807b5b4115ffd9884a3fe192667cf01dee6c5d016f4","22873483","1751965811","2025-07-08 09:10:11","0x4822c6499d4d0b0699f42419610f894c6662a484","0xe5544a2a5fa9b175da60d8eec67add5582bb31b0","","0","0","0","0.000024849036811665","0.06905932822503","2616.29","","","Mint"
"0x5ab924a95f7278ad4a1f7f98607acb5f908a07dfe4a3c62467a88cf10b656066","22873485","1751965835","2025-07-08 09:10:35","0x4822c6499d4d0b0699f42419610f894c6662a484","0xe5544a2a5fa9b175da60d8eec67add5582bb31b0","","0","0","0","0.000025494596950314","0.0708534399985306","2616.29","","","Mint"
"0xb2d1d62dd9e6f1cab326feab7194700c42d8f0398f9f435f7a010b1c76bfe97f","22873486","1751965847","2025-07-08 09:10:47","0xea2440b50d908aa7baa78483a78e0d0d33ede57d","0xe5544a2a5fa9b175da60d8eec67add5582bb31b0","","0","0","0","0.000120846899539058","0.335852281257329","2616.29","","","Approve"
"0x1af0605cf3056f8d9510d230288c65ae33561b99fc430ec6aee888881605690b","22873487","1751965859","2025-07-08 09:10:59","0x4822c6499d4d0b0699f42419610f894c6662a484","0xe5544a2a5fa9b175da60d8eec67add5582bb31b0","","0","0","0","0.0000252118510197","0.0700676451939047","2616.29","","","Mint"
"0x86c8217a18e315e1523705aa93469dffedb244cb30db63b9f4f814c0481abfb5","22873489","1751965883","2025-07-08 09:11:23","0x4822c6499d4d0b0699f42419610f894c6662a484","0xe5544a2a5fa9b175da60d8eec67add5582bb31b0","","0","0","0","0.00002490416156298","0.0692125284606464","2616.29","","","Mint"
"0x1daf74ff0cbf88d34badc345b91d3d8d9cf98cbd764b5d11b9abef4f41e39330","22873491","1751965907","2025-07-08 09:11:47","0x4822c6499d4d0b0699f42419610f894c6662a484","0xe5544a2a5fa9b175da60d8eec67add5582bb31b0","","0","0","0","0.000024385524047802","0.0677711543477601","2616.29","","","Mint"
"0x39cf4a5b48abdf61558ffd7ecb5bb7ed254c5dd27dbe1dce40987a13b7aa0237","22873493","1751965943","2025-07-08 09:12:23","0x4822c6499d4d0b0699f42419610f894c6662a484","0xe5544a2a5fa9b175da60d8eec67add5582bb31b0","","0","0","0","0.00002457093947886","0.06828645259487","2616.29","","","Mint"
"0x4f58f917190c07313cc3f582b8348b294f5edc05bf445cfe59f4d69f9073618e","22873495","1751965967","2025-07-08 09:12:47","0x4822c6499d4d0b0699f42419610f894c6662a484","0xe5544a2a5fa9b175da60d8eec67add5582bb31b0","","0","0","0","0.000024341423539272","0.0676485921930759","2616.29","","","Mint"
"0x35328af242d45318b8d24ea975da8cbd40fe16c0fd56aa2ba2b8e83679c25f14","22873497","1751965991","2025-07-08 09:13:11","0x4822c6499d4d0b0699f42419610f894c6662a484","0xe5544a2a5fa9b175da60d8eec67add5582bb31b0","","0","0","0","0.000023163836006421","0.0643758937556587","2616.29","","","Mint"
"0x763732a8fdc572f6f44d7f60916988a75c0bfde76b7f3d8f4773eb3b153929a6","22873499","1751966015","2025-07-08 09:13:35","0x4822c6499d4d0b0699f42419610f894c6662a484","0xe5544a2a5fa9b175da60d8eec67add5582bb31b0","","0","0","0","0.000024000637578849","0.0667014951416407","2616.29","","","Mint"
"0x2ddbcc0a6cbed00804e77a0990e6c3e393774620970b5f0784c5478068629eff","22873501","1751966039","2025-07-08 09:13:59","0x4822c6499d4d0b0699f42419610f894c6662a484","0xe5544a2a5fa9b175da60d8eec67add5582bb31b0","","0","0","0","0.000022693729755576","0.0630693955551931","2616.29","","","Mint"
"0x4e18616beed6aa516c618a679f90917efc8b4fdd3de75f9dec0df4950c96a02a","22873503","1751966063","2025-07-08 09:14:23","0x4822c6499d4d0b0699f42419610f894c6662a484","0xe5544a2a5fa9b175da60d8eec67add5582bb31b0","","0","0","0","0.000023825556395481","0.0662149173720524","2616.29","","","Mint"
"0x2fc41530bfc82d6410cc7481a9380adb7dcb436d7dfd1a506256724159f3814c","22873505","1751966087","2025-07-08 09:14:47","0x4822c6499d4d0b0699f42419610f894c6662a484","0xe5544a2a5fa9b175da60d8eec67add5582bb31b0","","0","0","0","0.000024455608522587","0.0679659299756583","2616.29","","","Mint"
"0xfc8e3b9754b68aa318fe0e66373d5d00cce50825fe44d49499dccac6f9fc3218","22873507","1751966111","2025-07-08 09:15:11","0x4822c6499d4d0b0699f42419610f894c6662a484","0xe5544a2a5fa9b175da60d8eec67add5582bb31b0","","0","0","0","0.000023984726616576","0.066657276109156","2616.29","","","Mint"
"0x84a2a1ed59ea03b5b7cae0705f4cfc7627911454349da2ff185bf00058080a66","22873509","1751966135","2025-07-08 09:15:35","0x4822c6499d4d0b0699f42419610f894c6662a484","0xe5544a2a5fa9b175da60d8eec67add5582bb31b0","","0","0","0","0.000022549512795975","0.0626685942515375","2616.29","","","Mint"
"0xbda303a037cca9858433dbe50bbee5c889b288afb386776012dbe845b9e2d294","22873512","1751966183","2025-07-08 09:16:23","0x4822c6499d4d0b0699f42419610f894c6662a484","0xe5544a2a5fa9b175da60d8eec67add5582bb31b0","","0","0","0","0.000026865982030635","0.0746647318849163","2616.29","","","Mint"
"0x78ad98d1ae35d9b3f385d4f264eb1788c35c53323623e1e9bb48154a43112c05","22873514","1751966207","2025-07-08 09:16:47","0x4822c6499d4d0b0699f42419610f894c6662a484","0xe5544a2a5fa9b175da60d8eec67add5582bb31b0","","0","0","0","0.000026820415103241","0.0745380943247179","2616.29","","","Mint"
"0x5130de226add1003b7a4c12d07a0e33cc05093e9710e8ae8ecaf1ad70ef7f0e8","22873516","1751966231","2025-07-08 09:17:11","0x4822c6499d4d0b0699f42419610f894c6662a484","0xe5544a2a5fa9b175da60d8eec67add5582bb31b0","","0","0","0","0.000026154480154872","0.0726873577941839","2616.29","","","Mint"
"0x9996ca7c87f7d5ca00006cf657b1af6b193965d6038a9ef33095e0de7eee446a","22873518","1751966255","2025-07-08 09:17:35","0x4822c6499d4d0b0699f42419610f894c6662a484","0xe5544a2a5fa9b175da60d8eec67add5582bb31b0","","0","0","0","0.000025182397697445","0.0699857898421524","2616.29","","","Mint"
"0x6cf56c82e67fc60fbff358ac8b35a2d8d8456a1ea03c0e083b03e4ecf06c26c4","22873520","1751966279","2025-07-08 09:17:59","0x4822c6499d4d0b0699f42419610f894c6662a484","0xe5544a2a5fa9b175da60d8eec67add5582bb31b0","","0","0","0","0.000026436651698172","0.0734715562873573","2616.29","","","Mint"
"0x3c1a46699319a74f913a4f63a4c5f11de665a5388e198989cc5e7f5fe2eda668","22873522","1751966303","2025-07-08 09:18:23","0x4822c6499d4d0b0699f42419610f894c6662a484","0xe5544a2a5fa9b175da60d8eec67add5582bb31b0","","0","0","0","0.000026842395233775","0.074599180517333","2616.29","","","Mint"
"0x82036be08bc7bd9fb55699bfbdb62529773785897b29ae5e66ffa32b59c479cb","22873524","1751966327","2025-07-08 09:18:47","0x4822c6499d4d0b0699f42419610f894c6662a484","0xe5544a2a5fa9b175da60d8eec67add5582bb31b0","","0","0","0","0.000025627087550547","0.0712216519303479","2616.29","","","Mint"
"0x6b3ddaf734c847cdcbdef78329a66101fe9a66a474b5fc81b18a10a8ed77cc1d","22873526","1751966351","2025-07-08 09:19:11","0x4822c6499d4d0b0699f42419610f894c6662a484","0xe5544a2a5fa9b175da60d8eec67add5582bb31b0","","0","0","0","0.000024494669873298","0.0680744875290197","2616.29","","","Mint"
"0x840c7b24f09a63db0a58cb0da382466fabb1c87c3f446d3aed71917172b45336","22873528","1751966375","2025-07-08 09:19:35","0x4822c6499d4d0b0699f42419610f894c6662a484","0xe5544a2a5fa9b175da60d8eec67add5582bb31b0","","0","0","0","0.000023931235142637","0.0665086150047441","2616.29","","","Mint"
"0x0260a2ccb0ef339a3df1d216391115c56506559c87c9bf6212d5eacc87ba0783","22873530","1751966399","2025-07-08 09:19:59","0x4822c6499d4d0b0699f42419610f894c6662a484","0xe5544a2a5fa9b175da60d8eec67add5582bb31b0","","0","0","0","0.000023321707127181","0.064814642091397","2616.29","","","Mint"
"0x249f7a5222af852f7cf4cee113db196d8a8595f5c00448057d52696642c5f309","22873531","1751966411","2025-07-08 09:20:11","0x93487ed4a221dc5abc93d3170c9f16d07d78780d","0xe5544a2a5fa9b175da60d8eec67add5582bb31b0","","0","0","0","0.000164322165262024","0.456676789184465","2616.29","","","Approve"
"0x6d10a6e7baa251ea29fc6165176518cec714c06f7befbc725bd68a4844c98ffa","22873532","1751966423","2025-07-08 09:20:23","0x4822c6499d4d0b0699f42419610f894c6662a484","0xe5544a2a5fa9b175da60d8eec67add5582bb31b0","","0","0","0","0.000022684543120884","0.0630438644722265","2616.29","","","Mint"
"0x427aba6cf545e6a2bd4dc5fd5ce2f7309a3d77166fdd5a6e2947cfb65017b99a","22873534","1751966447","2025-07-08 09:20:47","0x4822c6499d4d0b0699f42419610f894c6662a484","0xe5544a2a5fa9b175da60d8eec67add5582bb31b0","","0","0","0","0.000022481396221017","0.0624792877225463","2616.29","","","Mint"
"0x7d827bfc907650db84ec3a7493a8584306369cc169baf1c67419d470425422d9","22873536","1751966471","2025-07-08 09:21:11","0x4822c6499d4d0b0699f42419610f894c6662a484","0xe5544a2a5fa9b175da60d8eec67add5582bb31b0","","0","0","0","0.00002211762764337","0.0614683184124649","2616.29","","","Mint"
"0xef2aac7812dcb5638abeb6629d7fc0fad9e15ff0f10c2ebb745a606ed4b701e9","22873538","1751966495","2025-07-08 09:21:35","0x4822c6499d4d0b0699f42419610f894c6662a484","0xe5544a2a5fa9b175da60d8eec67add5582bb31b0","","0","0","0","0.000022506941974836","0.0625502833354191","2616.29","","","Mint"
"0x5b5eb1ed31a0b1330bc4c96786f4f0155990c111a8a885c3b2ebfb8336265862","22873540","1751966519","2025-07-08 09:21:59","0x4822c6499d4d0b0699f42419610f894c6662a484","0xe5544a2a5fa9b175da60d8eec67add5582bb31b0","","0","0","0","0.00002174719158057","0.060438819126791","2616.29","","","Mint"
"0xa291b5c4764cbc3a03c12be455b53047d4376b7f17c8e9b5b4061ccd1bd91327","22873542","1751966543","2025-07-08 09:22:23","0x4822c6499d4d0b0699f42419610f894c6662a484","0xe5544a2a5fa9b175da60d8eec67add5582bb31b0","","0","0","0","0.000022212998310888","0.0617333682927112","2616.29","","","Mint"
"0x09feda80c41c1f9725b0608bc864dfe4e86ea346778aa78ee03fa71f29a32ba0","22873545","1751966579","2025-07-08 09:22:59","0x4822c6499d4d0b0699f42419610f894c6662a484","0xe5544a2a5fa9b175da60d8eec67add5582bb31b0","","0","0","0","0.000020097781720875","0.0558548532474856","2616.29","","","Mint"
"0x04a80f21673871887a93cab0f69e266c2b76ff89b8b309b3d742b915a6ba58db","22873547","1751966603","2025-07-08 09:23:23","0x4822c6499d4d0b0699f42419610f894c6662a484","0xe5544a2a5fa9b175da60d8eec67add5582bb31b0","","0","0","0","0.00001983314866092","0.0551193969203395","2616.29","","","Mint"
"0x9ac00d3dae5c9dab0e5c631c6507273d87cf7273af199b629f43021301c8da50","22873555","1751966699","2025-07-08 09:24:59","0x4822c6499d4d0b0699f42419610f894c6662a484","0xe5544a2a5fa9b175da60d8eec67add5582bb31b0","","0","0","0","0.000024804906048909","0.0689366819891584","2616.29","","","Mint"
"0xe39458ee982526f07c35d7e95013db709a5cdc90726195b7d4802a56d3cf2fbc","22873557","1751966723","2025-07-08 09:25:23","0x4822c6499d4d0b0699f42419610f894c6662a484","0xe5544a2a5fa9b175da60d8eec67add5582bb31b0","","0","0","0","0.000024333951160692","0.0676278252937837","2616.29","","","Mint"
"0x68078ccc5a1fb182904579e8b0ec06c14209e0c757b56d134fc5b1c7d0be2e38","22873559","1751966747","2025-07-08 09:25:47","0x4822c6499d4d0b0699f42419610f894c6662a484","0xe5544a2a5fa9b175da60d8eec67add5582bb31b0","","0","0","0","0.000023907485036472","0.0664426097752675","2616.29","","","Mint"
"0x07254759f7233952707bdf9eb0e46274cf728931767f835d50426e6b1e7d5827","22873561","1751966771","2025-07-08 09:26:11","0x4822c6499d4d0b0699f42419610f894c6662a484","0xe5544a2a5fa9b175da60d8eec67add5582bb31b0","","0","0","0","0.000024959127685041","0.0693652878409571","2616.29","","","Mint"
"0xf87c501a21bbe924ee90bfe018b837ce0b6b14b41bfecf9195bbee42f51df820","22873563","1751966795","2025-07-08 09:26:35","0x4822c6499d4d0b0699f42419610f894c6662a484","0xe5544a2a5fa9b175da60d8eec67add5582bb31b0","","0","0","0","0.000024595507721034","0.0683547315512362","2616.29","","","Mint"
"0x59bc08bd056a41776586980785f81e16b94ef42ffcef01f71ebbc4e1bdd444c4","22873567","1751966843","2025-07-08 09:27:23","0x4822c6499d4d0b0699f42419610f894c6662a484","0xe5544a2a5fa9b175da60d8eec67add5582bb31b0","","0","0","0","0.000021862165173156","0.0607583485768774","2616.29","","","Mint"
"0x6decba11007185761128aa9c8bebe8f6295fad239a2c64dcfa3a3aaaa8eb4202","22873569","1751966867","2025-07-08 09:27:47","0x4822c6499d4d0b0699f42419610f894c6662a484","0xe5544a2a5fa9b175da60d8eec67add5582bb31b0","","0","0","0","0.000024721830298293","0.0687058015903399","2616.29","","","Mint"
"0xd524c751b71bb69507f7baeb70798cd79d8563f8db762e1b2962fa7fad8db399","22873571","1751966891","2025-07-08 09:28:11","0x4822c6499d4d0b0699f42419610f894c6662a484","0xe5544a2a5fa9b175da60d8eec67add5582bb31b0","","0","0","0","0.000024763193967822","0.0688207576448641","2616.29","","","Mint"
"0xb79e893d651a44f356d47e06b45d8c245fd0be03a0181fb3a2990981b4aeab33","22873573","1751966915","2025-07-08 09:28:35","0x4822c6499d4d0b0699f42419610f894c6662a484","0xe5544a2a5fa9b175da60d8eec67add5582bb31b0","","0","0","0","0.000024470428901016","0.068007118106454","2616.29","","","Mint"
"0xfab8214de43e43a1af9fcf4b69149b98d0a45f74f969bdf584b2c32e3245e515","22873575","1751966939","2025-07-08 09:28:59","0x4822c6499d4d0b0699f42419610f894c6662a484","0xe5544a2a5fa9b175da60d8eec67add5582bb31b0","","0","0","0","0.000022447347993855","0.0623846624172324","2616.29","","","Mint"
"0x6b699cdc3f80e4c065c5bd68ad6eb5e50820c757cec585c946f1a5f452510e51","22873577","1751966963","2025-07-08 09:29:23","0x4822c6499d4d0b0699f42419610f894c6662a484","0xe5544a2a5fa9b175da60d8eec67add5582bb31b0","","0","0","0","0.000024049860062538","0.0668382920598832","2616.29","","","Mint"
"0xfa0a8a980f5b0b3f04710439c573818fd1aece2126ee5260a2f6ce29090b9284","22873579","1751966987","2025-07-08 09:29:47","0x4822c6499d4d0b0699f42419610f894c6662a484","0xe5544a2a5fa9b175da60d8eec67add5582bb31b0","","0","0","0","0.000024089630053149","0.0669488190334608","2616.29","","","Mint"
"0x5a5a43610414d8349ddcf395a1ea6af77f18fefa52a4c18c7fdf269554fa305a","22873581","1751967011","2025-07-08 09:30:11","0x4822c6499d4d0b0699f42419610f894c6662a484","0xe5544a2a5fa9b175da60d8eec67add5582bb31b0","","0","0","0","0.000022340277420354","0.0620870966832086","2616.29","","","Mint"
"0x675aefae20f02079e2b7800c5e952b798f83b44807f857191557c3854c48cdb6","22873583","1751967035","2025-07-08 09:30:35","0x4822c6499d4d0b0699f42419610f894c6662a484","0xe5544a2a5fa9b175da60d8eec67add5582bb31b0","","0","0","0","0.000025153955806431","0.069906745414726","2616.29","","","Mint"
"0x36182c968292d337011a6004a3537b6577e5f80fe7794fc9256747b7e851249a","22873585","1751967059","2025-07-08 09:30:59","0x4822c6499d4d0b0699f42419610f894c6662a484","0xe5544a2a5fa9b175da60d8eec67add5582bb31b0","","0","0","0","0.000025151186093301","0.0698990479522616","2616.29","","","Mint"
"0x7a34ac5e222815fdef911e7164de82d863dd018c20e6f5e33e6682fb4609d96b","22873587","1751967083","2025-07-08 09:31:23","0x4822c6499d4d0b0699f42419610f894c6662a484","0xe5544a2a5fa9b175da60d8eec67add5582bb31b0","","0","0","0","0.00002521352299248","0.0700722918656398","2616.29","","","Mint"
"0xfe0adb645ff10e821f7ce1e43a276067bc582282fb82a576061ce23fcc44d3d9","22873589","1751967107","2025-07-08 09:31:47","0x4822c6499d4d0b0699f42419610f894c6662a484","0xe5544a2a5fa9b175da60d8eec67add5582bb31b0","","0","0","0","0.000023791962520533","0.0661215547820265","2616.29","","","Mint"
"0xb17dee2a3d171a056e8fe65bc3e6d84956696e5b1fa633819299f4e4fb3d6640","22873591","1751967131","2025-07-08 09:32:11","0x4822c6499d4d0b0699f42419610f894c6662a484","0xe5544a2a5fa9b175da60d8eec67add5582bb31b0","","0","0","0","0.000026117033308098","0.0725832871977274","2616.29","","","Mint"
"0x3799f3c8cd79d5e68c9c4339ab588176ae0a54da2de4301f5ec9ccbf9be7485d","22873593","1751967155","2025-07-08 09:32:35","0x4822c6499d4d0b0699f42419610f894c6662a484","0xe5544a2a5fa9b175da60d8eec67add5582bb31b0","","0","0","0","0.000026146190840634","0.0726643205039637","2616.29","","","Mint"
"0xed79418ada3c6d640c894994bd6742d21ad4eaaa728feba6c6f0ff35cfeb8015","22873595","1751967179","2025-07-08 09:32:59","0x4822c6499d4d0b0699f42419610f894c6662a484","0xe5544a2a5fa9b175da60d8eec67add5582bb31b0","","0","0","0","0.000026333288854026","0.0731842949084051","2616.29","","","Mint"
"0xb3dbdf00c4e516c2b869106948932a0d78018ec048bca933ab80deeaf6546172","22873597","1751967203","2025-07-08 09:33:23","0x4822c6499d4d0b0699f42419610f894c6662a484","0xe5544a2a5fa9b175da60d8eec67add5582bb31b0","","0","0","0","0.000025970161108929","0.072175106571395","2616.29","","","Mint"
"0x399d73d121be7b7d944377bf375853cd048c383b4a0b2def045dda3a51436c49","22873600","1751967239","2025-07-08 09:33:59","0x4822c6499d4d0b0699f42419610f894c6662a484","0xe5544a2a5fa9b175da60d8eec67add5582bb31b0","","0","0","0","0.000026847525030576","0.0746134370184478","2616.29","","","Mint"
"0x96806b73dd0f5eb715b3bac3f435b25d0ebdd77a38b8964aa274824b1d1960d9","22873602","1751967263","2025-07-08 09:34:23","0x4822c6499d4d0b0699f42419610f894c6662a484","0xe5544a2a5fa9b175da60d8eec67add5582bb31b0","","0","0","0","0.000027370616661105","0.0760671898088783","2616.29","","","Mint"
"0x63bd395160434192e682bff97e5dab9cbe1b29a178d9b71bcfc4416fa028c59d","22873604","1751967287","2025-07-08 09:34:47","0x4822c6499d4d0b0699f42419610f894c6662a484","0xe5544a2a5fa9b175da60d8eec67add5582bb31b0","","0","0","0","0.000026115255975477","0.0725783477146493","2616.29","","","Mint"
"0xc34b4dca5f47d8dfdd5ea0ddc69ccdb4d5ce23eceb76dd72e4d91dc4fb26318b","22873606","1751967311","2025-07-08 09:35:11","0x4822c6499d4d0b0699f42419610f894c6662a484","0xe5544a2a5fa9b175da60d8eec67add5582bb31b0","","0","0","0","0.000025963072580214","0.0721554064504256","2616.29","","","Mint"
"0x2fcfa22f558774334eb328d81fe32203fc530b1f2ba697796270580cc20d6771","22873608","1751967335","2025-07-08 09:35:35","0x4822c6499d4d0b0699f42419610f894c6662a484","0xe5544a2a5fa9b175da60d8eec67add5582bb31b0","","0","0","0","0.000023682403813014","0.065817074137573","2616.29","","","Mint"
"0xac90df3b4ded0963a76dd0698af1cd91c5a00ecb7083a0db80715de66fb6df8d","22873610","1751967359","2025-07-08 09:35:59","0x4822c6499d4d0b0699f42419610f894c6662a484","0xe5544a2a5fa9b175da60d8eec67add5582bb31b0","","0","0","0","0.000026341609687158","0.0732074197945214","2616.29","","","Mint"
"0xafe9313aec5319fd64048dfdbc838bf849b1120016c4addbd29e407f3662d292","22873612","1751967383","2025-07-08 09:36:23","0x4822c6499d4d0b0699f42419610f894c6662a484","0xe5544a2a5fa9b175da60d8eec67add5582bb31b0","","0","0","0","0.000026844500920476","0.0746050325473382","2616.29","","","Mint"
"0xdaf0951e5888d7c5558fc54731e3814c323e9c2f3066faa397e8c77a565842fe","22873614","1751967407","2025-07-08 09:36:47","0x4822c6499d4d0b0699f42419610f894c6662a484","0xe5544a2a5fa9b175da60d8eec67add5582bb31b0","","0","0","0","0.000027197809058694","0.0755869306734788","2616.29","","","Mint"
"0x05aa93210b7c7310aca2cd49813c80f9cf884b17bc562ccc014a0c800871b37f","22873616","1751967431","2025-07-08 09:37:11","0x4822c6499d4d0b0699f42419610f894c6662a484","0xe5544a2a5fa9b175da60d8eec67add5582bb31b0","","0","0","0","0.000025218288811881","0.0700855368170949","2616.29","","","Mint"
"0x70d309ac4a85f8582baf7c07303ab42a7b742d48a2caf0f9d8a460e56e5be3bf","22873618","1751967455","2025-07-08 09:37:35","0x4822c6499d4d0b0699f42419610f894c6662a484","0xe5544a2a5fa9b175da60d8eec67add5582bb31b0","","0","0","0","0.000025393752171519","0.0705731767138259","2616.29","","","Mint"
"0xfbae84d5f9741e3946adec4a651ab83728542b04618fd8d6f7b7edbaca22571e","22873620","1751967479","2025-07-08 09:37:59","0x4822c6499d4d0b0699f42419610f894c6662a484","0xe5544a2a5fa9b175da60d8eec67add5582bb31b0","","0","0","0","0.000024179929516083","0.0671997752494528","2616.29","","","Mint"
"0xfe7f7532f5ba02c6a9f1aae31d2094f426a1aa1cb9d5c1bb340702da45bfd139","22873622","1751967503","2025-07-08 09:38:23","0x4822c6499d4d0b0699f42419610f894c6662a484","0xe5544a2a5fa9b175da60d8eec67add5582bb31b0","","0","0","0","0.000024985608127521","0.0694388810986206","2616.29","","","Mint"
"0xbb2d43139f4c5681c2db2a6b38d9790f4c1cfde2fda54beb9b2ed55acefe6ba1","22873624","1751967527","2025-07-08 09:38:47","0x4822c6499d4d0b0699f42419610f894c6662a484","0xe5544a2a5fa9b175da60d8eec67add5582bb31b0","","0","0","0","0.000024558927643845","0.0682530698419217","2616.29","","","Mint"
"0x10b6bbdf0930f6971a16374ee377d18e10c660d02a130ae1cf0de0335c79f0ce","22873626","1751967551","2025-07-08 09:39:11","0x4822c6499d4d0b0699f42419610f894c6662a484","0xe5544a2a5fa9b175da60d8eec67add5582bb31b0","","0","0","0","0.000025040932034085","0.0695926348175696","2616.29","","","Mint"
"0x9e303aacd6ecbedee494c1bfe80452b5295914b124bb877bb8f71ba50deed669","22873628","1751967575","2025-07-08 09:39:35","0x4822c6499d4d0b0699f42419610f894c6662a484","0xe5544a2a5fa9b175da60d8eec67add5582bb31b0","","0","0","0","0.000025683578546751","0.0713786491724615","2616.29","","","Mint"
"0x0e0e7694abcef0b525ae98017741814ef930886135c1b246485601eadf02ca47","22873630","1751967599","2025-07-08 09:39:59","0x4822c6499d4d0b0699f42419610f894c6662a484","0xe5544a2a5fa9b175da60d8eec67add5582bb31b0","","0","0","0","0.000022970374263336","0.0638382335591708","2616.29","","","Mint"
"0x18a7c31e8256aa9fe5ac40d02a8fa125f8bf962e96708a257524bc07e89c7b48","22873632","1751967623","2025-07-08 09:40:23","0x4822c6499d4d0b0699f42419610f894c6662a484","0xe5544a2a5fa9b175da60d8eec67add5582bb31b0","","0","0","0","0.00002368268477259","0.0658178549678211","2616.29","","","Mint"
"0xc5c9ea5b1896a040819a0c98a6ce50d700dc6a8a44dc29c875a8468a6bcc2613","22873634","1751967659","2025-07-08 09:40:59","0x4822c6499d4d0b0699f42419610f894c6662a484","0xe5544a2a5fa9b175da60d8eec67add5582bb31b0","","0","0","0","0.000022023244276566","0.0612060123940666","2616.29","","","Mint"
"0xa892cfb12ef469860c892270ace5a481f145fd623bff243d81e41ff2ea45367f","22873636","1751967683","2025-07-08 09:41:23","0x4822c6499d4d0b0699f42419610f894c6662a484","0xe5544a2a5fa9b175da60d8eec67add5582bb31b0","","0","0","0","0.000025035283066095","0.0695769354591795","2616.29","","","Mint"
"0x3604ad9ba7423351765586be3a48b1e6a2a8c274e193625f22806e43d09e13fd","22873638","1751967707","2025-07-08 09:41:47","0x4822c6499d4d0b0699f42419610f894c6662a484","0xe5544a2a5fa9b175da60d8eec67add5582bb31b0","","0","0","0","0.000025159144846362","0.0699211665616897","2616.29","","","Mint"
"0xa7ed510c827f10e3665fb1f9f5d36de5591fff4d37b58ff8a331bb39cf192f5d","22873640","1751967731","2025-07-08 09:42:11","0x4822c6499d4d0b0699f42419610f894c6662a484","0xe5544a2a5fa9b175da60d8eec67add5582bb31b0","","0","0","0","0.000024266043897174","0.0674391004737556","2616.29","","","Mint"
"0x0a89c7faaad7913fb073dbd51aafcda80dff48ccdbc5128f947774b699a6e1d7","22873642","1751967755","2025-07-08 09:42:35","0x4822c6499d4d0b0699f42419610f894c6662a484","0xe5544a2a5fa9b175da60d8eec67add5582bb31b0","","0","0","0","0.000024064712586276","0.0668795695274794","2616.29","","","Mint"
"0xef5ac23ee8f6aff9ca976afdf1fc3d7777f11d63c00b505552d937355a3b198d","22873644","1751967779","2025-07-08 09:42:59","0x4822c6499d4d0b0699f42419610f894c6662a484","0xe5544a2a5fa9b175da60d8eec67add5582bb31b0","","0","0","0","0.000024138949532943","0.0670858855189264","2616.29","","","Mint"
"0xb384df86a0bcf7fbeb324a3d6f0e3efe563dfc4a63381281bb64bab4d6cf8605","22873646","1751967803","2025-07-08 09:43:23","0x4822c6499d4d0b0699f42419610f894c6662a484","0xe5544a2a5fa9b175da60d8eec67add5582bb31b0","","0","0","0","0.000025684850183112","0.0713821832471825","2616.29","","","Mint"
"0x6852163ebbe295aa09ad159ff7ac6af63424f04609afe95d9b85b9e79e10ab82","22873648","1751967827","2025-07-08 09:43:47","0x4822c6499d4d0b0699f42419610f894c6662a484","0xe5544a2a5fa9b175da60d8eec67add5582bb31b0","","0","0","0","0.000025055922288399","0.0696342950598032","2616.29","","","Mint"
"0x40ec243eddbc37ca9fb7f2f2589f9dbd431719cfbc849834150c55020ab990e0","22873650","1751967851","2025-07-08 09:44:11","0x4822c6499d4d0b0699f42419610f894c6662a484","0xe5544a2a5fa9b175da60d8eec67add5582bb31b0","","0","0","0","0.000025008138986838","0.0695014978519602","2616.29","","","Mint"
"0x314892217dca996005ae5a77db19d91ebb2d08ed9dcf952b8eecb123e85e841c","22873652","1751967875","2025-07-08 09:44:35","0x4822c6499d4d0b0699f42419610f894c6662a484","0xe5544a2a5fa9b175da60d8eec67add5582bb31b0","","0","0","0","0.000026858831136645","0.0746448584411727","2616.29","","","Mint"
"0x404fca7a8906e8b8b45cfc74bac284df67a3b0236a96f986e91d1e782f16b8df","22873654","1751967899","2025-07-08 09:44:59","0x4822c6499d4d0b0699f42419610f894c6662a484","0xe5544a2a5fa9b175da60d8eec67add5582bb31b0","","0","0","0","0.000026944912256397","0.0748840912270544","2616.29","","","Mint"
"0x00d061f409898da715dca920d66f2b181d415fdafad7c83b4de2aa3049c38f04","22873656","1751967923","2025-07-08 09:45:23","0x4822c6499d4d0b0699f42419610f894c6662a484","0xe5544a2a5fa9b175da60d8eec67add5582bb31b0","","0","0","0","0.000025819419300642","0.0717561717010164","2616.29","","","Mint"
"0x7bec73ff5c75dac9900be4ac977c7a046bdde796e7e3f418500281e9f8fed006","22873658","1751967947","2025-07-08 09:45:47","0x4822c6499d4d0b0699f42419610f894c6662a484","0xe5544a2a5fa9b175da60d8eec67add5582bb31b0","","0","0","0","0.000024558024282915","0.0682505592617555","2616.29","","","Mint"
"0xe21befc9d7397c921587f750ef7598cfa186a376885ce21f9635086f1bab4768","22873660","1751967971","2025-07-08 09:46:11","0x4822c6499d4d0b0699f42419610f894c6662a484","0xe5544a2a5fa9b175da60d8eec67add5582bb31b0","","0","0","0","0.000027934135609941","0.0776332963885273","2616.29","","","Mint"
"0x64c5e54bc7f7fededdaedfe546bc4f36cd00950a885cd09364c60e649f369102","22873662","1751967995","2025-07-08 09:46:35","0x4822c6499d4d0b0699f42419610f894c6662a484","0xe5544a2a5fa9b175da60d8eec67add5582bb31b0","","0","0","0","0.000027981320323563","0.0777644300276266","2616.29","","","Mint"
"0x1cc58cad56453390f65bca3aac9dfb48c2ef492eccf91e3dda1673be359f3251","22873664","1751968019","2025-07-08 09:46:59","0x4822c6499d4d0b0699f42419610f894c6662a484","0xe5544a2a5fa9b175da60d8eec67add5582bb31b0","","0","0","0","0.000028921511894343","0.0803773682583118","2616.29","","","Mint"
"0xb7b3feb527e3545a7074d64f72f435fa11b364d049d9065fdb16bf7350bad885","22873666","1751968043","2025-07-08 09:47:23","0x4822c6499d4d0b0699f42419610f894c6662a484","0xe5544a2a5fa9b175da60d8eec67add5582bb31b0","","0","0","0","0.00002702641659267","0.0751106044216342","2616.29","","","Mint"
"0xf7b43ef656dafe587e5e9cf317e93c8dcc60690bc8b9e1e805dc6c2081b6366b","22873668","1751968067","2025-07-08 09:47:47","0x4822c6499d4d0b0699f42419610f894c6662a484","0xe5544a2a5fa9b175da60d8eec67add5582bb31b0","","0","0","0","0.000029181607782402","0.0811002150808902","2616.29","","","Mint"
"0xd111a12c3eaf81b0de932082e6ba09c9f9befbad07d9f10d9409fad6ad9a555e","22873670","1751968091","2025-07-08 09:48:11","0x4822c6499d4d0b0699f42419610f894c6662a484","0xe5544a2a5fa9b175da60d8eec67add5582bb31b0","","0","0","0","0.000029824631631234","0.0828872781115251","2616.29","","","Mint"
"0xa00f5e2d53ac3eaac2aaa507e1740abeb271e8a4eeea4f51b4d0f53fee039df2","22873672","1751968115","2025-07-08 09:48:35","0x4822c6499d4d0b0699f42419610f894c6662a484","0xe5544a2a5fa9b175da60d8eec67add5582bb31b0","","0","0","0","0.000032473229579505","0.0902481426968246","2616.29","","","Mint"
"0x11601fc0ffa812cf127f2241ebb7dc3debed821a71457d07b4f09b3dfad26458","22873680","1751968211","2025-07-08 09:50:11","0x4822c6499d4d0b0699f42419610f894c6662a484","0xe5544a2a5fa9b175da60d8eec67add5582bb31b0","","0","0","0","0.000031082089291338","0.0863819480231345","2616.29","","","Mint"
"0x51185969c925a7d4f4ab8cd3fbcb75f8c849acc133ae129b4498c94826079396","22873682","1751968235","2025-07-08 09:50:35","0x4822c6499d4d0b0699f42419610f894c6662a484","0xe5544a2a5fa9b175da60d8eec67add5582bb31b0","","0","0","0","0.000032346547901847","0.0898960746620034","2616.29","","","Mint"
"0x762f26b10b809966ba2af43127fc59743c7fa1f010b4ad7519841ceeb2c6df3d","22873861","1751970383","2025-07-08 10:26:23","0xb3897952ce7a4cea159d232dae8d02ca8273372e","0xe5544a2a5fa9b175da60d8eec67add5582bb31b0","","0","0","0","0.000128594042074629","0.357382792207312","2616.29","","","Mint"
"0x5346a859acfd560168f150422a34d462baeb0a89aa0bedb03a66681040733c7d","22873869","1751970479","2025-07-08 10:27:59","0xb3897952ce7a4cea159d232dae8d02ca8273372e","0xe5544a2a5fa9b175da60d8eec67add5582bb31b0","","0","0","0","0.000127785291532656","0.355135148986628","2616.29","","","Mint"
"0x5206b0f01ad48ba44e06a6e654cbb9ad217499f70a037486d4c3a49d6c2f72d5","22873874","1751970539","2025-07-08 10:28:59","0xb3897952ce7a4cea159d232dae8d02ca8273372e","0xe5544a2a5fa9b175da60d8eec67add5582bb31b0","","0","0","0","0.000127705589116839","0.354913643608534","2616.29","","","Mint"
"0xbbb2c0ce38abb55f1c0168401017de7bf4ab1eb9e196dd87ff9704a3be39d520","22873879","1751970599","2025-07-08 10:29:59","0xb3897952ce7a4cea159d232dae8d02ca8273372e","0xe5544a2a5fa9b175da60d8eec67add5582bb31b0","","0","0","0","0.000128392847255256","0.356823640592159","2616.29","","","Mint"
"0x31019d7eb24769da90938cb2943323a4aed3a64243cb0444f5719d7d9dc03a0e","22873884","1751970659","2025-07-08 10:30:59","0xb3897952ce7a4cea159d232dae8d02ca8273372e","0xe5544a2a5fa9b175da60d8eec67add5582bb31b0","","0","0","0","0.000126520456437864","0.351619976039531","2616.29","","","Mint"
"0x56db55d83db4ba28b3800be3386eb9c1d395b2716f7787daa1a57051a5ee9b99","22873890","1751970731","2025-07-08 10:32:11","0xb3897952ce7a4cea159d232dae8d02ca8273372e","0xe5544a2a5fa9b175da60d8eec67add5582bb31b0","","0","0","0","0.000124747584205017","0.346692889072049","2616.29","","","Mint"
"0xdea0171fd8b5368290d4adc73bbc8583e8f4fdd26864ba43306bd753a47f9aa0","22873895","1751970791","2025-07-08 10:33:11","0xb3897952ce7a4cea159d232dae8d02ca8273372e","0xe5544a2a5fa9b175da60d8eec67add5582bb31b0","","0","0","0","0.000125247600249201","0.348082511228224","2616.29","","","Mint"
"0x060a9b43011d9bc27924d3acc40eb121360bbdd3f67ad5931438d5d51d0727f2","22873903","1751970887","2025-07-08 10:34:47","0xb3897952ce7a4cea159d232dae8d02ca8273372e","0xe5544a2a5fa9b175da60d8eec67add5582bb31b0","","0","0","0","0.000123130168965528","0.342197841205743","2616.29","","","Mint"
"0xaafdb80dc523c2a375d2e94c9fe24109164ba0c2a1759fd267549b162e906bbe","22873910","1751970971","2025-07-08 10:36:11","0x27262bc999fa29eee037c902328508bc9e6679c5","0xe5544a2a5fa9b175da60d8eec67add5582bb31b0","","0","0","0","0.000045800906667147","0.127287824896523","2616.29","","","Mint"
"0xff5c830ba0e9822d7e8b2822e5748fd217e6b6f1790c753af390b1aae1c79914","22873915","1751971031","2025-07-08 10:37:11","0x27262bc999fa29eee037c902328508bc9e6679c5","0xe5544a2a5fa9b175da60d8eec67add5582bb31b0","","0","0","0","0.000040002550176072","0.111173292686771","2616.29","","","Mint"
"0x1562131552d42c353058eb743000b470c66220e7d5c8b95efacdad20965ec121","22873920","1751971103","2025-07-08 10:38:23","0x27262bc999fa29eee037c902328508bc9e6679c5","0xe5544a2a5fa9b175da60d8eec67add5582bb31b0","","0","0","0","0.000044234568879573","0.122934729192928","2616.29","","","Mint"
"0x89c75e78c859d965aeb7c16cb954cf184c94f2a5ca0ca675b3e0eea68fac4bf8","22873924","1751971151","2025-07-08 10:39:11","0x27262bc999fa29eee037c902328508bc9e6679c5","0xe5544a2a5fa9b175da60d8eec67add5582bb31b0","","0","0","0","0.000047663368258509","0.132463894589655","2616.29","","","Mint"
"0x833edc0d8b325ffe3e6bf8cd00dc64ff48b632e400a610979f456c1a8ec44347","22873927","1751971187","2025-07-08 10:39:47","0x27262bc999fa29eee037c902328508bc9e6679c5","0xe5544a2a5fa9b175da60d8eec67add5582bb31b0","","0","0","0","0.000046963629451209","0.130519211891031","2616.29","","","Mint"
"0x90a5869a61966c2e4b099d6b5fb1f35fad707d0fb528d4296a6e59fb923a36c7","22873930","1751971223","2025-07-08 10:40:23","0x27262bc999fa29eee037c902328508bc9e6679c5","0xe5544a2a5fa9b175da60d8eec67add5582bb31b0","","0","0","0","0.000051833044525728","0.144052071793965","2616.29","","","Mint"
"0xe6a0854cb3a07df6857f50f8ea4fa68700674b38ae86b7f4dd345e73f7218067","22873936","1751971295","2025-07-08 10:41:35","0x27262bc999fa29eee037c902328508bc9e6679c5","0xe5544a2a5fa9b175da60d8eec67add5582bb31b0","","0","0","0","0.000053561179521921","0.148854827040528","2616.29","","","Mint"
"0xdc8cf6f162a9801ba47969d0575e204f2af15ccab915a28eccabd0e259d95074","22873939","1751971331","2025-07-08 10:42:11","0x27262bc999fa29eee037c902328508bc9e6679c5","0xe5544a2a5fa9b175da60d8eec67add5582bb31b0","","0","0","0","0.000052356186454836","0.14550596437195","2616.29","","","Mint"
"0x4accf1196558f1d54cbe81bcc8d2648003e96a4bf85b22b0a4059c3a1c92c3ad","22873944","1751971391","2025-07-08 10:43:11","0x27262bc999fa29eee037c902328508bc9e6679c5","0xe5544a2a5fa9b175da60d8eec67add5582bb31b0","","0","0","0","0.000052655752555524","0.146338505038588","2616.29","","","Mint"
"0x89e90af537f6ddef1ea4d56b1986c32dc80fe07c1ed136d30c54b0133002c591","22873948","1751971439","2025-07-08 10:43:59","0x27262bc999fa29eee037c902328508bc9e6679c5","0xe5544a2a5fa9b175da60d8eec67add5582bb31b0","","0","0","0","0.000049000865555619","0.136181007069357","2616.29","","","Mint"
"0x8000863305ede31132bef8022f06826490ffe7954e468f742ee311268f37a052","22873951","1751971475","2025-07-08 10:44:35","0x27262bc999fa29eee037c902328508bc9e6679c5","0xe5544a2a5fa9b175da60d8eec67add5582bb31b0","","0","0","0","0.000045125425830648","0.125410558861986","2616.29","","","Mint"
"0x1a7410ed4284a2e5820786fad50c0a93f3e331e97d202f8f7f7bff4d7aa63761","22873953","1751971499","2025-07-08 10:44:59","0x27262bc999fa29eee037c902328508bc9e6679c5","0xe5544a2a5fa9b175da60d8eec67add5582bb31b0","","0","0","0","0.000048166305918306","0.133861636368859","2616.29","","","Mint"
"0xb47623f5661061d868558a33abc6a6f3162400a06da46b5bbe0f60219f304e61","22873956","1751971535","2025-07-08 10:45:35","0x27262bc999fa29eee037c902328508bc9e6679c5","0xe5544a2a5fa9b175da60d8eec67add5582bb31b0","","0","0","0","0.000049264601837214","0.13691397111032","2616.29","","","Mint"
"0x4db6c68f2161aeb5d59b51e5a45a55b8ba6183583288811480c7de62204a0b3c","22873959","1751971571","2025-07-08 10:46:11","0x27262bc999fa29eee037c902328508bc9e6679c5","0xe5544a2a5fa9b175da60d8eec67add5582bb31b0","","0","0","0","0.00004771261986039","0.13260077243187","2616.29","","","Mint"
"0x9c76fb709ceff4b9ad47d1ddfc2d3df01a7518ce6f5d973a0959d8f52475ad73","22873962","1751971607","2025-07-08 10:46:47","0x27262bc999fa29eee037c902328508bc9e6679c5","0xe5544a2a5fa9b175da60d8eec67add5582bb31b0","","0","0","0","0.000048427125037203","0.134586493162134","2616.29","","","Mint"
"0x660e8aa36b3b4173bd590992b08c535a9f7b7a17a38936cc2bbff8b7f4ee6fec","22873964","1751971631","2025-07-08 10:47:11","0x27262bc999fa29eee037c902328508bc9e6679c5","0xe5544a2a5fa9b175da60d8eec67add5582bb31b0","","0","0","0","0.000057075001698237","0.158620283981083","2616.29","","","Mint"
"0x6a974048232d86f5e6c3013174584ec817eed8aafa4be9517285afcee8f4728f","22873967","1751971667","2025-07-08 10:47:47","0x27262bc999fa29eee037c902328508bc9e6679c5","0xe5544a2a5fa9b175da60d8eec67add5582bb31b0","","0","0","0","0.000067916445699777","0.188750338735727","2616.29","","","Mint"
"0xed8a8a5272406b8f395b269c7686837e176b5cb276325174eb82501399ab2032","22873970","1751971703","2025-07-08 10:48:23","0x27262bc999fa29eee037c902328508bc9e6679c5","0xe5544a2a5fa9b175da60d8eec67add5582bb31b0","","0","0","0","0.000066039430007424","0.183533820938109","2616.29","","","Mint"
"0x5dc6396643a3b522a473e43a79742d6c39380a6e9d578d3adbb1561161d8ac0a","22873973","1751971739","2025-07-08 10:48:59","0x27262bc999fa29eee037c902328508bc9e6679c5","0xe5544a2a5fa9b175da60d8eec67add5582bb31b0","","0","0","0","0.00006608002611057","0.183646643806579","2616.29","","","Mint"
"0x7f0724cc8fc758ed08bfaa6140806078203d53aa1d43ccd515f65e235831f699","22873975","1751971763","2025-07-08 10:49:23","0x27262bc999fa29eee037c902328508bc9e6679c5","0xe5544a2a5fa9b175da60d8eec67add5582bb31b0","","0","0","0","0.00006938117180043","0.192821039797963","2616.29","","","Mint"
"0xb6cd25be3fa5481b0d1841539f110fe25ae65658d0c201f245133b19449e7a2a","22873978","1751971799","2025-07-08 10:49:59","0x27262bc999fa29eee037c902328508bc9e6679c5","0xe5544a2a5fa9b175da60d8eec67add5582bb31b0","","0","0","0","0.000066506768586567","0.184832627349555","2616.29","","","Mint"
"0x4ac8ae65be1c4574422d7350765b37a58b4853458f9094383d4a4d22bf7b5f38","22873982","1751971847","2025-07-08 10:50:47","0x27262bc999fa29eee037c902328508bc9e6679c5","0xe5544a2a5fa9b175da60d8eec67add5582bb31b0","","0","0","0","0.000065836801968957","0.182970686184752","2616.29","","","Mint"
"0x3bc137869776b6363e6d9fd88037a3768ba7c5779fc232ca1dadcdb98ad73aa7","22873983","1751971859","2025-07-08 10:50:59","0x0559d4f52c63732853ac1f4c50b6f293cee0b646","0xe5544a2a5fa9b175da60d8eec67add5582bb31b0","","0","0","0","0.0001823708757","0.506836955456567","2616.29","Error(0)","invalid jump destination","Mint"
"0x0877dcbc0ea2e20198d614dd2e4abc490f67902d2c85f8be12fb3fc9410c539f","22873985","1751971883","2025-07-08 10:51:23","0x0559d4f52c63732853ac1f4c50b6f293cee0b646","0xe5544a2a5fa9b175da60d8eec67add5582bb31b0","","0","0","0","0.000064877369158857","0.18030427356503","2616.29","","","Mint"
"0x9dc7a49b28bc0722e336085c80aa8197712f67c192b11260ed5d0def921a5482","22873985","1751971883","2025-07-08 10:51:23","0x27262bc999fa29eee037c902328508bc9e6679c5","0xe5544a2a5fa9b175da60d8eec67add5582bb31b0","","0","0","0","0.000095310072249178","0.264881476593792","2616.29","Error(0)","invalid jump destination","Mint"
"0x3c278e5ac1ea27fa9831e64e28e2636d030a3d3cd79770c32a74b27025563618","22873987","1751971907","2025-07-08 10:51:47","0x0559d4f52c63732853ac1f4c50b6f293cee0b646","0xe5544a2a5fa9b175da60d8eec67add5582bb31b0","","0","0","0","0.000067706192179896","0.188166011586551","2616.29","","","Mint"
"0xf341bcebd1d445c4a879656d91438d340b2f62d36172318eb9ec0dbe26e513e1","22873988","1751971919","2025-07-08 10:51:59","0x27262bc999fa29eee037c902328508bc9e6679c5","0xe5544a2a5fa9b175da60d8eec67add5582bb31b0","","0","0","0","0.00009698970005214","0.26954942282526","2616.29","Error(0)","invalid jump destination","Mint"
"0x982da1d898f230b4072dc569094ed2569052a073b980306f15dd592a1e1b499e","22873989","1751971931","2025-07-08 10:52:11","0x0559d4f52c63732853ac1f4c50b6f293cee0b646","0xe5544a2a5fa9b175da60d8eec67add5582bb31b0","","0","0","0","0.000067928875605429","0.188784883371833","2616.29","","","Mint"
"0x56e3a95211931babbbdd35a1ef86f4a82151709653797eda257f995b8aaa745a","22873991","1751971955","2025-07-08 10:52:35","0x0559d4f52c63732853ac1f4c50b6f293cee0b646","0xe5544a2a5fa9b175da60d8eec67add5582bb31b0","","0","0","0","0.000068733832418706","0.191021983231936","2616.29","","","Mint"
"0x43007b54bffaca0f861b1513153a891b5350acc9306aa6a19186880299c200d9","22873993","1751971979","2025-07-08 10:52:59","0x0559d4f52c63732853ac1f4c50b6f293cee0b646","0xe5544a2a5fa9b175da60d8eec67add5582bb31b0","","0","0","0","0.000065779094939748","0.18281030939827","2616.29","","","Mint"
"0x59f92c6cbb44a7eaf0d683a9537e7dc849f37061fba4c0e7f4559b334d154b38","22873995","1751972003","2025-07-08 10:53:23","0x0559d4f52c63732853ac1f4c50b6f293cee0b646","0xe5544a2a5fa9b175da60d8eec67add5582bb31b0","","0","0","0","0.000072963136315455","0.20277587486897","2616.29","","","Mint"
"0xe333c89a1b9724fba8f1637503aba690f0ab7f42af35a2de5d472a5004ef7a0e","22873995","1751972003","2025-07-08 10:53:23","0x27262bc999fa29eee037c902328508bc9e6679c5","0xe5544a2a5fa9b175da60d8eec67add5582bb31b0","","0","0","0","0.00010755409671807","0.298909520054839","2616.29","Error(0)","invalid jump destination","Mint"
"0x95986aae0527341380552f073eff9e5c764f95b11d634c95f7e5e987fc4c3978","22873997","1751972027","2025-07-08 10:53:47","0x0559d4f52c63732853ac1f4c50b6f293cee0b646","0xe5544a2a5fa9b175da60d8eec67add5582bb31b0","","0","0","0","0.000076020004568574","0.211271385967965","2616.29","","","Mint"
"0x9e16bef326714a38ebeb3b9d5d57040f3b07e750eb72caba09aaa77e9b4abe0a","22874000","1751972063","2025-07-08 10:54:23","0x27262bc999fa29eee037c902328508bc9e6679c5","0xe5544a2a5fa9b175da60d8eec67add5582bb31b0","","0","0","0","0.000089882315134593","0.249796897543794","2616.29","","","Mint"
"0xcf6e66ff9c83be77b91cc381d5085a8f2b1181e0a7ac55cab88c3bac00afc4ce","22874003","1751972099","2025-07-08 10:54:59","0x27262bc999fa29eee037c902328508bc9e6679c5","0xe5544a2a5fa9b175da60d8eec67add5582bb31b0","","0","0","0","0.000085022238752133","0.236289991314838","2616.29","","","Mint"
"0xf1a84844800b4a8fcd90de6d89a94aca591c01a20568ada76f4fae735e019e6b","22874006","1751972135","2025-07-08 10:55:35","0x0559d4f52c63732853ac1f4c50b6f293cee0b646","0xe5544a2a5fa9b175da60d8eec67add5582bb31b0","","0","0","0","0.000082035451010892","0.227989244830209","2616.29","","","Mint"
"0x47ce23406d6753c24e550a2cad48f52c7a803b1d54e2e9517f4a66768df20c76","22874006","1751972135","2025-07-08 10:55:35","0x27262bc999fa29eee037c902328508bc9e6679c5","0xe5544a2a5fa9b175da60d8eec67add5582bb31b0","","0","0","0","0.000121292019288568","0.337089338094334","2616.29","Error(0)","invalid jump destination","Mint"
"0x9e837d36f001976c18d7acae81153788212c5d167f79c34283062bcddf84fae7","22874008","1751972159","2025-07-08 10:55:59","0x0559d4f52c63732853ac1f4c50b6f293cee0b646","0xe5544a2a5fa9b175da60d8eec67add5582bb31b0","","0","0","0","0.000085998746322882","0.239003857343276","2616.29","","","Mint"
"0x41c1e2b4845c7a40361c9343c8d103d6f01581cd96feb768a15716be272d3879","22874008","1751972159","2025-07-08 10:55:59","0x27262bc999fa29eee037c902328508bc9e6679c5","0xe5544a2a5fa9b175da60d8eec67add5582bb31b0","","0","0","0","0.000127293513499028","0.353768421539782","2616.29","Error(0)","invalid jump destination","Mint"
"0x4e02065849ae3efb72e1701dec3c5416b19b03e669e731524230417e8a5492e5","22874013","1751972219","2025-07-08 10:56:59","0x0559d4f52c63732853ac1f4c50b6f293cee0b646","0xe5544a2a5fa9b175da60d8eec67add5582bb31b0","","0","0","0","0.000078440636815854","0.217998698505025","2616.29","","","Mint"
"0x514a79cdfa090d07881e98f87c8a22d869d5f0db9fcdac203ca0ee44fe16642c","22874013","1751972219","2025-07-08 10:56:59","0x27262bc999fa29eee037c902328508bc9e6679c5","0xe5544a2a5fa9b175da60d8eec67add5582bb31b0","","0","0","0","0.000115848504515916","0.321960966068023","2616.29","Error(0)","invalid jump destination","Mint"
"0xf6911ef7c177111e195afaac9463f43fba2805454a7c86b3b9af5b2ac7f730d0","22874015","1751972243","2025-07-08 10:57:23","0x0559d4f52c63732853ac1f4c50b6f293cee0b646","0xe5544a2a5fa9b175da60d8eec67add5582bb31b0","","0","0","0","0.000079552750168728","0.221089434039029","2616.29","","","Mint"
"0xe44716e1725b8c53245d9132d319ca97c65426d595c170d63afe4e4ac0e3182c","22874017","1751972267","2025-07-08 10:57:47","0x0559d4f52c63732853ac1f4c50b6f293cee0b646","0xe5544a2a5fa9b175da60d8eec67add5582bb31b0","","0","0","0","0.000093207992668887","0.259039471336578","2616.29","","","Mint"
"0x2c1471acc1fbe3d169d2caed0f978feaa0c9c414066746885f138c4dc8ac831c","22874019","1751972291","2025-07-08 10:58:11","0x0559d4f52c63732853ac1f4c50b6f293cee0b646","0xe5544a2a5fa9b175da60d8eec67add5582bb31b0","","0","0","0","0.00008961929565615","0.249065925609991","2616.29","","","Mint"
"0x5e186f631f345af7779cc6da51fd403c267a5d5ce30d2448e98693d167f95ed9","22874020","1751972303","2025-07-08 10:58:23","0x27262bc999fa29eee037c902328508bc9e6679c5","0xe5544a2a5fa9b175da60d8eec67add5582bb31b0","","0","0","0","0.000207920395064144","0.577843033363454","2616.29","Error(0)","invalid jump destination","Mint"
"0x0c13b104c72a04d50646192f55c0cb706a13cd430b91172ea45513ef80c7292e","22874022","1751972327","2025-07-08 10:58:47","0x0559d4f52c63732853ac1f4c50b6f293cee0b646","0xe5544a2a5fa9b175da60d8eec67add5582bb31b0","","0","0","0","0.000085523886692862","0.237684148764674","2616.29","","","Mint"
"0x0f243aeed1bafdf2e1bce98f835395e292fbbde7907a4301e9834b13e6179770","22874022","1751972327","2025-07-08 10:58:47","0x27262bc999fa29eee037c902328508bc9e6679c5","0xe5544a2a5fa9b175da60d8eec67add5582bb31b0","","0","0","0","0.000126531273983508","0.351650039677042","2616.29","Error(0)","invalid jump destination","Mint"
"0x22f648daaf3717485c0a671e089579c2b584f788abecaccbfc275e27b941592f","22874024","1751972351","2025-07-08 10:59:11","0x0559d4f52c63732853ac1f4c50b6f293cee0b646","0xe5544a2a5fa9b175da60d8eec67add5582bb31b0","","0","0","0","0.000086557090790883","0.240555583237948","2616.29","","","Mint"
"0x94162606dd46cbbb161f670f4a9ba6d2dc4a72ddb0a6319a22ddaa910ba7c763","22874026","1751972375","2025-07-08 10:59:35","0x0559d4f52c63732853ac1f4c50b6f293cee0b646","0xe5544a2a5fa9b175da60d8eec67add5582bb31b0","","0","0","0","0.000081876649839648","0.227547911739893","2616.29","","","Mint"
"0xc2e0c9a37c5c5bc50667cbf06b59c0609f57ed0fedbb7530e802b87acd8c41b6","22874028","1751972399","2025-07-08 10:59:59","0x0559d4f52c63732853ac1f4c50b6f293cee0b646","0xe5544a2a5fa9b175da60d8eec67add5582bb31b0","","0","0","0","0.000081127410841647","0.225465660332158","2616.29","","","Mint"
"0x102b94c55803fae07b973abd98e54e7321d9b613549f19174689f817b2cb1aff","22874030","1751972423","2025-07-08 11:00:23","0x0559d4f52c63732853ac1f4c50b6f293cee0b646","0xe5544a2a5fa9b175da60d8eec67add5582bb31b0","","0","0","0","0.000081427726503453","0.226300284145426","2616.29","","","Mint"
"0x593ca8e3daf7b657f0f3d519a2b1c1cf4272406b5d816548862556a7a39afbda","22874032","1751972447","2025-07-08 11:00:47","0x0559d4f52c63732853ac1f4c50b6f293cee0b646","0xe5544a2a5fa9b175da60d8eec67add5582bb31b0","","0","0","0","0.000079025055308277","0.219622888158528","2616.29","","","Mint"
"0x57343b295c5ffff33b880f68e198ca9aee33ae2db526318a5c17c6e4d56d9ffe","22874034","1751972471","2025-07-08 11:01:11","0x0559d4f52c63732853ac1f4c50b6f293cee0b646","0xe5544a2a5fa9b175da60d8eec67add5582bb31b0","","0","0","0","0.000080613059934774","0.22403619936875","2616.29","","","Mint"
"0x64a728c04b75e9a429287a072728fcbbdfd21d644b6406dc85de0f3a3d3c19c1","22874036","1751972495","2025-07-08 11:01:35","0x0559d4f52c63732853ac1f4c50b6f293cee0b646","0xe5544a2a5fa9b175da60d8eec67add5582bb31b0","","0","0","0","0.0000797161462836","0.221543537190517","2616.29","","","Mint"
"0x40b668daa382c74030decd1e15a3d4c49af9b2db49f8e33897c20bb292059e2a","22874038","1751972519","2025-07-08 11:01:59","0x0559d4f52c63732853ac1f4c50b6f293cee0b646","0xe5544a2a5fa9b175da60d8eec67add5582bb31b0","","0","0","0","0.000069238485457524","0.192424492315553","2616.29","","","Mint"
"0x646b0113042caa8bb69cf266ca8389b91fb9c5fa6158981fc34d7346827353d5","22874040","1751972543","2025-07-08 11:02:23","0x0559d4f52c63732853ac1f4c50b6f293cee0b646","0xe5544a2a5fa9b175da60d8eec67add5582bb31b0","","0","0","0","0.000069488544010521","0.193119443826864","2616.29","","","Mint"
"0x3378cbb7eba49664cd5d929c4effc0233981b91f7b06fdc4fcb5e8ff71e62cc7","22874042","1751972567","2025-07-08 11:02:47","0x0559d4f52c63732853ac1f4c50b6f293cee0b646","0xe5544a2a5fa9b175da60d8eec67add5582bb31b0","","0","0","0","0.000068961684942855","0.191655220744173","2616.29","","","Mint"
"0x732a0638c13082e5bdbf0ae865fae77f6e0e1c94db4a89f2e812991e78c7044d","22874044","1751972591","2025-07-08 11:03:11","0x0559d4f52c63732853ac1f4c50b6f293cee0b646","0xe5544a2a5fa9b175da60d8eec67add5582bb31b0","","0","0","0","0.000077907712684353","0.216517619669041","2616.29","","","Mint"
"0x8128fe21867fce92f6ebad2f13bf9c43968f542ae7e92cf4f85ecaf33f991366","22874046","1751972615","2025-07-08 11:03:35","0x0559d4f52c63732853ac1f4c50b6f293cee0b646","0xe5544a2a5fa9b175da60d8eec67add5582bb31b0","","0","0","0","0.000077877046117005","0.216432392520959","2616.29","","","Mint"
"0x42f2057092aae7d6f5104a6c9263487226d343069d145ce5448a3a6a45ddcaab","22874048","1751972639","2025-07-08 11:03:59","0x0559d4f52c63732853ac1f4c50b6f293cee0b646","0xe5544a2a5fa9b175da60d8eec67add5582bb31b0","","0","0","0","0.000074831601017052","0.207968628136731","2616.29","","","Mint"
"0xde27307be058d44cab8e78c827c1c6aedc58f546defcf54b11c109b53d2e222f","22874050","1751972663","2025-07-08 11:04:23","0x0559d4f52c63732853ac1f4c50b6f293cee0b646","0xe5544a2a5fa9b175da60d8eec67add5582bb31b0","","0","0","0","0.000075479119986774","0.209768183805664","2616.29","","","Mint"
"0x549ba325203d4739e439b4a29c862a28de6924d3c354249df8ba9621d7607ea9","22874053","1751972699","2025-07-08 11:04:59","0x0559d4f52c63732853ac1f4c50b6f293cee0b646","0xe5544a2a5fa9b175da60d8eec67add5582bb31b0","","0","0","0","0.000084713964375987","0.235433248999754","2616.29","","","Mint"
"0xdf0d6c6766ad1faa671e2d5dfa6c59c957a025e95a62da555ad9e8600960de36","22874056","1751972735","2025-07-08 11:05:35","0x0559d4f52c63732853ac1f4c50b6f293cee0b646","0xe5544a2a5fa9b175da60d8eec67add5582bb31b0","","0","0","0","0.000075946926625365","0.211068291026928","2616.29","","","Mint"
"0xa04628f430f1d8e97f44943db78f5fa9c7797bfc9cfa4ff76b8d8edf4451743d","22874059","1751972771","2025-07-08 11:06:11","0x0559d4f52c63732853ac1f4c50b6f293cee0b646","0xe5544a2a5fa9b175da60d8eec67add5582bb31b0","","0","0","0","0.000084210338101926","0.234033593454683","2616.29","","","Mint"
"0x537376aa8a56b47759491ed720543e4a5cc93bc63731217a9a903b799e054fa6","22874062","1751972807","2025-07-08 11:06:47","0x0559d4f52c63732853ac1f4c50b6f293cee0b646","0xe5544a2a5fa9b175da60d8eec67add5582bb31b0","","0","0","0","0.000080094975820128","0.222596363241793","2616.29","","","Mint"
"0x558d54dc90d9a1b32180c9bc414c3290a2d93ad623168f59b9fef48f70eb6be9","22874069","1751972891","2025-07-08 11:08:11","0x27262bc999fa29eee037c902328508bc9e6679c5","0xe5544a2a5fa9b175da60d8eec67add5582bb31b0","","0","0","0","0.000084673449866115","0.23532065289165","2616.29","","","Mint"
"0x6745466ff6b8acd81bcb3361218580ec8d95c39cda4cd2fcf1c2d26e7ea9e8cd","22874072","1751972927","2025-07-08 11:08:47","0x27262bc999fa29eee037c902328508bc9e6679c5","0xe5544a2a5fa9b175da60d8eec67add5582bb31b0","","0","0","0","0.000080645224838706","0.22412559062664","2616.29","","","Mint"
"0x488360cd09a0bc236e3c97d30f5af9c68b1201b0bea1851422757cf876947061","22874075","1751972963","2025-07-08 11:09:23","0x27262bc999fa29eee037c902328508bc9e6679c5","0xe5544a2a5fa9b175da60d8eec67add5582bb31b0","","0","0","0","0.000078484656939588","0.218121037257891","2616.29","","","Mint"
"0xc8365b62811ec09bd0621becf28e3c34e3ae28e0f3e06f45c5091f2118839ffc","22874078","1751972999","2025-07-08 11:09:59","0x27262bc999fa29eee037c902328508bc9e6679c5","0xe5544a2a5fa9b175da60d8eec67add5582bb31b0","","0","0","0","0.00007503436074564","0.208532128877363","2616.29","","","Mint"
"0xbb4a776f9310c79661eac7d35c9b2aa1b9071f1daaa3a7abb7e0e19371dd54e7","22874080","1751973023","2025-07-08 11:10:23","0x27262bc999fa29eee037c902328508bc9e6679c5","0xe5544a2a5fa9b175da60d8eec67add5582bb31b0","","0","0","0","0.000080675262084873","0.22420906879353","2616.29","","","Mint"
"0xfdfc110d010837a00ec5fb6b340782b288e8e59cc2ea235a43b7a4b719b673e4","22874082","1751973047","2025-07-08 11:10:47","0x27262bc999fa29eee037c902328508bc9e6679c5","0xe5544a2a5fa9b175da60d8eec67add5582bb31b0","","0","0","0","0.000089551142165793","0.248876516487379","2616.29","","","Mint"
"0x8e6e66856d9120cbd0ec8f81cc51b64b5a84206ec2fc3982c074c4dd6f0a6ee2","22874086","1751973095","2025-07-08 11:11:35","0x27262bc999fa29eee037c902328508bc9e6679c5","0xe5544a2a5fa9b175da60d8eec67add5582bb31b0","","0","0","0","0.000082999396637379","0.230668199266761","2616.29","","","Mint"
"0x3a7d01caf3db0152b60e6b963d00d135c3fef7a187c6566ec410c7be61745b55","22874088","1751973119","2025-07-08 11:11:59","0x27262bc999fa29eee037c902328508bc9e6679c5","0xe5544a2a5fa9b175da60d8eec67add5582bb31b0","","0","0","0","0.000080343015460185","0.223285703880842","2616.29","","","Mint"
"0x141d3639682e5d51dff09b3b0302242fc10e142b9ac36d216d0b6631906e5c58","22874092","1751973167","2025-07-08 11:12:47","0x27262bc999fa29eee037c902328508bc9e6679c5","0xe5544a2a5fa9b175da60d8eec67add5582bb31b0","","0","0","0","0.000074496233957607","0.207036591051768","2616.29","","","Mint"
"0x4504f17a1336dbb6280b7f9f24b0a1d306c5a7a045ec32014817f92a9d3962ec","22874095","1751973203","2025-07-08 11:13:23","0x27262bc999fa29eee037c902328508bc9e6679c5","0xe5544a2a5fa9b175da60d8eec67add5582bb31b0","","0","0","0","0.00008347308034935","0.23198463978668","2616.29","","","Mint"
"0x4bb75176bb5fbcaf97af166867f796728747490a2b840d6b6e18a7d788747ee9","22874098","1751973239","2025-07-08 11:13:59","0x27262bc999fa29eee037c902328508bc9e6679c5","0xe5544a2a5fa9b175da60d8eec67add5582bb31b0","","0","0","0","0.000076297576218444","0.212042800643697","2616.29","","","Mint"
"0x4da99e4a1a87455411e870b76e903e73558f11c7fb6d6c62bd9d38912be3a089","22874101","1751973275","2025-07-08 11:14:35","0x27262bc999fa29eee037c902328508bc9e6679c5","0xe5544a2a5fa9b175da60d8eec67add5582bb31b0","","0","0","0","0.000073548667765581","0.204403157604587","2616.29","","","Mint"
"0x5aeaa38e7af5a5a8f91ea3274852aa2ae811f57566e22fbcaa52f3d94648ac4c","22874103","1751973299","2025-07-08 11:14:59","0x27262bc999fa29eee037c902328508bc9e6679c5","0xe5544a2a5fa9b175da60d8eec67add5582bb31b0","","0","0","0","0.000064635743226519","0.179632757614715","2616.29","","","Mint"
"0x80c11d6208ee541719c7501c81028ef431f16db7295366a90bad683bb3679a53","22874105","1751973323","2025-07-08 11:15:23","0x27262bc999fa29eee037c902328508bc9e6679c5","0xe5544a2a5fa9b175da60d8eec67add5582bb31b0","","0","0","0","0.000066324843001797","0.184327027926672","2616.29","","","Mint"
"0x0ddda5c6f27b4f663404cb93263cc97d1710557f38646629c6e59c1c2e7c9f99","22874111","1751973395","2025-07-08 11:16:35","0x27262bc999fa29eee037c902328508bc9e6679c5","0xe5544a2a5fa9b175da60d8eec67add5582bb31b0","","0","0","0","0.000061399390678956","0.17063843181738","2616.29","","","Mint"
"0x212659cee09e43031e7fb12461d5d3701ab003f9de31330d779c2f75c0264583","22874114","1751973431","2025-07-08 11:17:11","0x27262bc999fa29eee037c902328508bc9e6679c5","0xe5544a2a5fa9b175da60d8eec67add5582bb31b0","","0","0","0","0.000064210906598142","0.178452070717936","2616.29","","","Mint"
"0xd8978cc2d896ed59f08352a2b69516ea2d5e6335ac2efb4b548abdb1726cb5e6","22874117","1751973467","2025-07-08 11:17:47","0x27262bc999fa29eee037c902328508bc9e6679c5","0xe5544a2a5fa9b175da60d8eec67add5582bb31b0","","0","0","0","0.000066517515406512","0.184862494429377","2616.29","","","Mint"
"0x416ba4360b0f3a4465e48e3b633289c60b078e93a165a1add8800b0d09c0ca1e","22874119","1751973491","2025-07-08 11:18:11","0x27262bc999fa29eee037c902328508bc9e6679c5","0xe5544a2a5fa9b175da60d8eec67add5582bb31b0","","0","0","0","0.000062108647596225","0.172609566820189","2616.29","","","Mint"
"0xc15c7e1f7b0d882937b6108af8ae982f753af5f882f6527c39b78f59050a25b3","22874122","1751973527","2025-07-08 11:18:47","0x27262bc999fa29eee037c902328508bc9e6679c5","0xe5544a2a5fa9b175da60d8eec67add5582bb31b0","","0","0","0","0.00006482099924322","0.180147612824596","2616.29","","","Mint"
"0x4898fcd552734efde05f12c2bf1a2dda2e035dbd66da39fe9fbe5dd91153101f","22874124","1751973551","2025-07-08 11:19:11","0x27262bc999fa29eee037c902328508bc9e6679c5","0xe5544a2a5fa9b175da60d8eec67add5582bb31b0","","0","0","0","0.000062752811197692","0.174399797400211","2616.29","","","Mint"
"0x701fa73ad502551c09c29ced8d8237149bf8ee4ff695571eb57569633ed2111f","22874126","1751973575","2025-07-08 11:19:35","0x27262bc999fa29eee037c902328508bc9e6679c5","0xe5544a2a5fa9b175da60d8eec67add5582bb31b0","","0","0","0","0.000061358829061017","0.17052570478865","2616.29","","","Mint"
"0x25d1bf9469d99ade7dbc7e1ded2b8118d19435e7ab5f595796768ff1fef31319","22874129","1751973611","2025-07-08 11:20:11","0x27262bc999fa29eee037c902328508bc9e6679c5","0xe5544a2a5fa9b175da60d8eec67add5582bb31b0","","0","0","0","0.000057082825469892","0.158642027456244","2616.29","","","Mint"
"0x7fb1271d90f255d95aecbf95805a3c5f02989cbbea818d29c733549e4711107c","22874132","1751973647","2025-07-08 11:20:47","0x27262bc999fa29eee037c902328508bc9e6679c5","0xe5544a2a5fa9b175da60d8eec67add5582bb31b0","","0","0","0","0.000055804854004803","0.155090346498197","2616.29","","","Mint"
"0x9ba874c01580fe439bb49d69cd059439a1e7769bbbe3b761bc56f5d1d8b2e389","22874135","1751973683","2025-07-08 11:21:23","0x27262bc999fa29eee037c902328508bc9e6679c5","0xe5544a2a5fa9b175da60d8eec67add5582bb31b0","","0","0","0","0.00005516683132161","0.153317182482723","2616.29","","","Mint"
"0xa966bf663982cdb8bfb355203f0ae7c53210fe19360685453cb4128d3def189c","22874138","1751973719","2025-07-08 11:21:59","0x27262bc999fa29eee037c902328508bc9e6679c5","0xe5544a2a5fa9b175da60d8eec67add5582bb31b0","","0","0","0","0.000056061850276812","0.155804579006917","2616.29","","","Mint"
"0x8412fa2921ce9f994278f9a88bb062cb8989af372d9edc9bd6f70e61cb3d3f09","22874143","1751973779","2025-07-08 11:22:59","0x27262bc999fa29eee037c902328508bc9e6679c5","0xe5544a2a5fa9b175da60d8eec67add5582bb31b0","","0","0","0","0.000057967375776813","0.161100329982825","2616.29","","","Mint"
"0x1cf8b4bfb6a64420ff878c505e6aec4f3b5db1bab1e5db93338bf3b4815c227a","22874152","1751973887","2025-07-08 11:24:47","0x27262bc999fa29eee037c902328508bc9e6679c5","0xe5544a2a5fa9b175da60d8eec67add5582bb31b0","","0","0","0","0.00005165370185085","0.143553650678369","2616.29","","","Mint"
"0x778f78c3801a3cb7a40ef0e76b433abb96d0d7ceb855381012d314829dd08504","22874155","1751973923","2025-07-08 11:25:23","0x27262bc999fa29eee037c902328508bc9e6679c5","0xe5544a2a5fa9b175da60d8eec67add5582bb31b0","","0","0","0","0.000056756267657082","0.157734472634292","2616.29","","","Mint"
"0x370a1cc1d81971971deaf82ab26716e8d4407dfab69ed793822fa3099c32a21c","22874166","1751974055","2025-07-08 11:27:35","0xea2440b50d908aa7baa78483a78e0d0d33ede57d","0xe5544a2a5fa9b175da60d8eec67add5582bb31b0","","0","0","0","0.000123598628517621","0.343499762974918","2616.29","","","Mint"
"0x458db5dadc630ecf6caf502efafdbb5979ce6a7d80bbb2f57affc17d1d94ab12","22874170","1751974103","2025-07-08 11:28:23","0xea2440b50d908aa7baa78483a78e0d0d33ede57d","0xe5544a2a5fa9b175da60d8eec67add5582bb31b0","","0","0","0","0.00012481021282821","0.346866943731719","2616.29","","","Mint"
"0x3530beee017ba32594c539f87fa541c82f6d10b2e01e0808f52e51324c131ab8","22874186","1751974295","2025-07-08 11:31:35","0xea2440b50d908aa7baa78483a78e0d0d33ede57d","0xe5544a2a5fa9b175da60d8eec67add5582bb31b0","","0","0","0","0.000118015514360067","0.327983422601382","2616.29","","","Mint"
"0xa440f810465ce716f4f1654cbfccb85b7a0b225c911b38a78d2ab05bcbbf22d4","22874197","1751974427","2025-07-08 11:33:47","0xea2440b50d908aa7baa78483a78e0d0d33ede57d","0xe5544a2a5fa9b175da60d8eec67add5582bb31b0","","0","0","0","0.000121043048945307","0.336397410886697","2616.29","","","Mint"
"0xaefdfb719403c7e5bea803a0710906b43a0f3d0559efa665d9d197549a9a3d2a","22874199","1751974451","2025-07-08 11:34:11","0xf66ac2c80aaeff89b081ff911e80e7daeb9d0af6","0xe5544a2a5fa9b175da60d8eec67add5582bb31b0","","0","0","0","0.000111642","0.310270437447278","2616.29","","","Mint"
"0x5006fad239db4fc8fe268a829678c89e6e90d2cb595145ed391adb28aa761be2","22874201","1751974475","2025-07-08 11:34:35","0xf66ac2c80aaeff89b081ff911e80e7daeb9d0af6","0xe5544a2a5fa9b175da60d8eec67add5582bb31b0","","0","0","0","0.000077418","0.215156632148236","2616.29","","","Mint"
"0xf4c5d5eb671f7b30e08adc706c6469ddf412eaac870d0d37127911112403d026","22874207","1751974547","2025-07-08 11:35:47","0xf66ac2c80aaeff89b081ff911e80e7daeb9d0af6","0xe5544a2a5fa9b175da60d8eec67add5582bb31b0","","0","0","0","0.000077442","0.215223331871447","2616.29","","","Mint"
"0xbed12091273f701f4e3d7e9e9857744acd5cc11efab60bd71607c23b404c6d25","22874213","1751974631","2025-07-08 11:37:11","0xf66ac2c80aaeff89b081ff911e80e7daeb9d0af6","0xe5544a2a5fa9b175da60d8eec67add5582bb31b0","","0","0","0","0.000193605","0.538058329678617","2616.29","","","Mint"
"0x75da794821368ff13d0c633741bc33c7364a36722053d16ad032f09a77f970e3","22874214","1751974643","2025-07-08 11:37:23","0xf66ac2c80aaeff89b081ff911e80e7daeb9d0af6","0xe5544a2a5fa9b175da60d8eec67add5582bb31b0","","0","0","0","0.000193605","0.538058329678617","2616.29","","","Mint"
"0x22a983e0259e916b1982e9c4c0666f1e8c4f1d3becfa0a1aefe2e094cb6b464b","22874215","1751974655","2025-07-08 11:37:35","0xf66ac2c80aaeff89b081ff911e80e7daeb9d0af6","0xe5544a2a5fa9b175da60d8eec67add5582bb31b0","","0","0","0","0.000193605","0.538058329678617","2616.29","","","Mint"
"0x16589bd0ed72dd131440d66136e168f45b21bdca0724d09b08c422322f4640f5","22874215","1751974655","2025-07-08 11:37:35","0x4822c6499d4d0b0699f42419610f894c6662a484","0xe5544a2a5fa9b175da60d8eec67add5582bb31b0","","0","0","0","0.0001312035152","0.36463492284019","2616.29","Error(0)","invalid jump destination","Mint"
"0x709379a790135eb7fd3e0ade0f7c5a062f9ca3423821a8627d7117f4ab2956db","22874216","1751974667","2025-07-08 11:37:47","0xf66ac2c80aaeff89b081ff911e80e7daeb9d0af6","0xe5544a2a5fa9b175da60d8eec67add5582bb31b0","","0","0","0","0.000193605","0.538058329678617","2616.29","","","Mint"
"0x34373658ca25319a0d540e1d91c4f33ffb8eaef0912fe21b1b79d8334db4562b","22874216","1751974667","2025-07-08 11:37:47","0x4822c6499d4d0b0699f42419610f894c6662a484","0xe5544a2a5fa9b175da60d8eec67add5582bb31b0","","0","0","0","0.0001309666624","0.363976672165116","2616.29","Error(0)","invalid jump destination","Mint"
"0xc2a1820cee3d2d0c1babe1ecb0bfc4de650d6e1938baceb218bc1b823cf213ff","22874217","1751974679","2025-07-08 11:37:59","0xf66ac2c80aaeff89b081ff911e80e7daeb9d0af6","0xe5544a2a5fa9b175da60d8eec67add5582bb31b0","","0","0","0","0.00075","2.08436635034717","2616.29","Error(0)","invalid jump destination","Mint"
"0x23e350c5167e677df3b6ab810ba0738d964f79ef8492afe1f0e375445ac57fb2","22874217","1751974679","2025-07-08 11:37:59","0x4822c6499d4d0b0699f42419610f894c6662a484","0xe5544a2a5fa9b175da60d8eec67add5582bb31b0","","0","0","0","0.000049370367241968","0.13720790957792","2616.29","","","Mint"
"0x963970666305c86bdfff1e57bce7f1a967bce1ce6f36fac6e205686bdef45900","22874218","1751974691","2025-07-08 11:38:11","0xf66ac2c80aaeff89b081ff911e80e7daeb9d0af6","0xe5544a2a5fa9b175da60d8eec67add5582bb31b0","","0","0","0","0.000193605","0.538058329678617","2616.29","","","Mint"
"0xd7f75aea7254fed37980484e9a11d9c4d2b7eaea5b510b9937113480d103ba87","22874219","1751974703","2025-07-08 11:38:23","0xf66ac2c80aaeff89b081ff911e80e7daeb9d0af6","0xe5544a2a5fa9b175da60d8eec67add5582bb31b0","","0","0","0","0.000193605","0.538058329678617","2616.29","","","Mint"
"0xc7397a0874af1947577ce583c01d7dfe873aea1169a660c21f8bf58909a9e5b5","22874219","1751974703","2025-07-08 11:38:23","0x4822c6499d4d0b0699f42419610f894c6662a484","0xe5544a2a5fa9b175da60d8eec67add5582bb31b0","","0","0","0","0.0001274420981","0.354181361196377","2616.29","Error(0)","invalid jump destination","Mint"
"0x0a5b384c5c0a0261e2bca0985e61648a81cb3492095154c46a47bce4dd1745ed","22874220","1751974715","2025-07-08 11:38:35","0xf66ac2c80aaeff89b081ff911e80e7daeb9d0af6","0xe5544a2a5fa9b175da60d8eec67add5582bb31b0","","0","0","0","0.000193605","0.538058329678617","2616.29","","","Mint"
"0xc688dfc3799c3a8fe08e96a5e027a3255706846f6755756020560319cc7c4947","22874220","1751974715","2025-07-08 11:38:35","0x4822c6499d4d0b0699f42419610f894c6662a484","0xe5544a2a5fa9b175da60d8eec67add5582bb31b0","","0","0","0","0.0001219018056","0.338784028852269","2616.29","Error(0)","invalid jump destination","Mint"
"0x13766ecce5ee3a9814da572e8894e5caea5f6b0ae2334d76ea7f088a13e8ae40","22874221","1751974727","2025-07-08 11:38:47","0xf66ac2c80aaeff89b081ff911e80e7daeb9d0af6","0xe5544a2a5fa9b175da60d8eec67add5582bb31b0","","0","0","0","0.000193605","0.538058329678617","2616.29","","","Mint"
"0x788abffe61e458e80234b12390e45d783398ffcdcf109af11c16b2423328dfc9","22874221","1751974727","2025-07-08 11:38:47","0x4822c6499d4d0b0699f42419610f894c6662a484","0xe5544a2a5fa9b175da60d8eec67add5582bb31b0","","0","0","0","0.000124219358","0.345224866502571","2616.29","Error(0)","invalid jump destination","Mint"
"0xe0441275dbbafed368cae6c5fdb0efb62f69aeb150d9e42a442ebdee47ecf739","22874222","1751974739","2025-07-08 11:38:59","0xf66ac2c80aaeff89b081ff911e80e7daeb9d0af6","0xe5544a2a5fa9b175da60d8eec67add5582bb31b0","","0","0","0","0.00075","2.08436635034717","2616.29","Error(0)","invalid jump destination","Mint"
"0x86220f7e3e3278683ea1cfc5e5aad20103e47e4d156679c04ac6d2df2bb3aec1","22874222","1751974739","2025-07-08 11:38:59","0x4822c6499d4d0b0699f42419610f894c6662a484","0xe5544a2a5fa9b175da60d8eec67add5582bb31b0","","0","0","0","0.000047007096793947","0.130640014379754","2616.29","","","Mint"
"0x9de978ab05e9ac531256945076cb2468cff6e1899161b868560e36040d67b887","22874223","1751974751","2025-07-08 11:39:11","0xf66ac2c80aaeff89b081ff911e80e7daeb9d0af6","0xe5544a2a5fa9b175da60d8eec67add5582bb31b0","","0","0","0","0.000193605","0.538058329678617","2616.29","","","Mint"
"0xe33054905259df94f56ebdb4e1f8b2a6779acb68e1f4c97cd9d3688a50d7ea5e","22874224","1751974763","2025-07-08 11:39:23","0xf66ac2c80aaeff89b081ff911e80e7daeb9d0af6","0xe5544a2a5fa9b175da60d8eec67add5582bb31b0","","0","0","0","0.000193605","0.538058329678617","2616.29","","","Mint"
"0xf81ed40cc0393246e2e1d37cb512e165bb8ae62e691b396ff3f4c5023fa56d09","22874224","1751974763","2025-07-08 11:39:23","0x4822c6499d4d0b0699f42419610f894c6662a484","0xe5544a2a5fa9b175da60d8eec67add5582bb31b0","","0","0","0","0.0001190868897","0.330960940877579","2616.29","Error(0)","invalid jump destination","Mint"
"0xad304ea4ae0032d52aab3ca03a9109d85f63574e96b6b9f6d95467ceff851ad3","22874225","1751974775","2025-07-08 11:39:35","0xf66ac2c80aaeff89b081ff911e80e7daeb9d0af6","0xe5544a2a5fa9b175da60d8eec67add5582bb31b0","","0","0","0","0.000193545","0.537891580370589","2616.29","","","Mint"
"0xa69a2dd4efd3a8016af9f14bac17a0d9f2db5e60eb23898d3fff7e52bf34a7d6","22874225","1751974775","2025-07-08 11:39:35","0x4822c6499d4d0b0699f42419610f894c6662a484","0xe5544a2a5fa9b175da60d8eec67add5582bb31b0","","0","0","0","0.0001149279226","0.319402526110325","2616.29","Error(0)","invalid jump destination","Mint"
"0xfab72b2bf895d47bca2a7080487c864b5f81e96fab20ac7b677bfe0744524368","22874226","1751974787","2025-07-08 11:39:47","0xf66ac2c80aaeff89b081ff911e80e7daeb9d0af6","0xe5544a2a5fa9b175da60d8eec67add5582bb31b0","","0","0","0","0.00075","2.08436635034717","2616.29","Error(0)","invalid jump destination","Mint"
"0x9be3867e388ef1ae651dc19a01203d3c3fded9cb2cd97d0d82c61ea9e2a0466a","22874226","1751974787","2025-07-08 11:39:47","0x4822c6499d4d0b0699f42419610f894c6662a484","0xe5544a2a5fa9b175da60d8eec67add5582bb31b0","","0","0","0","0.000043369028725044","0.120529258828962","2616.29","","","Mint"
"0xc986436b771f23235f27754b727f9c170628d82da008cb76ccc86aee9fca9944","22874227","1751974799","2025-07-08 11:39:59","0xf66ac2c80aaeff89b081ff911e80e7daeb9d0af6","0xe5544a2a5fa9b175da60d8eec67add5582bb31b0","","0","0","0","0.000193605","0.538058329678617","2616.29","","","Mint"
"0x2f26bcc229ec2c1b8d2069095beef37a9fe0078309c87590f00a7f7119e084f2","22874228","1751974811","2025-07-08 11:40:11","0xf66ac2c80aaeff89b081ff911e80e7daeb9d0af6","0xe5544a2a5fa9b175da60d8eec67add5582bb31b0","","0","0","0","0.00075","2.08436635034717","2616.29","Error(0)","invalid jump destination","Mint"
"0x607467300645e1caa9debc9a20e631b28ca1c97796e207d442ccfc6b653966ac","22874228","1751974811","2025-07-08 11:40:11","0x4822c6499d4d0b0699f42419610f894c6662a484","0xe5544a2a5fa9b175da60d8eec67add5582bb31b0","","0","0","0","0.000043284880325286","0.120295397371774","2616.29","","","Mint"
"0x8f95870aee8b542fb2bdc95d10af4c2055b39f37fe0894f4b18fe5ab0957dadf","22874229","1751974823","2025-07-08 11:40:23","0xf66ac2c80aaeff89b081ff911e80e7daeb9d0af6","0xe5544a2a5fa9b175da60d8eec67add5582bb31b0","","0","0","0","0.000193545","0.537891580370589","2616.29","","","Mint"
"0x137f9df33ccec298648e293626dc2cd2df8121471f47d29bb42bef80ac614083","22874230","1751974835","2025-07-08 11:40:35","0xf66ac2c80aaeff89b081ff911e80e7daeb9d0af6","0xe5544a2a5fa9b175da60d8eec67add5582bb31b0","","0","0","0","0.00075","2.08436635034717","2616.29","Error(0)","invalid jump destination","Mint"
"0xebc3981dcbc5ef808eb88ddb369e6dfea965e9f51af078ef13e1641a8750d39c","22874230","1751974835","2025-07-08 11:40:35","0x4822c6499d4d0b0699f42419610f894c6662a484","0xe5544a2a5fa9b175da60d8eec67add5582bb31b0","","0","0","0","0.000042898487260944","0.119221551103344","2616.29","","","Mint"
"0xa3da447df255f8c9f4a3e35502c5c37c764cf49a536fbbb6837be5c8faab98da","22874232","1751974859","2025-07-08 11:40:59","0xf66ac2c80aaeff89b081ff911e80e7daeb9d0af6","0xe5544a2a5fa9b175da60d8eec67add5582bb31b0","","0","0","0","0.000193605","0.538058329678617","2616.29","","","Mint"
"0xc3c40aecbe8e535d88bdac0ecd7539ed2ae94598909b0c93f8c16127d232bf6e","22874232","1751974859","2025-07-08 11:40:59","0x4822c6499d4d0b0699f42419610f894c6662a484","0xe5544a2a5fa9b175da60d8eec67add5582bb31b0","","0","0","0","0.0001038175177","0.288524987293935","2616.29","Error(0)","invalid jump destination","Mint"
"0x3582a99d8fbe02e4139f30f3f150a178e0296d88bc443fecbd7ed66b54736124","22874233","1751974871","2025-07-08 11:41:11","0xf66ac2c80aaeff89b081ff911e80e7daeb9d0af6","0xe5544a2a5fa9b175da60d8eec67add5582bb31b0","","0","0","0","0.00075","2.08436635034717","2616.29","Error(0)","invalid jump destination","Mint"
"0x97e6ec3854adc7f02bd81f54a978229eda8909eee94aac5745143a5693db4e94","22874233","1751974871","2025-07-08 11:41:11","0x4822c6499d4d0b0699f42419610f894c6662a484","0xe5544a2a5fa9b175da60d8eec67add5582bb31b0","","0","0","0","0.000041055679248831","0.11410010175588","2616.29","","","Mint"
"0x38ede223c1449a56f79ba7b806b0a10111e1fad3fecd3abee57f33fe14215b3d","22874235","1751974895","2025-07-08 11:41:35","0xf66ac2c80aaeff89b081ff911e80e7daeb9d0af6","0xe5544a2a5fa9b175da60d8eec67add5582bb31b0","","0","0","0","0.000193605","0.538058329678617","2616.29","","","Mint"
"0xcc74cd3ea6fd48c523db4bc759d6492946330867e4bb2bedb3531ecc79a070c0","22874235","1751974895","2025-07-08 11:41:35","0x4822c6499d4d0b0699f42419610f894c6662a484","0xe5544a2a5fa9b175da60d8eec67add5582bb31b0","","0","0","0","0.0001029302799","0.286059215807167","2616.29","Error(0)","invalid jump destination","Mint"
"0xd0aa8599135957fd13296fa8e32870b9e03b06e8990e23d9637599f13c94470e","22874236","1751974907","2025-07-08 11:41:47","0xf66ac2c80aaeff89b081ff911e80e7daeb9d0af6","0xe5544a2a5fa9b175da60d8eec67add5582bb31b0","","0","0","0","0.000193605","0.538058329678617","2616.29","","","Mint"
"0x241b5105b8fdfcf5c873c9640551ea67103b34d040aec36e642956c75da28c42","22874236","1751974907","2025-07-08 11:41:47","0x4822c6499d4d0b0699f42419610f894c6662a484","0xe5544a2a5fa9b175da60d8eec67add5582bb31b0","","0","0","0","0.0001087825152","0.302323485585345","2616.29","Error(0)","invalid jump destination","Mint"
"0x2779529b2d2fb747e44efd3ccb2fa03dca1f441dbc7a9565c2fad8d5b6129b05","22874237","1751974919","2025-07-08 11:41:59","0xf66ac2c80aaeff89b081ff911e80e7daeb9d0af6","0xe5544a2a5fa9b175da60d8eec67add5582bb31b0","","0","0","0","0.00075","2.08436635034717","2616.29","Error(0)","invalid jump destination","Mint"
"0x3af3ad0263c69066aa6b25dbdf4cfa91876cb6369310d4e0df178f4b26491906","22874237","1751974919","2025-07-08 11:41:59","0x4822c6499d4d0b0699f42419610f894c6662a484","0xe5544a2a5fa9b175da60d8eec67add5582bb31b0","","0","0","0","0.000044904359316633","0.124796180724651","2616.29","","","Mint"
"0xe8d1fa1d625e030e7b6dbc46ae0cc7f6019559a1dd872f4c8cc1a739a10363ff","22874238","1751974931","2025-07-08 11:42:11","0xf66ac2c80aaeff89b081ff911e80e7daeb9d0af6","0xe5544a2a5fa9b175da60d8eec67add5582bb31b0","","0","0","0","0.000193605","0.538058329678617","2616.29","","","Mint"
"0x74d375415f8614b1d53e9aeb157ab8ed76e1597fe1ab4b3dd8eec810a8a449ca","22874239","1751974943","2025-07-08 11:42:23","0xf66ac2c80aaeff89b081ff911e80e7daeb9d0af6","0xe5544a2a5fa9b175da60d8eec67add5582bb31b0","","0","0","0","0.00075","2.08436635034717","2616.29","Error(0)","invalid jump destination","Mint"
"0x5734f72dd95697853d0719c6b6e5df69985ae095d40f15e34ae7ccd961645fcc","22874239","1751974943","2025-07-08 11:42:23","0x4822c6499d4d0b0699f42419610f894c6662a484","0xe5544a2a5fa9b175da60d8eec67add5582bb31b0","","0","0","0","0.000047442383019873","0.131849742329207","2616.29","","","Mint"
"0xc47078af6e0e0b1087e48f5b4a35dc76ee476b7d0a141fccbe480bf4cf1c7181","22874240","1751974955","2025-07-08 11:42:35","0xf66ac2c80aaeff89b081ff911e80e7daeb9d0af6","0xe5544a2a5fa9b175da60d8eec67add5582bb31b0","","0","0","0","0.000193605","0.538058329678617","2616.29","","","Mint"
"0x49ba2c460b89f0619f22860a61687f04efe6f71f90797a3bd01c0859cc9133e0","22874241","1751974967","2025-07-08 11:42:47","0xf66ac2c80aaeff89b081ff911e80e7daeb9d0af6","0xe5544a2a5fa9b175da60d8eec67add5582bb31b0","","0","0","0","0.00075","2.08436635034717","2616.29","Error(0)","invalid jump destination","Mint"
"0x5f4fbec2aff0ea7369cb1857c838b436be03fa7438dbb709b37fefbc99818ed2","22874241","1751974967","2025-07-08 11:42:47","0x4822c6499d4d0b0699f42419610f894c6662a484","0xe5544a2a5fa9b175da60d8eec67add5582bb31b0","","0","0","0","0.000045440339735385","0.12628575345704","2616.29","","","Mint"
"0xfbb89dd343ef951305bb3588afdd2938c20f57239ecf9ad8c6f1d03cca48db1b","22874243","1751974991","2025-07-08 11:43:11","0xf66ac2c80aaeff89b081ff911e80e7daeb9d0af6","0xe5544a2a5fa9b175da60d8eec67add5582bb31b0","","0","0","0","0.000193605","0.538058329678617","2616.29","","","Mint"
"0x04f2fcec2bd6e93eb9bf758c0827b72c386a889bc7bdd7df42b985f9831b5f5c","22874243","1751974991","2025-07-08 11:43:11","0x4822c6499d4d0b0699f42419610f894c6662a484","0xe5544a2a5fa9b175da60d8eec67add5582bb31b0","","0","0","0","0.0001117613375","0.310602094873057","2616.29","Error(0)","invalid jump destination","Mint"
"0x6dbcb625b1464c20e5cae18c8a8d89fbb17a51b7fb27bb6b72fdd26099f831eb","22874244","1751975003","2025-07-08 11:43:23","0xf66ac2c80aaeff89b081ff911e80e7daeb9d0af6","0xe5544a2a5fa9b175da60d8eec67add5582bb31b0","","0","0","0","0.00075","2.08436635034717","2616.29","Error(0)","invalid jump destination","Mint"
"0xb151d009665ce0bab35a9a87bac36ac7681ea5e585a72bb461afea5cb2290387","22874244","1751975003","2025-07-08 11:43:23","0x4822c6499d4d0b0699f42419610f894c6662a484","0xe5544a2a5fa9b175da60d8eec67add5582bb31b0","","0","0","0","0.000044181173046504","0.122786333889331","2616.29","","","Mint"
"0xf575a75800c63f6ae1452c85b813aec1849aa51acf24864ae36cc6526173da43","22874246","1751975027","2025-07-08 11:43:47","0x4822c6499d4d0b0699f42419610f894c6662a484","0xe5544a2a5fa9b175da60d8eec67add5582bb31b0","","0","0","0","0.000045211573627962","0.125649976955156","2616.29","","","Mint"
"0xb2983787f1241b24d06061f2ce0342cde94e39cce4c0ca15bc30e1029bfbd291","22874249","1751975063","2025-07-08 11:44:23","0x4822c6499d4d0b0699f42419610f894c6662a484","0xe5544a2a5fa9b175da60d8eec67add5582bb31b0","","0","0","0","0.000042308058417459","0.117580657751832","2616.29","","","Mint"
"0xe485a2b1ddaf66c833ef78129190870808b1e2843d5af4feebd69c745c98377c","22874249","1751975063","2025-07-08 11:44:23","0xf66ac2c80aaeff89b081ff911e80e7daeb9d0af6","0xe5544a2a5fa9b175da60d8eec67add5582bb31b0","","0","0","0","0.00008541552976","0.237383008038428","2616.29","Error(0)","invalid jump destination","Mint"
"0xee38c66b8de3c49058a352bc7f56fc50deb956716fb3be95a05e51f066a61fb6","22874251","1751975087","2025-07-08 11:44:47","0x4822c6499d4d0b0699f42419610f894c6662a484","0xe5544a2a5fa9b175da60d8eec67add5582bb31b0","","0","0","0","0.000044676096698373","0.12416180349726","2616.29","","","Mint"
"0xb9d7241fde2b6a207f4b8eb4f807846a8d156f9c832d577b1bbeca204760cd4c","22874253","1751975111","2025-07-08 11:45:11","0x4822c6499d4d0b0699f42419610f894c6662a484","0xe5544a2a5fa9b175da60d8eec67add5582bb31b0","","0","0","0","0.000043303028315892","0.120345833453034","2616.29","","","Mint"
"0xbf0526bbf7f513fb6c1181ae6fa60a69ca5bcfc00c7a40d3c891c88451feaa34","22874253","1751975111","2025-07-08 11:45:11","0xf66ac2c80aaeff89b081ff911e80e7daeb9d0af6","0xe5544a2a5fa9b175da60d8eec67add5582bb31b0","","0","0","0","0.00015807975195","0.439328154181076","2616.29","Error(0)","invalid jump destination","Mint"
"0x9c0468374f165562d9bca5d1c5a2e5d0e0cf3fec8fe9f38f0fce7d53e63316d6","22874255","1751975135","2025-07-08 11:45:35","0x4822c6499d4d0b0699f42419610f894c6662a484","0xe5544a2a5fa9b175da60d8eec67add5582bb31b0","","0","0","0","0.000042971708091129","0.119425043149454","2616.29","","","Mint"
"0x63e2cab8b50745159c0f12d805a597f1bbc59d8707cbd22b095cf985484db18a","22874255","1751975135","2025-07-08 11:45:35","0xf66ac2c80aaeff89b081ff911e80e7daeb9d0af6","0xe5544a2a5fa9b175da60d8eec67add5582bb31b0","","0","0","0","0.0001527606678","0.424545594158509","2616.29","Error(0)","invalid jump destination","Mint"
"0xb9e68941efe65ddcf2c7d9d46da4a236d21ee484eaf3775b09c93cfd6744dc5c","22874257","1751975159","2025-07-08 11:45:59","0xf66ac2c80aaeff89b081ff911e80e7daeb9d0af6","0xe5544a2a5fa9b175da60d8eec67add5582bb31b0","","0","0","0","0.000193605","0.538058329678617","2616.29","","","Mint"
"0x993d97c90c9fbc029d5e3cf55332e8da4ba2c1ddcefb631808b55dc8cce16903","22874257","1751975159","2025-07-08 11:45:59","0x4822c6499d4d0b0699f42419610f894c6662a484","0xe5544a2a5fa9b175da60d8eec67add5582bb31b0","","0","0","0","0.0001156812904","0.321496252099331","2616.29","Error(0)","invalid jump destination","Mint"
"0xb7acd1a64b7046f6118943513bab30054ef1fb40440ece09a81d1a8a76c2c2a0","22874258","1751975171","2025-07-08 11:46:11","0xf66ac2c80aaeff89b081ff911e80e7daeb9d0af6","0xe5544a2a5fa9b175da60d8eec67add5582bb31b0","","0","0","0","0.00075","2.08436635034717","2616.29","Error(0)","invalid jump destination","Mint"
"0x0a633aadb64dc1172beeaed0a757d0d34262142d99370e006ef26593a1cfebd1","22874258","1751975171","2025-07-08 11:46:11","0x4822c6499d4d0b0699f42419610f894c6662a484","0xe5544a2a5fa9b175da60d8eec67add5582bb31b0","","0","0","0","0.000045762856547193","0.127182077710311","2616.29","","","Mint"
"0x9bd06891899ff9a006e7a54b7e0ada7e6f758e6041f7cec6c20c5c4fb50f227b","22874259","1751975183","2025-07-08 11:46:23","0xf66ac2c80aaeff89b081ff911e80e7daeb9d0af6","0xe5544a2a5fa9b175da60d8eec67add5582bb31b0","","0","0","0","0.000193545","0.537891580370589","2616.29","","","Mint"
"0x81a2a760f2d529f204f1ac8a3a4ae8ac4e76972c9fd6a46327d6d1ff007c5d95","22874260","1751975195","2025-07-08 11:46:35","0xf66ac2c80aaeff89b081ff911e80e7daeb9d0af6","0xe5544a2a5fa9b175da60d8eec67add5582bb31b0","","0","0","0","0.00075","2.08436635034717","2616.29","Error(0)","invalid jump destination","Mint"
"0x3c062183267f4dc767a2625016c9918e815038c07646e8cc0223f2301a0b5afd","22874260","1751975195","2025-07-08 11:46:35","0x4822c6499d4d0b0699f42419610f894c6662a484","0xe5544a2a5fa9b175da60d8eec67add5582bb31b0","","0","0","0","0.000046763196506232","0.129962177643016","2616.29","","","Mint"
"0x07440cf11d146ae5b7977ca620bfb5f0b09fe67b694708a9b52209ff3773a474","22874261","1751975207","2025-07-08 11:46:47","0xf66ac2c80aaeff89b081ff911e80e7daeb9d0af6","0xe5544a2a5fa9b175da60d8eec67add5582bb31b0","","0","0","0","0.000193605","0.538058329678617","2616.29","","","Mint"
"0x6c2340321a8597662f110898ad572a428bd5597b38793063dd9432cd9bc4578b","22874262","1751975219","2025-07-08 11:46:59","0xf66ac2c80aaeff89b081ff911e80e7daeb9d0af6","0xe5544a2a5fa9b175da60d8eec67add5582bb31b0","","0","0","0","0.00075","2.08436635034717","2616.29","Error(0)","invalid jump destination","Mint"
"0x6fa809a4cd3e1f6227ea958e1e0d3565d218ccd6a47a8aea5cf4474582f4dc93","22874262","1751975219","2025-07-08 11:46:59","0x4822c6499d4d0b0699f42419610f894c6662a484","0xe5544a2a5fa9b175da60d8eec67add5582bb31b0","","0","0","0","0.000047671514576094","0.132486534469993","2616.29","","","Mint"
"0xae669a27780b37c945fc1d12d1aa1dcbac0b50fded3b45c1b76537d562abf34c","22874263","1751975231","2025-07-08 11:47:11","0xf66ac2c80aaeff89b081ff911e80e7daeb9d0af6","0xe5544a2a5fa9b175da60d8eec67add5582bb31b0","","0","0","0","0.000193605","0.538058329678617","2616.29","","","Mint"
"0xa454b588d92312c148ad9b01f9bebe0f7ee83cd84609065b49a58a850130da20","22874264","1751975243","2025-07-08 11:47:23","0xf66ac2c80aaeff89b081ff911e80e7daeb9d0af6","0xe5544a2a5fa9b175da60d8eec67add5582bb31b0","","0","0","0","0.00075","2.08436635034717","2616.29","Error(0)","invalid jump destination","Mint"
"0xdc68bf6c13b31f2d0245af8141167e39a4356814a241f2ac2e3fe091ddc7707c","22874265","1751975255","2025-07-08 11:47:35","0xf66ac2c80aaeff89b081ff911e80e7daeb9d0af6","0xe5544a2a5fa9b175da60d8eec67add5582bb31b0","","0","0","0","0.000193605","0.538058329678617","2616.29","","","Mint"
"0xb81aeae79182002d4534e0ac71ef0d66ea676444fb4d18f7fb5d0c1774d17b28","22874266","1751975267","2025-07-08 11:47:47","0x4822c6499d4d0b0699f42419610f894c6662a484","0xe5544a2a5fa9b175da60d8eec67add5582bb31b0","","0","0","0","0.0001230640796","0.342014168606247","2616.29","Error(0)","invalid jump destination","Mint"
"0xb14c8b9fa890ff8df9eeedefc93efa0c1c14014135ab49484804e4141eedea92","22874266","1751975267","2025-07-08 11:47:47","0xf66ac2c80aaeff89b081ff911e80e7daeb9d0af6","0xe5544a2a5fa9b175da60d8eec67add5582bb31b0","","0","0","0","0.000193545","0.537891580370589","2616.29","","","Mint"
"0x209d903db8ecb1b8b3f1a36d7912b94b1ffe6da927775cc2f08f1afdd3e585cd","22874267","1751975279","2025-07-08 11:47:59","0xf66ac2c80aaeff89b081ff911e80e7daeb9d0af6","0xe5544a2a5fa9b175da60d8eec67add5582bb31b0","","0","0","0","0.00075","2.08436635034717","2616.29","Error(0)","invalid jump destination","Mint"
"0x8bf128c530756120a682ee44e71685c8c8434f8a5eb576dd43f0c6eb2f3284e2","22874267","1751975279","2025-07-08 11:47:59","0x4822c6499d4d0b0699f42419610f894c6662a484","0xe5544a2a5fa9b175da60d8eec67add5582bb31b0","","0","0","0","0.000048285530962614","0.134192981262825","2616.29","","","Mint"
"0x083d33600486075ee840a68c4fd4da1e94c25d07d0064665f0149dc338754ffe","22874268","1751975291","2025-07-08 11:48:11","0xf66ac2c80aaeff89b081ff911e80e7daeb9d0af6","0xe5544a2a5fa9b175da60d8eec67add5582bb31b0","","0","0","0","0.000193605","0.538058329678617","2616.29","","","Mint"
"0xab228019a783c6998b390f28dfb2c1aceebdf7b46ee5bbc2cdbef7ff22afebc2","22874270","1751975315","2025-07-08 11:48:35","0xf66ac2c80aaeff89b081ff911e80e7daeb9d0af6","0xe5544a2a5fa9b175da60d8eec67add5582bb31b0","","0","0","0","0.00075","2.08436635034717","2616.29","Error(0)","invalid jump destination","Mint"
"0xdc7b2650acf61938c3980b2afd8be818f866911a3f273a0a0d4137bb5b016cde","22874270","1751975315","2025-07-08 11:48:35","0x4822c6499d4d0b0699f42419610f894c6662a484","0xe5544a2a5fa9b175da60d8eec67add5582bb31b0","","0","0","0","0.000045270444881478","0.125813589301598","2616.29","","","Mint"
"0xda0a782c15d0196f728d071c34cddaa50b92b470cae0f8408e2bbbb673105971","22874271","1751975327","2025-07-08 11:48:47","0xf66ac2c80aaeff89b081ff911e80e7daeb9d0af6","0xe5544a2a5fa9b175da60d8eec67add5582bb31b0","","0","0","0","0.000193545","0.537891580370589","2616.29","","","Mint"
"0x63c56eb716709b77224bcba2f894bc2fd26bcff12b5eec2ec8cce7e698e310fd","22874273","1751975351","2025-07-08 11:49:11","0xf66ac2c80aaeff89b081ff911e80e7daeb9d0af6","0xe5544a2a5fa9b175da60d8eec67add5582bb31b0","","0","0","0","0.00075","2.08436635034717","2616.29","Error(0)","invalid jump destination","Mint"
"0x6482a885199cf48606bfd85852a310d96c1e86adac7f212c0119fbc8d6cc8a0d","22874273","1751975351","2025-07-08 11:49:11","0x4822c6499d4d0b0699f42419610f894c6662a484","0xe5544a2a5fa9b175da60d8eec67add5582bb31b0","","0","0","0","0.000043575514730346","0.121103115470654","2616.29","","","Mint"
"0xeae9933b8277873022eb427f8f39b320b7d3029b425f43551cad93c3ed946498","22874275","1751975375","2025-07-08 11:49:35","0x4822c6499d4d0b0699f42419610f894c6662a484","0xe5544a2a5fa9b175da60d8eec67add5582bb31b0","","0","0","0","0.000046324337880846","0.128742521441264","2616.29","","","Mint"
"0x6742da9a99972330e41a2fa552e493177e06a2fe56bfaef3edea189b97006ff4","22874277","1751975399","2025-07-08 11:49:59","0x4822c6499d4d0b0699f42419610f894c6662a484","0xe5544a2a5fa9b175da60d8eec67add5582bb31b0","","0","0","0","0.000046431725772942","0.12904096905289","2616.29","","","Mint"
"0x1e4a83cd734bb5cbefc2c83da6c708be59825e796d409556fa8ce1bbb7f03569","22874279","1751975423","2025-07-08 11:50:23","0x4822c6499d4d0b0699f42419610f894c6662a484","0xe5544a2a5fa9b175da60d8eec67add5582bb31b0","","0","0","0","0.000047272860661986","0.131378613397992","2616.29","","","Mint"
"0x19e721895f66fcc38967770d51228ddec18496b57e10d5373ea9969176de6550","22874281","1751975447","2025-07-08 11:50:47","0x4822c6499d4d0b0699f42419610f894c6662a484","0xe5544a2a5fa9b175da60d8eec67add5582bb31b0","","0","0","0","0.000047198966899542","0.13117325116874","2616.29","","","Mint"
"0xdcc223fe0d9c790dd94b27285d2acfb7d8a9ed153fe7438c252b37913b2bbc3f","22874283","1751975471","2025-07-08 11:51:11","0x4822c6499d4d0b0699f42419610f894c6662a484","0xe5544a2a5fa9b175da60d8eec67add5582bb31b0","","0","0","0","0.000047718944968365","0.132618350888171","2616.29","","","Mint"
"0x69953356e88583d966d291d50f925ecb1598c9894658d09c4447ccda21db438a","22874285","1751975495","2025-07-08 11:51:35","0x4822c6499d4d0b0699f42419610f894c6662a484","0xe5544a2a5fa9b175da60d8eec67add5582bb31b0","","0","0","0","0.000046560898215801","0.129399959310607","2616.29","","","Mint"
"0x310940ea6452b0eb22af67e08c15f46be077f9af156cd2fc878cc954d4e4f2e3","22874287","1751975519","2025-07-08 11:51:59","0x4822c6499d4d0b0699f42419610f894c6662a484","0xe5544a2a5fa9b175da60d8eec67add5582bb31b0","","0","0","0","0.000046151180743968","0.128261290895356","2616.29","","","Mint"
"0x1dc6b36a961dcb0218cd3d638216f9e6098e9923d14bb03ffd6cb6a7624daec9","22874289","1751975543","2025-07-08 11:52:23","0x4822c6499d4d0b0699f42419610f894c6662a484","0xe5544a2a5fa9b175da60d8eec67add5582bb31b0","","0","0","0","0.000044260305179433","0.123006254362809","2616.29","","","Mint"
"0xfe5cad952f9fb3755c1692ddf7d67f67c9c68e659fdb59c313393dfd68163016","22874290","1751975555","2025-07-08 11:52:35","0xf66ac2c80aaeff89b081ff911e80e7daeb9d0af6","0xe5544a2a5fa9b175da60d8eec67add5582bb31b0","","0","0","0","0.000193605","0.538058329678617","2616.29","","","Mint"
"0x077503d0c2a412d98fc38269e7c3c375ba6aa44e5def8e69771974674db69d0c","22874291","1751975567","2025-07-08 11:52:47","0xf66ac2c80aaeff89b081ff911e80e7daeb9d0af6","0xe5544a2a5fa9b175da60d8eec67add5582bb31b0","","0","0","0","0.00075","2.08436635034717","2616.29","Error(0)","invalid jump destination","Mint"
"0x04133bf56b711dae727b3c3c22140c8ccbdd8cf895a2a6ab221b3a57bf3028a7","22874291","1751975567","2025-07-08 11:52:47","0x4822c6499d4d0b0699f42419610f894c6662a484","0xe5544a2a5fa9b175da60d8eec67add5582bb31b0","","0","0","0","0.000044826627726738","0.124580152577536","2616.29","","","Mint"
"0x8d56cf165a008ae622cb4d773c9939825db3bd164cfa736203cce47024b02c34","22874292","1751975579","2025-07-08 11:52:59","0xf66ac2c80aaeff89b081ff911e80e7daeb9d0af6","0xe5544a2a5fa9b175da60d8eec67add5582bb31b0","","0","0","0","0.000193605","0.538058329678617","2616.29","","","Mint"
"0x9bbf6ec97c03108086dd37a643cc6049e2692ec9ba09f419fefc5a4e46d8821e","22874293","1751975591","2025-07-08 11:53:11","0xf66ac2c80aaeff89b081ff911e80e7daeb9d0af6","0xe5544a2a5fa9b175da60d8eec67add5582bb31b0","","0","0","0","0.00075","2.08436635034717","2616.29","Error(0)","invalid jump destination","Mint"
"0xabb3730d81ea66c5a8a378a330403660dcf26df8673e6bcb73fdc5534660676a","22874293","1751975591","2025-07-08 11:53:11","0x4822c6499d4d0b0699f42419610f894c6662a484","0xe5544a2a5fa9b175da60d8eec67add5582bb31b0","","0","0","0","0.000043914335057925","0.12204474972348","2616.29","","","Mint"
"0x81e158a991bfe98999e4c4a364242d6474b3a3c0b34cbb1ac73da8bc861cc47e","22874294","1751975603","2025-07-08 11:53:23","0xf66ac2c80aaeff89b081ff911e80e7daeb9d0af6","0xe5544a2a5fa9b175da60d8eec67add5582bb31b0","","0","0","0","0.000193605","0.538058329678617","2616.29","","","Mint"
"0x3c446f81c3fbcf19fe7f933a61b7a680f654930a410f6f205fffcf2c94448a45","22874295","1751975615","2025-07-08 11:53:35","0xf66ac2c80aaeff89b081ff911e80e7daeb9d0af6","0xe5544a2a5fa9b175da60d8eec67add5582bb31b0","","0","0","0","0.00075","2.08436635034717","2616.29","Error(0)","invalid jump destination","Mint"
"0x66de383d762b3bd1b6084dab3e4e1b86f01b6ae02dd65be89157415165a748f7","22874295","1751975615","2025-07-08 11:53:35","0x4822c6499d4d0b0699f42419610f894c6662a484","0xe5544a2a5fa9b175da60d8eec67add5582bb31b0","","0","0","0","0.000042849889308264","0.119086489853662","2616.29","","","Mint"
"0x46cb3741257ee7c9a5f99832c11d85f47c0656285cf6fac414eb13bd17e9b78b","22874296","1751975627","2025-07-08 11:53:47","0xf66ac2c80aaeff89b081ff911e80e7daeb9d0af6","0xe5544a2a5fa9b175da60d8eec67add5582bb31b0","","0","0","0","0.000193605","0.538058329678617","2616.29","","","Mint"
"0x54e9db3760f8cf1bd0ab0cb468fc15f805a21042a35967a5031d8526eb6baa1b","22874297","1751975639","2025-07-08 11:53:59","0xf66ac2c80aaeff89b081ff911e80e7daeb9d0af6","0xe5544a2a5fa9b175da60d8eec67add5582bb31b0","","0","0","0","0.00075","2.08436635034717","2616.29","Error(0)","invalid jump destination","Mint"
"0xb11729316e8d227895b165c689bb66c2ca69f10f9f155ccd2e4fff9b2492ffe5","22874297","1751975639","2025-07-08 11:53:59","0x4822c6499d4d0b0699f42419610f894c6662a484","0xe5544a2a5fa9b175da60d8eec67add5582bb31b0","","0","0","0","0.000042775264144851","0.118879094947652","2616.29","","","Mint"
"0xdd5bf8a7b028acac5965fbbf41cf3561ac60ec3d98c49737a2f8d1d592385327","22874299","1751975663","2025-07-08 11:54:23","0xf66ac2c80aaeff89b081ff911e80e7daeb9d0af6","0xe5544a2a5fa9b175da60d8eec67add5582bb31b0","","0","0","0","0.000193605","0.538058329678617","2616.29","","","Mint"
"0x270fd3b6715243baeb636d8427321154cabd16a9af3d921b15d9a45617d9abc8","22874299","1751975663","2025-07-08 11:54:23","0x4822c6499d4d0b0699f42419610f894c6662a484","0xe5544a2a5fa9b175da60d8eec67add5582bb31b0","","0","0","0","0.0001006776529","0.279798815915589","2616.29","Error(0)","invalid jump destination","Mint"
"0xaf1ac838ddf658caf4f21b2d76d06930959a3e99e649ba865dabbd45fb12b1de","22874300","1751975675","2025-07-08 11:54:35","0xf66ac2c80aaeff89b081ff911e80e7daeb9d0af6","0xe5544a2a5fa9b175da60d8eec67add5582bb31b0","","0","0","0","0.00075","2.08436635034717","2616.29","Error(0)","invalid jump destination","Mint"
"0xf7b9654c314fdd3a724959f3fec35ecac6bb8a2abaf6b1f474d60856f8cad2b1","22874300","1751975675","2025-07-08 11:54:35","0x4822c6499d4d0b0699f42419610f894c6662a484","0xe5544a2a5fa9b175da60d8eec67add5582bb31b0","","0","0","0","0.000040444867128852","0.112402560116855","2616.29","","","Mint"
"0x1c0d8057ca5d9aed52b19893c1e13da47309d344b37e28baa6dfb3892141c433","22874301","1751975687","2025-07-08 11:54:47","0xf66ac2c80aaeff89b081ff911e80e7daeb9d0af6","0xe5544a2a5fa9b175da60d8eec67add5582bb31b0","","0","0","0","0.000193545","0.537891580370589","2616.29","","","Mint"
"0xc5301bfb4397c75c7422b491b1541384b2f8bd65ad913d490301aa7d8a867400","22874302","1751975699","2025-07-08 11:54:59","0xf66ac2c80aaeff89b081ff911e80e7daeb9d0af6","0xe5544a2a5fa9b175da60d8eec67add5582bb31b0","","0","0","0","0.00075","2.08436635034717","2616.29","Error(0)","invalid jump destination","Mint"
"0xa05cea4172a929eb9dafb065116e420bd147305930d504e06e36e29630135909","22874302","1751975699","2025-07-08 11:54:59","0x4822c6499d4d0b0699f42419610f894c6662a484","0xe5544a2a5fa9b175da60d8eec67add5582bb31b0","","0","0","0","0.000042466224874071","0.118020226871719","2616.29","","","Mint"
"0x77767e7dc6e8395941a93d3a827b6b814630ebcff84989c3a2686ac1c3e2a318","22874304","1751975723","2025-07-08 11:55:23","0x4822c6499d4d0b0699f42419610f894c6662a484","0xe5544a2a5fa9b175da60d8eec67add5582bb31b0","","0","0","0","0.000041821429539489","0.116228240607368","2616.29","","","Mint"
"0xdc63c83a9bd59a6dc5fd795d57292829cb936b40e9083c3e249d8b612d8edb8d","22874306","1751975747","2025-07-08 11:55:47","0x4822c6499d4d0b0699f42419610f894c6662a484","0xe5544a2a5fa9b175da60d8eec67add5582bb31b0","","0","0","0","0.000040182797988729","0.111674229320673","2616.29","","","Mint"
"0x5e4b1d5c05e7c5dae5689628905a813d75a3f37a7bd8b20cdefca5095d5d6242","22874308","1751975771","2025-07-08 11:56:11","0x4822c6499d4d0b0699f42419610f894c6662a484","0xe5544a2a5fa9b175da60d8eec67add5582bb31b0","","0","0","0","0.000039023157232566","0.108451407759823","2616.29","","","Mint"
"0xa3443e043580eb41d5563545189359135c4bf9069194a77a13125ddf3cc5ebfe","22874312","1751975819","2025-07-08 11:56:59","0x4822c6499d4d0b0699f42419610f894c6662a484","0xe5544a2a5fa9b175da60d8eec67add5582bb31b0","","0","0","0","0.000035604842493684","0.0989513808043277","2616.29","","","Mint"
"0x36331fe3af9899d1a469f26174067f9e1df313b83c2bd95ccfc4cde2601e4469","22874314","1751975843","2025-07-08 11:57:23","0x4822c6499d4d0b0699f42419610f894c6662a484","0xe5544a2a5fa9b175da60d8eec67add5582bb31b0","","0","0","0","0.000039187448576958","0.108907998893028","2616.29","","","Mint"
"0xe6946e1ddccef17ae9c5a996dcb7ee848200842fa21535c63bf163f23e4b4ac4","22874316","1751975867","2025-07-08 11:57:47","0x4822c6499d4d0b0699f42419610f894c6662a484","0xe5544a2a5fa9b175da60d8eec67add5582bb31b0","","0","0","0","0.000039118524267654","0.108716447544983","2616.29","","","Mint"
"0xfcac5a6c5e7994d31f9cf98431a46af201b4ec29f8ccca3178a3112991a1ba05","22874318","1751975891","2025-07-08 11:58:11","0x4822c6499d4d0b0699f42419610f894c6662a484","0xe5544a2a5fa9b175da60d8eec67add5582bb31b0","","0","0","0","0.000037596132336936","0.104485484195078","2616.29","","","Mint"
"0xc3a9a9b56fa41de8aff2f3eafa79c208c1adb880ba80cd072875433037de513e","22874320","1751975915","2025-07-08 11:58:35","0x4822c6499d4d0b0699f42419610f894c6662a484","0xe5544a2a5fa9b175da60d8eec67add5582bb31b0","","0","0","0","0.000037349842701798","0.103801007091183","2616.29","","","Mint"
"0x171f3ebee1ef7cb1cbf4475a49871d64270dfcf41f9326ae5f6b7e6ae4edc794","22874323","1751975951","2025-07-08 11:59:11","0x4822c6499d4d0b0699f42419610f894c6662a484","0xe5544a2a5fa9b175da60d8eec67add5582bb31b0","","0","0","0","0.000034070926561254","0.094688390465903","2616.29","","","Mint"
"0x1520d292944fa5f486f07cb8fef92ad811802946c2c9e9001e732a65a6c76104","22874325","1751975975","2025-07-08 11:59:35","0x4822c6499d4d0b0699f42419610f894c6662a484","0xe5544a2a5fa9b175da60d8eec67add5582bb31b0","","0","0","0","0.000035343926727171","0.0982262554123347","2616.29","","","Mint"
"0x5a46c1ecd8795c4eeced965f0b429b40443e7572674fcf473941d16ba27a4b7d","22874327","1751975999","2025-07-08 11:59:59","0x4822c6499d4d0b0699f42419610f894c6662a484","0xe5544a2a5fa9b175da60d8eec67add5582bb31b0","","0","0","0","0.000035203291087146","0.0978354071513645","2616.29","","","Mint"
"0xd5f2da93953f9ceb5987d07971d4d8b52317d1af9de3d8ba2e9cf49b743e2471","22874330","1751976035","2025-07-08 12:00:35","0x4822c6499d4d0b0699f42419610f894c6662a484","0xe5544a2a5fa9b175da60d8eec67add5582bb31b0","","0","0","0","0.000034683588279816","0.0963910724263251","2616.29","","","Mint"
"0xe553f1ac7b11645a32a024daebdef75928afdaf3f9b4fee8950020612a20ae2f","22874332","1751976059","2025-07-08 12:00:59","0x4822c6499d4d0b0699f42419610f894c6662a484","0xe5544a2a5fa9b175da60d8eec67add5582bb31b0","","0","0","0","0.000039757205014242","0.110491440420719","2616.29","","","Mint"
"0x0901c3b995c4bf0af69b10d76322479930011e38bf3d25740e884c2d6cc8fc7e","22874334","1751976083","2025-07-08 12:01:23","0x4822c6499d4d0b0699f42419610f894c6662a484","0xe5544a2a5fa9b175da60d8eec67add5582bb31b0","","0","0","0","0.000041205494786094","0.114516462375387","2616.29","","","Mint"
"0x54dcc190458dd4791648eca63555aa207bb58aa86ad9b211eb717077f4d6ca02","22874336","1751976107","2025-07-08 12:01:47","0x4822c6499d4d0b0699f42419610f894c6662a484","0xe5544a2a5fa9b175da60d8eec67add5582bb31b0","","0","0","0","0.000039870682867776","0.110806812979941","2616.29","","","Mint"
"0xfc1c08303379e9f8c4b55c03353c09c0c074bcf21cc6d1e2e250bc1262e8ddf3","22874338","1751976131","2025-07-08 12:02:11","0x4822c6499d4d0b0699f42419610f894c6662a484","0xe5544a2a5fa9b175da60d8eec67add5582bb31b0","","0","0","0","0.000039717800937081","0.110381930377385","2616.29","","","Mint"
"0xf19f5dd45bf5aeb9a16d1be3f65c9875406766b0890c9c11850c4f0aa8486cc0","22874340","1751976155","2025-07-08 12:02:35","0x4822c6499d4d0b0699f42419610f894c6662a484","0xe5544a2a5fa9b175da60d8eec67add5582bb31b0","","0","0","0","0.00004019582287245","0.111710427493133","2616.29","","","Mint"
"0x24632b02aa9d92c613d1e058bed17ade6db73fb6f01dc688d7f5b0e4afe1cdde","22874342","1751976179","2025-07-08 12:02:59","0x4822c6499d4d0b0699f42419610f894c6662a484","0xe5544a2a5fa9b175da60d8eec67add5582bb31b0","","0","0","0","0.000042232691437128","0.117371201221526","2616.29","","","Mint"
"0xdc9d51c3aefa7777e01b68a5a5a147ab95efe23d67be82961ea1b8192fb98333","22874344","1751976203","2025-07-08 12:03:23","0x4822c6499d4d0b0699f42419610f894c6662a484","0xe5544a2a5fa9b175da60d8eec67add5582bb31b0","","0","0","0","0.00004216521901044","0.117183684880506","2616.29","","","Mint"
"0x60338b9f87c3fe7aa3403f0230a1b81a4a86b7075b0dc4cd0a07282b566902c3","22874346","1751976227","2025-07-08 12:03:47","0x4822c6499d4d0b0699f42419610f894c6662a484","0xe5544a2a5fa9b175da60d8eec67add5582bb31b0","","0","0","0","0.000043829572736712","0.121809182083328","2616.29","","","Mint"
"0xc9ebb5d310f1808a54b2ee4e09de5cccdcc8e4f5c617ae1dce1197abc18bd73d","22874348","1751976251","2025-07-08 12:04:11","0x4822c6499d4d0b0699f42419610f894c6662a484","0xe5544a2a5fa9b175da60d8eec67add5582bb31b0","","0","0","0","0.000045348246830502","0.126029812987648","2616.29","","","Mint"
"0xa93ba4b8936da96d426c0e6df45e1277876a7a2476a11c158c29a8a663af9525","22874350","1751976275","2025-07-08 12:04:35","0x4822c6499d4d0b0699f42419610f894c6662a484","0xe5544a2a5fa9b175da60d8eec67add5582bb31b0","","0","0","0","0.000045145383176142","0.125466023421173","2616.29","","","Mint"
"0x101be1177ae89f3e83868dc00e0907fdc0cd79232c11b30088142caa0cf0c9cd","22874352","1751976299","2025-07-08 12:04:59","0x4822c6499d4d0b0699f42419610f894c6662a484","0xe5544a2a5fa9b175da60d8eec67add5582bb31b0","","0","0","0","0.000045668851181118","0.12692082221458","2616.29","","","Mint"
"0x2b625f12bf584195bf2aa5e4d2479f81d6fa7c267a371115d62f971d6be60ce1","22874355","1751976335","2025-07-08 12:05:35","0x4822c6499d4d0b0699f42419610f894c6662a484","0xe5544a2a5fa9b175da60d8eec67add5582bb31b0","","0","0","0","0.000041112484351191","0.114257971947729","2616.29","","","Mint"
"0x15ecc66cb6cedc89c68568d53ee14851c3066026e8eda34151e305d4b6ebebfc","22874357","1751976359","2025-07-08 12:05:59","0x4822c6499d4d0b0699f42419610f894c6662a484","0xe5544a2a5fa9b175da60d8eec67add5582bb31b0","","0","0","0","0.000045839847834753","0.127396048442391","2616.29","","","Mint"
"0x53613caf59156dd2088ac31b6421a6c06ba3990220b7f1ca95cfa150be772c80","22874359","1751976383","2025-07-08 12:06:23","0x4822c6499d4d0b0699f42419610f894c6662a484","0xe5544a2a5fa9b175da60d8eec67add5582bb31b0","","0","0","0","0.000043669312829235","0.121363794938722","2616.29","","","Mint"
"0x0bd402a059d581a1a88dd9dc079872087b3aabca0ea0f5981f5386cc55f508a6","22874361","1751976407","2025-07-08 12:06:47","0x4822c6499d4d0b0699f42419610f894c6662a484","0xe5544a2a5fa9b175da60d8eec67add5582bb31b0","","0","0","0","0.000044314155713205","0.123155913350199","2616.29","","","Mint"
"0x75b27ceb001d0f7ccb83473948df1ebdc6d70bb8a3ebf89beed854556e2b0f7a","22874363","1751976431","2025-07-08 12:07:11","0x4822c6499d4d0b0699f42419610f894c6662a484","0xe5544a2a5fa9b175da60d8eec67add5582bb31b0","","0","0","0","0.000042766700298723","0.11885529469072","2616.29","","","Mint"
"0xe9c0d7c37d5e1a952a0816952c426c10e402329724bc68b75cc7f04e54d73d9b","22874365","1751976455","2025-07-08 12:07:35","0x4822c6499d4d0b0699f42419610f894c6662a484","0xe5544a2a5fa9b175da60d8eec67add5582bb31b0","","0","0","0","0.000042185733086472","0.117240696680226","2616.29","","","Mint"
"0x742ac01918b8cce4372f4e412dc033770bdbf3afec4544ed62652ad0d120de1d","22874367","1751976479","2025-07-08 12:07:59","0x4822c6499d4d0b0699f42419610f894c6662a484","0xe5544a2a5fa9b175da60d8eec67add5582bb31b0","","0","0","0","0.000044182174371564","0.122789116727012","2616.29","","","Mint"
"0xa1cde468dec0610dab3aabaee578359813aee98ded7f34e91f42145edae17f90","22874369","1751976503","2025-07-08 12:08:23","0x4822c6499d4d0b0699f42419610f894c6662a484","0xe5544a2a5fa9b175da60d8eec67add5582bb31b0","","0","0","0","0.000043968303768189","0.122194737141674","2616.29","","","Mint"
"0x0f6e702b5461a2afa4feddfbd8caa3a3df5a87604f08af195ef70f03e856c01a","22874371","1751976527","2025-07-08 12:08:47","0x4822c6499d4d0b0699f42419610f894c6662a484","0xe5544a2a5fa9b175da60d8eec67add5582bb31b0","","0","0","0","0.000043615514801139","0.12121428187275","2616.29","","","Mint"
"0x006a435b8cf638fa72ab51f2501d7e655eee85a33fa1a08620d1b2f2ab5f280c","22874373","1751976551","2025-07-08 12:09:11","0x4822c6499d4d0b0699f42419610f894c6662a484","0xe5544a2a5fa9b175da60d8eec67add5582bb31b0","","0","0","0","0.000042798065470353","0.118942463368478","2616.29","","","Mint"
"0x39028e55928c09ffd66229bae99ce0bb2776528c82a7d83d63207c6f1650c19a","22874375","1751976575","2025-07-08 12:09:35","0x4822c6499d4d0b0699f42419610f894c6662a484","0xe5544a2a5fa9b175da60d8eec67add5582bb31b0","","0","0","0","0.000041674404973185","0.11581963652913","2616.29","","","Mint"
"0x0e8c37acfd07c1ad58ce9ded46c6b375844fa882f4efb3f456f52bbd60c414c6","22874394","1751976815","2025-07-08 12:13:35","0x0a7da29599a326568c88ef1ff2fb2f42262090fd","0xe5544a2a5fa9b175da60d8eec67add5582bb31b0","","0","0","0","0.00008154","0.226612309609744","2616.29","Error(0)","invalid jump destination","Mint"
"0x1d3be4503b8606ef5e9b8fae1761e531ad2dee94be545cd4520025ec3ea448c6","22874398","1751976863","2025-07-08 12:14:23","0x0a7da29599a326568c88ef1ff2fb2f42262090fd","0xe5544a2a5fa9b175da60d8eec67add5582bb31b0","","0","0","0","0.000081522","0.226562284817335","2616.29","Error(0)","invalid jump destination","Mint"
"0x236457ba68b64022f1147e77e6df07c62ab784e276ad49e7feb788f209d475b5","22874402","1751976911","2025-07-08 12:15:11","0x4822c6499d4d0b0699f42419610f894c6662a484","0xe5544a2a5fa9b175da60d8eec67add5582bb31b0","","0","0","0","0.000036006627051024","0.100068002419539","2616.29","","","Transfer"
"0x4b4c1bd4f0af168f660de269d34c7c930ed1088b449d9adb8f747fccfa9c020a","22874427","1751977211","2025-07-08 12:20:11","0x0a7da29599a326568c88ef1ff2fb2f42262090fd","0xe5544a2a5fa9b175da60d8eec67add5582bb31b0","","0","0","0","0.0000669852","0.186162262468367","2616.29","","","Mint"
"0xb3d2ed044bfa45cd481e3892936a5eb1fcb16e0427edf42d4cefa4e21710b732","22874427","1751977211","2025-07-08 12:20:11","0x4822c6499d4d0b0699f42419610f894c6662a484","0xe5544a2a5fa9b175da60d8eec67add5582bb31b0","","0","0","0","0.00002831773208832","0.0786993705107205","2616.29","","","Transfer"
"0x1708a0b33ef1e5775aa0dd74d760f605da49e28dcb165e414326b74244ace2ca","22874432","1751977271","2025-07-08 12:21:11","0x0a7da29599a326568c88ef1ff2fb2f42262090fd","0xe5544a2a5fa9b175da60d8eec67add5582bb31b0","","0","0","0","0.0000464652","0.129133999122868","2616.29","","","Mint"
"0x257160d5156baa4f99c02d26c1b125e54509aa524fc58917e9eb977a0cce4fa0","22874433","1751977283","2025-07-08 12:21:23","0x0a7da29599a326568c88ef1ff2fb2f42262090fd","0xe5544a2a5fa9b175da60d8eec67add5582bb31b0","","0","0","0","0.0000464652","0.129133999122868","2616.29","","","Mint"
"0x7d9802e90b68ac4ab30c4d28624456e6666ef6bcb18dc0df2d6f99331fd042a7","22874437","1751977331","2025-07-08 12:22:11","0x0a7da29599a326568c88ef1ff2fb2f42262090fd","0xe5544a2a5fa9b175da60d8eec67add5582bb31b0","","0","0","0","0.000144","0.400198339266656","2616.29","Error(0)","invalid jump destination","Mint"
"0xcb644c224e13fb98aa4fc197ce01a1ec50c738f1f7cd4e24c65d30c36518b6c2","22874438","1751977343","2025-07-08 12:22:23","0x0a7da29599a326568c88ef1ff2fb2f42262090fd","0xe5544a2a5fa9b175da60d8eec67add5582bb31b0","","0","0","0","0.0000464652","0.129133999122868","2616.29","","","Mint"
"0xe14b377ab9aff33bcbeb9f12f14087e2033bf190c18ff39a0c40d5a3ba7d83ad","22874442","1751977391","2025-07-08 12:23:11","0x0a7da29599a326568c88ef1ff2fb2f42262090fd","0xe5544a2a5fa9b175da60d8eec67add5582bb31b0","","0","0","0","0.000144","0.400198339266656","2616.29","Error(0)","invalid jump destination","Mint"
"0xcb1bcbc190813c0c227d03c6327a83b2cae3ff615d3977198d4c3a1f4d1d9aaa","22874443","1751977403","2025-07-08 12:23:23","0x0a7da29599a326568c88ef1ff2fb2f42262090fd","0xe5544a2a5fa9b175da60d8eec67add5582bb31b0","","0","0","0","0.0000464508","0.129093979288941","2616.29","","","Mint"
"0x7afe44449711f22e2809f95249bfcf090823324e03c9cf9eaad5c825c7ddc0c4","22874448","1751977463","2025-07-08 12:24:23","0x0a7da29599a326568c88ef1ff2fb2f42262090fd","0xe5544a2a5fa9b175da60d8eec67add5582bb31b0","","0","0","0","0.0000464652","0.129133999122868","2616.29","","","Mint"
"0xf30ddc5a06d7c3d991367fc34e92125c704278ef30ce2a82540290c110d7a867","22874458","1751977583","2025-07-08 12:26:23","0x0a7da29599a326568c88ef1ff2fb2f42262090fd","0xe5544a2a5fa9b175da60d8eec67add5582bb31b0","","0","0","0","0.0000464652","0.129133999122868","2616.29","","","Mint"
"0x94cbececa44aeff7b9ff16b47a1dd1b23b4db9f59540105bd462994aa0309bac","22874464","1751977655","2025-07-08 12:27:35","0x0a7da29599a326568c88ef1ff2fb2f42262090fd","0xe5544a2a5fa9b175da60d8eec67add5582bb31b0","","0","0","0","0.000144","0.400198339266656","2616.29","Error(0)","invalid jump destination","Mint"
"0x05a2d4a78c78bec124b3f796f9a5cd9752aff11bc32f4db4bab1deb09595e194","22874465","1751977667","2025-07-08 12:27:47","0x0a7da29599a326568c88ef1ff2fb2f42262090fd","0xe5544a2a5fa9b175da60d8eec67add5582bb31b0","","0","0","0","0.0000464652","0.129133999122868","2616.29","","","Mint"
"0x142df3152a4f3ab2d0a9c5db9f294b055f99d4d606ffdc7a660e8a8bcf7a4833","22874473","1751977763","2025-07-08 12:29:23","0x0a7da29599a326568c88ef1ff2fb2f42262090fd","0xe5544a2a5fa9b175da60d8eec67add5582bb31b0","","0","0","0","0.000144","0.400198339266656","2616.29","Error(0)","invalid jump destination","Mint"
"0x87d5f3d95751bdaa945dda0ef30ade4e90c11ea96745667c609f131cc532ffff","22874476","1751977799","2025-07-08 12:29:59","0x0a7da29599a326568c88ef1ff2fb2f42262090fd","0xe5544a2a5fa9b175da60d8eec67add5582bb31b0","","0","0","0","0.0000464652","0.129133999122868","2616.29","","","Mint"
"0x075f48eb15feeabe2dd34abec477acd28e6679583079c2be55160f36b241605c","22874505","1751978147","2025-07-08 12:35:47","0x0a7da29599a326568c88ef1ff2fb2f42262090fd","0xe5544a2a5fa9b175da60d8eec67add5582bb31b0","","0","0","0","0.000144","0.400198339266656","2616.29","Error(0)","invalid jump destination","Mint"
"0x9e69383ff792cb0961c2433cf1b14cb940170ece1bbe44df5311ba37770f6966","22874516","1751978279","2025-07-08 12:37:59","0x0a7da29599a326568c88ef1ff2fb2f42262090fd","0xe5544a2a5fa9b175da60d8eec67add5582bb31b0","","0","0","0","0.000067815486268101","0.18846975681288","2616.29","","","Mint"
"0xe0cce567748e191e83e19ee6cd6f73fa4cbf4601131bf736c7c56e0fc204318e","22874518","1751978303","2025-07-08 12:38:23","0x0a7da29599a326568c88ef1ff2fb2f42262090fd","0xe5544a2a5fa9b175da60d8eec67add5582bb31b0","","0","0","0","0.000069525969444582","0.193223454914069","2616.29","","","Mint"
"0x4354bcc2aba3d842d7491d564009b3c307051479568c3feba9107200065f8652","22874523","1751978363","2025-07-08 12:39:23","0x0a7da29599a326568c88ef1ff2fb2f42262090fd","0xe5544a2a5fa9b175da60d8eec67add5582bb31b0","","0","0","0","0.000064096105144665","0.178133019669138","2616.29","","","Mint"
"0xda6dcfd3f8bd5151a3fc9344d2c52b66897cee83f6bbb9111eb5d90dad448982","22874527","1751978411","2025-07-08 12:40:11","0x0a7da29599a326568c88ef1ff2fb2f42262090fd","0xe5544a2a5fa9b175da60d8eec67add5582bb31b0","","0","0","0","0.00006362940886947","0.176835998320006","2616.29","","","Mint"
"0x1bdfb60c5203ad8112bcd1ac1509921f2880f5c99e21653790fb09fc87732ce5","22874536","1751978519","2025-07-08 12:41:59","0x0a7da29599a326568c88ef1ff2fb2f42262090fd","0xe5544a2a5fa9b175da60d8eec67add5582bb31b0","","0","0","0","0.000069743029849812","0.193826699453608","2616.29","","","Mint"
"0x36ca3cab14f18384c6629eb4f54c8e7e7ef4e3cac828d7721d423575e567d817","22874540","1751978567","2025-07-08 12:42:47","0x0a7da29599a326568c88ef1ff2fb2f42262090fd","0xe5544a2a5fa9b175da60d8eec67add5582bb31b0","","0","0","0","0.000064070488725021","0.178061827664975","2616.29","","","Mint"
"0x76f51e87b6490b3c11f4af07aebf1fbcc09e64cf987fd3d31f5eafc013d07d7a","22874550","1751978687","2025-07-08 12:44:47","0x0a7da29599a326568c88ef1ff2fb2f42262090fd","0xe5544a2a5fa9b175da60d8eec67add5582bb31b0","","0","0","0","0.00020317272372","0.564648518173799","2616.29","Error(0)","invalid jump destination","Mint"
"0xd506d827f698b697ca38b0372dd755291b8030c1ac44d517289fe92a403d7d81","22874551","1751978699","2025-07-08 12:44:59","0x0a7da29599a326568c88ef1ff2fb2f42262090fd","0xe5544a2a5fa9b175da60d8eec67add5582bb31b0","","0","0","0","0.000066558451286433","0.184976261590216","2616.29","","","Mint"
"0x4a1ee2b754aaad693c112db9917c336d5073e7e2ca5b910bf6081b4da192441e","22874574","1751978975","2025-07-08 12:49:35","0x0a7da29599a326568c88ef1ff2fb2f42262090fd","0xe5544a2a5fa9b175da60d8eec67add5582bb31b0","","0","0","0","0.000083489462584914","0.232030168560751","2616.29","","","Mint"
"0xe8348bd42c3738fd4c8069e4612f3bd5a9b211a981829ddcd07d33baa77c3b2d","22874576","1751979011","2025-07-08 12:50:11","0x0a7da29599a326568c88ef1ff2fb2f42262090fd","0xe5544a2a5fa9b175da60d8eec67add5582bb31b0","","0","0","0","0.0000851862","0.236745665058592","2616.29","","","Mint"
"0x1f4ab10084eff95301034b260c7c5c5f693dd613df957bbe0d150e018b44391e","22874581","1751979071","2025-07-08 12:51:11","0x0a7da29599a326568c88ef1ff2fb2f42262090fd","0xe5544a2a5fa9b175da60d8eec67add5582bb31b0","","0","0","0","0.0000851862","0.236745665058592","2616.29","","","Mint"
"0xb358720d2e00c68e9d1d7ae896e61c93655de6007767291a07de1d5707f498c4","22874588","1751979155","2025-07-08 12:52:35","0x0a7da29599a326568c88ef1ff2fb2f42262090fd","0xe5544a2a5fa9b175da60d8eec67add5582bb31b0","","0","0","0","0.000077893760667591","0.21647884485003","2616.29","","","Mint"
"0x37abf13e7da5968362b38962cc5292092ca0333d76fbe47ff6fecf57381f800c","22874592","1751979203","2025-07-08 12:53:23","0x0a7da29599a326568c88ef1ff2fb2f42262090fd","0xe5544a2a5fa9b175da60d8eec67add5582bb31b0","","0","0","0","0.000075064941120042","0.208617116481876","2616.29","","","Mint"
"0x570a20c858c953c1c5e426caadf6155e66371d58686f8068f76740c76ff2776a","22874596","1751979251","2025-07-08 12:54:11","0x0a7da29599a326568c88ef1ff2fb2f42262090fd","0xe5544a2a5fa9b175da60d8eec67add5582bb31b0","","0","0","0","0.000076969537044996","0.213910284024519","2616.29","","","Mint"
"0x1345cdaa0deb013e7e81a828b072855e0c93d2eef16443d787403bfad15ce65a","22874600","1751979299","2025-07-08 12:54:59","0x0a7da29599a326568c88ef1ff2fb2f42262090fd","0xe5544a2a5fa9b175da60d8eec67add5582bb31b0","","0","0","0","0.000073318311541572","0.20376296192203","2616.29","","","Mint"
"0x027cdeedc2dcf3f07f7ccf67be7e62145f2814bec36a08cdf39de175c8e18409","22874608","1751979395","2025-07-08 12:56:35","0x0a7da29599a326568c88ef1ff2fb2f42262090fd","0xe5544a2a5fa9b175da60d8eec67add5582bb31b0","","0","0","0","0.0000675208898916","0.187651027780729","2616.29","","","Mint"
"0x6c79fe354f2105b061989c526094b7128abc88d2606ff72623979e37376f5e6a","22874612","1751979443","2025-07-08 12:57:23","0x0a7da29599a326568c88ef1ff2fb2f42262090fd","0xe5544a2a5fa9b175da60d8eec67add5582bb31b0","","0","0","0","0.00006564867804267","0.182447860609222","2616.29","","","Mint"
"0x09cacdf4dd252e136db88e1b1506a8e9ec2d91e84458bdce53ad110623485dd3","22874617","1751979503","2025-07-08 12:58:23","0x0a7da29599a326568c88ef1ff2fb2f42262090fd","0xe5544a2a5fa9b175da60d8eec67add5582bb31b0","","0","0","0","0.000063004796596764","0.175100103915683","2616.29","","","Mint"
"0x86f440356615d029758438d48f0cb0ace1f3ce6fd36812f25fee8e716fddec0f","22874621","1751979551","2025-07-08 12:59:11","0x0a7da29599a326568c88ef1ff2fb2f42262090fd","0xe5544a2a5fa9b175da60d8eec67add5582bb31b0","","0","0","0","0.000065793600755652","0.182850623311009","2616.29","","","Mint"
"0x6a1b562c792925bd289ec72450eadab4a1be4e0dc32b5f75ad946019ab9b4f1d","22874622","1751979563","2025-07-08 12:59:23","0x0a7da29599a326568c88ef1ff2fb2f42262090fd","0xe5544a2a5fa9b175da60d8eec67add5582bb31b0","","0","0","0","0.00006591406945341","0.183185424510845","2616.29","","","Mint"
"0x8a9fc4ce9e4d7e06bb63cc190ac77d204f6b63c4cdc484195fb5dceba5e3a1c9","22874626","1751979611","2025-07-08 13:00:11","0x0a7da29599a326568c88ef1ff2fb2f42262090fd","0xe5544a2a5fa9b175da60d8eec67add5582bb31b0","","0","0","0","0.000061367304352218","0.170549258937702","2616.29","","","Mint"
"0x1f6438225beb5c26a6d2ce4faadf3710f3db0b5130a731b0e779a6c9959f04d6","22874631","1751979671","2025-07-08 13:01:11","0x0a7da29599a326568c88ef1ff2fb2f42262090fd","0xe5544a2a5fa9b175da60d8eec67add5582bb31b0","","0","0","0","0.000061087046400738","0.169770378613059","2616.29","","","Mint"
"0x47bd5eb052baacfd122d1f547949a0bcbe80f38402e5a6fff1bd2e8ea321a7fa","22874634","1751979707","2025-07-08 13:01:47","0x0a7da29599a326568c88ef1ff2fb2f42262090fd","0xe5544a2a5fa9b175da60d8eec67add5582bb31b0","","0","0","0","0.000066440466811872","0.184648364432031","2616.29","","","Mint"
"0x48614e5e252378f422d72bd7031f01dd2d1121a09aa472dab7856abccf7eb828","22874635","1751979719","2025-07-08 13:01:59","0x0a7da29599a326568c88ef1ff2fb2f42262090fd","0xe5544a2a5fa9b175da60d8eec67add5582bb31b0","","0","0","0","0.000064504722785214","0.179268631482629","2616.29","","","Mint"
"0xe481168bda05df5414c716055bda618e46e86f507495671206197e2a9f457ac0","22874638","1751979755","2025-07-08 13:02:35","0x0a7da29599a326568c88ef1ff2fb2f42262090fd","0xe5544a2a5fa9b175da60d8eec67add5582bb31b0","","0","0","0","0.000058825958309736","0.163486464036985","2616.29","","","Mint"
"0x5187e83cc764b322f2ce511c2cba3b41cfef5f6926bde81149ea2be7c359c124","22874642","1751979803","2025-07-08 13:03:23","0x0a7da29599a326568c88ef1ff2fb2f42262090fd","0xe5544a2a5fa9b175da60d8eec67add5582bb31b0","","0","0","0","0.000060029706225624","0.166831866237222","2616.29","","","Mint"
"0xf57481cd9c0d01b456696cb4e5ccd51ab4479e3af87c85626dac9a5017c630e3","22874645","1751979851","2025-07-08 13:04:11","0x0a7da29599a326568c88ef1ff2fb2f42262090fd","0xe5544a2a5fa9b175da60d8eec67add5582bb31b0","","0","0","0","0.000064105928546202","0.178160320425951","2616.29","","","Mint"
"0x70221447b6d78af42d911d13aeaf64eedb61fa7d0b7655c41af7ef3ed78a33b5","22874649","1751979899","2025-07-08 13:04:59","0x0a7da29599a326568c88ef1ff2fb2f42262090fd","0xe5544a2a5fa9b175da60d8eec67add5582bb31b0","","0","0","0","0.000063596730707451","0.176745180638268","2616.29","","","Mint"
"0xcc5e4b9cdfe687f9fcad8afb468b34ecf7550792956aa94a5207550c40cc3328","22874653","1751979947","2025-07-08 13:05:47","0x0a7da29599a326568c88ef1ff2fb2f42262090fd","0xe5544a2a5fa9b175da60d8eec67add5582bb31b0","","0","0","0","0.000065862205345659","0.183041286109529","2616.29","","","Mint"
"0xd8c3281c193aede405a1619625fde689e5fb2720635ffa938fe0625d3038fc14","22874658","1751980007","2025-07-08 13:06:47","0x0a7da29599a326568c88ef1ff2fb2f42262090fd","0xe5544a2a5fa9b175da60d8eec67add5582bb31b0","","0","0","0","0.000065117700338397","0.18097219119646","2616.29","","","Mint"
"0x141d5df9a7f4a6645e5b13d06d4cdb1a18a3c6c8ff56dd31982ce38ddf6a1804","22874660","1751980031","2025-07-08 13:07:11","0x0a7da29599a326568c88ef1ff2fb2f42262090fd","0xe5544a2a5fa9b175da60d8eec67add5582bb31b0","","0","0","0","0.000064627957094184","0.179611118745063","2616.29","","","Mint"
"0xcf1e5b26763b57afa89719322187c569b000bac2d341f1855a82748cf48ad555","22874664","1751980079","2025-07-08 13:07:59","0x0a7da29599a326568c88ef1ff2fb2f42262090fd","0xe5544a2a5fa9b175da60d8eec67add5582bb31b0","","0","0","0","0.000066514954399572","0.184855376993792","2616.29","","","Mint"
"0xad29564237a145e63821209aa3df6cd0929553fbd12af4dff1e14f0f6689d120","22874669","1751980139","2025-07-08 13:08:59","0x0a7da29599a326568c88ef1ff2fb2f42262090fd","0xe5544a2a5fa9b175da60d8eec67add5582bb31b0","","0","0","0","0.000068923522996653","0.19154916277547","2616.29","","","Mint"
"0x35087b085d6bf6ca83c46fe64683aac1f4b479e527755d7d9bbb0d195a9fa388","22874670","1751980151","2025-07-08 13:09:11","0x0a7da29599a326568c88ef1ff2fb2f42262090fd","0xe5544a2a5fa9b175da60d8eec67add5582bb31b0","","0","0","0","0.000068889089065005","0.191453465537554","2616.29","","","Mint"
"0x1d2dcfbba16474001402c433dee18b8c8e55844f9c85189cb6276da1c3f6953a","22874674","1751980199","2025-07-08 13:09:59","0x0a7da29599a326568c88ef1ff2fb2f42262090fd","0xe5544a2a5fa9b175da60d8eec67add5582bb31b0","","0","0","0","0.000063502545127515","0.176483424300259","2616.29","","","Mint"
"0x6abc7becaa1ad6e36b869a7b6a1c9fe9e6db7d7279a8a80d39c42a2f604166c9","22874678","1751980247","2025-07-08 13:10:47","0x0a7da29599a326568c88ef1ff2fb2f42262090fd","0xe5544a2a5fa9b175da60d8eec67add5582bb31b0","","0","0","0","0.000061802662676646","0.171759187260077","2616.29","","","Mint"
"0xda9cb2f2754d8958697354e3feef0179f6a8ccc76c02d8d397fb24d6c67ccf5f","22874679","1751980259","2025-07-08 13:10:59","0x0a7da29599a326568c88ef1ff2fb2f42262090fd","0xe5544a2a5fa9b175da60d8eec67add5582bb31b0","","0","0","0","0.000062385413223273","0.173378741433458","2616.29","","","Mint"
"0x94ea16fec00433fa196b6a3c263d4c354d5b99fd97d75a29cf649d9c6c61f26e","22874684","1751980319","2025-07-08 13:11:59","0x0a7da29599a326568c88ef1ff2fb2f42262090fd","0xe5544a2a5fa9b175da60d8eec67add5582bb31b0","","0","0","0","0.00006057350495637","0.168343167271526","2616.29","","","Mint"
"0xf515fb6192cb92a9add09b0b243d77801ae086c6b6e672946305bb6a991cc61f","22874690","1751980391","2025-07-08 13:13:11","0x0a7da29599a326568c88ef1ff2fb2f42262090fd","0xe5544a2a5fa9b175da60d8eec67add5582bb31b0","","0","0","0","0.000052414062578652","0.145666811098577","2616.29","","","Mint"
"0xbacd657198a4737f10223045d785df8f861e779242d5e73a7a1ddf6b3b6175d1","22874693","1751980427","2025-07-08 13:13:47","0x0a7da29599a326568c88ef1ff2fb2f42262090fd","0xe5544a2a5fa9b175da60d8eec67add5582bb31b0","","0","0","0","0.000049159260272526","0.136621210560015","2616.29","","","Mint"
"0xaebef284cc135f020f9e6d9349f35d87c21f655d57eece13ea60ca4b773078ef","22874699","1751980499","2025-07-08 13:14:59","0x0a7da29599a326568c88ef1ff2fb2f42262090fd","0xe5544a2a5fa9b175da60d8eec67add5582bb31b0","","0","0","0","0.000059644032171531","0.165760018209817","2616.29","","","Mint"
"0x53c9dee9aed83107bc16a78aa4340c65990f15bd902ec92f5c205da2bc090122","22874703","1751980547","2025-07-08 13:15:47","0x0a7da29599a326568c88ef1ff2fb2f42262090fd","0xe5544a2a5fa9b175da60d8eec67add5582bb31b0","","0","0","0","0.000059389562225763","0.165052806753639","2616.29","","","Mint"
"0x37012f838727aad2facfd81c3c3bf500f5407e76018d4c67be73cc142e01d9e6","22874707","1751980595","2025-07-08 13:16:35","0x0a7da29599a326568c88ef1ff2fb2f42262090fd","0xe5544a2a5fa9b175da60d8eec67add5582bb31b0","","0","0","0","0.000061718999163129","0.171526673376975","2616.29","","","Mint"
"0x0db41a88b44d8126e4994ec153fe61fbd3c9e52d1ae5b78789ecb32a7df56007","22874709","1751980619","2025-07-08 13:16:59","0x0a7da29599a326568c88ef1ff2fb2f42262090fd","0xe5544a2a5fa9b175da60d8eec67add5582bb31b0","","0","0","0","0.000064084810267686","0.178101629453796","2616.29","","","Mint"
"0xc4b6d2a1929a67cb827cac675ef261e2f308c545bf140a453273258a84f455fd","22874713","1751980667","2025-07-08 13:17:47","0x0a7da29599a326568c88ef1ff2fb2f42262090fd","0xe5544a2a5fa9b175da60d8eec67add5582bb31b0","","0","0","0","0.000066103827870549","0.183712792590018","2616.29","","","Mint"
"0xa13e32589398ae503a085941127287f01dc69fd4a938b81c3f737eac0dd3bae5","22874719","1751980739","2025-07-08 13:18:59","0x0a7da29599a326568c88ef1ff2fb2f42262090fd","0xe5544a2a5fa9b175da60d8eec67add5582bb31b0","","0","0","0","0.00006585597749874","0.183023977956792","2616.29","","","Mint"
"0xf9b1b9c608c77d86acb027befe5e820748ed41165ce543375ea81e7aa8a627d0","22874726","1751980823","2025-07-08 13:20:23","0x0a7da29599a326568c88ef1ff2fb2f42262090fd","0xe5544a2a5fa9b175da60d8eec67add5582bb31b0","","0","0","0","0.000068429720666223","0.190176809493775","2616.29","","","Mint"
"0x8645a15843ee29f7a56fc4eec93ed3c45084014e8244a57d8a8586d20f141744","22874735","1751980931","2025-07-08 13:22:11","0x0a7da29599a326568c88ef1ff2fb2f42262090fd","0xe5544a2a5fa9b175da60d8eec67add5582bb31b0","","0","0","0","0.000071716875839247","0.199312323668469","2616.29","","","Mint"
"0x25e7f34516aa915a5c3144607c18d11dfbecb06d7fc4ff22fc9a9dfc0b89cada","22874741","1751981003","2025-07-08 13:23:23","0x0a7da29599a326568c88ef1ff2fb2f42262090fd","0xe5544a2a5fa9b175da60d8eec67add5582bb31b0","","0","0","0","0.000069956170828788","0.194419051299552","2616.29","","","Mint"
"0x23161bf79fdb51edeeb6a7a381a1707a095966ef69efd01398e9fe5f61a99ec6","22874745","1751981051","2025-07-08 13:24:11","0x0a7da29599a326568c88ef1ff2fb2f42262090fd","0xe5544a2a5fa9b175da60d8eec67add5582bb31b0","","0","0","0","0.000071461427129445","0.198602392075202","2616.29","","","Mint"
"0x8bdc720ac0fe748e1a96010ab14b6e75762efc758b65c5dec79596c02118bc1a","22874750","1751981111","2025-07-08 13:25:11","0x0a7da29599a326568c88ef1ff2fb2f42262090fd","0xe5544a2a5fa9b175da60d8eec67add5582bb31b0","","0","0","0","0.000069624086483811","0.193496137387355","2616.29","","","Mint"
"0x00a00c124ba79e305d55e606aebc95f7b3e47b5822a44f0c5f0e281fd9bfe63d","22874758","1751981207","2025-07-08 13:26:47","0x0a7da29599a326568c88ef1ff2fb2f42262090fd","0xe5544a2a5fa9b175da60d8eec67add5582bb31b0","","0","0","0","0.00006932837873214","0.192674319671196","2616.29","","","Mint"
"0xa0a8b5b67de0150cbe1ede8922553754cbe555a445110abddc04f729aca89a1d","22874759","1751981219","2025-07-08 13:26:59","0x0a7da29599a326568c88ef1ff2fb2f42262090fd","0xe5544a2a5fa9b175da60d8eec67add5582bb31b0","","0","0","0","0.000072330005256192","0.201016305435254","2616.29","","","Mint"
"0xb4382a1e0f6ec6e6af69d3060b03aff229a3ef6622faeb5a1d66ea6ba83c57d5","22874761","1751981243","2025-07-08 13:27:23","0x0a7da29599a326568c88ef1ff2fb2f42262090fd","0xe5544a2a5fa9b175da60d8eec67add5582bb31b0","","0","0","0","0.000071337514121295","0.198258018602457","2616.29","","","Mint"
"0x21d52c4710331945b79a5955fd0a2a8c5a1e6737511db54535e80e0af27e7d2d","22874766","1751981303","2025-07-08 13:28:23","0x0a7da29599a326568c88ef1ff2fb2f42262090fd","0xe5544a2a5fa9b175da60d8eec67add5582bb31b0","","0","0","0","0.000069462091488324","0.193045928163998","2616.29","","","Mint"
"0x16bcb17d9d51deb422c1db97d87ac614848bcbfee59ac2dff45c181bb9232a2c","22874772","1751981375","2025-07-08 13:29:35","0x0a7da29599a326568c88ef1ff2fb2f42262090fd","0xe5544a2a5fa9b175da60d8eec67add5582bb31b0","","0","0","0","0.000065348770151715","0.181614370054408","2616.29","","","Mint"
"0xa47c0ced310a8cb9b1b69c2318848278d0a2d54f94585115597c6897d9a33719","22874777","1751981435","2025-07-08 13:30:35","0x0a7da29599a326568c88ef1ff2fb2f42262090fd","0xe5544a2a5fa9b175da60d8eec67add5582bb31b0","","0","0","0","0.000066235543838343","0.184078851698116","2616.29","","","Mint"
"0x7d94f28bea07d1453a6b750dd014a0a6207712f5e4dba591db28db0ce78dc269","22874780","1751981471","2025-07-08 13:31:11","0x0a7da29599a326568c88ef1ff2fb2f42262090fd","0xe5544a2a5fa9b175da60d8eec67add5582bb31b0","","0","0","0","0.00006779557860165","0.188414430319461","2616.29","","","Mint"
"0x07d3ed182876be2335c47cea5f3ec2b7cc930c94218dcbdcbfc877b752770c90","22874783","1751981507","2025-07-08 13:31:47","0x0a7da29599a326568c88ef1ff2fb2f42262090fd","0xe5544a2a5fa9b175da60d8eec67add5582bb31b0","","0","0","0","0.000072565625600151","0.201671130923794","2616.29","","","Mint"
"0x44f5032f587fde7ae71cb2c48bd5ad41101ef02846e423f1c1c4becd64fcace0","22874788","1751981567","2025-07-08 13:32:47","0x0a7da29599a326568c88ef1ff2fb2f42262090fd","0xe5544a2a5fa9b175da60d8eec67add5582bb31b0","","0","0","0","0.000075174604025772","0.208921886709322","2616.29","","","Mint"
"0x845ec302587456410fc9e128ae317c978e4adcca417b3331d498769b551e8d6f","22874790","1751981591","2025-07-08 13:33:11","0x0a7da29599a326568c88ef1ff2fb2f42262090fd","0xe5544a2a5fa9b175da60d8eec67add5582bb31b0","","0","0","0","0.000074820333305124","0.20793731341728","2616.29","","","Mint"
"0x3831d784861df8ee29b3e4bb46657e736636b160b93affcf1e2f602ccfd3dfd0","22874794","1751981639","2025-07-08 13:33:59","0x0a7da29599a326568c88ef1ff2fb2f42262090fd","0xe5544a2a5fa9b175da60d8eec67add5582bb31b0","","0","0","0","0.000076809585589005","0.213465754114443","2616.29","","","Mint"
"0xfe6ff2115d3b0a7681d0bc66c35fdbf9cf0db9f049884e0474a9df99d1ee6092","22874796","1751981663","2025-07-08 13:34:23","0x0a7da29599a326568c88ef1ff2fb2f42262090fd","0xe5544a2a5fa9b175da60d8eec67add5582bb31b0","","0","0","0","0.000075488254274367","0.209793569407922","2616.29","","","Mint"
"0xdccb5249241e97263eecf060c65d253c13e72c3846a62cb20f66f248fef45664","22874799","1751981699","2025-07-08 13:34:59","0x0a7da29599a326568c88ef1ff2fb2f42262090fd","0xe5544a2a5fa9b175da60d8eec67add5582bb31b0","","0","0","0","0.000074359774170636","0.206657348134251","2616.29","","","Mint"
"0xd44396aaa52dee144515b32c9f335dbe71060e73fe7ee197d5511de951deda1b","22874802","1751981735","2025-07-08 13:35:35","0x0a7da29599a326568c88ef1ff2fb2f42262090fd","0xe5544a2a5fa9b175da60d8eec67add5582bb31b0","","0","0","0","0.00007421810154351","0.206263617925255","2616.29","","","Mint"
"0xacfef0032e46d47f84239053bcee2551a735b2c34a0364c3815bd9d43c48e8d4","22874804","1751981759","2025-07-08 13:35:59","0x0a7da29599a326568c88ef1ff2fb2f42262090fd","0xe5544a2a5fa9b175da60d8eec67add5582bb31b0","","0","0","0","0.000067054235164038","0.186354121898915","2616.29","","","Mint"
"0xd76c5d9fb1ce6d16d80e948f522f606c01142714ee7715e5aaf832d7a8d0935d","22874806","1751981783","2025-07-08 13:36:23","0x0a7da29599a326568c88ef1ff2fb2f42262090fd","0xe5544a2a5fa9b175da60d8eec67add5582bb31b0","","0","0","0","0.000073268679118656","0.203625025719081","2616.29","","","Mint"
"0x51d5b7153ec0a1f7e684766cb9e4da4e7f88f7b479c799f53946c99ed2bbedf9","22874808","1751981807","2025-07-08 13:36:47","0x0a7da29599a326568c88ef1ff2fb2f42262090fd","0xe5544a2a5fa9b175da60d8eec67add5582bb31b0","","0","0","0","0.000072772311483255","0.202245543056906","2616.29","","","Mint"
"0xd95b875b94b7604082f8d5e16cb4baa6ef6834cfee13ee165c3205467c0b6dc8","22874811","1751981843","2025-07-08 13:37:23","0x0a7da29599a326568c88ef1ff2fb2f42262090fd","0xe5544a2a5fa9b175da60d8eec67add5582bb31b0","","0","0","0","0.000074611966977405","0.207358231067889","2616.29","","","Mint"
"0xc484a1c437a6bf23d044362fa0b245a1614c467a3acf331929683e90a2aff0c4","22874812","1751981855","2025-07-08 13:37:35","0x0a7da29599a326568c88ef1ff2fb2f42262090fd","0xe5544a2a5fa9b175da60d8eec67add5582bb31b0","","0","0","0","0.000073470367071882","0.204185547829714","2616.29","","","Mint"
"0x3f7a623a7d15ce72e0a3c4d49ce3fee923520987d7a4dd9d50ecc7046a1daf92","22874813","1751981867","2025-07-08 13:37:47","0x0a7da29599a326568c88ef1ff2fb2f42262090fd","0xe5544a2a5fa9b175da60d8eec67add5582bb31b0","","0","0","0","0.000072679009516539","0.201986242417114","2616.29","","","Mint"
"0xbd7e24e6d3af8286a22b20c84f1fbe827b0d74598075f5249cb9436748fc330b","22874816","1751981903","2025-07-08 13:38:23","0x0a7da29599a326568c88ef1ff2fb2f42262090fd","0xe5544a2a5fa9b175da60d8eec67add5582bb31b0","","0","0","0","0.000070285972570815","0.195335621504041","2616.29","","","Mint"
"0x8ad6daa7eab7087bc7352ae773f2aa11b8c5f65ee751d735b6deee986d17b51b","22874819","1751981939","2025-07-08 13:38:59","0x0a7da29599a326568c88ef1ff2fb2f42262090fd","0xe5544a2a5fa9b175da60d8eec67add5582bb31b0","","0","0","0","0.000068393339808579","0.190075701446482","2616.29","","","Mint"
"0x55eabba986233a91a210a3a5718442061277cc6fc29f1564759a1fb351d4c1af","22874820","1751981951","2025-07-08 13:39:11","0x0a7da29599a326568c88ef1ff2fb2f42262090fd","0xe5544a2a5fa9b175da60d8eec67add5582bb31b0","","0","0","0","0.000069699729002778","0.193706359682276","2616.29","","","Mint"
"0x2cb3ccbb4c2e507377c82c9e3b08a5f375f5e08b4fbf4d7f682a9e3296764cf4","22874822","1751981975","2025-07-08 13:39:35","0x0a7da29599a326568c88ef1ff2fb2f42262090fd","0xe5544a2a5fa9b175da60d8eec67add5582bb31b0","","0","0","0","0.000070170113879154","0.195013632226316","2616.29","","","Mint"
"0x6aeeb56134dbcf52533e4be699a061ef38245c2d05f5f3a3732d449eb54bf4f0","22874823","1751981987","2025-07-08 13:39:47","0x4822c6499d4d0b0699f42419610f894c6662a484","0xe5544a2a5fa9b175da60d8eec67add5582bb31b0","","0","0","0","0.000097205147289054","0.270148184119792","2616.29","","","Mint"
"0x92ee6050a21f0304b4439b131c243fb1d7248566d4d5e05389a83f34a704d638","22874825","1751982011","2025-07-08 13:40:11","0x0a7da29599a326568c88ef1ff2fb2f42262090fd","0xe5544a2a5fa9b175da60d8eec67add5582bb31b0","","0","0","0","0.00022206020328","0.617139753957444","2616.29","Error(0)","invalid jump destination","Mint"
"0x2d057abbcc76fb0b49fb64ec1036717bda30f75527dc45ac8dc2e13bcb67e29d","22874825","1751982011","2025-07-08 13:40:11","0x4822c6499d4d0b0699f42419610f894c6662a484","0xe5544a2a5fa9b175da60d8eec67add5582bb31b0","","0","0","0","0.000067781176093374","0.188374403514646","2616.29","","","Mint"
"0xc8da42c5d982bb00939f93ea292d97ccc536106902cc70759dd81f06a40a67f2","22874826","1751982023","2025-07-08 13:40:23","0x0a7da29599a326568c88ef1ff2fb2f42262090fd","0xe5544a2a5fa9b175da60d8eec67add5582bb31b0","","0","0","0","0.000072576724471428","0.201701976408883","2616.29","","","Mint"
"0xe9fcc2c33f1e02de289b0d5f0d3626df41b38f6903707b88eb130109e0cf4f3c","22874827","1751982035","2025-07-08 13:40:35","0x4822c6499d4d0b0699f42419610f894c6662a484","0xe5544a2a5fa9b175da60d8eec67add5582bb31b0","","0","0","0","0.0000682636012647","0.189715137906209","2616.29","","","Mint"
"0x27fc427395085ceaa5bfcf5b5025390089e6fba9821270386fa7920e55f4b7fb","22874829","1751982059","2025-07-08 13:40:59","0x0a7da29599a326568c88ef1ff2fb2f42262090fd","0xe5544a2a5fa9b175da60d8eec67add5582bb31b0","","0","0","0","0.0002080954776","0.578329614891816","2616.29","Error(0)","invalid jump destination","Mint"
"0xd2fc2f0b6cbbe2a6404cfe2299f4bfa84af01cc41270b48fc8151f33286696dc","22874830","1751982071","2025-07-08 13:41:11","0x4822c6499d4d0b0699f42419610f894c6662a484","0xe5544a2a5fa9b175da60d8eec67add5582bb31b0","","0","0","0","0.000059148127987779","0.164381823551672","2616.29","","","Mint"
"0x252e37ba92fac470aced73473690f4ecf30e30e01e65f83deeff734da2d64869","22874832","1751982095","2025-07-08 13:41:35","0x0a7da29599a326568c88ef1ff2fb2f42262090fd","0xe5544a2a5fa9b175da60d8eec67add5582bb31b0","","0","0","0","0.00020199306804","0.561370072034615","2616.29","Error(0)","invalid jump destination","Mint"
"0x073f0d7fdc87e875e8713684d5c1c8d1d7799a250ebe00493b0104344ecb76c6","22874832","1751982095","2025-07-08 13:41:35","0x4822c6499d4d0b0699f42419610f894c6662a484","0xe5544a2a5fa9b175da60d8eec67add5582bb31b0","","0","0","0","0.000061306013229807","0.170378921400197","2616.29","","","Mint"
"0xed40118aad2b995d9aa020a9328a70d1a9e7678b4d4bbd13e3a18a4b134960b1","22874834","1751982119","2025-07-08 13:41:59","0x4822c6499d4d0b0699f42419610f894c6662a484","0xe5544a2a5fa9b175da60d8eec67add5582bb31b0","","0","0","0","0.000059759298625497","0.166080361567111","2616.29","","","Mint"
"0xc1e1de77e6a2075710d65f5f30d965843bb2f423a0c9e6696d1c8f1b28b35d34","22874835","1751982131","2025-07-08 13:42:11","0x0a7da29599a326568c88ef1ff2fb2f42262090fd","0xe5544a2a5fa9b175da60d8eec67add5582bb31b0","","0","0","0","0.00019909362336","0.553312065467035","2616.29","Error(0)","invalid jump destination","Mint"
"0x132ad2dad34efea33e119baf3eabc1d97ee1ec8a41355a23f978b2183a3839c7","22874837","1751982155","2025-07-08 13:42:35","0x0a7da29599a326568c88ef1ff2fb2f42262090fd","0xe5544a2a5fa9b175da60d8eec67add5582bb31b0","","0","0","0","0.000059038188807714","0.164076285514989","2616.29","","","Mint"
"0xd9bd5965d80833ca28cae0ec0c3445199417c7cf77fa7d364d57d896d7118f1b","22874837","1751982155","2025-07-08 13:42:35","0x4822c6499d4d0b0699f42419610f894c6662a484","0xe5544a2a5fa9b175da60d8eec67add5582bb31b0","","0","0","0","0.0001424707234","0.395948242352771","2616.29","Error(0)","invalid jump destination","Mint"
"0x3dd5011f88eeceef7d8de0a137f31f1635b23e845f4b1f653b27dab8e9fbd7f9","22874838","1751982167","2025-07-08 13:42:47","0x4822c6499d4d0b0699f42419610f894c6662a484","0xe5544a2a5fa9b175da60d8eec67add5582bb31b0","","0","0","0","0.000059433716891655","0.165175519420034","2616.29","","","Mint"
"0xa2e9920869c2b0251365cf41e2713d19ae24c784967a93420ee103864dc4a54f","22874840","1751982191","2025-07-08 13:43:11","0x4822c6499d4d0b0699f42419610f894c6662a484","0xe5544a2a5fa9b175da60d8eec67add5582bb31b0","","0","0","0","0.000061610496200517","0.171225126811399","2616.29","","","Mint"
"0xb53f46da28da567d25f1bc67f8c51bc5be556499e12399d822ea3373545e110e","22874841","1751982203","2025-07-08 13:43:23","0x0a7da29599a326568c88ef1ff2fb2f42262090fd","0xe5544a2a5fa9b175da60d8eec67add5582bb31b0","","0","0","0","0.00020851550292","0.579496930416219","2616.29","Error(0)","invalid jump destination","Mint"
"0xf6dcf7ac21bc304b5fce9f1a1d8e869e06c57fe58616bef820413239e119a20d","22874842","1751982215","2025-07-08 13:43:35","0x4822c6499d4d0b0699f42419610f894c6662a484","0xe5544a2a5fa9b175da60d8eec67add5582bb31b0","","0","0","0","0.000063495520673463","0.176463902252719","2616.29","","","Mint"
"0x736975c63261898f1a5b721fa671b355464edf83af0cf11a0649c10d8efbcdd3","22874844","1751982239","2025-07-08 13:43:59","0x0a7da29599a326568c88ef1ff2fb2f42262090fd","0xe5544a2a5fa9b175da60d8eec67add5582bb31b0","","0","0","0","0.0002081647878","0.578522238689971","2616.29","Error(0)","invalid jump destination","Mint"
"0x23091244a42e21f9b1dee17d26c922413550ba4c07d91936860ff878a4fe349c","22874844","1751982239","2025-07-08 13:43:59","0x4822c6499d4d0b0699f42419610f894c6662a484","0xe5544a2a5fa9b175da60d8eec67add5582bb31b0","","0","0","0","0.000063297472903365","0.175913496775714","2616.29","","","Mint"
"0xdde5632a0eb3519fe4a1477d7d3d5131a3294de806364b4280d3ab734e955ccb","22874846","1751982263","2025-07-08 13:44:23","0x4822c6499d4d0b0699f42419610f894c6662a484","0xe5544a2a5fa9b175da60d8eec67add5582bb31b0","","0","0","0","0.000063599283311934","0.176752274722122","2616.29","","","Mint"
"0x01f1702c046fbc73a2579474eaabdae2889e471013b851522e8b922aa2e5ef63","22874847","1751982275","2025-07-08 13:44:35","0x0a7da29599a326568c88ef1ff2fb2f42262090fd","0xe5544a2a5fa9b175da60d8eec67add5582bb31b0","","0","0","0","0.00020582331348","0.572014918312891","2616.29","Error(0)","invalid jump destination","Mint"
"0x6761400ebc899990979e42b2847849cc9c748189ce09c386bcda70c03da1a4f7","22874848","1751982287","2025-07-08 13:44:47","0x4822c6499d4d0b0699f42419610f894c6662a484","0xe5544a2a5fa9b175da60d8eec67add5582bb31b0","","0","0","0","0.000064321934883774","0.178760635547947","2616.29","","","Mint"
"0xdbd5b967967f13b814a47632d541277a823b1404a492045ac4a74b496c13056e","22874850","1751982311","2025-07-08 13:45:11","0x0a7da29599a326568c88ef1ff2fb2f42262090fd","0xe5544a2a5fa9b175da60d8eec67add5582bb31b0","","0","0","0","0.00021484817376","0.597096405091846","2616.29","Error(0)","invalid jump destination","Mint"
"0x6943a11b4668d121bb7c512d0ce77930b5da7713e4c9735edfb9f9aff9c71461","22874850","1751982311","2025-07-08 13:45:11","0x4822c6499d4d0b0699f42419610f894c6662a484","0xe5544a2a5fa9b175da60d8eec67add5582bb31b0","","0","0","0","0.000065454034468008","0.181906915919439","2616.29","","","Mint"
"0xfc46d8de3b96cfc430df6885ef767337c6b808bf9554a442444202d96c7c0a2e","22874852","1751982335","2025-07-08 13:45:35","0x0a7da29599a326568c88ef1ff2fb2f42262090fd","0xe5544a2a5fa9b175da60d8eec67add5582bb31b0","","0","0","0","0.00022352546964","0.621211956484217","2616.29","Error(0)","invalid jump destination","Mint"
"0x31dc9f8bf2c78f3a41546e05c6b492c1771618c73e93ee185306ee9e6b1224e5","22874852","1751982335","2025-07-08 13:45:35","0x4822c6499d4d0b0699f42419610f894c6662a484","0xe5544a2a5fa9b175da60d8eec67add5582bb31b0","","0","0","0","0.000068253980916087","0.189688401464972","2616.29","","","Mint"
"0x50e31d77d403d46091011263f38b87517e1938581b2d66644d9a2c599f12270f","22874853","1751982347","2025-07-08 13:45:47","0x0a7da29599a326568c88ef1ff2fb2f42262090fd","0xe5544a2a5fa9b175da60d8eec67add5582bb31b0","","0","0","0","0.000077063686962891","0.214171941252183","2616.29","","","Mint"
"0xaa556fbac94cd7a5e94ce5e87302eae02fc53628e7400836f7ebc6ab223703d0","22874854","1751982359","2025-07-08 13:45:59","0x4822c6499d4d0b0699f42419610f894c6662a484","0xe5544a2a5fa9b175da60d8eec67add5582bb31b0","","0","0","0","0.000071294282031456","0.198137869918037","2616.29","","","Mint"
"0x16420a30f7076ce00dc91394858bd9046b9cf33b8ff47e838acbec6b18ef288a","22874856","1751982383","2025-07-08 13:46:23","0x4822c6499d4d0b0699f42419610f894c6662a484","0xe5544a2a5fa9b175da60d8eec67add5582bb31b0","","0","0","0","0.000065332893496248","0.181570246365859","2616.29","","","Mint"
"0x65f2be0f9ae8ee678a0bc268430477ab210aeb7a0e7d97004db1c7afaa803c7f","22874858","1751982407","2025-07-08 13:46:47","0x0a7da29599a326568c88ef1ff2fb2f42262090fd","0xe5544a2a5fa9b175da60d8eec67add5582bb31b0","","0","0","0","0.00022880687628","0.635889804861439","2616.29","Error(0)","invalid jump destination","Mint"
"0x6d66a1a3c153a8e42da93418d0a89870f7d041fef5a53d72cae9cfa11b8d1afd","22874859","1751982419","2025-07-08 13:46:59","0x4822c6499d4d0b0699f42419610f894c6662a484","0xe5544a2a5fa9b175da60d8eec67add5582bb31b0","","0","0","0","0.000069562390533345","0.193324674769883","2616.29","","","Mint"
"0x30ffa1e072ee8a2084a1412ae29268a749c9f8b3d73a009a67ed93749d6a7b7f","22874861","1751982443","2025-07-08 13:47:23","0x0a7da29599a326568c88ef1ff2fb2f42262090fd","0xe5544a2a5fa9b175da60d8eec67add5582bb31b0","","0","0","0","0.000264","0.733696955322202","2616.29","Error(0)","invalid jump destination","Mint"
"0x5d8a56f0f07a0f40849495c804acabb9f43c13d2b64ee0f28b0be78ce45e88ec","22874861","1751982443","2025-07-08 13:47:23","0x4822c6499d4d0b0699f42419610f894c6662a484","0xe5544a2a5fa9b175da60d8eec67add5582bb31b0","","0","0","0","0.000083235060503742","0.231323145710814","2616.29","","","Mint"
"0x9b182d22fdd7b6e31b827015973344e1e8699abed9f1e00127f7ebf0b3bea478","22874863","1751982467","2025-07-08 13:47:47","0x4822c6499d4d0b0699f42419610f894c6662a484","0xe5544a2a5fa9b175da60d8eec67add5582bb31b0","","0","0","0","0.000091508307307908","0.254315782039775","2616.29","","","Mint"
"0x7cfe60fae34b59c7ee885e0cf96e10113fafc706542b403dea73893784b6e044","22874866","1751982503","2025-07-08 13:48:23","0x4822c6499d4d0b0699f42419610f894c6662a484","0xe5544a2a5fa9b175da60d8eec67add5582bb31b0","","0","0","0","0.00009955906115514","0.276690075925239","2616.29","","","Mint"
"0xcbb41109966da2f18136ba62356a03f0c1bbfcbbc7bc571c68508565118f09fc","22874868","1751982527","2025-07-08 13:48:47","0x4822c6499d4d0b0699f42419610f894c6662a484","0xe5544a2a5fa9b175da60d8eec67add5582bb31b0","","0","0","0","0.000100767924104661","0.280049693597457","2616.29","","","Mint"
"0x29cdd26deb9acef822a7e1ed0dde84bfd6412b9b5259707a5cbed2e33d89f1d8","22874870","1751982551","2025-07-08 13:49:11","0x4822c6499d4d0b0699f42419610f894c6662a484","0xe5544a2a5fa9b175da60d8eec67add5582bb31b0","","0","0","0","0.000110816858478609","0.307977241151995","2616.29","","","Mint"
"0x416f47983684bdad61be821a77a56f88756c4eac603b0d1579a1b6c4aeb6158a","22874871","1751982563","2025-07-08 13:49:23","0xf66ac2c80aaeff89b081ff911e80e7daeb9d0af6","0xe5544a2a5fa9b175da60d8eec67add5582bb31b0","","0","0","0","0.000306","0.850421470941643","2616.29","Error(0)","invalid jump destination","Mint"
"0x0941ba3e2fb35583a47392027ffa18893af19134aba8f7f4d506e349b463088b","22874872","1751982575","2025-07-08 13:49:35","0xf66ac2c80aaeff89b081ff911e80e7daeb9d0af6","0xe5544a2a5fa9b175da60d8eec67add5582bb31b0","","0","0","0","0.000116163","0.32283499780717","2616.29","","","Mint"
"0x370178f6a47757bb0e23f76b5601595d060968fa4eadc564e41713ba6d48b4b4","22874872","1751982575","2025-07-08 13:49:35","0x4822c6499d4d0b0699f42419610f894c6662a484","0xe5544a2a5fa9b175da60d8eec67add5582bb31b0","","0","0","0","0.0002954118569","0.820995378687909","2616.29","Error(0)","invalid jump destination","Mint"
"0xb8d709a89900d2adc8d63874884deff2bef5025f1079929c32eff3c95b2fb034","22874873","1751982587","2025-07-08 13:49:47","0x4822c6499d4d0b0699f42419610f894c6662a484","0xe5544a2a5fa9b175da60d8eec67add5582bb31b0","","0","0","0","0.000119683572700824","0.332619215502568","2616.29","","","Mint"
"0xd748d60c1818b6e98b111564a2624d6c0f4ce46eda4fd1138bd4a3b2ba688778","22874873","1751982587","2025-07-08 13:49:47","0xf66ac2c80aaeff89b081ff911e80e7daeb9d0af6","0xe5544a2a5fa9b175da60d8eec67add5582bb31b0","","0","0","0","0.000306","0.850421470941643","2616.29","Error(0)","invalid jump destination","Mint"
"0xe71424e2f23b48aa41ca00eae9a473033ded50fab1d083722fc888538b2d6237","22874874","1751982599","2025-07-08 13:49:59","0xf66ac2c80aaeff89b081ff911e80e7daeb9d0af6","0xe5544a2a5fa9b175da60d8eec67add5582bb31b0","","0","0","0","0.000154884","0.430446663742894","2616.29","","","Mint"
"0x81e1e6609c70fe07bdb1bb2208a817e135e6f92c3cb5f53b8da18cb50ccc76c5","22874875","1751982611","2025-07-08 13:50:11","0xf66ac2c80aaeff89b081ff911e80e7daeb9d0af6","0xe5544a2a5fa9b175da60d8eec67add5582bb31b0","","0","0","0","0.000408","1.13389529458886","2616.29","Error(0)","invalid jump destination","Mint"
"0xad54a05a02722268c0798d30b677324f885f85f6ca58f15cc40ac1d569ffa3d9","22874875","1751982611","2025-07-08 13:50:11","0x4822c6499d4d0b0699f42419610f894c6662a484","0xe5544a2a5fa9b175da60d8eec67add5582bb31b0","","0","0","0","0.000119984429196027","0.333455342375747","2616.29","","","Mint"
"0xd4437b95eaa5a1e57dc9355ef64fd7251e489b7c99db7863e729cd5b83e5a407","22874876","1751982623","2025-07-08 13:50:23","0xf66ac2c80aaeff89b081ff911e80e7daeb9d0af6","0xe5544a2a5fa9b175da60d8eec67add5582bb31b0","","0","0","0","0.000154884","0.430446663742894","2616.29","","","Mint"
"0xe5105ae8171f218d51670fec8a2582840d529e71bc41a92e71b79048cc30e225","22874877","1751982635","2025-07-08 13:50:35","0xf66ac2c80aaeff89b081ff911e80e7daeb9d0af6","0xe5544a2a5fa9b175da60d8eec67add5582bb31b0","","0","0","0","0.000408","1.13389529458886","2616.29","Error(0)","invalid jump destination","Mint"
"0x96dd082c656bfa4a26c87ca40efb5217d6b3e57e07cc8e1d89b8bb302874b1eb","22874877","1751982635","2025-07-08 13:50:35","0x4822c6499d4d0b0699f42419610f894c6662a484","0xe5544a2a5fa9b175da60d8eec67add5582bb31b0","","0","0","0","0.000118624278913566","0.329675273735512","2616.29","","","Mint"
"0xe34493692f28911d67364175876d3236bc4ab3abba5bc41d38a94571e6b696d9","22874880","1751982671","2025-07-08 13:51:11","0xf66ac2c80aaeff89b081ff911e80e7daeb9d0af6","0xe5544a2a5fa9b175da60d8eec67add5582bb31b0","","0","0","0","0.000154884","0.430446663742894","2616.29","","","Mint"
"0x10dfd608ea7bae18f50a0cc9e45d6f2e366923fbc23e6da957e014739fdc9960","22874880","1751982671","2025-07-08 13:51:11","0x4822c6499d4d0b0699f42419610f894c6662a484","0xe5544a2a5fa9b175da60d8eec67add5582bb31b0","","0","0","0","0.0002965494816","0.824157014213248","2616.29","Error(0)","invalid jump destination","Mint"
"0xa1069f88ee961fc97c2718545843b8bdbe72f9870d2abf9e85f16ce54e6f18cf","22874881","1751982683","2025-07-08 13:51:23","0xf66ac2c80aaeff89b081ff911e80e7daeb9d0af6","0xe5544a2a5fa9b175da60d8eec67add5582bb31b0","","0","0","0","0.000408","1.13389529458886","2616.29","Error(0)","invalid jump destination","Mint"
"0x8e977d1562df88c0c16d1a9260e7255b9456f27417a6a922110f05caabeacf6c","22874883","1751982707","2025-07-08 13:51:47","0x4822c6499d4d0b0699f42419610f894c6662a484","0xe5544a2a5fa9b175da60d8eec67add5582bb31b0","","0","0","0","0.000118363845688155","0.3289514894001","2616.29","","","Mint"
"0x5faf32a87ba68470a39ec830a2875bb72e0706c61e4bc7bb4c49553de95e18d3","22874885","1751982731","2025-07-08 13:52:11","0x4822c6499d4d0b0699f42419610f894c6662a484","0xe5544a2a5fa9b175da60d8eec67add5582bb31b0","","0","0","0","0.000119495874916332","0.332097574241195","2616.29","","","Mint"
"0x255fc9a070941124e04e7fa8a58fe24f6b36aa32a867987e2db9445c25b97130","22874887","1751982755","2025-07-08 13:52:35","0x4822c6499d4d0b0699f42419610f894c6662a484","0xe5544a2a5fa9b175da60d8eec67add5582bb31b0","","0","0","0","0.000118634784385518","0.32970447007182","2616.29","","","Mint"
"0x445b64bbce46f0f0512cc95a59b6910c85a9c99c8a4a65327f00f8fc8c7bf4dc","22874890","1751982791","2025-07-08 13:53:11","0x4822c6499d4d0b0699f42419610f894c6662a484","0xe5544a2a5fa9b175da60d8eec67add5582bb31b0","","0","0","0","0.000102605642639001","0.28515699849664","2616.29","","","Mint"
"0xb07006d387abbd9bc3309e72df5884dcb1a1f6912c13262bfca453d1644ac570","22874892","1751982815","2025-07-08 13:53:35","0x4822c6499d4d0b0699f42419610f894c6662a484","0xe5544a2a5fa9b175da60d8eec67add5582bb31b0","","0","0","0","0.000112079949037467","0.311487565763095","2616.29","","","Mint"
"0xb9234880db623211702c2145920847b8f2e05f9f496a6c65ee30290d130234e6","22874894","1751982839","2025-07-08 13:53:59","0x4822c6499d4d0b0699f42419610f894c6662a484","0xe5544a2a5fa9b175da60d8eec67add5582bb31b0","","0","0","0","0.000111180258780825","0.308987186967522","2616.29","","","Mint"
"0x193e22ef5d02263eb30f8f200b8bf5dc271059a0cfeff80aa83838f08c000f4a","22874896","1751982863","2025-07-08 13:54:23","0x4822c6499d4d0b0699f42419610f894c6662a484","0xe5544a2a5fa9b175da60d8eec67add5582bb31b0","","0","0","0","0.000108876974906004","0.302586003762223","2616.29","","","Mint"
"0x5f00ebc83ff9500b3a8a833732a0a84714f364f476f8b39ded595296d77bb051","22874898","1751982887","2025-07-08 13:54:47","0x4822c6499d4d0b0699f42419610f894c6662a484","0xe5544a2a5fa9b175da60d8eec67add5582bb31b0","","0","0","0","0.000106787094620577","0.296777902237959","2616.29","","","Mint"
"0x7542cc8ceb6f84b76f9e27fba67f2cc83c63b91dd050ae17322e396ea20951a2","22874901","1751982923","2025-07-08 13:55:23","0x4822c6499d4d0b0699f42419610f894c6662a484","0xe5544a2a5fa9b175da60d8eec67add5582bb31b0","","0","0","0","0.000100423170757305","0.279091570562259","2616.29","","","Mint"
"0xa58d25f1ce1099e4a11024591cca4f255d3c5ccce68449175b67730c2f8c0eb8","22874903","1751982947","2025-07-08 13:55:47","0x4822c6499d4d0b0699f42419610f894c6662a484","0xe5544a2a5fa9b175da60d8eec67add5582bb31b0","","0","0","0","0.000100567988425233","0.279494041327545","2616.29","","","Mint"
"0xc6faa2857d369b4a96ae0c630fe15f4ffa6b1576a86686c41d26f610de36cd1f","22874905","1751982971","2025-07-08 13:56:11","0x4822c6499d4d0b0699f42419610f894c6662a484","0xe5544a2a5fa9b175da60d8eec67add5582bb31b0","","0","0","0","0.000097997653712496","0.272350682415067","2616.29","","","Mint"
"0xdd8d8a355bbb54e3ae7db2fa1320912655b6c86281a72bdd70323e324b25f267","22874908","1751983007","2025-07-08 13:56:47","0x4822c6499d4d0b0699f42419610f894c6662a484","0xe5544a2a5fa9b175da60d8eec67add5582bb31b0","","0","0","0","0.000091320840515712","0.253794782741827","2616.29","","","Mint"
"0x90814298bca05aca3c1c839ed2b54a8668c1c4eb7a2e2d80827ca4744e6f5e0c","22874911","1751983043","2025-07-08 13:57:23","0x4822c6499d4d0b0699f42419610f894c6662a484","0xe5544a2a5fa9b175da60d8eec67add5582bb31b0","","0","0","0","0.0000881278885794","0.244921073976061","2616.29","","","Mint"
"0x73c0a2d6bd7d5f35b0fd5242bb20c9998634f9cc62dfb16574472745dcdec0f6","22874911","1751983043","2025-07-08 13:57:23","0x0a7da29599a326568c88ef1ff2fb2f42262090fd","0xe5544a2a5fa9b175da60d8eec67add5582bb31b0","","0","0","0","0.000264","0.733696955322202","2616.29","Error(0)","invalid jump destination","Mint"
"0xe99f0ff2c88e42eb2fab50b159d89ea2e38b990a2ee95df8cd07332ad5f85b07","22874911","1751983043","2025-07-08 13:57:23","0x0a7da29599a326568c88ef1ff2fb2f42262090fd","0xe5544a2a5fa9b175da60d8eec67add5582bb31b0","","0","0","0","0.000264","0.733696955322202","2616.29","Error(0)","invalid jump destination","Mint"
"0x7916ed5baff654206db29c0b8277ca3fbd49fba6e868756ec51f23fb555e599b","22874914","1751983079","2025-07-08 13:57:59","0x4822c6499d4d0b0699f42419610f894c6662a484","0xe5544a2a5fa9b175da60d8eec67add5582bb31b0","","0","0","0","0.000082935320851647","0.230490122717891","2616.29","","","Mint"
"0x3612db0df1c01e4f7dcda5a1b3effee8ea61f370c9db5510bcf2c2d9807026e0","22874916","1751983103","2025-07-08 13:58:23","0x4822c6499d4d0b0699f42419610f894c6662a484","0xe5544a2a5fa9b175da60d8eec67add5582bb31b0","","0","0","0","0.000089663816597298","0.249189656212143","2616.29","","","Mint"
"0xaa737c7fec1fa752d033074928c2ba79a6f7346ef4777ce5b2765e673d4dcf5f","22874918","1751983127","2025-07-08 13:58:47","0x4822c6499d4d0b0699f42419610f894c6662a484","0xe5544a2a5fa9b175da60d8eec67add5582bb31b0","","0","0","0","0.000091411341172962","0.254046298108035","2616.29","","","Mint"
"0x605964be88161430cb3e4817abcef36d60b22092f59ca1ab194997fde0ae750a","22874920","1751983151","2025-07-08 13:59:11","0x4822c6499d4d0b0699f42419610f894c6662a484","0xe5544a2a5fa9b175da60d8eec67add5582bb31b0","","0","0","0","0.000088225624565268","0.245192697442942","2616.29","","","Mint"
"0xa6bb9ed90469530c527cfeeda00db1387006ff9cfc974ec62d8a4605595a2b16","22874922","1751983175","2025-07-08 13:59:35","0x4822c6499d4d0b0699f42419610f894c6662a484","0xe5544a2a5fa9b175da60d8eec67add5582bb31b0","","0","0","0","0.000083772965859567","0.232818068141951","2616.29","","","Mint"
"0xdaf9cf754a57d7fcd5629df0b4374f7bf29b22106d2946e402dfc00168de5b95","22874924","1751983199","2025-07-08 13:59:59","0x4822c6499d4d0b0699f42419610f894c6662a484","0xe5544a2a5fa9b175da60d8eec67add5582bb31b0","","0","0","0","0.000082349257959681","0.228861363022957","2616.29","","","Mint"
"0x61bee8977fdb2b0979b281b6514c07c35efc79495ffa7c173ee20d3daa875b35","22874926","1751983223","2025-07-08 14:00:23","0x0a7da29599a326568c88ef1ff2fb2f42262090fd","0xe5544a2a5fa9b175da60d8eec67add5582bb31b0","","0","0","0","0.00028911574416","0.803497504643578","2616.29","Error(0)","invalid jump destination","Mint"
"0x5b4a05ac728eaa34a993422fb353e10e69b5f9513b024ef2f6bcd865f28c67d3","22874926","1751983223","2025-07-08 14:00:23","0x4822c6499d4d0b0699f42419610f894c6662a484","0xe5544a2a5fa9b175da60d8eec67add5582bb31b0","","0","0","0","0.000089418322746828","0.248507390717294","2616.29","","","Mint"
"0x1b1a3f73581e2a0eaefcd11e8521ea8f54f0b78f7ab4a685eeb90f76985fbed8","22874927","1751983235","2025-07-08 14:00:35","0x0a7da29599a326568c88ef1ff2fb2f42262090fd","0xe5544a2a5fa9b175da60d8eec67add5582bb31b0","","0","0","0","0.000097520371389441","0.271024240796679","2616.29","","","Mint"
"0xd3a3b35ca0a1d5ceb2268877e9cab6d21827d30235da86d827770b3bdc59a301","22874929","1751983259","2025-07-08 14:00:59","0x4822c6499d4d0b0699f42419610f894c6662a484","0xe5544a2a5fa9b175da60d8eec67add5582bb31b0","","0","0","0","0.000085097632643559","0.236499522635252","2616.29","","","Mint"
"0xd2be2884b2dc9630b82cc21a64392e2f43f5e5732e7ee3ff25fe0334601fbd49","22874932","1751983295","2025-07-08 14:01:35","0x0a7da29599a326568c88ef1ff2fb2f42262090fd","0xe5544a2a5fa9b175da60d8eec67add5582bb31b0","","0","0","0","0.00027370935876","0.760680769565925","2616.29","Error(0)","invalid jump destination","Mint"
"0xe0b49d9199b9bb7a0686c8e76b26000de3071d544ab53023dcc9bcbe6172910e","22874932","1751983295","2025-07-08 14:01:35","0x4822c6499d4d0b0699f42419610f894c6662a484","0xe5544a2a5fa9b175da60d8eec67add5582bb31b0","","0","0","0","0.000084447067337883","0.234691500726113","2616.29","","","Mint"
"0xcbfb57679336232d561db908bcfbb45425f49882b7aa7842bb0eee1eaedc244e","22874933","1751983307","2025-07-08 14:01:47","0x0a7da29599a326568c88ef1ff2fb2f42262090fd","0xe5544a2a5fa9b175da60d8eec67add5582bb31b0","","0","0","0","0.000091094471702841","0.253165668693405","2616.29","","","Mint"
"0x17fe038e31f193bcd94f3e097c6def06a4ebc3b4b9077897f14e5ff0d7ade338","22874934","1751983319","2025-07-08 14:01:59","0x4822c6499d4d0b0699f42419610f894c6662a484","0xe5544a2a5fa9b175da60d8eec67add5582bb31b0","","0","0","0","0.000087777688420968","0.243947813407898","2616.29","","","Mint"
"0x72f19ab63f284fe2971a13bec46f85abc95c18016a95e141ba5b5ad4c57de469","22874936","1751983343","2025-07-08 14:02:23","0x4822c6499d4d0b0699f42419610f894c6662a484","0xe5544a2a5fa9b175da60d8eec67add5582bb31b0","","0","0","0","0.000092232961800915","0.256329709294244","2616.29","","","Mint"
"0xacfcb15a9c4039b79b7470da0c2cc84acb0b75e9b88c625cd48d83df9cea2288","22874937","1751983355","2025-07-08 14:02:35","0x0a7da29599a326568c88ef1ff2fb2f42262090fd","0xe5544a2a5fa9b175da60d8eec67add5582bb31b0","","0","0","0","0.00030719486568","0.853742188030412","2616.29","Error(0)","invalid jump destination","Mint"
"0xe672916b89f1f21062b5905bca90bb1bcb23244169f9eee38c6986cb70eb3879","22874938","1751983367","2025-07-08 14:02:47","0x4822c6499d4d0b0699f42419610f894c6662a484","0xe5544a2a5fa9b175da60d8eec67add5582bb31b0","","0","0","0","0.000090351205186764","0.251100015739471","2616.29","","","Mint"
"0x26834ab7363e7ebf5de7d2643994d297e231a2a2706244cae3d1a2f57b18fc4c","22874940","1751983391","2025-07-08 14:03:11","0x0a7da29599a326568c88ef1ff2fb2f42262090fd","0xe5544a2a5fa9b175da60d8eec67add5582bb31b0","","0","0","0","0.0003004082946","0.834881254172557","2616.29","Error(0)","invalid jump destination","Mint"
"0xaa3a1eabf0ab6103901cfc6e62569e76ba7b56970146c64f985d251d2cacf2de","22874940","1751983391","2025-07-08 14:03:11","0x4822c6499d4d0b0699f42419610f894c6662a484","0xe5544a2a5fa9b175da60d8eec67add5582bb31b0","","0","0","0","0.000093062146460055","0.258634142096558","2616.29","","","Mint"
"0x61e5e86fab64827e42ef029cad2ed5fa56fee856651d750b68642eb91b46fbc8","22874942","1751983415","2025-07-08 14:03:35","0x0a7da29599a326568c88ef1ff2fb2f42262090fd","0xe5544a2a5fa9b175da60d8eec67add5582bb31b0","","0","0","0","0.000094027029909162","0.261315702887658","2616.29","","","Mint"
"0x837fcedad5802cf4ea2155c9f665e017586896c67f39644786d6c1466b282258","22874942","1751983415","2025-07-08 14:03:35","0x4822c6499d4d0b0699f42419610f894c6662a484","0xe5544a2a5fa9b175da60d8eec67add5582bb31b0","","0","0","0","0.0002328321322","0.64707661551635","2616.29","Error(0)","invalid jump destination","Mint"
"0xd0443c390e1bab2acac75f2d5699514ef27c32f9679f84ac2cda224cc50bacc1","22874943","1751983427","2025-07-08 14:03:47","0x4822c6499d4d0b0699f42419610f894c6662a484","0xe5544a2a5fa9b175da60d8eec67add5582bb31b0","","0","0","0","0.000088439825187726","0.245787994202509","2616.29","","","Mint"
"0xe4ce729f1763e648d871680e2e1845d25fa1332c28300577abb1d448b90d5f75","22874944","1751983439","2025-07-08 14:03:59","0x0a7da29599a326568c88ef1ff2fb2f42262090fd","0xe5544a2a5fa9b175da60d8eec67add5582bb31b0","","0","0","0","0.00027747693528","0.771151449193454","2616.29","Error(0)","invalid jump destination","Mint"
"0xe97ca31d867cde7f846c8672c1caf69eb1706c5449384426b737cf7ebd17abb8","22874946","1751983463","2025-07-08 14:04:23","0x4822c6499d4d0b0699f42419610f894c6662a484","0xe5544a2a5fa9b175da60d8eec67add5582bb31b0","","0","0","0","0.000084956724911067","0.236107918187105","2616.29","","","Mint"
"0x9fd0ea9c6a997630509ef5d1ad032c3c366cd3ea27d4ff4af125b4a9074e261a","22874947","1751983475","2025-07-08 14:04:35","0x0a7da29599a326568c88ef1ff2fb2f42262090fd","0xe5544a2a5fa9b175da60d8eec67add5582bb31b0","","0","0","0","0.00027079197048","0.752572894950286","2616.29","Error(0)","invalid jump destination","Mint"
"0x2fc3e545e5988f0f3d13336e0ee5aa00cc3c28d12837011400a334580109d386","22874948","1751983487","2025-07-08 14:04:47","0x4822c6499d4d0b0699f42419610f894c6662a484","0xe5544a2a5fa9b175da60d8eec67add5582bb31b0","","0","0","0","0.000082659827949033","0.229724485203267","2616.29","","","Mint"
"0x9089dd9b6745c59e94695430ec7a612951abb25dd5f9f44361a21ebf96b4dcd6","22874950","1751983511","2025-07-08 14:05:11","0x4822c6499d4d0b0699f42419610f894c6662a484","0xe5544a2a5fa9b175da60d8eec67add5582bb31b0","","0","0","0","0.000081588500587089","0.226747100265344","2616.29","","","Mint"
"0xc587e8efbac6bd041fa4f91ba58c0c79f6af412451d8b513bb1d01e7cf99b338","22874951","1751983523","2025-07-08 14:05:23","0x0a7da29599a326568c88ef1ff2fb2f42262090fd","0xe5544a2a5fa9b175da60d8eec67add5582bb31b0","","0","0","0","0.00026553350352","0.737958799502505","2616.29","Error(0)","invalid jump destination","Mint"
"0x8d9102118b0c7092949589f79f4a8eb2342a377a8cd4a0a786ea9cdd841b9dbb","22874952","1751983535","2025-07-08 14:05:35","0x4822c6499d4d0b0699f42419610f894c6662a484","0xe5544a2a5fa9b175da60d8eec67add5582bb31b0","","0","0","0","0.000082296780743616","0.228715520698522","2616.29","","","Mint"
"0x3a6aba5d4803f8116ec0856ddd4aab37346aa2fd94c312e5fc7b086d5cab18c2","22874954","1751983559","2025-07-08 14:05:59","0x0a7da29599a326568c88ef1ff2fb2f42262090fd","0xe5544a2a5fa9b175da60d8eec67add5582bb31b0","","0","0","0","0.00026077954848","0.724746820947252","2616.29","Error(0)","invalid jump destination","Mint"
"0x8323de86509c232961be226e1cc24f36184c80ce34d984a09afd910bf80459e3","22874954","1751983559","2025-07-08 14:05:59","0x4822c6499d4d0b0699f42419610f894c6662a484","0xe5544a2a5fa9b175da60d8eec67add5582bb31b0","","0","0","0","0.000080274940805784","0.223096513855582","2616.29","","","Mint"
"0x817d17ed69d9d58a9508a1f6635ef658fa7ab23c94bb90eb3c541ad61a7d005f","22874956","1751983583","2025-07-08 14:06:23","0x4822c6499d4d0b0699f42419610f894c6662a484","0xe5544a2a5fa9b175da60d8eec67add5582bb31b0","","0","0","0","0.00008537786662674","0.237278336348273","2616.29","","","Mint"
"0x104a6f963777c8ae00bd4e267ef7df0c8f9781c634a3f05a30f2671b66c80aa2","22874958","1751983607","2025-07-08 14:06:47","0x0a7da29599a326568c88ef1ff2fb2f42262090fd","0xe5544a2a5fa9b175da60d8eec67add5582bb31b0","","0","0","0","0.0002831206716","0.786836267960974","2616.29","Error(0)","invalid jump destination","Mint"
"0xcb124df412da33fc9e4d070e5da309c8caf3c8d89de70206ca4472c165ead0b5","22874958","1751983607","2025-07-08 14:06:47","0x4822c6499d4d0b0699f42419610f894c6662a484","0xe5544a2a5fa9b175da60d8eec67add5582bb31b0","","0","0","0","0.00008745675064137","0.243055877530099","2616.29","","","Mint"
"0xc9c6b1c370c8046507f2525f4d353976337af08197d1909a2ba7dbdb54cf5308","22874961","1751983643","2025-07-08 14:07:23","0x4822c6499d4d0b0699f42419610f894c6662a484","0xe5544a2a5fa9b175da60d8eec67add5582bb31b0","","0","0","0","0.000089756283661812","0.249446636529195","2616.29","","","Mint"
"0xa3401503def9c11b56b2035b6cfd9f4ec29f149eb25e95944b7c803220f24276","22874963","1751983667","2025-07-08 14:07:47","0x4822c6499d4d0b0699f42419610f894c6662a484","0xe5544a2a5fa9b175da60d8eec67add5582bb31b0","","0","0","0","0.000092979729314928","0.258405092064565","2616.29","","","Mint"
"0xfb6a3d6f523bf95d5196278d45978b6ab14251ecce8ec60357c1891fdb95047e","22874964","1751983679","2025-07-08 14:07:59","0x0a7da29599a326568c88ef1ff2fb2f42262090fd","0xe5544a2a5fa9b175da60d8eec67add5582bb31b0","","0","0","0","0.00030449340852","0.846234419495468","2616.29","Error(0)","invalid jump destination","Mint"
"0x92cb363af00e96b08bdfcb52743d4e44fdf3608807f4893fdf55c6ceea9fcb3c","22874965","1751983691","2025-07-08 14:08:11","0x4822c6499d4d0b0699f42419610f894c6662a484","0xe5544a2a5fa9b175da60d8eec67add5582bb31b0","","0","0","0","0.000094164772858161","0.261698511911513","2616.29","","","Mint"
"0xa5ca67b47959892f6b606f655a7d26dcb2974fe26312e66f0286a0c229bc7f15","22874967","1751983715","2025-07-08 14:08:35","0x4822c6499d4d0b0699f42419610f894c6662a484","0xe5544a2a5fa9b175da60d8eec67add5582bb31b0","","0","0","0","0.000089478220145565","0.248673854880495","2616.29","","","Mint"
"0x9df55cdaa97854c9deb016bddb0338ae7758d3eccfb218d935ca168634be51a0","22874970","1751983751","2025-07-08 14:09:11","0x4822c6499d4d0b0699f42419610f894c6662a484","0xe5544a2a5fa9b175da60d8eec67add5582bb31b0","","0","0","0","0.000083578949716977","0.232278867183233","2616.29","","","Mint"
"0xb23796b4eadfb6e0d92cc9cbb9a7a607f850019721731db49a4199d9c644d05f","22874974","1751983799","2025-07-08 14:09:59","0x4822c6499d4d0b0699f42419610f894c6662a484","0xe5544a2a5fa9b175da60d8eec67add5582bb31b0","","0","0","0","0.000081840735221565","0.22744809944467","2616.29","","","Mint"
"0x21226b4f7fa28a2236a295d8209f846bdb277b45c482a3a34496249e1fa0f0f8","22874977","1751983835","2025-07-08 14:10:35","0x4822c6499d4d0b0699f42419610f894c6662a484","0xe5544a2a5fa9b175da60d8eec67add5582bb31b0","","0","0","0","0.000076970559898932","0.213913126694286","2616.29","","","Mint"
"0xec378562ad6d9ca9eb3abaa757739b579763fc9b47ab5794a3e764b67961fe23","22874980","1751983871","2025-07-08 14:11:11","0x0a7da29599a326568c88ef1ff2fb2f42262090fd","0xe5544a2a5fa9b175da60d8eec67add5582bb31b0","","0","0","0","0.00024489049368","0.680588672728663","2616.29","Error(0)","invalid jump destination","Mint"
"0x637585819161ae6fe07cbddfd20a8a1644d50eae8fd61b2bead21d0ac87c1b83","22874980","1751983871","2025-07-08 14:11:11","0x4822c6499d4d0b0699f42419610f894c6662a484","0xe5544a2a5fa9b175da60d8eec67add5582bb31b0","","0","0","0","0.000075147940048194","0.208847783379149","2616.29","","","Mint"
"0x1f8667bcdd05d5489d4273cfcbe49c540cc8c9a978b7814e7cb1c8500c86929d","22874982","1751983895","2025-07-08 14:11:35","0x4822c6499d4d0b0699f42419610f894c6662a484","0xe5544a2a5fa9b175da60d8eec67add5582bb31b0","","0","0","0","0.000077007839513418","0.214016732526271","2616.29","","","Mint"
"0xdd7f5e08e02852aef06791b54874b3f08f80c71abe1039e1e1b63d1a14402386","22874984","1751983919","2025-07-08 14:11:59","0x4822c6499d4d0b0699f42419610f894c6662a484","0xe5544a2a5fa9b175da60d8eec67add5582bb31b0","","0","0","0","0.000081937871070654","0.227718055038341","2616.29","","","Mint"
"0xeb393c0367253d2e85bb02d3da6a21bc05f52a84124914740e1c7b8b64a60373","22874986","1751983943","2025-07-08 14:12:23","0x4822c6499d4d0b0699f42419610f894c6662a484","0xe5544a2a5fa9b175da60d8eec67add5582bb31b0","","0","0","0","0.000080326305102867","0.223239263205514","2616.29","","","Mint"
"0x5992aa4b3e90772f5b445a3ab66df43bc135cf85d50548823e666df8a52d5b5b","22874988","1751983967","2025-07-08 14:12:47","0x4822c6499d4d0b0699f42419610f894c6662a484","0xe5544a2a5fa9b175da60d8eec67add5582bb31b0","","0","0","0","0.000078495304749936","0.218150629174683","2616.29","","","Mint"
"0xd519b5456ac047148173bac2494f6501484d0be5c6391e10ac8fddebc0d8d983","22874990","1751983991","2025-07-08 14:13:11","0x4822c6499d4d0b0699f42419610f894c6662a484","0xe5544a2a5fa9b175da60d8eec67add5582bb31b0","","0","0","0","0.000080208077056668","0.222910689123962","2616.29","","","Mint"
"0x6485a0f68e0aa39c5e186e5e00db038c8e3d3bd5362447956c4c087e107a4d37","22874992","1751984015","2025-07-08 14:13:35","0x4822c6499d4d0b0699f42419610f894c6662a484","0xe5544a2a5fa9b175da60d8eec67add5582bb31b0","","0","0","0","0.000077096908574145","0.214264269263653","2616.29","","","Mint"
"0x772662479b7af0d194c93ee028758968b2e7ab684712fc67ec7628e48ad954a6","22874994","1751984039","2025-07-08 14:13:59","0x4822c6499d4d0b0699f42419610f894c6662a484","0xe5544a2a5fa9b175da60d8eec67add5582bb31b0","","0","0","0","0.000074692451601792","0.207581910324946","2616.29","","","Mint"
"0x0a3ba4f08144a166bf9c52be6dc40c2cefd6cd9930b37aa38f299a2c0788a7dc","22874995","1751984051","2025-07-08 14:14:11","0x0a7da29599a326568c88ef1ff2fb2f42262090fd","0xe5544a2a5fa9b175da60d8eec67add5582bb31b0","","0","0","0","0.00024473693196","0.68016190088617","2616.29","Error(0)","invalid jump destination","Mint"
"0xf791ff8a945b03d52e7b36a002a808fb802b76e9c086342467624e4b94881447","22874996","1751984063","2025-07-08 14:14:23","0x4822c6499d4d0b0699f42419610f894c6662a484","0xe5544a2a5fa9b175da60d8eec67add5582bb31b0","","0","0","0","0.000073272768327303","0.203636390264285","2616.29","","","Mint"
"0x132a823947bdf7b9aeda7dd82b55cac0ed60785125122b7b5e8d3789d2a37a03","22874999","1751984111","2025-07-08 14:15:11","0x0a7da29599a326568c88ef1ff2fb2f42262090fd","0xe5544a2a5fa9b175da60d8eec67add5582bb31b0","","0","0","0","0.00023024834976","0.639895883283612","2616.29","Error(0)","invalid jump destination","Mint"
"0xcf7d99276c4ebb6d075e2358eca15e7b8056e50a5a5d423b837e559fe9ed2d4a","22874999","1751984111","2025-07-08 14:15:11","0x4822c6499d4d0b0699f42419610f894c6662a484","0xe5544a2a5fa9b175da60d8eec67add5582bb31b0","","0","0","0","0.000070423286258808","0.195717237544967","2616.29","","","Mint"
"0xeb588dc713d48a6e0cac4771edb48ef8ffa24951f48bd5197f59203a235116fa","22875001","1751984135","2025-07-08 14:15:35","0x4822c6499d4d0b0699f42419610f894c6662a484","0xe5544a2a5fa9b175da60d8eec67add5582bb31b0","","0","0","0","0.000077117860662129","0.214322498366537","2616.29","","","Mint"
"0xe40db40452259274fc7040df9e69153c439ad002b30ee9ef8b8bd4177e8a2817","22875003","1751984159","2025-07-08 14:15:59","0x4822c6499d4d0b0699f42419610f894c6662a484","0xe5544a2a5fa9b175da60d8eec67add5582bb31b0","","0","0","0","0.000076750632634179","0.213301914707386","2616.29","","","Mint"
"0x4bbc6e76136e1be7e8b55e0d7a3797349410587daf81bf29a72a2dc879e33746","22875005","1751984183","2025-07-08 14:16:23","0x4822c6499d4d0b0699f42419610f894c6662a484","0xe5544a2a5fa9b175da60d8eec67add5582bb31b0","","0","0","0","0.000081405179768526","0.226237623271303","2616.29","","","Mint"
"0x255eab05b2ea10ab1a652efa6de6a79aaaf2cc413309016de4a646b5c0f5ec3b","22875007","1751984207","2025-07-08 14:16:47","0x4822c6499d4d0b0699f42419610f894c6662a484","0xe5544a2a5fa9b175da60d8eec67add5582bb31b0","","0","0","0","0.000080356604672577","0.223323470410226","2616.29","","","Mint"
"0x9b767bf981bc05aaad3b09345872b53ca1ee968cadc13af8cbb11982ece617d0","22875009","1751984231","2025-07-08 14:17:11","0x4822c6499d4d0b0699f42419610f894c6662a484","0xe5544a2a5fa9b175da60d8eec67add5582bb31b0","","0","0","0","0.000076313341718955","0.212086615415379","2616.29","","","Mint"
"0x68e5e8a9370b4ad9cd6c5592c8881f2ca86e43dfdea984a2a0f388b9bfb1796b","22875011","1751984255","2025-07-08 14:17:35","0x4822c6499d4d0b0699f42419610f894c6662a484","0xe5544a2a5fa9b175da60d8eec67add5582bb31b0","","0","0","0","0.000076679363768325","0.213103847472968","2616.29","","","Mint"
"0x38a52ffa7d25f803a9b4e0bd5ae9d96667d832a3bb461716379aba0d8b948b72","22875013","1751984279","2025-07-08 14:17:59","0x4822c6499d4d0b0699f42419610f894c6662a484","0xe5544a2a5fa9b175da60d8eec67add5582bb31b0","","0","0","0","0.00007200093630909","0.200101771781542","2616.29","","","Mint"
"0x9512150d90349fd6b5a10f3c9c02b738386e2d91b7aeedc10d9f22b1f5d5b5ac","22875015","1751984303","2025-07-08 14:18:23","0x4822c6499d4d0b0699f42419610f894c6662a484","0xe5544a2a5fa9b175da60d8eec67add5582bb31b0","","0","0","0","0.000073922030942376","0.205440791794147","2616.29","","","Mint"
"0x2b4120d082ad7557563a3e6818c04d004c006ce82c083ee533b7330eb6d8cff2","22875017","1751984327","2025-07-08 14:18:47","0x4822c6499d4d0b0699f42419610f894c6662a484","0xe5544a2a5fa9b175da60d8eec67add5582bb31b0","","0","0","0","0.000079761848331411","0.221670550271316","2616.29","","","Mint"
"0x870ed95c2c2559e1e10628d8c2de392a834a8995f5b756e1f9abf9ba2085b9a5","22875019","1751984351","2025-07-08 14:19:11","0x4822c6499d4d0b0699f42419610f894c6662a484","0xe5544a2a5fa9b175da60d8eec67add5582bb31b0","","0","0","0","0.000080829364617651","0.224637343638631","2616.29","","","Mint"
"0xcffba844c3d59a437a6cd0917cd6d6ae37e4ff4fe26e2bb8ae5d829b5a9c8021","22875021","1751984375","2025-07-08 14:19:35","0x4822c6499d4d0b0699f42419610f894c6662a484","0xe5544a2a5fa9b175da60d8eec67add5582bb31b0","","0","0","0","0.000080920662656454","0.224891075051876","2616.29","","","Mint"
"0x433076e29744caaef6ec38dc305233ab01b609ba69a132b50282ae3307a5f32a","22875023","1751984399","2025-07-08 14:19:59","0x4822c6499d4d0b0699f42419610f894c6662a484","0xe5544a2a5fa9b175da60d8eec67add5582bb31b0","","0","0","0","0.000077186124120126","0.21451221310628","2616.29","","","Mint"
"0xd95657949020e1f4ba708f6dd53522ef1b9cf0fbe6c8347ce4ba7e419383cdce","22875025","1751984423","2025-07-08 14:20:23","0x4822c6499d4d0b0699f42419610f894c6662a484","0xe5544a2a5fa9b175da60d8eec67add5582bb31b0","","0","0","0","0.00007996995895371","0.222248921975676","2616.29","","","Mint"
"0x0a508878ef3aca5a18e10f49945ebf2ec40d34af21e3c6df20906de395ef489f","22875026","1751984435","2025-07-08 14:20:35","0x0a7da29599a326568c88ef1ff2fb2f42262090fd","0xe5544a2a5fa9b175da60d8eec67add5582bb31b0","","0","0","0","0.00028412621472","0.789630828285175","2616.29","Error(0)","invalid jump destination","Mint"
"0x85c2109de352dc708a84242e06a4b5da5a59295f6d9718bb0076553ca13d0b7e","22875027","1751984447","2025-07-08 14:20:47","0x4822c6499d4d0b0699f42419610f894c6662a484","0xe5544a2a5fa9b175da60d8eec67add5582bb31b0","","0","0","0","0.000081772416895911","0.227258232219196","2616.29","","","Mint"
"0xff476b0debf2ba1ea2eb8b75857b7668cff6208bcb42bb764d7070950dae9da1","22875029","1751984471","2025-07-08 14:21:11","0x4822c6499d4d0b0699f42419610f894c6662a484","0xe5544a2a5fa9b175da60d8eec67add5582bb31b0","","0","0","0","0.000077420325907683","0.215163096206514","2616.29","","","Mint"
"0xf3bc810ef4a4e2e4703c1ab3ed5a374c6401f3ce4add9c4f840283584f24867c","22875031","1751984495","2025-07-08 14:21:35","0x4822c6499d4d0b0699f42419610f894c6662a484","0xe5544a2a5fa9b175da60d8eec67add5582bb31b0","","0","0","0","0.000075268632746937","0.209183207112472","2616.29","","","Mint"
"0xc97f616a83f178bbe8db5e4d18f5525732042ad48940583216ced4810cf5551c","22875034","1751984531","2025-07-08 14:22:11","0x4822c6499d4d0b0699f42419610f894c6662a484","0xe5544a2a5fa9b175da60d8eec67add5582bb31b0","","0","0","0","0.000068499140100954","0.190369736872193","2616.29","","","Mint"
"0x08f71d1af596cc88769215466b2b589035b527a650d0d575a228b3647310190b","22875036","1751984555","2025-07-08 14:22:35","0x4822c6499d4d0b0699f42419610f894c6662a484","0xe5544a2a5fa9b175da60d8eec67add5582bb31b0","","0","0","0","0.000075954098645148","0.211088223182528","2616.29","","","Mint"
"0x18f8c767219f8808d6dde2543607717b62c1c22fac7c6ec5dad106d954088b03","22875038","1751984579","2025-07-08 14:22:59","0x4822c6499d4d0b0699f42419610f894c6662a484","0xe5544a2a5fa9b175da60d8eec67add5582bb31b0","","0","0","0","0.000075612584652483","0.210139102816549","2616.29","","","Mint"
"0x4e7ad92fba0bf7dea958afa0cfab3b677b949622162f0def73ef35169c2f687b","22875040","1751984603","2025-07-08 14:23:23","0x4822c6499d4d0b0699f42419610f894c6662a484","0xe5544a2a5fa9b175da60d8eec67add5582bb31b0","","0","0","0","0.000080532044296242","0.223811044341006","2616.29","","","Mint"
"0xd484bf8c4746e0e8d7cece1e0af54ceeda674039cc3f006acf2f8849246a80fa","22875042","1751984627","2025-07-08 14:23:47","0x4822c6499d4d0b0699f42419610f894c6662a484","0xe5544a2a5fa9b175da60d8eec67add5582bb31b0","","0","0","0","0.000078700236747561","0.218720166987962","2616.29","","","Mint"
"0x056ccbd72e5d49b6b276fca213544bc7710dd561d8ccf568d170f59a44be4efc","22875043","1751984639","2025-07-08 14:23:59","0x0a7da29599a326568c88ef1ff2fb2f42262090fd","0xe5544a2a5fa9b175da60d8eec67add5582bb31b0","","0","0","0","0.00009083778899349","0.252452307623956","2616.29","","","Mint"
"0x4640dc492fbc81df239a8789393fabc3a317bd1a46a7e2919b32c6f089ad2be7","22875045","1751984663","2025-07-08 14:24:23","0x4822c6499d4d0b0699f42419610f894c6662a484","0xe5544a2a5fa9b175da60d8eec67add5582bb31b0","","0","0","0","0.000073485666297879","0.204228066752186","2616.29","","","Mint"
"0x41d4efa9e1f6d7ec0ddf6f8ef746a7f21623fefa36114d218625097b84755436","22875047","1751984687","2025-07-08 14:24:47","0x4822c6499d4d0b0699f42419610f894c6662a484","0xe5544a2a5fa9b175da60d8eec67add5582bb31b0","","0","0","0","0.000075396284190195","0.209537970276339","2616.29","","","Mint"
"0x095e33513fe14a42001187c5dcb6f29c36ca96425ae01d1247c833445add379c","22875048","1751984699","2025-07-08 14:24:59","0x0a7da29599a326568c88ef1ff2fb2f42262090fd","0xe5544a2a5fa9b175da60d8eec67add5582bb31b0","","0","0","0","0.00030899077272","0.858733292300449","2616.29","Error(0)","invalid jump destination","Mint"
"0xd6b23454ce939f5ef5e6ed441421a8db35bf9356ccb870514ec63baae8914e11","22875049","1751984711","2025-07-08 14:25:11","0x4822c6499d4d0b0699f42419610f894c6662a484","0xe5544a2a5fa9b175da60d8eec67add5582bb31b0","","0","0","0","0.000090007501405386","0.250144809610949","2616.29","","","Mint"
"0x4c9c7205ae4fadf0905a89b7a4300f6f07310ebcceaa5b45e773c91e383e1dd4","22875051","1751984735","2025-07-08 14:25:35","0x4822c6499d4d0b0699f42419610f894c6662a484","0xe5544a2a5fa9b175da60d8eec67add5582bb31b0","","0","0","0","0.00009287403106311","0.258111340225392","2616.29","","","Mint"
"0xd6fdec3b8e09b849711a5ddd3fc784ef9e9570f30e7fa7c092ceb4a4046c2a41","22875053","1751984759","2025-07-08 14:25:59","0x0a7da29599a326568c88ef1ff2fb2f42262090fd","0xe5544a2a5fa9b175da60d8eec67add5582bb31b0","","0","0","0","0.000103702176210315","0.288204435400737","2616.29","","","Mint"
"0x31aa7ded8fd9f4e077406d33aaa22229960221e199efb8feb8b9c38edd6143e8","22875053","1751984759","2025-07-08 14:25:59","0x4822c6499d4d0b0699f42419610f894c6662a484","0xe5544a2a5fa9b175da60d8eec67add5582bb31b0","","0","0","0","0.0002278189515","0.633144208637297","2616.29","Error(0)","invalid jump destination","Mint"
"0x91f4d0f9828d32aa46f3c2c5b1aff04c3a803f19645986c5caba11c8840ad634","22875054","1751984771","2025-07-08 14:26:11","0x4822c6499d4d0b0699f42419610f894c6662a484","0xe5544a2a5fa9b175da60d8eec67add5582bb31b0","","0","0","0","0.000085410527170704","0.237369105066704","2616.29","","","Mint"
"0x6659e8ec128d9c56006d3a98e69755353d102117d88782a0d23d05e891edc823","22875056","1751984795","2025-07-08 14:26:35","0x4822c6499d4d0b0699f42419610f894c6662a484","0xe5544a2a5fa9b175da60d8eec67add5582bb31b0","","0","0","0","0.000084485601160569","0.234798592197255","2616.29","","","Mint"
"0x265df9b94167901ec42183a259ef6fba650e54aa0035285d27481ed415f02510","22875058","1751984819","2025-07-08 14:26:59","0x4822c6499d4d0b0699f42419610f894c6662a484","0xe5544a2a5fa9b175da60d8eec67add5582bb31b0","","0","0","0","0.000085408198451043","0.237362633193503","2616.29","","","Mint"
"0x5d0c5443b2e7b745c5aa8d072cf11122e39a1cffd8d2912c91349ea890ee5af2","22875060","1751984843","2025-07-08 14:27:23","0x4822c6499d4d0b0699f42419610f894c6662a484","0xe5544a2a5fa9b175da60d8eec67add5582bb31b0","","0","0","0","0.000081643062421404","0.22689873606729","2616.29","","","Mint"
"0xee70f597e90f35429d599c8c7b545dc24ac7e36f408f234bc31b99b59855f564","22875062","1751984867","2025-07-08 14:27:47","0x4822c6499d4d0b0699f42419610f894c6662a484","0xe5544a2a5fa9b175da60d8eec67add5582bb31b0","","0","0","0","0.000081669760555131","0.2269729343227","2616.29","","","Mint"
"0x1f43704fbf60d9d202f71ae4d657c9be7a22daf74719704f0ae73a70ff6176f7","22875064","1751984891","2025-07-08 14:28:11","0x0a7da29599a326568c88ef1ff2fb2f42262090fd","0xe5544a2a5fa9b175da60d8eec67add5582bb31b0","","0","0","0","0.000094552136503089","0.262775055573961","2616.29","","","Mint"
"0x6619475170affce377432deb656b15a276686cb6ffeca880182bb0f6d50a40e1","22875064","1751984891","2025-07-08 14:28:11","0x4822c6499d4d0b0699f42419610f894c6662a484","0xe5544a2a5fa9b175da60d8eec67add5582bb31b0","","0","0","0","0.0002041882609","0.567470853541157","2616.29","Error(0)","invalid jump destination","Mint"
"0x5ab4c0f9dbc76fe3fd3205bd94d06ef38c6ee9f577f1d9e5fae83156f04347a8","22875065","1751984903","2025-07-08 14:28:23","0x4822c6499d4d0b0699f42419610f894c6662a484","0xe5544a2a5fa9b175da60d8eec67add5582bb31b0","","0","0","0","0.000078820543764207","0.219054518850906","2616.29","","","Mint"
"0x5f705f611b3a7ec7281f77f87a01d761e81d2b612db2cc314869611088aa7dea","22875068","1751984939","2025-07-08 14:28:59","0x0a7da29599a326568c88ef1ff2fb2f42262090fd","0xe5544a2a5fa9b175da60d8eec67add5582bb31b0","","0","0","0","0.00027084839592","0.752729710001539","2616.29","Error(0)","invalid jump destination","Mint"
"0x769bd28c113d9df8a1965bdeb09766f11674e6959b80a9bb9db8f33e0c37c8cd","22875068","1751984939","2025-07-08 14:28:59","0x4822c6499d4d0b0699f42419610f894c6662a484","0xe5544a2a5fa9b175da60d8eec67add5582bb31b0","","0","0","0","0.0001857069966","0.516108552982767","2616.29","Error(0)","invalid jump destination","Mint"
"0x2d1eb8281f8c3b9e8a0e8abea353336851c0c4ba8ab21fe84156c29ebb819fc2","22875070","1751984963","2025-07-08 14:29:23","0x4822c6499d4d0b0699f42419610f894c6662a484","0xe5544a2a5fa9b175da60d8eec67add5582bb31b0","","0","0","0","0.000069153304872069","0.192187762254186","2616.29","","","Mint"
"0xfa534d019c3e4e24c3665b10b88e92acf4606ebdcea4d1aa5a7fb13cc3faffdc","22875071","1751984975","2025-07-08 14:29:35","0x0a7da29599a326568c88ef1ff2fb2f42262090fd","0xe5544a2a5fa9b175da60d8eec67add5582bb31b0","","0","0","0","0.00028125251364","0.781644367175697","2616.29","Error(0)","invalid jump destination","Mint"
"0x82831afea38866b568269fba2bc233ba625a95cd16d920dc9b897ed547b84e67","22875072","1751984987","2025-07-08 14:29:47","0x0a7da29599a326568c88ef1ff2fb2f42262090fd","0xe5544a2a5fa9b175da60d8eec67add5582bb31b0","","0","0","0","0.000091752811681944","0.254995297626112","2616.29","","","Mint"
"0x15fe62e5ce82f409ca1a1c446459b1d1f5483cee339354f2f2bc660b2ac0d5a4","22875072","1751984987","2025-07-08 14:29:47","0x4822c6499d4d0b0699f42419610f894c6662a484","0xe5544a2a5fa9b175da60d8eec67add5582bb31b0","","0","0","0","0.0001969587864","0.547379022369833","2616.29","Error(0)","invalid jump destination","Mint"
"0xcc6e1f8be55c9d1c2ea331ef6c552a792da772a2830f372add872f85b64a03f5","22875073","1751984999","2025-07-08 14:29:59","0x4822c6499d4d0b0699f42419610f894c6662a484","0xe5544a2a5fa9b175da60d8eec67add5582bb31b0","","0","0","0","0.000079217886011121","0.220158794596291","2616.29","","","Mint"
"0xd640687238df20592e8d51be43bcfd8437489e7660e2340952d2115618090309","22875075","1751985023","2025-07-08 14:30:23","0x4822c6499d4d0b0699f42419610f894c6662a484","0xe5544a2a5fa9b175da60d8eec67add5582bb31b0","","0","0","0","0.00008461352841351","0.235154121879019","2616.29","","","Mint"
"0x649f0ec3af867e91a05c9717a09952f33cae406a1e25a2ca038bc8637b9a6976","22875076","1751985035","2025-07-08 14:30:35","0x0a7da29599a326568c88ef1ff2fb2f42262090fd","0xe5544a2a5fa9b175da60d8eec67add5582bb31b0","","0","0","0","0.00029790696024","0.827929657944622","2616.29","Error(0)","invalid jump destination","Mint"
"0x4e476f1f68f589ea4e5780b04ffdd5fe85372273f86873535f81ca8e467f5824","22875077","1751985047","2025-07-08 14:30:47","0x4822c6499d4d0b0699f42419610f894c6662a484","0xe5544a2a5fa9b175da60d8eec67add5582bb31b0","","0","0","0","0.000081001694828853","0.225116276029802","2616.29","","","Mint"
"0x36e2bde1531008080bb7cf6d8d83f5de73ba7c28608dacb0d157527b3c98092e","22875079","1751985071","2025-07-08 14:31:11","0x0a7da29599a326568c88ef1ff2fb2f42262090fd","0xe5544a2a5fa9b175da60d8eec67add5582bb31b0","","0","0","0","0.00027634496508","0.768005528400819","2616.29","Error(0)","invalid jump destination","Mint"
"0x1eff810761de29c3859b062a4fa334924bb32cba5653f078d6b5c5ea058ca084","22875079","1751985071","2025-07-08 14:31:11","0x4822c6499d4d0b0699f42419610f894c6662a484","0xe5544a2a5fa9b175da60d8eec67add5582bb31b0","","0","0","0","0.000073681211607189","0.204771517502445","2616.29","","","Mint"
"0x2efcf1f78d5ddd39ef2ecdc5039af179b3fd0a0c3e5fbcebe09b57a9bac5da6f","22875081","1751985095","2025-07-08 14:31:35","0x4822c6499d4d0b0699f42419610f894c6662a484","0xe5544a2a5fa9b175da60d8eec67add5582bb31b0","","0","0","0","0.000079306242989688","0.220404352346882","2616.29","","","Mint"
"0x596852dc7265cf5923fc89c3fff75515c5dde25f20badb25f7b25059c6ed023a","22875083","1751985119","2025-07-08 14:31:59","0x4822c6499d4d0b0699f42419610f894c6662a484","0xe5544a2a5fa9b175da60d8eec67add5582bb31b0","","0","0","0","0.000080168157974619","0.222799747802149","2616.29","","","Mint"
"0xc348689d6b134150472c53012217289f007f3b6d89cb622709cd0b2255591424","22875085","1751985143","2025-07-08 14:32:23","0x4822c6499d4d0b0699f42419610f894c6662a484","0xe5544a2a5fa9b175da60d8eec67add5582bb31b0","","0","0","0","0.000082491506058309","0.229256692556531","2616.29","","","Mint"
"0xdc721bde9c4cd7944d927fcb0c1a2c53fc70fc53c13d88585e9fcaf6e342b4b8","22875087","1751985167","2025-07-08 14:32:47","0x4822c6499d4d0b0699f42419610f894c6662a484","0xe5544a2a5fa9b175da60d8eec67add5582bb31b0","","0","0","0","0.000078624660265683","0.218510128220357","2616.29","","","Mint"
"0xb16e57f3389afae34ee92a4dfe95907a48b30e5b369c0603d9c23b928089452a","22875089","1751985191","2025-07-08 14:33:11","0x4822c6499d4d0b0699f42419610f894c6662a484","0xe5544a2a5fa9b175da60d8eec67add5582bb31b0","","0","0","0","0.000080882103161745","0.224783912234199","2616.29","","","Mint"
"0xf1b1913e28d353a421977f7e2bc9c89f726f6fcca5d35f1be74ce73cde9e205e","22875091","1751985215","2025-07-08 14:33:35","0x4822c6499d4d0b0699f42419610f894c6662a484","0xe5544a2a5fa9b175da60d8eec67add5582bb31b0","","0","0","0","0.000083373838155303","0.231708830333606","2616.29","","","Mint"
"0x686d735e21fa711469389adf6afecad9b1e14dbac112d38d9a12a4eb1a1fcebc","22875093","1751985239","2025-07-08 14:33:59","0x4822c6499d4d0b0699f42419610f894c6662a484","0xe5544a2a5fa9b175da60d8eec67add5582bb31b0","","0","0","0","0.000082372398132654","0.228925673153472","2616.29","","","Mint"
"0x2692209a5897d3afb940e884933e1492127c8c62fd11985f302c9256b49442c3","22875095","1751985263","2025-07-08 14:34:23","0x4822c6499d4d0b0699f42419610f894c6662a484","0xe5544a2a5fa9b175da60d8eec67add5582bb31b0","","0","0","0","0.000084673870793979","0.235321822715485","2616.29","","","Mint"
"0x38101d575d7956ae0aa5a98290de777c1f9e78a4a99e92ded9de8261623625ed","22875098","1751985299","2025-07-08 14:34:59","0x4822c6499d4d0b0699f42419610f894c6662a484","0xe5544a2a5fa9b175da60d8eec67add5582bb31b0","","0","0","0","0.000085104171141264","0.236517694134716","2616.29","","","Mint"
"0x85565d1134099e9cfee76fa14c7be1c28c5296767367534be252effa84efd758","22875100","1751985323","2025-07-08 14:35:23","0x4822c6499d4d0b0699f42419610f894c6662a484","0xe5544a2a5fa9b175da60d8eec67add5582bb31b0","","0","0","0","0.000083507768595921","0.232081043805221","2616.29","","","Mint"
"0xcb5277f41aa5dfda23bc1f1505257ad8e28e7df4bc0aa231de1d2575b2eaf449","22875102","1751985347","2025-07-08 14:35:47","0x4822c6499d4d0b0699f42419610f894c6662a484","0xe5544a2a5fa9b175da60d8eec67add5582bb31b0","","0","0","0","0.000084414235724541","0.234600256579342","2616.29","","","Mint"
"0xea291d59fcb5a7e7dc4e28845a5093aff609e73557db53a2a3516a9e1f431358","22875104","1751985371","2025-07-08 14:36:11","0x4822c6499d4d0b0699f42419610f894c6662a484","0xe5544a2a5fa9b175da60d8eec67add5582bb31b0","","0","0","0","0.000084558113435175","0.23500011505749","2616.29","","","Mint"
"0xe6ef813ec28092418d495648df36e29442f6926a1faa6c10ccf56b1b29176e6a","22875106","1751985395","2025-07-08 14:36:35","0x4822c6499d4d0b0699f42419610f894c6662a484","0xe5544a2a5fa9b175da60d8eec67add5582bb31b0","","0","0","0","0.000083599432664337","0.232335792471544","2616.29","","","Mint"
"0x1933e98ea29697d27ff72c4401880ed8f3b93262144575df7e9a49fa55472033","22875108","1751985419","2025-07-08 14:36:59","0x4822c6499d4d0b0699f42419610f894c6662a484","0xe5544a2a5fa9b175da60d8eec67add5582bb31b0","","0","0","0","0.000082388172835728","0.228969513500504","2616.29","","","Mint"
"0x7e6606029d1da28b2b970a82fedc066b023047c469c6f2a2c5b0d3b14f612fb0","22875110","1751985443","2025-07-08 14:37:23","0x4822c6499d4d0b0699f42419610f894c6662a484","0xe5544a2a5fa9b175da60d8eec67add5582bb31b0","","0","0","0","0.000082542773940102","0.229399173953415","2616.29","","","Mint"
"0xf9bc361e1f431afe54940aa872b43cac05f706d29bcb3913b5492b81f1e78e1e","22875113","1751985479","2025-07-08 14:37:59","0x4822c6499d4d0b0699f42419610f894c6662a484","0xe5544a2a5fa9b175da60d8eec67add5582bb31b0","","0","0","0","0.000073789222210407","0.205071695724883","2616.29","","","Mint"
"0x5a0dea004c4dc577355c93134483e3ef26b6342bf9517e04de879fa0d8addb30","22875115","1751985503","2025-07-08 14:38:23","0x4822c6499d4d0b0699f42419610f894c6662a484","0xe5544a2a5fa9b175da60d8eec67add5582bb31b0","","0","0","0","0.000077941387524429","0.216611207273718","2616.29","","","Mint"
"0xa2a19d54d0a2eeb3efd3bcf4085e56bf47e76868dcc2779a2d68f3f1e5366fe6","22875117","1751985527","2025-07-08 14:38:47","0x4822c6499d4d0b0699f42419610f894c6662a484","0xe5544a2a5fa9b175da60d8eec67add5582bb31b0","","0","0","0","0.000078568914803613","0.218355202933259","2616.29","","","Mint"
"0x57db4a06dec52f0e82041e1d95ebf09fbdc79236e544b1a7785ae528cbaf5b4c","22875119","1751985551","2025-07-08 14:39:11","0x4822c6499d4d0b0699f42419610f894c6662a484","0xe5544a2a5fa9b175da60d8eec67add5582bb31b0","","0","0","0","0.000070943883792285","0.197164058852771","2616.29","","","Mint"
"0x49b70e7729ba2bcab0efe0cd3c599112db19ff96ce061eff4ca74566100196b8","22875121","1751985575","2025-07-08 14:39:35","0x4822c6499d4d0b0699f42419610f894c6662a484","0xe5544a2a5fa9b175da60d8eec67add5582bb31b0","","0","0","0","0.000073290674977839","0.203686155624051","2616.29","","","Mint"
"0xb2d9279ada609a677ce7da693fadb14e26e6386d1040ee86d302f2026a01051b","22875123","1751985599","2025-07-08 14:39:59","0x4822c6499d4d0b0699f42419610f894c6662a484","0xe5544a2a5fa9b175da60d8eec67add5582bb31b0","","0","0","0","0.000072112460378406","0.200411714471324","2616.29","","","Mint"
"0xf894251a731aee6699fda45309d77edf371b817280f5dbd261da9bddd6da149c","22875125","1751985623","2025-07-08 14:40:23","0x4822c6499d4d0b0699f42419610f894c6662a484","0xe5544a2a5fa9b175da60d8eec67add5582bb31b0","","0","0","0","0.000065648767565622","0.182448109407393","2616.29","","","Mint"
"0x00d15b07c709f11076adfb0bfeb75ce403e19d0f641a7782f5696468cfcad58f","22875127","1751985647","2025-07-08 14:40:47","0x4822c6499d4d0b0699f42419610f894c6662a484","0xe5544a2a5fa9b175da60d8eec67add5582bb31b0","","0","0","0","0.000066995280892698","0.186190278833061","2616.29","","","Mint"
"0xf4aaf7ad2f5717751eb3283aac5987bd7d6206b0a6b73d85ff2af14e81fa7bb2","22875129","1751985671","2025-07-08 14:41:11","0x4822c6499d4d0b0699f42419610f894c6662a484","0xe5544a2a5fa9b175da60d8eec67add5582bb31b0","","0","0","0","0.000071600512845282","0.198988932856408","2616.29","","","Mint"
"0x01163e301d2480e28d5654221c700237b35c20c794e005450fc33d4917ae1e1b","22875131","1751985695","2025-07-08 14:41:35","0x4822c6499d4d0b0699f42419610f894c6662a484","0xe5544a2a5fa9b175da60d8eec67add5582bb31b0","","0","0","0","0.00007244464992834","0.201334920764416","2616.29","","","Mint"
"0x03e0f1279352fee38db1c9e0f827983a79d809d5729daf83fb58a36100c21cba","22875133","1751985719","2025-07-08 14:41:59","0x4822c6499d4d0b0699f42419610f894c6662a484","0xe5544a2a5fa9b175da60d8eec67add5582bb31b0","","0","0","0","0.000069718946658372","0.193759768528479","2616.29","","","Mint"
"0x072aad604056529d146e4a324f090d24b9295e3eb8c6cffee49f71f5cbf7d4b8","22875135","1751985743","2025-07-08 14:42:23","0x4822c6499d4d0b0699f42419610f894c6662a484","0xe5544a2a5fa9b175da60d8eec67add5582bb31b0","","0","0","0","0.000067995778523649","0.18897081696047","2616.29","","","Mint"
"0x0f6fdd8111720675d87512166d489d222d9abb77f277fe3cd077ed7ab28eebda","22875137","1751985767","2025-07-08 14:42:47","0x4822c6499d4d0b0699f42419610f894c6662a484","0xe5544a2a5fa9b175da60d8eec67add5582bb31b0","","0","0","0","0.000067661157217473","0.188040852439533","2616.29","","","Mint"
"0x02f7bbfdb5c261cd3d8a02bd9733e870b6391ce0fa5fa6f398dcf911203af6c4","22875152","1751985947","2025-07-08 14:45:47","0x0a7da29599a326568c88ef1ff2fb2f42262090fd","0xe5544a2a5fa9b175da60d8eec67add5582bb31b0","","0","0","0","0.00007616059123302","0.211662098118203","2616.29","","","Mint"
"0xe9771eaff032b9582f933eba9111b5a29812a6ad99466374c7782f535f8ae097","22875156","1751985995","2025-07-08 14:46:35","0x0a7da29599a326568c88ef1ff2fb2f42262090fd","0xe5544a2a5fa9b175da60d8eec67add5582bb31b0","","0","0","0","0.00024303958572","0.675444712369444","2616.29","Error(0)","invalid jump destination","Mint"
"0xdc7d36a21b9c2fc69331d60b11d09986626b583d6191f9ee12d1d846ec15ad26","22875160","1751986043","2025-07-08 14:47:23","0x0a7da29599a326568c88ef1ff2fb2f42262090fd","0xe5544a2a5fa9b175da60d8eec67add5582bb31b0","","0","0","0","0.00024927742344","0.69278063109277","2616.29","Error(0)","invalid jump destination","Mint"
"0x0ec31ea375cfa074af12825c81b9901a7b1b75f8f14c940d252dd34981379d2e","22875170","1751986163","2025-07-08 14:49:23","0x0a7da29599a326568c88ef1ff2fb2f42262090fd","0xe5544a2a5fa9b175da60d8eec67add5582bb31b0","","0","0","0","0.000080938900053849","0.224941759608474","2616.29","","","Mint"
"0xb151dd20476deeff545bcd91a1c98c4c1e8249d4be36dcbc0fab62b3d6c77da3","22875176","1751986235","2025-07-08 14:50:35","0x4822c6499d4d0b0699f42419610f894c6662a484","0xe5544a2a5fa9b175da60d8eec67add5582bb31b0","","0","0","0","0.000063865556322402","0.177492288726155","2616.29","","","Mint"
"0x2cee5643095322ec2e506954fad76b20d7e797187804b75a7ecbd79dab897688","22875178","1751986259","2025-07-08 14:50:59","0x4822c6499d4d0b0699f42419610f894c6662a484","0xe5544a2a5fa9b175da60d8eec67add5582bb31b0","","0","0","0","0.000065132593093254","0.181013580472577","2616.29","","","Mint"
"0x22aea47a9c38d139da0556cff462377b7d3d5701da17ae34a2e075945aaaabf9","22875179","1751986271","2025-07-08 14:51:11","0x0a7da29599a326568c88ef1ff2fb2f42262090fd","0xe5544a2a5fa9b175da60d8eec67add5582bb31b0","","0","0","0","0.000081947702990811","0.22774537946972","2616.29","","","Mint"
"0x5a23a0b6641ba4888de6bd7bd2072bfd46f60ff060e0e78839d12bea473cf263","22875180","1751986283","2025-07-08 14:51:23","0x4822c6499d4d0b0699f42419610f894c6662a484","0xe5544a2a5fa9b175da60d8eec67add5582bb31b0","","0","0","0","0.000067017230433642","0.18625128001246","2616.29","","","Mint"
"0xc84e465f4c2431fc2e50e856cc708f4e1f59255762517d9eb5d0a7525d050239","22875182","1751986307","2025-07-08 14:51:47","0x4822c6499d4d0b0699f42419610f894c6662a484","0xe5544a2a5fa9b175da60d8eec67add5582bb31b0","","0","0","0","0.000064540838115567","0.179369001588389","2616.29","","","Mint"
"0x3a565e3152ad5604017eb8517a88543b6705eae9953e4e77a17e3df423b93f03","22875184","1751986331","2025-07-08 14:52:11","0x4822c6499d4d0b0699f42419610f894c6662a484","0xe5544a2a5fa9b175da60d8eec67add5582bb31b0","","0","0","0","0.000064809656158596","0.18011608863273","2616.29","","","Mint"
"0xc684cc199c4707748ca1c2894f470bd6241eccd37e52bc5397d1d9acc3edb107","22875186","1751986355","2025-07-08 14:52:35","0x4822c6499d4d0b0699f42419610f894c6662a484","0xe5544a2a5fa9b175da60d8eec67add5582bb31b0","","0","0","0","0.000064655178729096","0.179686771891479","2616.29","","","Mint"
"0x35eb254ff0f87cfadde5385ea78633045c68b6f5c018cfe056486249f986b0a4","22875191","1751986415","2025-07-08 14:53:35","0x4822c6499d4d0b0699f42419610f894c6662a484","0xe5544a2a5fa9b175da60d8eec67add5582bb31b0","","0","0","0","0.000059059563767739","0.164135689844877","2616.29","","","Mint"
"0x1439cb3f54d04121438665df8dfc65a39cff7879fff665c3c398f49d8d6bfbda","22875194","1751986451","2025-07-08 14:54:11","0x4822c6499d4d0b0699f42419610f894c6662a484","0xe5544a2a5fa9b175da60d8eec67add5582bb31b0","","0","0","0","0.00006828845162808","0.189784200921173","2616.29","","","Mint"
"0x3ee636837d3d6444a174576a77fc48f4a8cdfed1db4174aac56358d0c020fff0","22875197","1751986487","2025-07-08 14:54:47","0x4822c6499d4d0b0699f42419610f894c6662a484","0xe5544a2a5fa9b175da60d8eec67add5582bb31b0","","0","0","0","0.000065058718071774","0.180808270327372","2616.29","","","Mint"
"0x4199c2fb6fc8e97a24c057db64ecd6b12de149bcdc216ce60817be3eecb1dfc5","22875199","1751986511","2025-07-08 14:55:11","0x4822c6499d4d0b0699f42419610f894c6662a484","0xe5544a2a5fa9b175da60d8eec67add5582bb31b0","","0","0","0","0.000069120013717899","0.192095240972164","2616.29","","","Mint"
"0xb66b2c3674d4d5f13dceb0f190467dda3b5095d0aabea81606fa2a296c21263c","22875201","1751986535","2025-07-08 14:55:35","0x4822c6499d4d0b0699f42419610f894c6662a484","0xe5544a2a5fa9b175da60d8eec67add5582bb31b0","","0","0","0","0.000068944895362371","0.191608559895377","2616.29","","","Mint"
"0xb49a12e2a32ce153f5f6d6ef47538a8f8eef77707f49153a0ea80a920250381b","22875204","1751986571","2025-07-08 14:56:11","0x4822c6499d4d0b0699f42419610f894c6662a484","0xe5544a2a5fa9b175da60d8eec67add5582bb31b0","","0","0","0","0.000065047265367999","0.180776441486879","2616.29","","","Mint"
"0xf7e118e737531317605c277e95098ef1970d4475265ae2e35c9d0729142cd732","22875206","1751986595","2025-07-08 14:56:35","0x4822c6499d4d0b0699f42419610f894c6662a484","0xe5544a2a5fa9b175da60d8eec67add5582bb31b0","","0","0","0","0.000071940762481134","0.199934539378658","2616.29","","","Mint"
"0xe487d98c57daedc5198f5669315cfa9bcbdb6c2af186dcfd8bc84a67d38339da","22875208","1751986619","2025-07-08 14:56:59","0x4822c6499d4d0b0699f42419610f894c6662a484","0xe5544a2a5fa9b175da60d8eec67add5582bb31b0","","0","0","0","0.000072568905113967","0.201680245201452","2616.29","","","Mint"
"0x36d8e4a24cc4a25bc5ea8241c8cd9100b46d5a03796c3531c78b4d83dacdb7dc","22875210","1751986643","2025-07-08 14:57:23","0x4822c6499d4d0b0699f42419610f894c6662a484","0xe5544a2a5fa9b175da60d8eec67add5582bb31b0","","0","0","0","0.000072445656501405","0.201337718187117","2616.29","","","Mint"
"0xb06c9fa7814d02b905934915ecfac69938d3f568882e46b4a8fe29409543a6da","22875212","1751986667","2025-07-08 14:57:47","0x4822c6499d4d0b0699f42419610f894c6662a484","0xe5544a2a5fa9b175da60d8eec67add5582bb31b0","","0","0","0","0.000070573956484704","0.196135973476776","2616.29","","","Mint"
"0x82f50f5cdcd7218f5e9813a514b7ca997ce88bc1817c5d12ce85db46d9ca3684","22875214","1751986691","2025-07-08 14:58:11","0x4822c6499d4d0b0699f42419610f894c6662a484","0xe5544a2a5fa9b175da60d8eec67add5582bb31b0","","0","0","0","0.000068572013100396","0.190572262242707","2616.29","","","Mint"
"0x461c69979fc335da3de177de07339f18334d6cb9026d28a48ed6fbb42ebf6acd","22875216","1751986715","2025-07-08 14:58:35","0x4822c6499d4d0b0699f42419610f894c6662a484","0xe5544a2a5fa9b175da60d8eec67add5582bb31b0","","0","0","0","0.00006679303770225","0.185628213632053","2616.29","","","Mint"
"0xf4cef71865b9c4c6b42ebddc9feffae9b721def3f74764dfed5ad1226ec1b2fc","22875218","1751986739","2025-07-08 14:58:59","0x4822c6499d4d0b0699f42419610f894c6662a484","0xe5544a2a5fa9b175da60d8eec67add5582bb31b0","","0","0","0","0.000064488773876361","0.179224306990712","2616.29","","","Mint"
"0x1fde79f122f7199fa06ff978ba154be6eb8b36f057eea9b52ac7304f93e4040b","22875220","1751986763","2025-07-08 14:59:23","0x4822c6499d4d0b0699f42419610f894c6662a484","0xe5544a2a5fa9b175da60d8eec67add5582bb31b0","","0","0","0","0.000063567743547315","0.176664620823362","2616.29","","","Mint"
"0x10db4e83e794fdedab68f334a3f5e18a113e89564248ab23d2ff804b110a71c9","22875222","1751986787","2025-07-08 14:59:47","0x4822c6499d4d0b0699f42419610f894c6662a484","0xe5544a2a5fa9b175da60d8eec67add5582bb31b0","","0","0","0","0.000061890836201796","0.172004235165162","2616.29","","","Mint"
"0x6663a37d0bf8febb7e5caaba14cf06aafe85d2f7dbcfbe499d13d6e1bbcab823","22875224","1751986811","2025-07-08 15:00:11","0x4822c6499d4d0b0699f42419610f894c6662a484","0xe5544a2a5fa9b175da60d8eec67add5582bb31b0","","0","0","0","0.000058856844812364","0.163572302419329","2616.29","","","Mint"
"0x58c6b04b00b609facb36d71fba4014a19f8b5f1ec7bf9030d25434b44ce53935","22875226","1751986835","2025-07-08 15:00:35","0x4822c6499d4d0b0699f42419610f894c6662a484","0xe5544a2a5fa9b175da60d8eec67add5582bb31b0","","0","0","0","0.00006474023343258","0.17992315210732","2616.29","","","Mint"
"0x743ae0c9eab61685eb4a6f7bf47867af4607abef4762a23e00ec64247e2f770f","22875228","1751986859","2025-07-08 15:00:59","0x4822c6499d4d0b0699f42419610f894c6662a484","0xe5544a2a5fa9b175da60d8eec67add5582bb31b0","","0","0","0","0.000070694826912837","0.196471891147646","2616.29","","","Mint"
"0xe2a94c8f78b3d07ca671fa942d6c67132c1cdb150c61fa9458ec7dacf9a8d0b8","22875230","1751986883","2025-07-08 15:01:23","0x4822c6499d4d0b0699f42419610f894c6662a484","0xe5544a2a5fa9b175da60d8eec67add5582bb31b0","","0","0","0","0.000071861777875215","0.199715028905627","2616.29","","","Mint"
"0xc0d423d6c986a03824d6dde6df1da94d44895b0ca709f82d5493b6f0cdb777cf","22875233","1751986919","2025-07-08 15:01:59","0x4822c6499d4d0b0699f42419610f894c6662a484","0xe5544a2a5fa9b175da60d8eec67add5582bb31b0","","0","0","0","0.00006825571147374","0.189693210953158","2616.29","","","Mint"
"0xaa8e06b601a89b3011e3e192cbc3ca2eac9436ca55e122cf31621695f456f638","22875235","1751986943","2025-07-08 15:02:23","0x4822c6499d4d0b0699f42419610f894c6662a484","0xe5544a2a5fa9b175da60d8eec67add5582bb31b0","","0","0","0","0.000074218053684354","0.206263484917236","2616.29","","","Mint"
"0xaab4692fe66b45ff9bfb5e5f2d5b1ff32d59627d7ca9c3a6ddec660f7dbc6309","22875237","1751986967","2025-07-08 15:02:47","0x4822c6499d4d0b0699f42419610f894c6662a484","0xe5544a2a5fa9b175da60d8eec67add5582bb31b0","","0","0","0","0.000074168881234767","0.206126827051525","2616.29","","","Mint"
"0x8db9abe4ebbbd72d8af8c1b14e999619204b0f52e5275c1cf51246a77b95dbe8","22875239","1751986991","2025-07-08 15:03:11","0x4822c6499d4d0b0699f42419610f894c6662a484","0xe5544a2a5fa9b175da60d8eec67add5582bb31b0","","0","0","0","0.000072999646114029","0.202877341263111","2616.29","","","Mint"
"0xb9d49e8dafbf6135b4afc8cc9185f00652030c2e0bb2eb9db1ef0145454a29a5","22875241","1751987015","2025-07-08 15:03:35","0x4822c6499d4d0b0699f42419610f894c6662a484","0xe5544a2a5fa9b175da60d8eec67add5582bb31b0","","0","0","0","0.000075528613246416","0.209905733252286","2616.29","","","Mint"
"0x8fd4cfe055a2be73b7c0a17a2b77b4085bce121f356557e0a2e9d16558278ae6","22875258","1751987219","2025-07-08 15:06:59","0x0a7da29599a326568c88ef1ff2fb2f42262090fd","0xe5544a2a5fa9b175da60d8eec67add5582bb31b0","","0","0","0","0.000084896949212433","0.23594179224737","2616.29","","","Mint"
"0x4980d9f819573fe2aeaf06d89ae7bc37046ac8dc31a3fe2ec736a848bf16a634","22875260","1751987243","2025-07-08 15:07:23","0x0a7da29599a326568c88ef1ff2fb2f42262090fd","0xe5544a2a5fa9b175da60d8eec67add5582bb31b0","","0","0","0","0.000070944751839663","0.197166471291098","2616.29","","","Mint"
"0x46767aba5e1feeee5ae4c629a6b62ee39b7d3e987e2dc93dea97bb034bca4694","22875265","1751987303","2025-07-08 15:08:23","0x4822c6499d4d0b0699f42419610f894c6662a484","0xe5544a2a5fa9b175da60d8eec67add5582bb31b0","","0","0","0","0.000066245930068449","0.184107716642835","2616.29","","","Mint"
"0x44267826079c9c501b81cf5dcec3d4d6a9f4b04505795abbf7c14422db34506d","22875266","1751987315","2025-07-08 15:08:35","0x0a7da29599a326568c88ef1ff2fb2f42262090fd","0xe5544a2a5fa9b175da60d8eec67add5582bb31b0","","0","0","0","0.00020497261788","0.569650703268853","2616.29","Error(0)","invalid jump destination","Mint"
"0x4f64d25df6ef6451b7dce18bd27b6dcab3ac8b60a2a60a05102537dd77453ff1","22875267","1751987327","2025-07-08 15:08:47","0x4822c6499d4d0b0699f42419610f894c6662a484","0xe5544a2a5fa9b175da60d8eec67add5582bb31b0","","0","0","0","0.000063152074270572","0.17550941141894","2616.29","","","Mint"
"0xab5d0cd9572c9b66d6f5c6242e692e4cecb75cf4526b2586886ac0d2e473d8d6","22875268","1751987339","2025-07-08 15:08:59","0x0a7da29599a326568c88ef1ff2fb2f42262090fd","0xe5544a2a5fa9b175da60d8eec67add5582bb31b0","","0","0","0","0.00020073536904","0.557874731401995","2616.29","Error(0)","invalid jump destination","Mint"
"0x06da72989a22e97ebeb74bab9c95898221b298581db558754b8529e60442589b","22875270","1751987363","2025-07-08 15:09:23","0x4822c6499d4d0b0699f42419610f894c6662a484","0xe5544a2a5fa9b175da60d8eec67add5582bb31b0","","0","0","0","0.000057003460081659","0.158421458730091","2616.29","","","Mint"
"0xd5492a9f98f10c32669b884e2161c08294735670a00f213f62feba8cb57c7dcb","22875272","1751987387","2025-07-08 15:09:47","0x4822c6499d4d0b0699f42419610f894c6662a484","0xe5544a2a5fa9b175da60d8eec67add5582bb31b0","","0","0","0","0.000062491557745338","0.173673733526879","2616.29","","","Mint"
"0xcf3650d7dcb2d35bdbfe677500d7b5cb13eec3a35daac723bb9c82049994190c","22875274","1751987411","2025-07-08 15:10:11","0x4822c6499d4d0b0699f42419610f894c6662a484","0xe5544a2a5fa9b175da60d8eec67add5582bb31b0","","0","0","0","0.000060366138270867","0.167766863082933","2616.29","","","Mint"
"0x03ba410d603a8ca22b29e3590bfe4c841634aec190399e8a74c02db52430e011","22875276","1751987435","2025-07-08 15:10:35","0x4822c6499d4d0b0699f42419610f894c6662a484","0xe5544a2a5fa9b175da60d8eec67add5582bb31b0","","0","0","0","0.000066006445872063","0.183442152908986","2616.29","","","Mint"
"0x676ea483b5c160876fdb40f16b085ee9934872cb206563d08af64e7981a07c73","22875278","1751987459","2025-07-08 15:10:59","0x4822c6499d4d0b0699f42419610f894c6662a484","0xe5544a2a5fa9b175da60d8eec67add5582bb31b0","","0","0","0","0.000067125311625243","0.186551654410965","2616.29","","","Mint"
"0x31a3320967505f0f52e7da813f57bab928a0c57da64bf4dfa1e4f6122639da0f","22875280","1751987483","2025-07-08 15:11:23","0x4822c6499d4d0b0699f42419610f894c6662a484","0xe5544a2a5fa9b175da60d8eec67add5582bb31b0","","0","0","0","0.00006582570193605","0.182939837471313","2616.29","","","Mint"
"0x7a3ea76083c63398aa6e0b7e00d0fce4c45fae0e396c2788b79e313a2d1598b2","22875282","1751987507","2025-07-08 15:11:47","0x4822c6499d4d0b0699f42419610f894c6662a484","0xe5544a2a5fa9b175da60d8eec67add5582bb31b0","","0","0","0","0.000064994540260092","0.18062991023256","2616.29","","","Mint"
"0x2b79b4abf8488ae4079ebecc005b7893938df44811a73c9575dd42a86fc9534a","22875285","1751987543","2025-07-08 15:12:23","0x4822c6499d4d0b0699f42419610f894c6662a484","0xe5544a2a5fa9b175da60d8eec67add5582bb31b0","","0","0","0","0.000061779645366318","0.171695218583913","2616.29","","","Mint"
"0x4930e4d366af2ea977f2a8779ba8aa61b140efc2192c0c5a3026f4b7db873abf","22875287","1751987567","2025-07-08 15:12:47","0x0a7da29599a326568c88ef1ff2fb2f42262090fd","0xe5544a2a5fa9b175da60d8eec67add5582bb31b0","","0","0","0","0.00018599533476","0.516909889460401","2616.29","Error(0)","invalid jump destination","Mint"
"0x3d3e123b5e6f6e96881d9e8b32048b2b7a5acabfd9c382eaad45a5816386f52f","22875289","1751987591","2025-07-08 15:13:11","0x0a7da29599a326568c88ef1ff2fb2f42262090fd","0xe5544a2a5fa9b175da60d8eec67add5582bb31b0","","0","0","0","0.000061609166091693","0.171221430232633","2616.29","","","Mint"
"0x54c9efc54c92385bfc93cf9bf8529f92baba8daf984e957e853900f164c9826d","22875289","1751987591","2025-07-08 15:13:11","0x4822c6499d4d0b0699f42419610f894c6662a484","0xe5544a2a5fa9b175da60d8eec67add5582bb31b0","","0","0","0","0.0001541597977","0.428433993202942","2616.29","Error(0)","invalid jump destination","Mint"
"0x5c01e92a7e567f9f6aec3968c362ace94f6def9d4cd223672d781b587394387b","22875290","1751987603","2025-07-08 15:13:23","0x4822c6499d4d0b0699f42419610f894c6662a484","0xe5544a2a5fa9b175da60d8eec67add5582bb31b0","","0","0","0","0.000064564243544784","0.179434048907156","2616.29","","","Mint"
"0x4c7b0f3e5b6212203b2a152d34b344cbc7e41c8a6a0f4cf491a1c0b6ebe0246d","22875292","1751987627","2025-07-08 15:13:47","0x4822c6499d4d0b0699f42419610f894c6662a484","0xe5544a2a5fa9b175da60d8eec67add5582bb31b0","","0","0","0","0.000063464964112476","0.176378980829381","2616.29","","","Mint"
"0x4ee3db52b89425afd947dd0e6d3d7b01444b3b050e84e2d62be3fd288224080b","22875294","1751987651","2025-07-08 15:14:11","0x0a7da29599a326568c88ef1ff2fb2f42262090fd","0xe5544a2a5fa9b175da60d8eec67add5582bb31b0","","0","0","0","0.000216019041","0.600350426792886","2616.29","Error(0)","invalid jump destination","Mint"
"0x3ac940853a152f34e29dcb24fce2546a4e113a34e5554580dd1fef786f9167ac","22875294","1751987651","2025-07-08 15:14:11","0x4822c6499d4d0b0699f42419610f894c6662a484","0xe5544a2a5fa9b175da60d8eec67add5582bb31b0","","0","0","0","0.000067767894054675","0.188337490668608","2616.29","","","Mint"
"0x7588e2c25587f2ff579ecf868bb01e8ba175a38b678af7cce6d4f2709a4f9c86","22875296","1751987675","2025-07-08 15:14:35","0x4822c6499d4d0b0699f42419610f894c6662a484","0xe5544a2a5fa9b175da60d8eec67add5582bb31b0","","0","0","0","0.000064981097064591","0.180592549506769","2616.29","","","Mint"
"0xf4b98772f565a6aad7bca4c1b8d904bc8880d5acddd323bdef74bf4ab4844cca","22875298","1751987699","2025-07-08 15:14:59","0x4822c6499d4d0b0699f42419610f894c6662a484","0xe5544a2a5fa9b175da60d8eec67add5582bb31b0","","0","0","0","0.000063249392030919","0.175779872572218","2616.29","","","Mint"
"0x208a8b948aa2b3bf8394dfc917d583071e258664e7a402e643b3afcb6c685be3","22875300","1751987723","2025-07-08 15:15:23","0x0a7da29599a326568c88ef1ff2fb2f42262090fd","0xe5544a2a5fa9b175da60d8eec67add5582bb31b0","","0","0","0","0.00020432574216","0.567852935290687","2616.29","Error(0)","invalid jump destination","Mint"
"0x152b4a5c394169158f54331671f7d98902efe38f7d66c4ddef10e411beabba44","22875300","1751987723","2025-07-08 15:15:23","0x4822c6499d4d0b0699f42419610f894c6662a484","0xe5544a2a5fa9b175da60d8eec67add5582bb31b0","","0","0","0","0.000063974926277262","0.177796244797687","2616.29","","","Mint"
"0xdbecfa835b743c52e3388f2c38039181a867b95b526700f755b63ff9b26d8765","22875302","1751987747","2025-07-08 15:15:47","0x4822c6499d4d0b0699f42419610f894c6662a484","0xe5544a2a5fa9b175da60d8eec67add5582bb31b0","","0","0","0","0.000065681064170907","0.182537866683775","2616.29","","","Mint"
"0xb1115d203231aa27fdfe28741a4d2ad11c02001c47f3827af51c4aa341032dac","22875304","1751987771","2025-07-08 15:16:11","0x4822c6499d4d0b0699f42419610f894c6662a484","0xe5544a2a5fa9b175da60d8eec67add5582bb31b0","","0","0","0","0.0000681636004101","0.189437220017764","2616.29","","","Mint"
"0xbe035536e5424e8b131dfd4d61fa27e81f337c2e84cbf572cdc26009a9321e3d","22875306","1751987795","2025-07-08 15:16:35","0x4822c6499d4d0b0699f42419610f894c6662a484","0xe5544a2a5fa9b175da60d8eec67add5582bb31b0","","0","0","0","0.00006740729215785","0.187335322055791","2616.29","","","Mint"
"0x0e89c2fae60a09a05e2a669cfdb07997defa78e246313231788d8e8dd80ea08e","22875308","1751987819","2025-07-08 15:16:59","0x4822c6499d4d0b0699f42419610f894c6662a484","0xe5544a2a5fa9b175da60d8eec67add5582bb31b0","","0","0","0","0.000067278792143877","0.186978200582265","2616.29","","","Mint"
"0x104db1fe97ae84f327577dcb83fcc2eec9597e0b562b302c6472a7652d036592","22875310","1751987843","2025-07-08 15:17:23","0x4822c6499d4d0b0699f42419610f894c6662a484","0xe5544a2a5fa9b175da60d8eec67add5582bb31b0","","0","0","0","0.000068720259972507","0.190984263298404","2616.29","","","Mint"
"0x243e4526ac84d658519fab4b5b30abb540fb7f5402d0a2396c93692a6fcbccad","22875312","1751987867","2025-07-08 15:17:47","0x4822c6499d4d0b0699f42419610f894c6662a484","0xe5544a2a5fa9b175da60d8eec67add5582bb31b0","","0","0","0","0.000067691921400462","0.188126350876624","2616.29","","","Mint"
"0xed1915928429e67aefcd21cf924000264ace18ee7bff097fb994508179462282","22875314","1751987891","2025-07-08 15:18:11","0x4822c6499d4d0b0699f42419610f894c6662a484","0xe5544a2a5fa9b175da60d8eec67add5582bb31b0","","0","0","0","0.000068651275601007","0.190792545028198","2616.29","","","Mint"
"0x0d1e0bc7eaca21047768e8636d2d4b320c6ad5052e3aef6de246096c2c7f7fcf","22875316","1751987915","2025-07-08 15:18:35","0x4822c6499d4d0b0699f42419610f894c6662a484","0xe5544a2a5fa9b175da60d8eec67add5582bb31b0","","0","0","0","0.000069743692593852","0.193828541322109","2616.29","","","Mint"
"0x3593eacdff80408ed6efaf594bc06f87a10ca003b4263c19a3486df06b9677e5","22875318","1751987939","2025-07-08 15:18:59","0x4822c6499d4d0b0699f42419610f894c6662a484","0xe5544a2a5fa9b175da60d8eec67add5582bb31b0","","0","0","0","0.000071901743677923","0.1998261000714","2616.29","","","Mint"
"0x301d42fed9349f88c00ecd058fc2f5062f32b834cf262d4c48a7b0c9f9dd6441","22875320","1751987963","2025-07-08 15:19:23","0x4822c6499d4d0b0699f42419610f894c6662a484","0xe5544a2a5fa9b175da60d8eec67add5582bb31b0","","0","0","0","0.000067128055550187","0.18655928020406","2616.29","","","Mint"
"0xdfc6ab63025c6c03043efc657083128e297277ff0ca868385b3c4594495c8bcd","22875321","1751987975","2025-07-08 15:19:35","0x0a7da29599a326568c88ef1ff2fb2f42262090fd","0xe5544a2a5fa9b175da60d8eec67add5582bb31b0","","0","0","0","0.00022625096388","0.628786527793445","2616.29","Error(0)","invalid jump destination","Mint"
"0xd854bb7c0748255073b852935fd66e15f689799dcedbe9b8e6758cc2b682c9d3","22875322","1751987987","2025-07-08 15:19:47","0x4822c6499d4d0b0699f42419610f894c6662a484","0xe5544a2a5fa9b175da60d8eec67add5582bb31b0","","0","0","0","0.000072085655456388","0.200337219434686","2616.29","","","Mint"
"0x8652f1b6544a617dd31b0bd099b67a0422ccfe5976dd3bd1f457144542e614a2","22875323","1751987999","2025-07-08 15:19:59","0x0a7da29599a326568c88ef1ff2fb2f42262090fd","0xe5544a2a5fa9b175da60d8eec67add5582bb31b0","","0","0","0","0.00023166280932","0.643826885831333","2616.29","Error(0)","invalid jump destination","Mint"
"0x5ce570a82d9a32b47a3b4c57373721a7fcc84cc17beae41529d3c08a975049c2","22875324","1751988011","2025-07-08 15:20:11","0x4822c6499d4d0b0699f42419610f894c6662a484","0xe5544a2a5fa9b175da60d8eec67add5582bb31b0","","0","0","0","0.000074599691848617","0.2073241165807","2616.29","","","Mint"
"0x76e44cc82bf6171831914e5eb5bb60cfddaa034430c4407a1d4a9dccc266d738","22875326","1751988035","2025-07-08 15:20:35","0x4822c6499d4d0b0699f42419610f894c6662a484","0xe5544a2a5fa9b175da60d8eec67add5582bb31b0","","0","0","0","0.000076042490827785","0.211333878770691","2616.29","","","Mint"
"0x2ebe5d702ea1bd2e99bea106adaf1ebd90ee9fa8684dc3f7ab05afeca7c221fc","22875327","1751988047","2025-07-08 15:20:47","0x0a7da29599a326568c88ef1ff2fb2f42262090fd","0xe5544a2a5fa9b175da60d8eec67add5582bb31b0","","0","0","0","0.00024636829752","0.684695718857343","2616.29","Error(0)","invalid jump destination","Mint"
"0xbfc53e1cde4ecac97810783c47843b4767d159e14e9f29970fe22ce803286443","22875328","1751988059","2025-07-08 15:20:59","0x4822c6499d4d0b0699f42419610f894c6662a484","0xe5544a2a5fa9b175da60d8eec67add5582bb31b0","","0","0","0","0.000080359444160949","0.223331361788912","2616.29","","","Mint"
"0xc3c1a4687773ca11a92a7caef05eef92ebe6306191992233a4ceb9be39d8365d","22875329","1751988071","2025-07-08 15:21:11","0x0a7da29599a326568c88ef1ff2fb2f42262090fd","0xe5544a2a5fa9b175da60d8eec67add5582bb31b0","","0","0","0","0.00025162765404","0.699312286530365","2616.29","Error(0)","invalid jump destination","Mint"
"0x038bcfa6f38bb3018ac3e53c84855e0215bd87c021a02802b9fd33137d416933","22875330","1751988083","2025-07-08 15:21:23","0x4822c6499d4d0b0699f42419610f894c6662a484","0xe5544a2a5fa9b175da60d8eec67add5582bb31b0","","0","0","0","0.00008255537561211","0.229434195954871","2616.29","","","Mint"
"0xb37846d1b7cec76d02f35c0173ef45199e699fd98e723b86ea5bea3a86a74ae8","22875332","1751988107","2025-07-08 15:21:47","0x4822c6499d4d0b0699f42419610f894c6662a484","0xe5544a2a5fa9b175da60d8eec67add5582bb31b0","","0","0","0","0.000078598920635817","0.218438593795872","2616.29","","","Mint"
"0x73486261df1cfe1aaf86b9441d5707c54fac0d06ef9abd567c47954f511fe7c4","22875334","1751988131","2025-07-08 15:22:11","0x0a7da29599a326568c88ef1ff2fb2f42262090fd","0xe5544a2a5fa9b175da60d8eec67add5582bb31b0","","0","0","0","0.00025720550232","0.714813992213264","2616.29","Error(0)","invalid jump destination","Mint"
"0xb2949f83f4dfd61253f52fa6d6aeaafdefb57959a36c7c787f0e2c72aa80727a","22875334","1751988131","2025-07-08 15:22:11","0x4822c6499d4d0b0699f42419610f894c6662a484","0xe5544a2a5fa9b175da60d8eec67add5582bb31b0","","0","0","0","0.000081057735461106","0.225272021640629","2616.29","","","Mint"
"0x7c75049fce38bb2d4c5c5aca3f4cfdd2493e67e14d6fa77ff713f2e8026ffdbf","22875336","1751988155","2025-07-08 15:22:35","0x4822c6499d4d0b0699f42419610f894c6662a484","0xe5544a2a5fa9b175da60d8eec67add5582bb31b0","","0","0","0","0.0000757015887474","0.210386459003867","2616.29","","","Mint"
"0x93c7e6d7a038f984c6ccf1c7d6d7efa4e46c48adad1e4b14b262e59064b2d638","22875338","1751988179","2025-07-08 15:22:59","0x4822c6499d4d0b0699f42419610f894c6662a484","0xe5544a2a5fa9b175da60d8eec67add5582bb31b0","","0","0","0","0.000079604481153681","0.221233202471437","2616.29","","","Mint"
"0xd529b1401d253a66102d97ca558f92e9ec29ddd4d57695ac2aea1f1cfc574577","22875339","1751988191","2025-07-08 15:23:11","0x0a7da29599a326568c88ef1ff2fb2f42262090fd","0xe5544a2a5fa9b175da60d8eec67add5582bb31b0","","0","0","0","0.0002638982784","0.733414255215344","2616.29","Error(0)","invalid jump destination","Mint"
"0xe4c0c07571fefb6d20e76ee1bc78149a9540b4db860f15f4ee837137618ab148","22875340","1751988203","2025-07-08 15:23:23","0x4822c6499d4d0b0699f42419610f894c6662a484","0xe5544a2a5fa9b175da60d8eec67add5582bb31b0","","0","0","0","0.000089488437223509","0.248702249725116","2616.29","","","Mint"
"0x07cdc53c5d0e0e7596932c325a74c34b1ea0b6585f5beb1524581432a2868e97","22875342","1751988227","2025-07-08 15:23:47","0x4822c6499d4d0b0699f42419610f894c6662a484","0xe5544a2a5fa9b175da60d8eec67add5582bb31b0","","0","0","0","0.000093194411123253","0.259001726114304","2616.29","","","Mint"
"0x1599dad146cd3e21d6001b3a80d4f735853cd83821db42cba00715e80daee5ac","22875343","1751988239","2025-07-08 15:23:59","0x0a7da29599a326568c88ef1ff2fb2f42262090fd","0xe5544a2a5fa9b175da60d8eec67add5582bb31b0","","0","0","0","0.00029723772612","0.826069752504313","2616.29","Error(0)","invalid jump destination","Mint"
"0x0c05019bf26f40e0484d7da34c85a71f868d2bfaf3dd980dded78012a1c46554","22875344","1751988251","2025-07-08 15:24:11","0x4822c6499d4d0b0699f42419610f894c6662a484","0xe5544a2a5fa9b175da60d8eec67add5582bb31b0","","0","0","0","0.000093533734514064","0.259944758457894","2616.29","","","Mint"
"0xbddfcff017b98dbddfd5f183fd7f70dee114238d19b28e8a041a150a2199651a","22875346","1751988275","2025-07-08 15:24:35","0x4822c6499d4d0b0699f42419610f894c6662a484","0xe5544a2a5fa9b175da60d8eec67add5582bb31b0","","0","0","0","0.000099315922044843","0.276014354618631","2616.29","","","Mint"
"0x461961fb689afb5fb8e9c853d49b716cac48b5fad980b51d863c5d8f81d6a50b","22875348","1751988299","2025-07-08 15:24:59","0x4822c6499d4d0b0699f42419610f894c6662a484","0xe5544a2a5fa9b175da60d8eec67add5582bb31b0","","0","0","0","0.000098444891794608","0.273593626426998","2616.29","","","Mint"
"0xc802e415368a90fe9c7e819e7f8fb44b3df386cb88632b3cb35e741c0ad9e24f","22875350","1751988323","2025-07-08 15:25:23","0x4822c6499d4d0b0699f42419610f894c6662a484","0xe5544a2a5fa9b175da60d8eec67add5582bb31b0","","0","0","0","0.000099513805715343","0.276564304037395","2616.29","","","Mint"
"0x9f66c4ae9fb340472177c27a0703fb00e18c9e060693f20b615b8c1bb439ad6c","22875353","1751988359","2025-07-08 15:25:59","0x4822c6499d4d0b0699f42419610f894c6662a484","0xe5544a2a5fa9b175da60d8eec67add5582bb31b0","","0","0","0","0.00009153334322232","0.254385360729842","2616.29","","","Mint"
"0x0b6247daad75b72a14374d5fda8c2c6177504774ef74028281783c8078db5ca1","22875355","1751988383","2025-07-08 15:26:23","0x4822c6499d4d0b0699f42419610f894c6662a484","0xe5544a2a5fa9b175da60d8eec67add5582bb31b0","","0","0","0","0.000098557502878557","0.273906590099077","2616.29","","","Mint"
"0x8ceb2508f23d570cdc8d1018721a733f356bc502ecadf0aebe1743f8df73a840","22875357","1751988407","2025-07-08 15:26:47","0x4822c6499d4d0b0699f42419610f894c6662a484","0xe5544a2a5fa9b175da60d8eec67add5582bb31b0","","0","0","0","0.000094460535240135","0.26252048145376","2616.29","","","Mint"
"0x578033f47b5a1a19daf08ba2e9534a86d23812e96df54e848f9715fc63cb60ad","22875360","1751988443","2025-07-08 15:27:23","0x4822c6499d4d0b0699f42419610f894c6662a484","0xe5544a2a5fa9b175da60d8eec67add5582bb31b0","","0","0","0","0.000087503188824282","0.243184936444543","2616.29","","","Mint"
"0xeb3485803419c15fb541f070df12bbd553ff47c04bb757ef8dec9fc62d6af27a","22875362","1751988467","2025-07-08 15:27:47","0x4822c6499d4d0b0699f42419610f894c6662a484","0xe5544a2a5fa9b175da60d8eec67add5582bb31b0","","0","0","0","0.000099298378256721","0.275965597709805","2616.29","","","Mint"
"0x1fc1c9f2554d14ed0bad8afb6a2e22ff2501c30dbcd00c3bee062dea4a9cdc03","22875364","1751988491","2025-07-08 15:28:11","0x4822c6499d4d0b0699f42419610f894c6662a484","0xe5544a2a5fa9b175da60d8eec67add5582bb31b0","","0","0","0","0.000090908214167475","0.252648030107784","2616.29","","","Mint"
"0x3957280e1b24d4344188e2ae3fac37834ae95030a08d433ff82f512f8a32322c","22875366","1751988515","2025-07-08 15:28:35","0x4822c6499d4d0b0699f42419610f894c6662a484","0xe5544a2a5fa9b175da60d8eec67add5582bb31b0","","0","0","0","0.000091788575210685","0.255094690020616","2616.29","","","Mint"
"0x503d7dadd1e1b3645fc06e18be3b2f057f20cbdd6d76549a25691f4f4d9c5fe7","22875368","1751988539","2025-07-08 15:28:59","0x4822c6499d4d0b0699f42419610f894c6662a484","0xe5544a2a5fa9b175da60d8eec67add5582bb31b0","","0","0","0","0.000095271233061198","0.264773536465125","2616.29","","","Mint"
"0x1e805214f5f931a1ae23db234d5e7f8b34d87a6972852cd8723c1347ac52505a","22875370","1751988563","2025-07-08 15:29:23","0x4822c6499d4d0b0699f42419610f894c6662a484","0xe5544a2a5fa9b175da60d8eec67add5582bb31b0","","0","0","0","0.000095734408048653","0.266060771609356","2616.29","","","Mint"
"0x3c2373f297af5f072ea21bcfdf60f426216bbf69f7e5c7d5456669b04bdf1bec","22875373","1751988599","2025-07-08 15:29:59","0x4822c6499d4d0b0699f42419610f894c6662a484","0xe5544a2a5fa9b175da60d8eec67add5582bb31b0","","0","0","0","0.000090133085573175","0.250493827495583","2616.29","","","Mint"
"0x018479adeff8c071f69e81d7c83cb1b86efdb214c87d793f03a34c4ba8def97a","22875375","1751988623","2025-07-08 15:30:23","0x4822c6499d4d0b0699f42419610f894c6662a484","0xe5544a2a5fa9b175da60d8eec67add5582bb31b0","","0","0","0","0.000093701740596312","0.260411673423882","2616.29","","","Mint"
"0x09d4e22b6616444bcc1d59f860e83a1fee365b21d47ef18a1c6fef9a16f60d0b","22875377","1751988647","2025-07-08 15:30:47","0x4822c6499d4d0b0699f42419610f894c6662a484","0xe5544a2a5fa9b175da60d8eec67add5582bb31b0","","0","0","0","0.000097907859550215","0.272101130507979","2616.29","","","Mint"
"0xf5f256304d295b698a51d2380f6d50589db20078cdf435d7b6384ba758a630df","22875379","1751988671","2025-07-08 15:31:11","0x4822c6499d4d0b0699f42419610f894c6662a484","0xe5544a2a5fa9b175da60d8eec67add5582bb31b0","","0","0","0","0.000095972286097959","0.266721871611302","2616.29","","","Mint"
"0x2a490c739d94b7383165a98dae7875085cd8aa9123b015f10e06881a1cfdc2eb","22875381","1751988695","2025-07-08 15:31:35","0x4822c6499d4d0b0699f42419610f894c6662a484","0xe5544a2a5fa9b175da60d8eec67add5582bb31b0","","0","0","0","0.000090181587188007","0.250628621007441","2616.29","","","Mint"
"0x376b502af8c3eb41171dd1ee92559a98ab27d5aea97f222b22ca3a0eb29db4cb","22875383","1751988719","2025-07-08 15:31:59","0x4822c6499d4d0b0699f42419610f894c6662a484","0xe5544a2a5fa9b175da60d8eec67add5582bb31b0","","0","0","0","0.000097209359513544","0.270159890545108","2616.29","","","Mint"
"0x6150496542f08112be1ecd049d78f6cfb343ceaca787fe92a2f4be1e2274f96f","22875385","1751988743","2025-07-08 15:32:23","0x4822c6499d4d0b0699f42419610f894c6662a484","0xe5544a2a5fa9b175da60d8eec67add5582bb31b0","","0","0","0","0.000095419639463829","0.265185980880885","2616.29","","","Mint"
"0xb504d47b3d7fad396cdff3374f9322b911c6d1121639bd3901b29e0f59a0eedd","22875387","1751988767","2025-07-08 15:32:47","0x4822c6499d4d0b0699f42419610f894c6662a484","0xe5544a2a5fa9b175da60d8eec67add5582bb31b0","","0","0","0","0.000094531575187437","0.262717912488009","2616.29","","","Mint"
"0xda27aac719e05b57e0ed6797d761baade63b72e76cac9d61d84a22ca4fba100b","22875389","1751988791","2025-07-08 15:33:11","0x4822c6499d4d0b0699f42419610f894c6662a484","0xe5544a2a5fa9b175da60d8eec67add5582bb31b0","","0","0","0","0.00008867672622876","0.2464463789469","2616.29","","","Mint"
"0xb574773f821178e6f7f626fe38cc0b0912883d366cc80e90a3b8dd4dbaf963df","22875391","1751988815","2025-07-08 15:33:35","0x4822c6499d4d0b0699f42419610f894c6662a484","0xe5544a2a5fa9b175da60d8eec67add5582bb31b0","","0","0","0","0.000092943609948684","0.258304710742439","2616.29","","","Mint"
"0x9577e049725f6626d11142df002faa4d31560f6a2254b5b6c1cc152117bcfcce","22875393","1751988839","2025-07-08 15:33:59","0x4822c6499d4d0b0699f42419610f894c6662a484","0xe5544a2a5fa9b175da60d8eec67add5582bb31b0","","0","0","0","0.000090359535196773","0.251123166129552","2616.29","","","Mint"
"0xcc4595cda36aa0e61dbb10c9ace57e34a0242fd2870cc32d5b6e8859c12efa09","22875395","1751988863","2025-07-08 15:34:23","0x4822c6499d4d0b0699f42419610f894c6662a484","0xe5544a2a5fa9b175da60d8eec67add5582bb31b0","","0","0","0","0.000086575468745508","0.240606658424893","2616.29","","","Mint"
"0x4287986bcac15bee84749d60b06288489d9f69b38ec63adbb1ccb404fc27ee7f","22875397","1751988887","2025-07-08 15:34:47","0x4822c6499d4d0b0699f42419610f894c6662a484","0xe5544a2a5fa9b175da60d8eec67add5582bb31b0","","0","0","0","0.000086357210773977","0.24000008566282","2616.29","","","Mint"
"0x5679c19522b3af23d335d51114154e54439c38578a4473db4d32dd834a95fc4e","22875399","1751988911","2025-07-08 15:35:11","0x4822c6499d4d0b0699f42419610f894c6662a484","0xe5544a2a5fa9b175da60d8eec67add5582bb31b0","","0","0","0","0.000086844534817869","0.241354434781225","2616.29","","","Mint"
"0x8b3655dddb0e47e1039f6473c93f14bba0f4c710aa56a507ad997581703f9ffe","22875402","1751988947","2025-07-08 15:35:47","0x4822c6499d4d0b0699f42419610f894c6662a484","0xe5544a2a5fa9b175da60d8eec67add5582bb31b0","","0","0","0","0.000083060419926633","0.230837792454372","2616.29","","","Mint"
"0xf8a3c6b3740490bc83b8dbf6cd0b66e3d0d22bd4b8f93866ec1aa15f578ca738","22875404","1751988971","2025-07-08 15:36:11","0x4822c6499d4d0b0699f42419610f894c6662a484","0xe5544a2a5fa9b175da60d8eec67add5582bb31b0","","0","0","0","0.000082429313627181","0.229083850142279","2616.29","","","Mint"
"0x625bf3b1eca64f2895deae8ef7004aa26d898c4416743b85811972b482819a4f","22875406","1751988995","2025-07-08 15:36:35","0x4822c6499d4d0b0699f42419610f894c6662a484","0xe5544a2a5fa9b175da60d8eec67add5582bb31b0","","0","0","0","0.000086722411184571","0.241015034258787","2616.29","","","Mint"
"0x98dd08781ee93799b758af6cb5d6184e1a4ab3b431964446087d436354655822","22875408","1751989019","2025-07-08 15:36:59","0x4822c6499d4d0b0699f42419610f894c6662a484","0xe5544a2a5fa9b175da60d8eec67add5582bb31b0","","0","0","0","0.000080279168054796","0.223108262036376","2616.29","","","Mint"
"0xd01c5521c1e54b359abc6baa59f505287aefbf915f2c1fd5a7c732a0c56fc352","22875410","1751989043","2025-07-08 15:37:23","0x4822c6499d4d0b0699f42419610f894c6662a484","0xe5544a2a5fa9b175da60d8eec67add5582bb31b0","","0","0","0","0.000079887566899791","0.222019941676043","2616.29","","","Mint"
"0x5e3d72c68d67fdf77a1b08318570209bdaeb7ffe2fbad9f792b9ce11ad4ff03f","22875412","1751989067","2025-07-08 15:37:47","0x4822c6499d4d0b0699f42419610f894c6662a484","0xe5544a2a5fa9b175da60d8eec67add5582bb31b0","","0","0","0","0.000085354228385544","0.2372126420089","2616.29","","","Mint"
"0x5eed80d31789f5e46061dc92174f667a9429f2ca21e41746394822ef0c3fd002","22875414","1751989091","2025-07-08 15:38:11","0x4822c6499d4d0b0699f42419610f894c6662a484","0xe5544a2a5fa9b175da60d8eec67add5582bb31b0","","0","0","0","0.00008642609791893","0.240191533725369","2616.29","","","Mint"
"0x6868b1283ec0fb95dcfb7a5ba2f0309ca1505add56b19268b69217d4b900488c","22875416","1751989115","2025-07-08 15:38:35","0x4822c6499d4d0b0699f42419610f894c6662a484","0xe5544a2a5fa9b175da60d8eec67add5582bb31b0","","0","0","0","0.000086855182434612","0.241384026159959","2616.29","","","Mint"
"0xc46709176f39af1c9cd200aa2af6c9c93dcaf2384eb260e93e994188b16b3f67","22875418","1751989139","2025-07-08 15:38:59","0x4822c6499d4d0b0699f42419610f894c6662a484","0xe5544a2a5fa9b175da60d8eec67add5582bb31b0","","0","0","0","0.000084135710576532","0.233826191984362","2616.29","","","Mint"
"0x8c647013d709a90eb82ba0f876b8ff7d4a4a76b22d2ab0cddc9fb6501601fd80","22875420","1751989163","2025-07-08 15:39:23","0x4822c6499d4d0b0699f42419610f894c6662a484","0xe5544a2a5fa9b175da60d8eec67add5582bb31b0","","0","0","0","0.000079726973178573","0.221573626811265","2616.29","","","Mint"
"0x130d11a8ad5c9829c013e509e73f5ee8e6e38d24ab6e804bae392700b4aadd76","22875422","1751989187","2025-07-08 15:39:47","0x4822c6499d4d0b0699f42419610f894c6662a484","0xe5544a2a5fa9b175da60d8eec67add5582bb31b0","","0","0","0","0.000082423567624386","0.229067881109112","2616.29","","","Mint"
"0x2553223df60f9f7693510fe204c20982e1665107e8c64fe0e940fdcce8caccb8","22875424","1751989211","2025-07-08 15:40:11","0x4822c6499d4d0b0699f42419610f894c6662a484","0xe5544a2a5fa9b175da60d8eec67add5582bb31b0","","0","0","0","0.000080735198785425","0.224375642182572","2616.29","","","Mint"
"0xb3b46f555b0651442b92c650c2f41e54ba9cc6242f4a989963a276fc333d0fc4","22875426","1751989235","2025-07-08 15:40:35","0x4822c6499d4d0b0699f42419610f894c6662a484","0xe5544a2a5fa9b175da60d8eec67add5582bb31b0","","0","0","0","0.000080867010567807","0.224741967574274","2616.29","","","Mint"
"0xc2c2cfd11d7d2de3d34a4b1660411bb2ba7e2962e22b5422fec1df4d852b748f","22875428","1751989259","2025-07-08 15:40:59","0x4822c6499d4d0b0699f42419610f894c6662a484","0xe5544a2a5fa9b175da60d8eec67add5582bb31b0","","0","0","0","0.000082987030079283","0.230633830683341","2616.29","","","Mint"
"0xcf796651d534d1eb05f0ad5741b8d9aa6c192fece8c1dfa3e848b0594a2b3720","22875430","1751989283","2025-07-08 15:41:23","0x4822c6499d4d0b0699f42419610f894c6662a484","0xe5544a2a5fa9b175da60d8eec67add5582bb31b0","","0","0","0","0.000081627099615939","0.226854372954532","2616.29","","","Mint"
"0x9e09d19c4dfd190d3f8f31149ae7c0dec7aaa6f169b44302c0526ed690ff4883","22875432","1751989307","2025-07-08 15:41:47","0x4822c6499d4d0b0699f42419610f894c6662a484","0xe5544a2a5fa9b175da60d8eec67add5582bb31b0","","0","0","0","0.000082725024819993","0.229905677421903","2616.29","","","Mint"
"0x4ce0b1b8267cbdc787fbe8d116161d783e869467aad2665afb2474b8a2f7fa6b","22875434","1751989331","2025-07-08 15:42:11","0x4822c6499d4d0b0699f42419610f894c6662a484","0xe5544a2a5fa9b175da60d8eec67add5582bb31b0","","0","0","0","0.000077311582057455","0.214860880176884","2616.29","","","Mint"
"0x224e2c44ef334c44a997203524bd3bbc33cf9e0dd1554f5c6af9b5fd64aaede3","22875436","1751989355","2025-07-08 15:42:35","0x4822c6499d4d0b0699f42419610f894c6662a484","0xe5544a2a5fa9b175da60d8eec67add5582bb31b0","","0","0","0","0.000080671276261296","0.224197991571474","2616.29","","","Mint"
"0xcceaafe81e34bd51fd762eb8d699a2d80eeab343e938ca41278432334e956282","22875438","1751989379","2025-07-08 15:42:59","0x4822c6499d4d0b0699f42419610f894c6662a484","0xe5544a2a5fa9b175da60d8eec67add5582bb31b0","","0","0","0","0.000071917052668263","0.199868646130496","2616.29","","","Mint"
"0xb19a0d0894427eccbed39bddd8a1eed0eafd93cfa8e520cc036e213443debecb","22875440","1751989403","2025-07-08 15:43:23","0x4822c6499d4d0b0699f42419610f894c6662a484","0xe5544a2a5fa9b175da60d8eec67add5582bb31b0","","0","0","0","0.00008387969808897","0.233114693565238","2616.29","","","Mint"
"0x768160aa09329ec28454189e87458095022cc549f186c4666d6b3950f6170928","22875442","1751989427","2025-07-08 15:43:47","0x0a7da29599a326568c88ef1ff2fb2f42262090fd","0xe5544a2a5fa9b175da60d8eec67add5582bb31b0","","0","0","0","0.00035836212012","0.995943925889596","2616.29","Error(0)","invalid jump destination","Mint"
"0x56db5664a7ce36bb49848d36f1f84cc2c580809475a5fbdfb3137f72f977fe8b","22875442","1751989427","2025-07-08 15:43:47","0x4822c6499d4d0b0699f42419610f894c6662a484","0xe5544a2a5fa9b175da60d8eec67add5582bb31b0","","0","0","0","0.000080785597109721","0.224515706944274","2616.29","","","Mint"
"0xc70c79bb4987c9caf122703ba3218b2f07f283e21e445ddc4c8e6f47d55dbe77","22875444","1751989451","2025-07-08 15:44:11","0x4822c6499d4d0b0699f42419610f894c6662a484","0xe5544a2a5fa9b175da60d8eec67add5582bb31b0","","0","0","0","0.000081961246512423","0.227783019017338","2616.29","","","Mint"
"0xdd3c9a4771972025b6f6308c7206374f1271c5507b010d78896a761826aff1e1","22875446","1751989475","2025-07-08 15:44:35","0x4822c6499d4d0b0699f42419610f894c6662a484","0xe5544a2a5fa9b175da60d8eec67add5582bb31b0","","0","0","0","0.000080912343101115","0.224867953716945","2616.29","","","Mint"
"0x34da6132f2600042105ef7e67b47de04433ebb9a79308c1cc473da8a33336d8e","22875448","1751989499","2025-07-08 15:44:59","0x4822c6499d4d0b0699f42419610f894c6662a484","0xe5544a2a5fa9b175da60d8eec67add5582bb31b0","","0","0","0","0.000079009998066612","0.219581041748054","2616.29","","","Mint"
"0xaccbd828501348ea3016b4b6104e0a25eea01ce722ffe010591fbe7570903a2d","22875450","1751989523","2025-07-08 15:45:23","0x4822c6499d4d0b0699f42419610f894c6662a484","0xe5544a2a5fa9b175da60d8eec67add5582bb31b0","","0","0","0","0.000072662199723693","0.201939525395028","2616.29","","","Mint"
"0xbf0963eaa39b9d09086208bfb1860553e7b778c4fdc379e068e4b3ff38fab167","22875452","1751989547","2025-07-08 15:45:47","0x4822c6499d4d0b0699f42419610f894c6662a484","0xe5544a2a5fa9b175da60d8eec67add5582bb31b0","","0","0","0","0.000072840745778304","0.202435732579319","2616.29","","","Mint"
"0xfa918888fdba3c0884cc13e5e2f62df287963ef1d197c088bbf07a50f656da62","22875454","1751989571","2025-07-08 15:46:11","0x4822c6499d4d0b0699f42419610f894c6662a484","0xe5544a2a5fa9b175da60d8eec67add5582bb31b0","","0","0","0","0.000076795873708485","0.213427646671302","2616.29","","","Mint"
"0x60c5b6985470f3fd879abfa43d0a76e4349f77a6842622bdf3a208c918c421eb","22875456","1751989595","2025-07-08 15:46:35","0x4822c6499d4d0b0699f42419610f894c6662a484","0xe5544a2a5fa9b175da60d8eec67add5582bb31b0","","0","0","0","0.000075834886637445","0.21075691451931","2616.29","","","Mint"
"0xb3bbcf2fd063eb5445318b590871bc7b482f5f727a08beaf8c35109dcb56b4d8","22875458","1751989619","2025-07-08 15:46:59","0x4822c6499d4d0b0699f42419610f894c6662a484","0xe5544a2a5fa9b175da60d8eec67add5582bb31b0","","0","0","0","0.000074145487161627","0.206061811293057","2616.29","","","Mint"
"0xf005cec8b9aed85478a2e0ddaf5016bbbf062c7b082a308c18763d4a24e271c8","22875460","1751989643","2025-07-08 15:47:23","0x4822c6499d4d0b0699f42419610f894c6662a484","0xe5544a2a5fa9b175da60d8eec67add5582bb31b0","","0","0","0","0.000079988555759427","0.222300605383757","2616.29","","","Mint"
"0x57ca2f36d0afb8db61635079af82b25744e775ed007e566f61132b611b77e16a","22875463","1751989679","2025-07-08 15:47:59","0x4822c6499d4d0b0699f42419610f894c6662a484","0xe5544a2a5fa9b175da60d8eec67add5582bb31b0","","0","0","0","0.000091570007324079","0.254487255956472","2616.29","","","Mint"
"0xfe3299343ad26581517c80736f453cf9067eb0a73a8b5b23e4d13167c4ff0f1d","22875465","1751989703","2025-07-08 15:48:23","0x4822c6499d4d0b0699f42419610f894c6662a484","0xe5544a2a5fa9b175da60d8eec67add5582bb31b0","","0","0","0","0.000102381035863956","0.284532781424688","2616.29","","","Mint"
"0x9afc1c28bcf5e7a1a1687ac14c1270bf933c40cb6060f89735d76a0ab903abcb","22875467","1751989727","2025-07-08 15:48:47","0x4822c6499d4d0b0699f42419610f894c6662a484","0xe5544a2a5fa9b175da60d8eec67add5582bb31b0","","0","0","0","0.000096314732608467","0.267673583589031","2616.29","","","Mint"
"0xd9689d92f1ad954945ce0a672a228f4d6d8f278566f5d28afc17a010b42e0e00","22875469","1751989751","2025-07-08 15:49:11","0x4822c6499d4d0b0699f42419610f894c6662a484","0xe5544a2a5fa9b175da60d8eec67add5582bb31b0","","0","0","0","0.000086040974864667","0.239121217011971","2616.29","","","Mint"
"0x3d1ef4f0fb8c70c2742596cdbc2c7bd1f65403c3501b8f58feb7f3238b5483f4","22875471","1751989775","2025-07-08 15:49:35","0x4822c6499d4d0b0699f42419610f894c6662a484","0xe5544a2a5fa9b175da60d8eec67add5582bb31b0","","0","0","0","0.000087514092890208","0.243215240535341","2616.29","","","Mint"
"0x55ccbfc321b02624f202c01fdb27aeda1046cb43f7a55ee1205b1d74ee273430","22875473","1751989799","2025-07-08 15:49:59","0x4822c6499d4d0b0699f42419610f894c6662a484","0xe5544a2a5fa9b175da60d8eec67add5582bb31b0","","0","0","0","0.000086339606511462","0.239951160686275","2616.29","","","Mint"
"0x48f7173fa41eef9cf72da9b35c17dbccbb2c0e770a395a378ea18296a27803cc","22875475","1751989823","2025-07-08 15:50:23","0x4822c6499d4d0b0699f42419610f894c6662a484","0xe5544a2a5fa9b175da60d8eec67add5582bb31b0","","0","0","0","0.000087899105821947","0.244285251201161","2616.29","","","Mint"
"0xe03ab679d09c6019259485c864a2c99a8570121137a095bca115199db064eb04","22875478","1751989859","2025-07-08 15:50:59","0x4822c6499d4d0b0699f42419610f894c6662a484","0xe5544a2a5fa9b175da60d8eec67add5582bb31b0","","0","0","0","0.000085183906439007","0.236739290896783","2616.29","","","Mint"
"0xc123242cd29ce8d83bcf9f6044e897628aae1c124c9ec1d5480cd7424a42229f","22875480","1751989883","2025-07-08 15:51:23","0x4822c6499d4d0b0699f42419610f894c6662a484","0xe5544a2a5fa9b175da60d8eec67add5582bb31b0","","0","0","0","0.000090580900883913","0.251738375715413","2616.29","","","Mint"
"0xb8758ff81721ee4e8b2bdadcb1192e2bc212ef21a9873164741ca0ec87f60cca","22875483","1751989919","2025-07-08 15:51:59","0x4822c6499d4d0b0699f42419610f894c6662a484","0xe5544a2a5fa9b175da60d8eec67add5582bb31b0","","0","0","0","0.000087974764659837","0.2444955188489","2616.29","","","Mint"
"0x3ed3e2066083fca33937bf0c24e47e092caeadbeb7e62cd4661e173e0ed9cfe4","22875485","1751989943","2025-07-08 15:52:23","0x4822c6499d4d0b0699f42419610f894c6662a484","0xe5544a2a5fa9b175da60d8eec67add5582bb31b0","","0","0","0","0.000092241139288905","0.256352435801973","2616.29","","","Mint"
"0xe93b417edbdda4933f9d2712b910e3c1de2a7f772e2c9f425588dd43f16ada45","22875487","1751989967","2025-07-08 15:52:47","0x4822c6499d4d0b0699f42419610f894c6662a484","0xe5544a2a5fa9b175da60d8eec67add5582bb31b0","","0","0","0","0.000096868710005925","0.269213172717184","2616.29","","","Mint"
"0xfdaacafdc2c796e5afccf27d6eb9cf2b48621dc26e8aa198172e2c8f25e53010","22875489","1751989991","2025-07-08 15:53:11","0x4822c6499d4d0b0699f42419610f894c6662a484","0xe5544a2a5fa9b175da60d8eec67add5582bb31b0","","0","0","0","0.000100165399799268","0.278375185080887","2616.29","","","Mint"
"0xd22500e441b1ad34ec4a056cf19d99f7917a6dfafa14a6db7ca7edbdf03828e1","22875491","1751990015","2025-07-08 15:53:35","0x4822c6499d4d0b0699f42419610f894c6662a484","0xe5544a2a5fa9b175da60d8eec67add5582bb31b0","","0","0","0","0.000096773610455505","0.268948876313412","2616.29","","","Mint"
"0x59b60f90b12f01a62347477adf0972833a30d2192f298e3fba1cf0361f6586b7","22875493","1751990039","2025-07-08 15:53:59","0x4822c6499d4d0b0699f42419610f894c6662a484","0xe5544a2a5fa9b175da60d8eec67add5582bb31b0","","0","0","0","0.000096507661384923","0.268209762588576","2616.29","","","Mint"
"0x00e7964db16de7c50154e68bbf182658a304c9ff23465ca8442b7b6d3e16df8f","22875495","1751990063","2025-07-08 15:54:23","0x4822c6499d4d0b0699f42419610f894c6662a484","0xe5544a2a5fa9b175da60d8eec67add5582bb31b0","","0","0","0","0.00009514921668507","0.264434434027001","2616.29","","","Mint"
"0x1d392baf28b9db19182a3ae44025ebb08e6398afac7f2eb52b7d637ea3a24626","22875497","1751990087","2025-07-08 15:54:47","0x4822c6499d4d0b0699f42419610f894c6662a484","0xe5544a2a5fa9b175da60d8eec67add5582bb31b0","","0","0","0","0.000096216229172379","0.267399827258931","2616.29","","","Mint"
"0x08e7852754c161a193d26f63ba6718b2d86e4c1860de300953ca3fd6041ae3cb","22875499","1751990111","2025-07-08 15:55:11","0x4822c6499d4d0b0699f42419610f894c6662a484","0xe5544a2a5fa9b175da60d8eec67add5582bb31b0","","0","0","0","0.000090275307496407","0.250889084283672","2616.29","","","Mint"
"0x782bcd05b3335d779d4b671d4556fc5a0f619624c408fe1893982018e966f1d8","22875501","1751990135","2025-07-08 15:55:35","0x4822c6499d4d0b0699f42419610f894c6662a484","0xe5544a2a5fa9b175da60d8eec67add5582bb31b0","","0","0","0","0.000089758448320596","0.249452652451767","2616.29","","","Mint"
"0x6ad74af2d7a451229c7b5ff9bfed1e638ac00ae3523959035728b13dcc2be51d","22875503","1751990159","2025-07-08 15:55:59","0x4822c6499d4d0b0699f42419610f894c6662a484","0xe5544a2a5fa9b175da60d8eec67add5582bb31b0","","0","0","0","0.000090089297629056","0.250372134005887","2616.29","","","Mint"
"0x12219622d6e75c3dc0db9add80a2bfc4d63cb9736c5610a9cff481651c88d6b5","22875505","1751990183","2025-07-08 15:56:23","0x4822c6499d4d0b0699f42419610f894c6662a484","0xe5544a2a5fa9b175da60d8eec67add5582bb31b0","","0","0","0","0.000088780823803881","0.246735682257214","2616.29","","","Mint"
"0x746f40bcdcafdd64131fdd478846020a971b65e55abbe934f9ff2d5e8e6c3af3","22875507","1751990207","2025-07-08 15:56:47","0x4822c6499d4d0b0699f42419610f894c6662a484","0xe5544a2a5fa9b175da60d8eec67add5582bb31b0","","0","0","0","0.000083958756961767","0.233334410437444","2616.29","","","Mint"
"0x56b3fecff08e8dda07e904d84127bc453c81c8057061ecaa3de144fccc862a61","22875510","1751990243","2025-07-08 15:57:23","0x4822c6499d4d0b0699f42419610f894c6662a484","0xe5544a2a5fa9b175da60d8eec67add5582bb31b0","","0","0","0","0.00008215479408918","0.228320917758916","2616.29","","","Mint"
"0x378ee87f63e0a281f674138fbd9cd08c820c2f5598c0d97f93dbf27f4e845cef","22875512","1751990267","2025-07-08 15:57:47","0x4822c6499d4d0b0699f42419610f894c6662a484","0xe5544a2a5fa9b175da60d8eec67add5582bb31b0","","0","0","0","0.000089963689600632","0.250023049808846","2616.29","","","Mint"
"0xb5827c23708f862b2815b541fef19920f1653b8e67046defee06ff078e248ea1","22875514","1751990291","2025-07-08 15:58:11","0x4822c6499d4d0b0699f42419610f894c6662a484","0xe5544a2a5fa9b175da60d8eec67add5582bb31b0","","0","0","0","0.000088118082137661","0.244893820353158","2616.29","","","Mint"
"0x350036f73d795361209841cdd31f45289c84150a2c102e09ab9d3cadd0d8c85b","22875516","1751990315","2025-07-08 15:58:35","0x4822c6499d4d0b0699f42419610f894c6662a484","0xe5544a2a5fa9b175da60d8eec67add5582bb31b0","","0","0","0","0.000082576364678649","0.229492527826896","2616.29","","","Mint"
"0x35dfa3e8f546616c7f80b0a9fb299f9007dd69761a1393aa993bcce478d29cfa","22875518","1751990339","2025-07-08 15:58:59","0x4822c6499d4d0b0699f42419610f894c6662a484","0xe5544a2a5fa9b175da60d8eec67add5582bb31b0","","0","0","0","0.00008554921602381","0.237754542904813","2616.29","","","Mint"
"0x011f5d024a9fbc0dfa9d3a43b82e9401613c84d8da043c97f70b2768e7c2c7fe","22875520","1751990363","2025-07-08 15:59:23","0x4822c6499d4d0b0699f42419610f894c6662a484","0xe5544a2a5fa9b175da60d8eec67add5582bb31b0","","0","0","0","0.000083460456219162","0.231949555370459","2616.29","","","Mint"
"0xeed6d8d9f394c3ddfd7737189c9d1109bfa346da993b0b95420c8ff97d4182e4","22875668","1751992151","2025-07-08 16:29:11","0x4822c6499d4d0b0699f42419610f894c6662a484","0xe5544a2a5fa9b175da60d8eec67add5582bb31b0","","0","0","0","0.000113455158226596","0.315309485441107","2616.29","","","Mint"
"0x863f348799f63903aca000e6a231285b52563df272ab5ed85cdcfe9630efd5a1","22875670","1751992175","2025-07-08 16:29:35","0x4822c6499d4d0b0699f42419610f894c6662a484","0xe5544a2a5fa9b175da60d8eec67add5582bb31b0","","0","0","0","0.000107711046023142","0.299345706521776","2616.29","","","Mint"
"0x9071f4b27d2b4b6d352383f6f35c01d19f1eb7768afbc89efca07b840010f7e7","22875671","1751992187","2025-07-08 16:29:47","0x0a7da29599a326568c88ef1ff2fb2f42262090fd","0xe5544a2a5fa9b175da60d8eec67add5582bb31b0","","0","0","0","0.00036","1.00049584816664","2616.29","Error(0)","invalid jump destination","Mint"
"0x046cd5aba9dd9891862a128002c34aef4286dffd6981487d3d8236c46a25aea9","22875679","1751992283","2025-07-08 16:31:23","0x0a7da29599a326568c88ef1ff2fb2f42262090fd","0xe5544a2a5fa9b175da60d8eec67add5582bb31b0","","0","0","0","0.000109579062180675","0.304537213215998","2616.29","","","Mint"
"0x928bc979c9039da834e7cf202d21b0d39eee6ff5aa33dbf40050fb49313d6953","22875684","1751992343","2025-07-08 16:32:23","0x0a7da29599a326568c88ef1ff2fb2f42262090fd","0xe5544a2a5fa9b175da60d8eec67add5582bb31b0","","0","0","0","0.00010682216008713","0.296875354609349","2616.29","","","Mint"
"0xb8ab6ca78d2920484d168deb0c70596b7e65714ea54cf05fe9811fd0ae0b7836","22875688","1751992391","2025-07-08 16:33:11","0x0a7da29599a326568c88ef1ff2fb2f42262090fd","0xe5544a2a5fa9b175da60d8eec67add5582bb31b0","","0","0","0","0.000110153030881944","0.306132361278768","2616.29","","","Mint"
"0x659b15313eaa3ba9b4755f8447411ff1a0e60862f485cf125f4124a9e85cde13","22875692","1751992439","2025-07-08 16:33:59","0x0a7da29599a326568c88ef1ff2fb2f42262090fd","0xe5544a2a5fa9b175da60d8eec67add5582bb31b0","","0","0","0","0.000106330592268168","0.295509211381672","2616.29","","","Mint"
"0x11bb32e69c094c076612c22e3b13510dce91cd05b52db40b57faa3ca58ed13be","22875695","1751992475","2025-07-08 16:34:35","0x0a7da29599a326568c88ef1ff2fb2f42262090fd","0xe5544a2a5fa9b175da60d8eec67add5582bb31b0","","0","0","0","0.000100691762541156","0.279838028797244","2616.29","","","Mint"
"0x5b8268a76ed98c82db0a26cfc2124ab6264dd932b2d49fd57dafc05cb8d15ecb","22875697","1751992499","2025-07-08 16:34:59","0x0a7da29599a326568c88ef1ff2fb2f42262090fd","0xe5544a2a5fa9b175da60d8eec67add5582bb31b0","","0","0","0","0.000104247249907428","0.289719279764366","2616.29","","","Mint"
"0xaf15b7aa20533df4315b3313026f63521f167de26b38d08e8e8f218c442744bc","22875699","1751992523","2025-07-08 16:35:23","0x0a7da29599a326568c88ef1ff2fb2f42262090fd","0xe5544a2a5fa9b175da60d8eec67add5582bb31b0","","0","0","0","0.000102113139785331","0.283788256662454","2616.29","","","Mint"
"0xb17744ad90bd9ada4e45eeaf8e1afeac67a47308e80d85a8bcbffa7b1c0237d1","22875703","1751992571","2025-07-08 16:36:11","0x0a7da29599a326568c88ef1ff2fb2f42262090fd","0xe5544a2a5fa9b175da60d8eec67add5582bb31b0","","0","0","0","0.000093291411874773","0.259271306250873","2616.29","","","Mint"
"0xee6dcd2fc78a8727cbb4abc4f1d8032214424275591f78a80f123e07e5312246","22875703","1751992571","2025-07-08 16:36:11","0x4822c6499d4d0b0699f42419610f894c6662a484","0xe5544a2a5fa9b175da60d8eec67add5582bb31b0","","0","0","0","0.0002359323413","0.655692577552457","2616.29","Error(0)","invalid jump destination","Mint"
"0x1536dc306166baf27a96b46d10efd3b37ef1083be4ce71394036b65260526919","22875704","1751992583","2025-07-08 16:36:23","0x4822c6499d4d0b0699f42419610f894c6662a484","0xe5544a2a5fa9b175da60d8eec67add5582bb31b0","","0","0","0","0.000100843922789853","0.28026090573357","2616.29","","","Mint"
"0xb6d234fc534f0e676e43d1921e48a57613787fdaed962144ca2d71729644a1f0","22875706","1751992607","2025-07-08 16:36:47","0x0a7da29599a326568c88ef1ff2fb2f42262090fd","0xe5544a2a5fa9b175da60d8eec67add5582bb31b0","","0","0","0","0.00031580255184","0.877664283212083","2616.29","Error(0)","invalid jump destination","Mint"
"0x58e0abb2959e9882648abcf5e6b7872429a166a78c183a3f36f54e40edd515bd","22875708","1751992631","2025-07-08 16:37:11","0x4822c6499d4d0b0699f42419610f894c6662a484","0xe5544a2a5fa9b175da60d8eec67add5582bb31b0","","0","0","0","0.000084431952711696","0.23464949483515","2616.29","","","Mint"
"0xa1a8711e1e4d48e79965e56b6034c207661d3c0f1d2d3139889f6acd0de63d61","22875709","1751992643","2025-07-08 16:37:23","0x0a7da29599a326568c88ef1ff2fb2f42262090fd","0xe5544a2a5fa9b175da60d8eec67add5582bb31b0","","0","0","0","0.000090368930576376","0.25114927734701","2616.29","","","Mint"
"0xa3608c05a71863bedc24799bd75ff44ba8a0e088c5258f4da3cd3b9ba825c592","22875710","1751992655","2025-07-08 16:37:35","0x4822c6499d4d0b0699f42419610f894c6662a484","0xe5544a2a5fa9b175da60d8eec67add5582bb31b0","","0","0","0","0.000088946317745091","0.24719561559354","2616.29","","","Mint"
"0xa4447a331fc1ddb61c6727e09b8983db59ac704da373f14311d5452cd0aecbab","22875712","1751992679","2025-07-08 16:37:59","0x4822c6499d4d0b0699f42419610f894c6662a484","0xe5544a2a5fa9b175da60d8eec67add5582bb31b0","","0","0","0","0.000085277073191991","0.236998215756638","2616.29","","","Mint"
"0xa35f3e9736a51b11ce299ca9e487e2ce13c06b60bc23f2ee037bfc223f790f4e","22875714","1751992703","2025-07-08 16:38:23","0x0a7da29599a326568c88ef1ff2fb2f42262090fd","0xe5544a2a5fa9b175da60d8eec67add5582bb31b0","","0","0","0","0.0002699812398","0.750319748618838","2616.29","Error(0)","invalid jump destination","Mint"
"0x46801d47283cb40c2cafa842884a29859fe0f29ec150e82dcb59c8bfce18413c","22875715","1751992715","2025-07-08 16:38:35","0x4822c6499d4d0b0699f42419610f894c6662a484","0xe5544a2a5fa9b175da60d8eec67add5582bb31b0","","0","0","0","0.000082737879843504","0.229941403526489","2616.29","","","Mint"
"0x5ef6c0aecb804383d0635517b7ef3947231bddee670feed7120503af44e0471a","22875717","1751992739","2025-07-08 16:38:59","0x4822c6499d4d0b0699f42419610f894c6662a484","0xe5544a2a5fa9b175da60d8eec67add5582bb31b0","","0","0","0","0.00008430629199249","0.234300264202252","2616.29","","","Mint"
"0x3fd01f6dfd1dddb298bbefd81f14eeb6dbdd6858d6f85629e721526e82b89f91","22875719","1751992763","2025-07-08 16:39:23","0x0a7da29599a326568c88ef1ff2fb2f42262090fd","0xe5544a2a5fa9b175da60d8eec67add5582bb31b0","","0","0","0","0.000081672357688764","0.22698015215997","2616.29","","","Mint"
"0xb90aab8594f75d992ea74f23f2cda9dc5cea08efc1050f02b065d0213e7935d4","22875719","1751992763","2025-07-08 16:39:23","0x4822c6499d4d0b0699f42419610f894c6662a484","0xe5544a2a5fa9b175da60d8eec67add5582bb31b0","","0","0","0","0.0002059252284","0.572298155686019","2616.29","Error(0)","invalid jump destination","Mint"
"0x9120e6878af066c3143dfe2fc00fd98441ee217cbf2a9516a26d6a6103eaaffb","22875720","1751992775","2025-07-08 16:39:35","0x4822c6499d4d0b0699f42419610f894c6662a484","0xe5544a2a5fa9b175da60d8eec67add5582bb31b0","","0","0","0","0.000080969803090344","0.225027643940999","2616.29","","","Mint"
"0x63e47adcf32511f16f483c38b3020ae6c83dba8e22c213553c1d5ebb9f2fe8d9","22875722","1751992799","2025-07-08 16:39:59","0x4822c6499d4d0b0699f42419610f894c6662a484","0xe5544a2a5fa9b175da60d8eec67add5582bb31b0","","0","0","0","0.000078286077543861","0.21756915431079","2616.29","","","Mint"
"0x78a4d7f185ec7cab54f94bedd0bb3efb8e1b0cb3a77ccc6cf348c388c0133848","22875724","1751992823","2025-07-08 16:40:23","0x4822c6499d4d0b0699f42419610f894c6662a484","0xe5544a2a5fa9b175da60d8eec67add5582bb31b0","","0","0","0","0.000074353608083712","0.20664021162212","2616.29","","","Mint"
"0xc114de88972649ff5ceae74dbc95fdd9136bd3c5e4c92f60cc3d92e9ef0ea707","22875725","1751992835","2025-07-08 16:40:35","0x0a7da29599a326568c88ef1ff2fb2f42262090fd","0xe5544a2a5fa9b175da60d8eec67add5582bb31b0","","0","0","0","0.00022969501488","0.638358079811151","2616.29","Error(0)","invalid jump destination","Mint"
"0xd368f32bb9c88db4a5fb65a7f58805bea7d39ab235564ffaec1211c76e2a4fb5","22875728","1751992871","2025-07-08 16:41:11","0x4822c6499d4d0b0699f42419610f894c6662a484","0xe5544a2a5fa9b175da60d8eec67add5582bb31b0","","0","0","0","0.000059818504041243","0.16624490260223","2616.29","","","Mint"
"0x3eb48f134755e30d82a11f2235eb257defd2df76ecdde297ccd739c382cdb4fb","22875730","1751992895","2025-07-08 16:41:35","0x4822c6499d4d0b0699f42419610f894c6662a484","0xe5544a2a5fa9b175da60d8eec67add5582bb31b0","","0","0","0","0.00006463568169885","0.179632586619777","2616.29","","","Mint"
"0x18754f96a9034b53e02507a214ef49f9baa4e60f8a57f7796ca3a356e3ec8749","22875732","1751992919","2025-07-08 16:41:59","0x4822c6499d4d0b0699f42419610f894c6662a484","0xe5544a2a5fa9b175da60d8eec67add5582bb31b0","","0","0","0","0.000064586769370371","0.179496651670979","2616.29","","","Mint"
"0x49f6f77fbc6e6f07d65b86751841a5ba9ccf386014473e8d47131764c9415220","22875734","1751992943","2025-07-08 16:42:23","0x4822c6499d4d0b0699f42419610f894c6662a484","0xe5544a2a5fa9b175da60d8eec67add5582bb31b0","","0","0","0","0.000066200950089846","0.183982710304383","2616.29","","","Mint"
"0xec9081e030cb6caeb9ddd0788a4d54f2c0b2c1a4a4bb04475d58198bb22c4c85","22875736","1751992967","2025-07-08 16:42:47","0x4822c6499d4d0b0699f42419610f894c6662a484","0xe5544a2a5fa9b175da60d8eec67add5582bb31b0","","0","0","0","0.000069841699936488","0.194100918931546","2616.29","","","Mint"
"0x6db46d8508102510dfb076ea9237a04e9ae40d2c773d1da615dc63c02637ba62","22875738","1751992991","2025-07-08 16:43:11","0x4822c6499d4d0b0699f42419610f894c6662a484","0xe5544a2a5fa9b175da60d8eec67add5582bb31b0","","0","0","0","0.000070256164680363","0.195252780752264","2616.29","","","Mint"
"0x82fcf235945040785e7dc03fd02e848ec9a93f35282855e5374f0af2cc613ffa","22875741","1751993027","2025-07-08 16:43:47","0x4822c6499d4d0b0699f42419610f894c6662a484","0xe5544a2a5fa9b175da60d8eec67add5582bb31b0","","0","0","0","0.000065508878710044","0.182059336576253","2616.29","","","Mint"
"0x8845ac4b46c11c23b11ccc311b0ca4c6a2b3e30f89bad7b73a97a5a0449b74a6","22875743","1751993051","2025-07-08 16:44:11","0x4822c6499d4d0b0699f42419610f894c6662a484","0xe5544a2a5fa9b175da60d8eec67add5582bb31b0","","0","0","0","0.000071012056720584","0.197353521996439","2616.29","","","Mint"
"0x916d52c55338777dfa9b2ab83a096ffa245b82f06124966302f23f394c1f42f3","22875745","1751993075","2025-07-08 16:44:35","0x4822c6499d4d0b0699f42419610f894c6662a484","0xe5544a2a5fa9b175da60d8eec67add5582bb31b0","","0","0","0","0.000071188505645835","0.197843900932904","2616.29","","","Mint"
"0x79d49a548968fc214e0b1fa503a1e2668507a3e89b0ad8dd2886b23e281db5b8","22875747","1751993099","2025-07-08 16:44:59","0x4822c6499d4d0b0699f42419610f894c6662a484","0xe5544a2a5fa9b175da60d8eec67add5582bb31b0","","0","0","0","0.000070699761478356","0.196485605070741","2616.29","","","Mint"
"0x45f54104ac4c56bb8294bfe26157201988c6eca54d3e14c87d66f36433f3135d","22875750","1751993135","2025-07-08 16:45:35","0x4822c6499d4d0b0699f42419610f894c6662a484","0xe5544a2a5fa9b175da60d8eec67add5582bb31b0","","0","0","0","0.0000628043305824","0.174542977762712","2616.29","","","Mint"
"0xce3b6eae0ebb62dc03f8d15f0750cea5baf13477e98e6aaefa5329e9e1b8fa04","22875752","1751993159","2025-07-08 16:45:59","0x4822c6499d4d0b0699f42419610f894c6662a484","0xe5544a2a5fa9b175da60d8eec67add5582bb31b0","","0","0","0","0.00007066749155184","0.196395921938797","2616.29","","","Mint"
"0xd72a2dda691f026c6c52e9f97098931284d5b3b4cab509bad41b8ec26584bb48","22875753","1751993171","2025-07-08 16:46:11","0x0a7da29599a326568c88ef1ff2fb2f42262090fd","0xe5544a2a5fa9b175da60d8eec67add5582bb31b0","","0","0","0","0.00021952882044","0.610104648342055","2616.29","Error(0)","invalid jump destination","Mint"
"0xf91055dec2739911542ef88cd61584020ee0e56851eff36654cd6201a839deba","22875754","1751993183","2025-07-08 16:46:23","0x4822c6499d4d0b0699f42419610f894c6662a484","0xe5544a2a5fa9b175da60d8eec67add5582bb31b0","","0","0","0","0.000068873983581579","0.191411485055742","2616.29","","","Mint"
"0x5b83f5bb8f94ffbce1097f137e2e36f54f5adc43c9bbbdf9ac35c2d4c2b53c35","22875756","1751993207","2025-07-08 16:46:47","0x4822c6499d4d0b0699f42419610f894c6662a484","0xe5544a2a5fa9b175da60d8eec67add5582bb31b0","","0","0","0","0.000062032828238766","0.172398853063666","2616.29","","","Mint"
"0x1501eeeb71857574357d1571e6b846492500569e3a173c0e362ae532bec5f80f","22875758","1751993231","2025-07-08 16:47:11","0x4822c6499d4d0b0699f42419610f894c6662a484","0xe5544a2a5fa9b175da60d8eec67add5582bb31b0","","0","0","0","0.000067306694186709","0.187055744687844","2616.29","","","Mint"
"0xe45e440f5e953824d1adf248d57dd87bed1dc47bdee4d5b780a129ec32f83eda","22875760","1751993255","2025-07-08 16:47:35","0x4822c6499d4d0b0699f42419610f894c6662a484","0xe5544a2a5fa9b175da60d8eec67add5582bb31b0","","0","0","0","0.000071417222771193","0.198479541306029","2616.29","","","Mint"
"0x42168df7af4afecbb1e4d8d698efc958d20177d173e09ea2d5b958e817b89940","22875762","1751993279","2025-07-08 16:47:59","0x4822c6499d4d0b0699f42419610f894c6662a484","0xe5544a2a5fa9b175da60d8eec67add5582bb31b0","","0","0","0","0.000071195694470532","0.197863879791966","2616.29","","","Mint"
"0xbca28d6989675130c77b389fe0f579bb29888c18a76034dfb4787a8ce9375a7f","22875764","1751993303","2025-07-08 16:48:23","0x4822c6499d4d0b0699f42419610f894c6662a484","0xe5544a2a5fa9b175da60d8eec67add5582bb31b0","","0","0","0","0.000072455382150468","0.20136474727464","2616.29","","","Mint"
"0xd1f65d49983c60da85a4b675f9a958afce001a0c8838cdefe50daa4bd0c38263","22875766","1751993327","2025-07-08 16:48:47","0x4822c6499d4d0b0699f42419610f894c6662a484","0xe5544a2a5fa9b175da60d8eec67add5582bb31b0","","0","0","0","0.000071095450602936","0.197585286532705","2616.29","","","Mint"
"0x59a3d94f9920c4884a1c722bec3a4e9dd591b558d560016562d72b63a1af95e5","22875768","1751993351","2025-07-08 16:49:11","0x4822c6499d4d0b0699f42419610f894c6662a484","0xe5544a2a5fa9b175da60d8eec67add5582bb31b0","","0","0","0","0.000068850577093815","0.191346434795108","2616.29","","","Mint"
"0xd8a725406e057f895935c4c9db8d28467b200d6c7eef93c57c90fc82bd971da6","22875770","1751993375","2025-07-08 16:49:35","0x4822c6499d4d0b0699f42419610f894c6662a484","0xe5544a2a5fa9b175da60d8eec67add5582bb31b0","","0","0","0","0.000070079500853562","0.194761804571053","2616.29","","","Mint"
"0x4f846a345a522b42519f41d5dc8f65e31450d3e8fa7a1c78194ca5938464292c","22875772","1751993399","2025-07-08 16:49:59","0x4822c6499d4d0b0699f42419610f894c6662a484","0xe5544a2a5fa9b175da60d8eec67add5582bb31b0","","0","0","0","0.000063654152590323","0.176904764958844","2616.29","","","Mint"
"0x72897e4ac3c7ac6e0a85db2bd99138099ce8873e1de04797bc9bd39b7f30b61f","22875774","1751993423","2025-07-08 16:50:23","0x4822c6499d4d0b0699f42419610f894c6662a484","0xe5544a2a5fa9b175da60d8eec67add5582bb31b0","","0","0","0","0.000066788387155266","0.185615289040527","2616.29","","","Mint"
"0xfa2d5a314f608fb5d50b57ab9219a184af937752eca6ff509edb8be3fc9d5a44","22875776","1751993447","2025-07-08 16:50:47","0x4822c6499d4d0b0699f42419610f894c6662a484","0xe5544a2a5fa9b175da60d8eec67add5582bb31b0","","0","0","0","0.000062233683861864","0.17295706199975","2616.29","","","Mint"
"0x8f8ec36941bc0f95521be6dfca7acde3d71965d16199df7e63c0b44aebbdcdec","22875778","1751993471","2025-07-08 16:51:11","0x4822c6499d4d0b0699f42419610f894c6662a484","0xe5544a2a5fa9b175da60d8eec67add5582bb31b0","","0","0","0","0.000060658248496155","0.168578682715176","2616.29","","","Mint"
"0xd06cc4d7fa27bbb06049506d0073423d489b3f2d3eac1e19284f0dec94d8b49e","22875780","1751993495","2025-07-08 16:51:35","0x4822c6499d4d0b0699f42419610f894c6662a484","0xe5544a2a5fa9b175da60d8eec67add5582bb31b0","","0","0","0","0.000058981164816945","0.163917806998294","2616.29","","","Mint"
"0x83749fd28dd187582b89ddb82dcf77c28640787cf6e9ddf9bf4318b557163b5b","22875782","1751993519","2025-07-08 16:51:59","0x4822c6499d4d0b0699f42419610f894c6662a484","0xe5544a2a5fa9b175da60d8eec67add5582bb31b0","","0","0","0","0.00006115540375716","0.169960354311092","2616.29","","","Mint"
"0xaea4f811abcbeade7a4a8ea574eb295599d7f403b0818257b66bbf3760cb3527","22875784","1751993543","2025-07-08 16:52:23","0x4822c6499d4d0b0699f42419610f894c6662a484","0xe5544a2a5fa9b175da60d8eec67add5582bb31b0","","0","0","0","0.000059905711438722","0.166487265488639","2616.29","","","Mint"
"0x8705a4683ac1f8e03220a1f67e3af08fdccb348f8661584acf6b8ffd09d753a0","22875786","1751993567","2025-07-08 16:52:47","0x4822c6499d4d0b0699f42419610f894c6662a484","0xe5544a2a5fa9b175da60d8eec67add5582bb31b0","","0","0","0","0.000057918819991302","0.160965385922246","2616.29","","","Mint"
"0x8d48d234f30f4ecbd9bd73142c1c88f9e1efb3b0a886496661c890c823edf349","22875789","1751993603","2025-07-08 16:53:23","0x4822c6499d4d0b0699f42419610f894c6662a484","0xe5544a2a5fa9b175da60d8eec67add5582bb31b0","","0","0","0","0.000055004675014437","0.152866524949165","2616.29","","","Mint"
"0x82beac7b5c65fa546c7f4fc96cb64843541adff99934314e06d22d9d0dec26c7","22875791","1751993627","2025-07-08 16:53:47","0x4822c6499d4d0b0699f42419610f894c6662a484","0xe5544a2a5fa9b175da60d8eec67add5582bb31b0","","0","0","0","0.000055995883438767","0.155621246930304","2616.29","","","Mint"
"0xd7c6f856fd7f5a9c58873472ce70341e980d27eca9b7cf8ff3bc629d3e85981d","22875793","1751993663","2025-07-08 16:54:23","0x4822c6499d4d0b0699f42419610f894c6662a484","0xe5544a2a5fa9b175da60d8eec67add5582bb31b0","","0","0","0","0.000055635245875836","0.154618979195845","2616.29","","","Mint"
"0x2d4b18770c7d47759db6ce730b2c6e143285ec4cc9968cccae663baaa3cd5e8d","22875795","1751993687","2025-07-08 16:54:47","0x4822c6499d4d0b0699f42419610f894c6662a484","0xe5544a2a5fa9b175da60d8eec67add5582bb31b0","","0","0","0","0.000057369731933235","0.159439385026763","2616.29","","","Mint"
"0x8b04b330f6dae43c827706ff8e7d0a9973a8f04d4c6959a6c61ff024699f5387","22875797","1751993711","2025-07-08 16:55:11","0x4822c6499d4d0b0699f42419610f894c6662a484","0xe5544a2a5fa9b175da60d8eec67add5582bb31b0","","0","0","0","0.000057230236246887","0.159051704873907","2616.29","","","Mint"
"0x1f0328084c42e18de387bc0c9cd9e9607da126e0fbae0874368ea7fd197268d8","22875799","1751993735","2025-07-08 16:55:35","0x4822c6499d4d0b0699f42419610f894c6662a484","0xe5544a2a5fa9b175da60d8eec67add5582bb31b0","","0","0","0","0.000056225319884142","0.156258886405348","2616.29","","","Mint"
"0xd6d017c895a6c3c3e8b45b5a12a78b2428dab3343f346b162d485ed51805a36b","22875802","1751993771","2025-07-08 16:56:11","0x4822c6499d4d0b0699f42419610f894c6662a484","0xe5544a2a5fa9b175da60d8eec67add5582bb31b0","","0","0","0","0.000049743256125234","0.138244225632184","2616.29","","","Mint"
"0xf431ecc8446f078004995ae4915d458ea6f2e03ca26f34e09fa89807ea4d9319","22875804","1751993795","2025-07-08 16:56:35","0x4822c6499d4d0b0699f42419610f894c6662a484","0xe5544a2a5fa9b175da60d8eec67add5582bb31b0","","0","0","0","0.000053878057278336","0.149735479484054","2616.29","","","Mint"
"0x2a4f7a7c8b91d3087935239a0e6ae28aa03f34a257327415c19a314351b114e9","22875806","1751993819","2025-07-08 16:56:59","0x4822c6499d4d0b0699f42419610f894c6662a484","0xe5544a2a5fa9b175da60d8eec67add5582bb31b0","","0","0","0","0.000052236424454049","0.145173127192629","2616.29","","","Mint"
"0x977e99097bd2b7924414e93d645c6939a6aa10d7c48a1d526063870f7e58c18e","22875808","1751993843","2025-07-08 16:57:23","0x4822c6499d4d0b0699f42419610f894c6662a484","0xe5544a2a5fa9b175da60d8eec67add5582bb31b0","","0","0","0","0.000052189943843091","0.145043950364063","2616.29","","","Mint"
"0x925f5cd5266aeebb7bea69dec59015304eb5ead28ba311e3b09452294b805e95","22875810","1751993867","2025-07-08 16:57:47","0x4822c6499d4d0b0699f42419610f894c6662a484","0xe5544a2a5fa9b175da60d8eec67add5582bb31b0","","0","0","0","0.000049950287670705","0.138819598414638","2616.29","","","Mint"
"0x8f75910862e1a8e2ef213d151dded3b4e427e7e4bb8e1f696f3490335afa40a9","22875812","1751993891","2025-07-08 16:58:11","0x4822c6499d4d0b0699f42419610f894c6662a484","0xe5544a2a5fa9b175da60d8eec67add5582bb31b0","","0","0","0","0.000049261481350545","0.136905298793774","2616.29","","","Mint"
"0x1ed9257c34d6040e495a6ebfb6e21f8234b442836121aa257e51ac6c44422cd3","22875815","1751993927","2025-07-08 16:58:47","0x4822c6499d4d0b0699f42419610f894c6662a484","0xe5544a2a5fa9b175da60d8eec67add5582bb31b0","","0","0","0","0.000049173028027449","0.13665947328679","2616.29","","","Mint"
"0xa47b2433a482c7636611ff21b138b569e3385df450a4ff83e9dbf12d17fb811d","22875817","1751993951","2025-07-08 16:59:11","0x4822c6499d4d0b0699f42419610f894c6662a484","0xe5544a2a5fa9b175da60d8eec67add5582bb31b0","","0","0","0","0.000047035459152027","0.130718837772818","2616.29","","","Mint"
"0x565aa6def08d96f732fe8ba1e83abd5fa582b69511d6b38eb3cea7479df2494d","22875820","1751993987","2025-07-08 16:59:47","0x4822c6499d4d0b0699f42419610f894c6662a484","0xe5544a2a5fa9b175da60d8eec67add5582bb31b0","","0","0","0","0.00004527822826713","0.125835220537791","2616.29","","","Mint"
"0xae99c1ecfceb082161aa12e2b44a2f9d233a26d3a24f4bf7f58cadf63fce0816","22875822","1751994011","2025-07-08 17:00:11","0x4822c6499d4d0b0699f42419610f894c6662a484","0xe5544a2a5fa9b175da60d8eec67add5582bb31b0","","0","0","0","0.000048126310455312","0.133750482772551","2616.29","","","Mint"
"0xaca125d311ac6c80164ee984adc4994a5dce8cd0f41c8be32342ac42fea2374d","22875824","1751994035","2025-07-08 17:00:35","0x4822c6499d4d0b0699f42419610f894c6662a484","0xe5544a2a5fa9b175da60d8eec67add5582bb31b0","","0","0","0","0.000049986385361676","0.138919919497818","2616.29","","","Mint"
"0x595c6fe47b7068f1d8f0062562367ac6c5ef1f614bfd8ca3f1a11f9c7b313a3d","22875826","1751994059","2025-07-08 17:00:59","0x4822c6499d4d0b0699f42419610f894c6662a484","0xe5544a2a5fa9b175da60d8eec67add5582bb31b0","","0","0","0","0.000056556943255614","0.157180519200661","2616.29","","","Mint"
"0xfff9170c5661572ca0ecca74705f669d3e5456adeab58cd2571bc21768d9c0b6","22875828","1751994083","2025-07-08 17:01:23","0x4822c6499d4d0b0699f42419610f894c6662a484","0xe5544a2a5fa9b175da60d8eec67add5582bb31b0","","0","0","0","0.000059550909986418","0.16550121721099","2616.29","","","Mint"
"0x09fd5880cf19476221e850592011d82603d5c05ca6e537277905a2ad379b6469","22875830","1751994107","2025-07-08 17:01:47","0x4822c6499d4d0b0699f42419610f894c6662a484","0xe5544a2a5fa9b175da60d8eec67add5582bb31b0","","0","0","0","0.000060305005372239","0.167596965273867","2616.29","","","Mint"
"0x94512b0ec641856cbc59f9ceacb592176935d0ad1eac37d5197cba10bff1ef08","22875832","1751994131","2025-07-08 17:02:11","0x4822c6499d4d0b0699f42419610f894c6662a484","0xe5544a2a5fa9b175da60d8eec67add5582bb31b0","","0","0","0","0.000064041958162917","0.177982536806834","2616.29","","","Mint"
"0x09fb0b7b6fcbf4ba001ba24c9dba84650a268e78fbe16971651cde5cf2698417","22875834","1751994155","2025-07-08 17:02:35","0x4822c6499d4d0b0699f42419610f894c6662a484","0xe5544a2a5fa9b175da60d8eec67add5582bb31b0","","0","0","0","0.000062306722006371","0.17316004633402","2616.29","","","Mint"
"0x52ac8c0249b8ecee0b24b441cf83b0102300f041350275888417bb7b99bee5fa","22875836","1751994179","2025-07-08 17:02:59","0x4822c6499d4d0b0699f42419610f894c6662a484","0xe5544a2a5fa9b175da60d8eec67add5582bb31b0","","0","0","0","0.000061408977557421","0.170665075239883","2616.29","","","Mint"
"0xc39c5a1f86b789075d5947bb181cb5e8a580f66461a5d8400709ed9aa1cac3d3","22875838","1751994203","2025-07-08 17:03:23","0x4822c6499d4d0b0699f42419610f894c6662a484","0xe5544a2a5fa9b175da60d8eec67add5582bb31b0","","0","0","0","0.000061624354806531","0.17126364202745","2616.29","","","Mint"
"0x6c87e987620e83abe03d1278187c74eb7e750dd6b04ecf7d750e90db105c2843","22875840","1751994227","2025-07-08 17:03:47","0x4822c6499d4d0b0699f42419610f894c6662a484","0xe5544a2a5fa9b175da60d8eec67add5582bb31b0","","0","0","0","0.0000604400619357","0.167972308415562","2616.29","","","Mint"
"0x7cf91243b0877f6392901c63f669928b3e5db21ace79bb2e1f0feb04efa2f239","22875842","1751994251","2025-07-08 17:04:11","0x4822c6499d4d0b0699f42419610f894c6662a484","0xe5544a2a5fa9b175da60d8eec67add5582bb31b0","","0","0","0","0.000059157969065811","0.164409173434207","2616.29","","","Mint"
"0x52ae088bc9e93ed3f6b99d24d083c28eef8d38b5bd62e202ec108ada669a4cbe","22875844","1751994275","2025-07-08 17:04:35","0x4822c6499d4d0b0699f42419610f894c6662a484","0xe5544a2a5fa9b175da60d8eec67add5582bb31b0","","0","0","0","0.000061391372845077","0.170616149013194","2616.29","","","Mint"
"0x3fab3c03864fd2bccd7e7f2c9b014629e88e410237bb9aa818ba373c6d6157dc","22875846","1751994299","2025-07-08 17:04:59","0x4822c6499d4d0b0699f42419610f894c6662a484","0xe5544a2a5fa9b175da60d8eec67add5582bb31b0","","0","0","0","0.000059196546546066","0.164516386236506","2616.29","","","Mint"
"0x3a619eb85b52b510162c87e650345bdc2f88180ae1efe942aa927090b428d5dd","22875848","1751994323","2025-07-08 17:05:23","0x4822c6499d4d0b0699f42419610f894c6662a484","0xe5544a2a5fa9b175da60d8eec67add5582bb31b0","","0","0","0","0.000063006174588039","0.17510393356721","2616.29","","","Mint"
"0x94a2774873b3f1fd3b6b4f44d5dc766eeb755c9985e662bfb8c688f56f5887fa","22875850","1751994347","2025-07-08 17:05:47","0x4822c6499d4d0b0699f42419610f894c6662a484","0xe5544a2a5fa9b175da60d8eec67add5582bb31b0","","0","0","0","0.00006592174163235","0.183206746686333","2616.29","","","Mint"
"0xaa6ebe713c1258f3c38cc73d44baf16b58ef4655520961a5b8e6c6f836ac27f9","22875852","1751994371","2025-07-08 17:06:11","0x4822c6499d4d0b0699f42419610f894c6662a484","0xe5544a2a5fa9b175da60d8eec67add5582bb31b0","","0","0","0","0.000069881233032021","0.194210787536951","2616.29","","","Mint"
"0x290355f6525b5eb01bc19f70ff3e36fc65a3c97a0ba16603883e363b3a2ab151","22875855","1751994407","2025-07-08 17:06:47","0x4822c6499d4d0b0699f42419610f894c6662a484","0xe5544a2a5fa9b175da60d8eec67add5582bb31b0","","0","0","0","0.00006236522436492","0.173322633464121","2616.29","","","Mint"
"0x4e363e8e9ec6cc451f1b6b9162171e79cc9399a44f820ee0e877dcd1f9d2cad7","22875857","1751994431","2025-07-08 17:07:11","0x4822c6499d4d0b0699f42419610f894c6662a484","0xe5544a2a5fa9b175da60d8eec67add5582bb31b0","","0","0","0","0.000071601225651888","0.198990913856546","2616.29","","","Mint"
"0x5e041046713d1d6abeb76c71a56209d0fa61b6522f1d4e2998e4e560156bbe0f","22875859","1751994455","2025-07-08 17:07:35","0x4822c6499d4d0b0699f42419610f894c6662a484","0xe5544a2a5fa9b175da60d8eec67add5582bb31b0","","0","0","0","0.000071862252710838","0.199716348547487","2616.29","","","Mint"
"0x3cf95965223ba2ea6bd32ee279b827047ada5e7a3d2d470b11592b6e12fa630d","22875865","1751994527","2025-07-08 17:08:47","0x0a7da29599a326568c88ef1ff2fb2f42262090fd","0xe5544a2a5fa9b175da60d8eec67add5582bb31b0","","0","0","0","0.000061026077591931","0.169600936835062","2616.29","","","Mint"
"0x20f2545b642172ce3e8cf6d5e6cadf906ce6a331a508fca720d1e337b3534a28","22875868","1751994563","2025-07-08 17:09:23","0x4822c6499d4d0b0699f42419610f894c6662a484","0xe5544a2a5fa9b175da60d8eec67add5582bb31b0","","0","0","0","0.0002127052049","0.591140762183012","2616.29","Error(0)","invalid jump destination","Mint"
"0xe8ba794d83ed3c8774510e29583ccf7ca9e56facf256b90e38f5306169cf3904","22875870","1751994587","2025-07-08 17:09:47","0x4822c6499d4d0b0699f42419610f894c6662a484","0xe5544a2a5fa9b175da60d8eec67add5582bb31b0","","0","0","0","0.000092032520104992","0.255772650725992","2616.29","","","Mint"
"0x671a11cdbe77cd700c1cc84321b621d5614362392545a27d5db0954606055a59","22875872","1751994611","2025-07-08 17:10:11","0x4822c6499d4d0b0699f42419610f894c6662a484","0xe5544a2a5fa9b175da60d8eec67add5582bb31b0","","0","0","0","0.00009123510130239","0.253556500166955","2616.29","","","Mint"
"0xa35af35dd28239b35002776cbee3ef8162d81b07002ad68a0c85ab76eb8e5f39","22875874","1751994635","2025-07-08 17:10:35","0x4822c6499d4d0b0699f42419610f894c6662a484","0xe5544a2a5fa9b175da60d8eec67add5582bb31b0","","0","0","0","0.000089624519440236","0.249080443316351","2616.29","","","Mint"
"0xbde0f4afb5689b707e2a8bb64db7085c000dd0305b4e0acbb5f7366a6c4893d4","22875876","1751994659","2025-07-08 17:10:59","0x4822c6499d4d0b0699f42419610f894c6662a484","0xe5544a2a5fa9b175da60d8eec67add5582bb31b0","","0","0","0","0.000096284884603059","0.267590631351568","2616.29","","","Mint"
"0xd093c70f580fb1e4e7b2150e27cbf0c1c48639700612b92f38c31585d85bfb56","22875878","1751994683","2025-07-08 17:11:23","0x4822c6499d4d0b0699f42419610f894c6662a484","0xe5544a2a5fa9b175da60d8eec67add5582bb31b0","","0","0","0","0.00009045570449226","0.251390435520818","2616.29","","","Mint"
"0xc812dc19779b7714926485edaa83eb2baa7f69619797b9656b40a36996293d35","22875880","1751994707","2025-07-08 17:11:47","0x4822c6499d4d0b0699f42419610f894c6662a484","0xe5544a2a5fa9b175da60d8eec67add5582bb31b0","","0","0","0","0.000099181051109856","0.275639527367262","2616.29","","","Mint"
"0x97ce683d5aa56b046490235029664dca57cc2931bf8b9b07b3d3356a7d5fcb92","22875882","1751994731","2025-07-08 17:12:11","0x4822c6499d4d0b0699f42419610f894c6662a484","0xe5544a2a5fa9b175da60d8eec67add5582bb31b0","","0","0","0","0.000097646003336451","0.271373391467181","2616.29","","","Mint"
"0x107ff50f55f5d230c762fa8a92b4b68d1250d2e323826f749101cd37a301d0bb","22875884","1751994755","2025-07-08 17:12:35","0x4822c6499d4d0b0699f42419610f894c6662a484","0xe5544a2a5fa9b175da60d8eec67add5582bb31b0","","0","0","0","0.000109511703245238","0.304350012284771","2616.29","","","Mint"
"0x544908dc83d3f74fd60cc067aaa26f1be1df2b5c3c7a69d065cc376fe1f0771d","22875886","1751994779","2025-07-08 17:12:59","0x4822c6499d4d0b0699f42419610f894c6662a484","0xe5544a2a5fa9b175da60d8eec67add5582bb31b0","","0","0","0","0.000106477183623924","0.295916611500591","2616.29","","","Mint"
"0x146658ce5f2d460441f25030bae6dec35592ed01a2889ffda2a7a7fa4f14da04","22875889","1751994815","2025-07-08 17:13:35","0x4822c6499d4d0b0699f42419610f894c6662a484","0xe5544a2a5fa9b175da60d8eec67add5582bb31b0","","0","0","0","0.0001241166305016","0.34493937084801","2616.29","","","Mint"
"0xfecdb56a7f078fc8b8824ca3f655c5125d17cd0bc60f0a35d1904caa5ad54446","22875902","1751994971","2025-07-08 17:16:11","0x0a7da29599a326568c88ef1ff2fb2f42262090fd","0xe5544a2a5fa9b175da60d8eec67add5582bb31b0","","0","0","0","0.000138508129122933","0.384935578124509","2616.29","","","Mint"
"0x30fd093b1f6833af52144aae387d4329c20da791d360857922a7a2094663c9b8","22875919","1751995175","2025-07-08 17:19:35","0x4822c6499d4d0b0699f42419610f894c6662a484","0xe5544a2a5fa9b175da60d8eec67add5582bb31b0","","0","0","0","0.000143013784409472","0.39745749314521","2616.29","","","Mint"
"0x32c7a341ae512c0c9ee160f242ba6c69799e9724028881c6c0e1d44c728eddea","22875922","1751995211","2025-07-08 17:20:11","0x4822c6499d4d0b0699f42419610f894c6662a484","0xe5544a2a5fa9b175da60d8eec67add5582bb31b0","","0","0","0","0.000136072360911366","0.378166200394595","2616.29","","","Mint"
"0xfcd1436d38f550f403dee7fda9a9d5f1a47c7f0d8139d84de9e33be7292c0fba","22875925","1751995247","2025-07-08 17:20:47","0x4822c6499d4d0b0699f42419610f894c6662a484","0xe5544a2a5fa9b175da60d8eec67add5582bb31b0","","0","0","0","0.000129149103737529","0.358925394677334","2616.29","","","Mint"
"0x43f9718704665a711ed55d68460efed217181a97eae3813f5a54ac1b39278541","22875927","1751995271","2025-07-08 17:21:11","0x4822c6499d4d0b0699f42419610f894c6662a484","0xe5544a2a5fa9b175da60d8eec67add5582bb31b0","","0","0","0","0.000137859407207904","0.38313267928395","2616.29","","","Mint"
"0x70b07887529f01eeaa034070288598b12f8faf339cdbdcbe4c45337efdac0822","22875930","1751995307","2025-07-08 17:21:47","0x4822c6499d4d0b0699f42419610f894c6662a484","0xe5544a2a5fa9b175da60d8eec67add5582bb31b0","","0","0","0","0.000151449787502706","0.420902454450492","2616.29","","","Mint"
"0x5212e34d644503eace7ba9221362b7963f702da6ed176a6dd2c2d99c4181b46c","22875932","1751995331","2025-07-08 17:22:11","0x4822c6499d4d0b0699f42419610f894c6662a484","0xe5544a2a5fa9b175da60d8eec67add5582bb31b0","","0","0","0","0.000151276712299464","0.420421451610869","2616.29","","","Mint"
"0x6938061bb8e660500a43ff9e748ec200127480790ad8eb6b7f24c1a123a5a1e4","22875934","1751995355","2025-07-08 17:22:35","0x4822c6499d4d0b0699f42419610f894c6662a484","0xe5544a2a5fa9b175da60d8eec67add5582bb31b0","","0","0","0","0.00014974793891562","0.416172753212748","2616.29","","","Mint"
"0xd6232b12a16b48c7102363eb9d77c74f4665accfe96cd4dd5c6837c7eef4f01d","22875937","1751995391","2025-07-08 17:23:11","0x4822c6499d4d0b0699f42419610f894c6662a484","0xe5544a2a5fa9b175da60d8eec67add5582bb31b0","","0","0","0","0.000134304818401158","0.373253925553147","2616.29","","","Mint"
"0x3a031da9bdfa47a860b8c50645f29302591b9da73d5fcb3542dc02a267be16b0","22875940","1751995427","2025-07-08 17:23:47","0x4822c6499d4d0b0699f42419610f894c6662a484","0xe5544a2a5fa9b175da60d8eec67add5582bb31b0","","0","0","0","0.000137740541211057","0.382802332238579","2616.29","","","Mint"
"0x45b27a0c9a2551f6733dac811ca6e741cb65b543902453e5e8235d4fc8a6ce28","22875943","1751995463","2025-07-08 17:24:23","0x4822c6499d4d0b0699f42419610f894c6662a484","0xe5544a2a5fa9b175da60d8eec67add5582bb31b0","","0","0","0","0.000160438294465743","0.445882909721979","2616.29","","","Mint"
"0x90354b2c88ab5a1be72a1ced73542372f5adf207f3c61f876f4b2bb67e0b2c19","22875945","1751995487","2025-07-08 17:24:47","0x4822c6499d4d0b0699f42419610f894c6662a484","0xe5544a2a5fa9b175da60d8eec67add5582bb31b0","","0","0","0","0.000166483870331211","0.462684502925249","2616.29","","","Mint"
"0xfefbf40d0ef7789147b18b0d1b9f0afa04f8e7d4e238e35ed066fc2df1e01cac","22875947","1751995511","2025-07-08 17:25:11","0x4822c6499d4d0b0699f42419610f894c6662a484","0xe5544a2a5fa9b175da60d8eec67add5582bb31b0","","0","0","0","0.000149171652491454","0.41457116383849","2616.29","","","Mint"
"0x66cab6de1372ca1137eb42f366bd7f9697bf974d0d9561a2996ae864041455e3","22875949","1751995535","2025-07-08 17:25:35","0x4822c6499d4d0b0699f42419610f894c6662a484","0xe5544a2a5fa9b175da60d8eec67add5582bb31b0","","0","0","0","0.000160588068106884","0.446299153905664","2616.29","","","Mint"
"0x83b2fb7602d9cac6b06a2beaefe8a713fbda61c3d775f864ac1460ed5bac83a6","22875951","1751995559","2025-07-08 17:25:59","0x4822c6499d4d0b0699f42419610f894c6662a484","0xe5544a2a5fa9b175da60d8eec67add5582bb31b0","","0","0","0","0.00015169115462388","0.421573251124432","2616.29","","","Mint"
"0xbd1af855d2f2e65b3656e5b83eff69138b2bc6bd5aff0bdd7f0922038f4e1030","22875953","1751995583","2025-07-08 17:26:23","0x4822c6499d4d0b0699f42419610f894c6662a484","0xe5544a2a5fa9b175da60d8eec67add5582bb31b0","","0","0","0","0.000147798817596603","0.41075584269261","2616.29","","","Mint"
"0xe1461d7f18847da7b6ebb7f2c62511bd71d413f0c0ec0a12ce890576361cb6d1","22875955","1751995607","2025-07-08 17:26:47","0x4822c6499d4d0b0699f42419610f894c6662a484","0xe5544a2a5fa9b175da60d8eec67add5582bb31b0","","0","0","0","0.000142701207859179","0.396588794420759","2616.29","","","Mint"
"0xf7b8113a8135eae42d83fdba7a4872c24e74151b57a81838dac485bc19fc48d1","22875957","1751995631","2025-07-08 17:27:11","0x4822c6499d4d0b0699f42419610f894c6662a484","0xe5544a2a5fa9b175da60d8eec67add5582bb31b0","","0","0","0","0.000140806105277958","0.391322010353088","2616.29","","","Mint"
"0xd17dcf267a8d7d8016c566e25c800ffe61ce4de9bab969727901e7fca8731d36","22875959","1751995655","2025-07-08 17:27:35","0x4822c6499d4d0b0699f42419610f894c6662a484","0xe5544a2a5fa9b175da60d8eec67add5582bb31b0","","0","0","0","0.000135053816051166","0.375335506217368","2616.29","","","Mint"
"0xea3ef497ff6c5b55fbf3ea717150ab638606baf6b94dcff33298b3db10be14ee","22875961","1751995679","2025-07-08 17:27:59","0x4822c6499d4d0b0699f42419610f894c6662a484","0xe5544a2a5fa9b175da60d8eec67add5582bb31b0","","0","0","0","0.000135839990010186","0.377520405611636","2616.29","","","Mint"
"0xeec1057ff16e9eb32302f1d0cac4efa21e6b7983e11c8132050cbe78111dcd76","22875963","1751995703","2025-07-08 17:28:23","0x4822c6499d4d0b0699f42419610f894c6662a484","0xe5544a2a5fa9b175da60d8eec67add5582bb31b0","","0","0","0","0.000128028529342782","0.355811144595373","2616.29","","","Mint"
"0x0875c0f761d748f75538bce0576e3d63e3bdc2890b0a022f97b12ebe42bf301d","22875965","1751995727","2025-07-08 17:28:47","0x4822c6499d4d0b0699f42419610f894c6662a484","0xe5544a2a5fa9b175da60d8eec67add5582bb31b0","","0","0","0","0.000131739380733291","0.366124176288061","2616.29","","","Mint"
"0xd21e46cf39fbf8f35db03f2df063c11a88463bbe93abef4dcb2bdb824cb60ded","22875968","1751995763","2025-07-08 17:29:23","0x4822c6499d4d0b0699f42419610f894c6662a484","0xe5544a2a5fa9b175da60d8eec67add5582bb31b0","","0","0","0","0.000145830519160242","0.405285635988355","2616.29","","","Mint"
"0x9490a29fa0d236ec459bd77f6568198102e305f94ee35998d6db85ffec8c97ef","22875970","1751995787","2025-07-08 17:29:47","0x4822c6499d4d0b0699f42419610f894c6662a484","0xe5544a2a5fa9b175da60d8eec67add5582bb31b0","","0","0","0","0.000150003067673799","0.41688179561082","2616.29","","","Mint"
"0x87d9e01c59d9c4272e220abfd33052926bfa952dbc1e1584fa5c6c94dabf9185","22875972","1751995811","2025-07-08 17:30:11","0x4822c6499d4d0b0699f42419610f894c6662a484","0xe5544a2a5fa9b175da60d8eec67add5582bb31b0","","0","0","0","0.000143791636832517","0.399619265700051","2616.29","","","Mint"
"0x95091906c520af95bb2b225786dd979d07b01284a15ae8fabe1393a09a564a40","22875975","1751995847","2025-07-08 17:30:47","0x4822c6499d4d0b0699f42419610f894c6662a484","0xe5544a2a5fa9b175da60d8eec67add5582bb31b0","","0","0","0","0.000156318235597692","0.434432626967293","2616.29","","","Mint"
"0xc51c3a31d1d43504e2a58bdd1cea186793d7fbbee318db7acd5eaa498ff5e615","22875979","1751995895","2025-07-08 17:31:35","0x4822c6499d4d0b0699f42419610f894c6662a484","0xe5544a2a5fa9b175da60d8eec67add5582bb31b0","","0","0","0","0.000155192601707748","0.43130431576328","2616.29","","","Mint"
"0x1697905c85275d748ebcffdf8e1d0cfaad41e2d716c0e56f8b1767f7791b8adc","22875982","1751995931","2025-07-08 17:32:11","0x4822c6499d4d0b0699f42419610f894c6662a484","0xe5544a2a5fa9b175da60d8eec67add5582bb31b0","","0","0","0","0.000152428536941913","0.423622550979164","2616.29","","","Mint"
"0xf4a76a4170875016b95682a0a17e9f890d216e3509e502dedc4155bbdde81540","22875985","1751995967","2025-07-08 17:32:47","0x4822c6499d4d0b0699f42419610f894c6662a484","0xe5544a2a5fa9b175da60d8eec67add5582bb31b0","","0","0","0","0.000151695034661685","0.421584034351417","2616.29","","","Mint"
"0xbe3c9426b4c0d6b327fa83115b6a70309b013351bc469c55e5c17f9390beaf11","22875987","1751995991","2025-07-08 17:33:11","0x4822c6499d4d0b0699f42419610f894c6662a484","0xe5544a2a5fa9b175da60d8eec67add5582bb31b0","","0","0","0","0.000158543723523852","0.440617603162482","2616.29","","","Mint"
"0x7a1b208dc5811666adfaecd899d3d80799e55b94e6a7a9a672eb995205dcadd2","22875990","1751996027","2025-07-08 17:33:47","0x4822c6499d4d0b0699f42419610f894c6662a484","0xe5544a2a5fa9b175da60d8eec67add5582bb31b0","","0","0","0","0.00015041587500399","0.418029051221789","2616.29","","","Mint"
"0x2fad19eb5f116f9b4c5eb43193d6694d9fd68a4858ff6c78b3fb1961b79a1f57","22875992","1751996051","2025-07-08 17:34:11","0x4822c6499d4d0b0699f42419610f894c6662a484","0xe5544a2a5fa9b175da60d8eec67add5582bb31b0","","0","0","0","0.000152569403010609","0.424014039637159","2616.29","","","Mint"
"0xf52a001e9242e39db5df6a0a17130309bc219ebc060c5414c5bb43fb093a42b7","22875995","1751996087","2025-07-08 17:34:47","0x4822c6499d4d0b0699f42419610f894c6662a484","0xe5544a2a5fa9b175da60d8eec67add5582bb31b0","","0","0","0","0.000144542159315505","0.401705084111677","2616.29","","","Mint"
"0x3dba775bbb1ee1878be581ffae80af00ec6d5388baf0f1a121f643cf1f602325","22875997","1751996111","2025-07-08 17:35:11","0x4822c6499d4d0b0699f42419610f894c6662a484","0xe5544a2a5fa9b175da60d8eec67add5582bb31b0","","0","0","0","0.000144453493530282","0.401458668139482","2616.29","","","Mint"
"0xfab2e1dd8fbd2d441a36b09e6b9f1f5d0049dc01768677fc7ee9e3669cd39481","22875999","1751996135","2025-07-08 17:35:35","0x4822c6499d4d0b0699f42419610f894c6662a484","0xe5544a2a5fa9b175da60d8eec67add5582bb31b0","","0","0","0","0.000140152483452705","0.389505493901875","2616.29","","","Mint"
"0xfc8dfb91ec4df5e1573a6218652ce099d5941ed124f89ee6e0026b5c5b0d2548","22876001","1751996159","2025-07-08 17:35:59","0x4822c6499d4d0b0699f42419610f894c6662a484","0xe5544a2a5fa9b175da60d8eec67add5582bb31b0","","0","0","0","0.000147583293258039","0.410156867120632","2616.29","","","Mint"
"0x2e6ab818afe0151810202511909c05022308315d2148442a1e482b1ce39367ce","22876003","1751996183","2025-07-08 17:36:23","0x4822c6499d4d0b0699f42419610f894c6662a484","0xe5544a2a5fa9b175da60d8eec67add5582bb31b0","","0","0","0","0.00013739495640222","0.381841898442938","2616.29","","","Mint"
"0xdf121f2e375757096e27b91e1f6b04cc9278d50a204b74b63d49055a17a5a637","22876005","1751996207","2025-07-08 17:36:47","0x4822c6499d4d0b0699f42419610f894c6662a484","0xe5544a2a5fa9b175da60d8eec67add5582bb31b0","","0","0","0","0.000126364129112589","0.35118551815094","2616.29","","","Mint"
"0x47ce0aecd2a5c3b2145b6539c4931c80fe0e0118b216121a6d7a65eae4e6f925","22876007","1751996231","2025-07-08 17:37:11","0x4822c6499d4d0b0699f42419610f894c6662a484","0xe5544a2a5fa9b175da60d8eec67add5582bb31b0","","0","0","0","0.000129237515241945","0.359171103963719","2616.29","","","Mint"
"0x4a2312870ee29f46936b6744334c2aa472f6aed735807928b5797757a2edcdde","22876009","1751996255","2025-07-08 17:37:35","0x4822c6499d4d0b0699f42419610f894c6662a484","0xe5544a2a5fa9b175da60d8eec67add5582bb31b0","","0","0","0","0.000127563728073327","0.354519389761172","2616.29","","","Mint"
"0xf15b376c38bcaa96591dab9d340592c1ecc4088ea7c79f6e3ca79956332eee18","22876011","1751996279","2025-07-08 17:37:59","0x4822c6499d4d0b0699f42419610f894c6662a484","0xe5544a2a5fa9b175da60d8eec67add5582bb31b0","","0","0","0","0.000119493399986175","0.332090696026343","2616.29","","","Mint"
"0xb7cb0edae898848e276a6d97cf9e5d5ec42e4022a380517bd2eb34c1a5ca83b6","22876013","1751996303","2025-07-08 17:38:23","0x4822c6499d4d0b0699f42419610f894c6662a484","0xe5544a2a5fa9b175da60d8eec67add5582bb31b0","","0","0","0","0.000135041794768227","0.375302097207174","2616.29","","","Mint"
"0x12e995f0e8190611627fabc48cf4cd5511ac64451f0bcc116b5dd710972a0d95","22876015","1751996327","2025-07-08 17:38:47","0x4822c6499d4d0b0699f42419610f894c6662a484","0xe5544a2a5fa9b175da60d8eec67add5582bb31b0","","0","0","0","0.000120233485339776","0.334147508036251","2616.29","","","Mint"
"0xf888f61c94bbbe66ee413e0af2a9899d5420da8434b4c35b66043f42d0df2fec","22876019","1751996375","2025-07-08 17:39:35","0x4822c6499d4d0b0699f42419610f894c6662a484","0xe5544a2a5fa9b175da60d8eec67add5582bb31b0","","0","0","0","0.000119775498385506","0.33287469124108","2616.29","","","Mint"
"0xbdd2e64ddd31253f4fb6664621e47ecf512b4516683e8cbab62cd39d2724c48c","22876021","1751996399","2025-07-08 17:39:59","0x4822c6499d4d0b0699f42419610f894c6662a484","0xe5544a2a5fa9b175da60d8eec67add5582bb31b0","","0","0","0","0.000120717175022799","0.335491756701989","2616.29","","","Mint"
"0x1bca55c7290e60cc26c3ff4a1d3ad729ea3080ca084f6ca5a4058b1f5eb7d965","22876025","1751996447","2025-07-08 17:40:47","0x4822c6499d4d0b0699f42419610f894c6662a484","0xe5544a2a5fa9b175da60d8eec67add5582bb31b0","","0","0","0","0.000128678230511901","0.357616764934963","2616.29","","","Mint"
"0x013422566042e51e5522422694e6b7c50a1b2ec503e0efe7adace8e06c749033","22876027","1751996471","2025-07-08 17:41:11","0x4822c6499d4d0b0699f42419610f894c6662a484","0xe5544a2a5fa9b175da60d8eec67add5582bb31b0","","0","0","0","0.000138034874555805","0.383620330264683","2616.29","","","Mint"
"0x8fd5df3d93b4c8bbc2543145b8f644e6f36b23a5f3938793c545cc5cb8cfc87b","22876029","1751996495","2025-07-08 17:41:35","0x4822c6499d4d0b0699f42419610f894c6662a484","0xe5544a2a5fa9b175da60d8eec67add5582bb31b0","","0","0","0","0.000136608453852156","0.379656085843183","2616.29","","","Mint"
"0x6397c8a91a7e93597f8ad4b9d222cc52b3b05795fd7a2ab28ee8423f8e5e5a08","22876031","1751996519","2025-07-08 17:41:59","0x4822c6499d4d0b0699f42419610f894c6662a484","0xe5544a2a5fa9b175da60d8eec67add5582bb31b0","","0","0","0","0.000130975259551266","0.364000564982193","2616.29","","","Mint"
"0x30ac24406c998c463a2fb2b03e4f1cc14165a565df7f53f27aea8b46a8c97cb9","22876034","1751996555","2025-07-08 17:42:35","0x4822c6499d4d0b0699f42419610f894c6662a484","0xe5544a2a5fa9b175da60d8eec67add5582bb31b0","","0","0","0","0.000123786116064273","0.344020819952719","2616.29","","","Mint"
"0xfc60eddaa66b622d9a2892f3b8048257f857c4f992278f7f41dcd25f8049d0ec","22876037","1751996591","2025-07-08 17:43:11","0x4822c6499d4d0b0699f42419610f894c6662a484","0xe5544a2a5fa9b175da60d8eec67add5582bb31b0","","0","0","0","0.000122678038988439","0.340941301858773","2616.29","","","Mint"
"0x2b363b2033a7e95376000018d94f9b7ab269e3bc54c7f4b3f3be198c0775be87","22876039","1751996615","2025-07-08 17:43:35","0x4822c6499d4d0b0699f42419610f894c6662a484","0xe5544a2a5fa9b175da60d8eec67add5582bb31b0","","0","0","0","0.000115436216781297","0.320815154493755","2616.29","","","Mint"
"0x99575bb61cc6f2f13cb1ad641de53e7246c524eadc0b3b1166a6b90834858d45","22876041","1751996639","2025-07-08 17:43:59","0x4822c6499d4d0b0699f42419610f894c6662a484","0xe5544a2a5fa9b175da60d8eec67add5582bb31b0","","0","0","0","0.000113694790298481","0.315975460143908","2616.29","","","Mint"
"0x461ba8c8a9e2b87aab978ec9dfb2b9eb9d7342eb8202e1a934ff192bb5e756ec","22876044","1751996675","2025-07-08 17:44:35","0x4822c6499d4d0b0699f42419610f894c6662a484","0xe5544a2a5fa9b175da60d8eec67add5582bb31b0","","0","0","0","0.000115559151619545","0.321156809480594","2616.29","","","Mint"
"0xbf34a9ab77cd7d145b6e82f129e6fe968fef0254254be433a02492ca104a0ae9","22876048","1751996723","2025-07-08 17:45:23","0x4822c6499d4d0b0699f42419610f894c6662a484","0xe5544a2a5fa9b175da60d8eec67add5582bb31b0","","0","0","0","0.000099557079530523","0.276684568683012","2616.29","","","Mint"
"0x56c09fc2f8ce10713261bb1d6eddc8b75b13d7ca78e5475e9354dbbf38ccf959","22876050","1751996747","2025-07-08 17:45:47","0x4822c6499d4d0b0699f42419610f894c6662a484","0xe5544a2a5fa9b175da60d8eec67add5582bb31b0","","0","0","0","0.000107862692753937","0.299767156312188","2616.29","","","Mint"
"0xda863c1a51a349a251d49bc85f16e3eb209bb4d7cd5051428ab605673cb27182","22876053","1751996783","2025-07-08 17:46:23","0x4822c6499d4d0b0699f42419610f894c6662a484","0xe5544a2a5fa9b175da60d8eec67add5582bb31b0","","0","0","0","0.000109230454926741","0.303568379576549","2616.29","","","Mint"
"0x498fc483fa24fdf9fc0b182e725f1c857e6ddc50657dbbf2e755abbe2c578f99","22876055","1751996807","2025-07-08 17:46:47","0x4822c6499d4d0b0699f42419610f894c6662a484","0xe5544a2a5fa9b175da60d8eec67add5582bb31b0","","0","0","0","0.000104903798149698","0.291543929182456","2616.29","","","Mint"
"0x88661d2e6cc87f1a6bce0ccbb2608a8e0af46f99d29a62edf2acc8838b9d3b21","22876058","1751996843","2025-07-08 17:47:23","0x4822c6499d4d0b0699f42419610f894c6662a484","0xe5544a2a5fa9b175da60d8eec67add5582bb31b0","","0","0","0","0.000108946659308538","0.302779667527271","2616.29","","","Mint"
"0x3b6e2096ed6c462346ff525e465a34441ff5feee7fdd31b859dabebaa93fdfe2","22876060","1751996867","2025-07-08 17:47:47","0x4822c6499d4d0b0699f42419610f894c6662a484","0xe5544a2a5fa9b175da60d8eec67add5582bb31b0","","0","0","0","0.000110630408499873","0.307459067736395","2616.29","","","Mint"
"0xfc358772045156022b8f3e831e0b85e53e7f5f90ff75bee72653ebf267ed89f3","22876064","1751996915","2025-07-08 17:48:35","0x4822c6499d4d0b0699f42419610f894c6662a484","0xe5544a2a5fa9b175da60d8eec67add5582bb31b0","","0","0","0","0.000106786826671257","0.296777157565231","2616.29","","","Mint"
"0xa3a85e5a152a5ae1d2f6475dd2fe975f1f181f0bb8b0ac9e2484822c1366833b","22876067","1751996951","2025-07-08 17:49:11","0x4822c6499d4d0b0699f42419610f894c6662a484","0xe5544a2a5fa9b175da60d8eec67add5582bb31b0","","0","0","0","0.000108601397123073","0.30182013035203","2616.29","","","Mint"
"0x46d8aa5e9d1310a9d47dc774b69dfc3e2a3842ee3d96b0f1d254b06a29669271","22876069","1751996975","2025-07-08 17:49:35","0x4822c6499d4d0b0699f42419610f894c6662a484","0xe5544a2a5fa9b175da60d8eec67add5582bb31b0","","0","0","0","0.000099233143183152","0.275784299320192","2616.29","","","Mint"
"0xa924811f27145c467bdd14c59b7f535b9c3cb19517b284aa0b66909bda8e4150","22876071","1751996999","2025-07-08 17:49:59","0x4822c6499d4d0b0699f42419610f894c6662a484","0xe5544a2a5fa9b175da60d8eec67add5582bb31b0","","0","0","0","0.000106009831040652","0.294617766169498","2616.29","","","Mint"
"0xc6f4bc2dec352d4d63e498fb69fe73b196478627d73379079b0db9db6e14f285","22876073","1751997023","2025-07-08 17:50:23","0x4822c6499d4d0b0699f42419610f894c6662a484","0xe5544a2a5fa9b175da60d8eec67add5582bb31b0","","0","0","0","0.000106190478238734","0.295119812757453","2616.29","","","Mint"
"0xa07fa051947656ac4c45b1c48f0bbe932e821c158ba8fd1d5c266b43a0ba06bb","22876076","1751997059","2025-07-08 17:50:59","0x4822c6499d4d0b0699f42419610f894c6662a484","0xe5544a2a5fa9b175da60d8eec67add5582bb31b0","","0","0","0","0.000102128823765102","0.283831844875353","2616.29","","","Mint"
"0xe12f976cc3d282a9b29e51b6ea607714c1a91613896338630fc8064a407f0f11","22876078","1751997083","2025-07-08 17:51:23","0x4822c6499d4d0b0699f42419610f894c6662a484","0xe5544a2a5fa9b175da60d8eec67add5582bb31b0","","0","0","0","0.000097368946682367","0.270603408044631","2616.29","","","Mint"
"0x23863bd740ed23d9bace62aa80d1e2609433dee127aca455a4e82d363ee41581","22876081","1751997119","2025-07-08 17:51:59","0x4822c6499d4d0b0699f42419610f894c6662a484","0xe5544a2a5fa9b175da60d8eec67add5582bb31b0","","0","0","0","0.000106794250229205","0.296797788784413","2616.29","","","Mint"
"0x7b73ae76258b396df9115d054c0d14be6ada88f802bfaa15d5be5b74495adc55","22876083","1751997143","2025-07-08 17:52:23","0x4822c6499d4d0b0699f42419610f894c6662a484","0xe5544a2a5fa9b175da60d8eec67add5582bb31b0","","0","0","0","0.0001069040112474","0.297102831681621","2616.29","","","Mint"
"0x028740a38712684dcafb95c9e70fd6add6f83008e7e9acecb497d7d0a97ba245","22876086","1751997179","2025-07-08 17:52:59","0x4822c6499d4d0b0699f42419610f894c6662a484","0xe5544a2a5fa9b175da60d8eec67add5582bb31b0","","0","0","0","0.000099277722345666","0.275908191728553","2616.29","","","Mint"
"0xdb3b685e7c2e5a09101ed812ea8a55ca89e7b448e82b13280c1df82ba18de503","22876088","1751997203","2025-07-08 17:53:23","0x4822c6499d4d0b0699f42419610f894c6662a484","0xe5544a2a5fa9b175da60d8eec67add5582bb31b0","","0","0","0","0.000111494692700046","0.309861047608365","2616.29","","","Mint"
"0x75d50cab3821bd88195db3d52e5e08461311f51566a4ba5f6aa6d34efc4765b9","22876090","1751997227","2025-07-08 17:53:47","0x4822c6499d4d0b0699f42419610f894c6662a484","0xe5544a2a5fa9b175da60d8eec67add5582bb31b0","","0","0","0","0.000107976951610041","0.300084699398711","2616.29","","","Mint"
"0xb9bfdf4dc5d3532a7cf547fa81d13b9e61b95eec86ff800421e5d4a42fa59c7e","22876093","1751997263","2025-07-08 17:54:23","0x4822c6499d4d0b0699f42419610f894c6662a484","0xe5544a2a5fa9b175da60d8eec67add5582bb31b0","","0","0","0","0.000118673432357712","0.329811878782154","2616.29","","","Mint"
"0xe8bae263d66de3465a7c88602a0e5a1a4e0b1d8c0cfbca2b497f6e48290058e2","22876097","1751997311","2025-07-08 17:55:11","0x4822c6499d4d0b0699f42419610f894c6662a484","0xe5544a2a5fa9b175da60d8eec67add5582bb31b0","","0","0","0","0.000117641691526281","0.326944510953735","2616.29","","","Mint"
"0x00937d792a5c2e3bb5c85d7b487e2e6a74581cba46d9601c77e0ad0ad3058f79","22876099","1751997335","2025-07-08 17:55:35","0x4822c6499d4d0b0699f42419610f894c6662a484","0xe5544a2a5fa9b175da60d8eec67add5582bb31b0","","0","0","0","0.000116195047009719","0.322924061418754","2616.29","","","Mint"
"0x3b3f05ee5b2e5d635fe07da0f06fd5bfd0ecea434d513e617ea0a63fb2c34098","22876101","1751997359","2025-07-08 17:55:59","0x4822c6499d4d0b0699f42419610f894c6662a484","0xe5544a2a5fa9b175da60d8eec67add5582bb31b0","","0","0","0","0.000118501070588895","0.329332858687476","2616.29","","","Mint"
"0x4bf9c3f3a269c56933fe1cfede06b90d70be0b8605951b4d8d42168e66a40a1d","22876103","1751997383","2025-07-08 17:56:23","0x4822c6499d4d0b0699f42419610f894c6662a484","0xe5544a2a5fa9b175da60d8eec67add5582bb31b0","","0","0","0","0.000109604795985729","0.304608731452426","2616.29","","","Mint"
"0x21f7f5b5f16f2eb89434ff82042e0068b974aeb4947571b68fb3c5c9b381d154","22876106","1751997419","2025-07-08 17:56:59","0x4822c6499d4d0b0699f42419610f894c6662a484","0xe5544a2a5fa9b175da60d8eec67add5582bb31b0","","0","0","0","0.000114099129036204","0.317099180222644","2616.29","","","Mint"
"0xf4b6e7d05df74beb861085b216cd2b2bc075989eb2beb06003c7f7e08ff57c6b","22876108","1751997443","2025-07-08 17:57:23","0x4822c6499d4d0b0699f42419610f894c6662a484","0xe5544a2a5fa9b175da60d8eec67add5582bb31b0","","0","0","0","0.000109774228759884","0.305079611416552","2616.29","","","Mint"
"0x1cc50e6d882149308fc100ea015f82f1803ad5c238c040e015aadc863c084099","22876110","1751997467","2025-07-08 17:57:47","0x4822c6499d4d0b0699f42419610f894c6662a484","0xe5544a2a5fa9b175da60d8eec67add5582bb31b0","","0","0","0","0.000106334022716442","0.295518745129604","2616.29","","","Mint"
"0x316e9c73d1b712400d8a4d58eb4dd8d7b7f75adbc081b9491aefffcc54fc5afb","22876113","1751997503","2025-07-08 17:58:23","0x4822c6499d4d0b0699f42419610f894c6662a484","0xe5544a2a5fa9b175da60d8eec67add5582bb31b0","","0","0","0","0.000106938284637591","0.297198082749922","2616.29","","","Mint"
"0xb636d288f615a2a9453fddecbf4f349fde2b41a88ed1f042edb23f74ce1b05e0","22876115","1751997527","2025-07-08 17:58:47","0x4822c6499d4d0b0699f42419610f894c6662a484","0xe5544a2a5fa9b175da60d8eec67add5582bb31b0","","0","0","0","0.000105768189413436","0.293946206600682","2616.29","","","Mint"
"0x44879f3988338c52c95896407c483bd4c931e7f13a86d26d15210ec1c4391ce7","22876117","1751997551","2025-07-08 17:59:11","0x4822c6499d4d0b0699f42419610f894c6662a484","0xe5544a2a5fa9b175da60d8eec67add5582bb31b0","","0","0","0","0.000103839995839239","0.288587457529999","2616.29","","","Mint"
"0x688a718e759e5c589314cfb98acc8836ed1268dc11aa87214b8f98d5a5bcd1e6","22876119","1751997575","2025-07-08 17:59:35","0x4822c6499d4d0b0699f42419610f894c6662a484","0xe5544a2a5fa9b175da60d8eec67add5582bb31b0","","0","0","0","0.000101082292983069","0.28092337347979","2616.29","","","Mint"
"0x8accc3c2b24d6486073ca77b9a091b519176e192e672369fac1bae87be20f738","22876121","1751997599","2025-07-08 17:59:59","0x4822c6499d4d0b0699f42419610f894c6662a484","0xe5544a2a5fa9b175da60d8eec67add5582bb31b0","","0","0","0","0.000102129811266765","0.283834589295669","2616.29","","","Mint"
"0x464e9105796c22bd2810fa7a4e36d39961047396c78b2ee0667243941f762b8c","22876123","1751997623","2025-07-08 18:00:23","0x4822c6499d4d0b0699f42419610f894c6662a484","0xe5544a2a5fa9b175da60d8eec67add5582bb31b0","","0","0","0","0.000112065279393012","0.311446796545397","2616.29","","","Mint"
"0x47bda87a76d8019e3fc4b412b3726801d1a23c3b3761505ed0286d63c7af1c1a","22876126","1751997659","2025-07-08 18:00:59","0x4822c6499d4d0b0699f42419610f894c6662a484","0xe5544a2a5fa9b175da60d8eec67add5582bb31b0","","0","0","0","0.000139938993360597","0.388912171816378","2616.29","","","Mint"
"0xdfbc686cd656188ca0c82afba5c347f7199c9383a9af5cb7786763f309968055","22876128","1751997683","2025-07-08 18:01:23","0x4822c6499d4d0b0699f42419610f894c6662a484","0xe5544a2a5fa9b175da60d8eec67add5582bb31b0","","0","0","0","0.000144449103360969","0.401446467177898","2616.29","","","Mint"
"0xe34d2dd2566ee07d77a502390bb38bd58f744acaac167556dee4fb91142be227","22876130","1751997707","2025-07-08 18:01:47","0x4822c6499d4d0b0699f42419610f894c6662a484","0xe5544a2a5fa9b175da60d8eec67add5582bb31b0","","0","0","0","0.000148514943278493","0.412746067057878","2616.29","","","Mint"
"0x5ec4bab1e3dbc6243d07d778d68343ebc0a8aad80c46acfc907aa5a9de978551","22876133","1751997743","2025-07-08 18:02:23","0x4822c6499d4d0b0699f42419610f894c6662a484","0xe5544a2a5fa9b175da60d8eec67add5582bb31b0","","0","0","0","0.000140895125360331","0.391569410972026","2616.29","","","Mint"
"0x3ca9d87a584c1acb4c4859add1455bace444afaf3af13ad7cb2f00af5bd9091c","22876137","1751997791","2025-07-08 18:03:11","0x4822c6499d4d0b0699f42419610f894c6662a484","0xe5544a2a5fa9b175da60d8eec67add5582bb31b0","","0","0","0","0.000136587523535877","0.379597917247245","2616.29","","","Mint"
"0xc84240ec39a299d4efc23e60dc575d246f34050235c57640d5207ea17233ed54","22876139","1751997815","2025-07-08 18:03:35","0x4822c6499d4d0b0699f42419610f894c6662a484","0xe5544a2a5fa9b175da60d8eec67add5582bb31b0","","0","0","0","0.000131382056298069","0.365131116249482","2616.29","","","Mint"
"0x34fcb762391a10ecb02df028bd8d29e37a81af9cc16e85081a51b2ea55d3b1df","22876142","1751997851","2025-07-08 18:04:11","0x4822c6499d4d0b0699f42419610f894c6662a484","0xe5544a2a5fa9b175da60d8eec67add5582bb31b0","","0","0","0","0.000129317210145888","0.359392588465149","2616.29","","","Mint"
"0x59d1b113cc6e2b82437de8b46af1bebda88f65c710d05c0b14b39b540aaea962","22876144","1751997875","2025-07-08 18:04:35","0x4822c6499d4d0b0699f42419610f894c6662a484","0xe5544a2a5fa9b175da60d8eec67add5582bb31b0","","0","0","0","0.000126248369314362","0.35086380371341","2616.29","","","Mint"
"0xe101c187533c881613acb6c0d1a7b738023ff86840579a74ca668c1061982b57","22876146","1751997899","2025-07-08 18:04:59","0x4822c6499d4d0b0699f42419610f894c6662a484","0xe5544a2a5fa9b175da60d8eec67add5582bb31b0","","0","0","0","0.000126736637833077","0.352220777673868","2616.29","","","Mint"
"0xaa443e215890f6b396ae4c01875ef15d8795aff9d0bbf6c8e54d80e3e4827305","22876150","1751997947","2025-07-08 18:05:47","0x4822c6499d4d0b0699f42419610f894c6662a484","0xe5544a2a5fa9b175da60d8eec67add5582bb31b0","","0","0","0","0.000121220779458216","0.33689135155408","2616.29","","","Mint"
"0x98445b6eeda9d553e11f62f491d35e1f69100ed7783a043fa1f68566706e75db","22876152","1751997971","2025-07-08 18:06:11","0x4822c6499d4d0b0699f42419610f894c6662a484","0xe5544a2a5fa9b175da60d8eec67add5582bb31b0","","0","0","0","0.000123766485330414","0.343966263097935","2616.29","","","Mint"
"0x7fc97133e92ce2fcf3386e0d4838a147bb489c27c0a993d10f59e726e040e7c3","22876155","1751998007","2025-07-08 18:06:47","0x4822c6499d4d0b0699f42419610f894c6662a484","0xe5544a2a5fa9b175da60d8eec67add5582bb31b0","","0","0","0","0.000123022975408641","0.341899933681811","2616.29","","","Mint"
"0x71f8df9ca4baacccb21e89bb126e7cd0a7b5b03be1b8a2727c56ca779675cbcf","22876157","1751998031","2025-07-08 18:07:11","0x4822c6499d4d0b0699f42419610f894c6662a484","0xe5544a2a5fa9b175da60d8eec67add5582bb31b0","","0","0","0","0.000123073850200332","0.34204132262032","2616.29","","","Mint"
"0xa0f362b9233a028c3e29af1832b4b0ff6949d82b14a55f935db893be389ce351","22876159","1751998055","2025-07-08 18:07:35","0x4822c6499d4d0b0699f42419610f894c6662a484","0xe5544a2a5fa9b175da60d8eec67add5582bb31b0","","0","0","0","0.000120978395175093","0.336217728029288","2616.29","","","Mint"
"0xf14a55229fda26f8c2351fbab2dbd309de5f43591448a970e0a8c70e8e7f4e73","22876161","1751998079","2025-07-08 18:07:59","0x4822c6499d4d0b0699f42419610f894c6662a484","0xe5544a2a5fa9b175da60d8eec67add5582bb31b0","","0","0","0","0.000110845148002488","0.308055862127516","2616.29","","","Mint"
"0x6a3f74f803245e6d2ea6c2fc5e06920ef2546613cd33955db3bf90d47d98751e","22876166","1751998139","2025-07-08 18:08:59","0x4822c6499d4d0b0699f42419610f894c6662a484","0xe5544a2a5fa9b175da60d8eec67add5582bb31b0","","0","0","0","0.000111644507811378","0.310277407044143","2616.29","","","Mint"
"0x9dc877f5ab7ad1f0d822dae36365a4c482cf5fb1e2af71f26d1377b7f05d9ed7","22876168","1751998163","2025-07-08 18:09:23","0x4822c6499d4d0b0699f42419610f894c6662a484","0xe5544a2a5fa9b175da60d8eec67add5582bb31b0","","0","0","0","0.000108547360826652","0.301669955101421","2616.29","","","Mint"
"0xc60b1c5153eb3024828243a1c99e0be97b7eeb9d689a59c731bb77f903c0e7c4","22876170","1751998187","2025-07-08 18:09:47","0x4822c6499d4d0b0699f42419610f894c6662a484","0xe5544a2a5fa9b175da60d8eec67add5582bb31b0","","0","0","0","0.000110439475636083","0.306928435687783","2616.29","","","Mint"
"0x9447e20fba7e4de70003fba99709e29c600d60b265327b93d6e81e579dce118f","22876173","1751998223","2025-07-08 18:10:23","0x4822c6499d4d0b0699f42419610f894c6662a484","0xe5544a2a5fa9b175da60d8eec67add5582bb31b0","","0","0","0","0.000109838810121828","0.305259093040146","2616.29","","","Mint"
"0x22b0f59595b09ab465c86d51b9b71b3b284a9dcad74304684a3410bc81ba769d","22876176","1751998259","2025-07-08 18:10:59","0x4822c6499d4d0b0699f42419610f894c6662a484","0xe5544a2a5fa9b175da60d8eec67add5582bb31b0","","0","0","0","0.000102329199906372","0.284388721257053","2616.29","","","Mint"
"0x8751592e2b18beb28cb265fe33034da0251046091337f1d4100e84b47e7190b7","22876178","1751998283","2025-07-08 18:11:23","0x4822c6499d4d0b0699f42419610f894c6662a484","0xe5544a2a5fa9b175da60d8eec67add5582bb31b0","","0","0","0","0.000104300123781417","0.289866224462706","2616.29","","","Mint"
"0xd25d962681b40690ab49d3b6035a33f176a4a8b09d9f506d66a8ac5aae017fee","22876182","1751998331","2025-07-08 18:12:11","0x4822c6499d4d0b0699f42419610f894c6662a484","0xe5544a2a5fa9b175da60d8eec67add5582bb31b0","","0","0","0","0.000099439798616532","0.276358626828797","2616.29","","","Mint"
"0x36a4ee4d8291dccb87f85384a84ba1431029dce37db832a1fc3a50a1fe8c0aec","22876184","1751998355","2025-07-08 18:12:35","0x4822c6499d4d0b0699f42419610f894c6662a484","0xe5544a2a5fa9b175da60d8eec67add5582bb31b0","","0","0","0","0.000101847351871551","0.283049590817371","2616.29","","","Mint"
"0xa997b8537cbf9e6c3b18793d2ebd24cfd7a6bb19857ca798b14acb998bd683b5","22876186","1751998379","2025-07-08 18:12:59","0x4822c6499d4d0b0699f42419610f894c6662a484","0xe5544a2a5fa9b175da60d8eec67add5582bb31b0","","0","0","0","0.000100565082840114","0.279485966255745","2616.29","","","Mint"
"0xccc0cbf02885bf241a37c5804c64bd8ab48a669954f39a504179826706cedfc6","22876188","1751998403","2025-07-08 18:13:23","0x4822c6499d4d0b0699f42419610f894c6662a484","0xe5544a2a5fa9b175da60d8eec67add5582bb31b0","","0","0","0","0.00009101336646402","0.252940264652558","2616.29","","","Mint"
"0x0b0aaaca1366c4bb71d3fc6e44266c973fb39fc863dbdfcb66b451ef9890ed35","22876190","1751998427","2025-07-08 18:13:47","0x4822c6499d4d0b0699f42419610f894c6662a484","0xe5544a2a5fa9b175da60d8eec67add5582bb31b0","","0","0","0","0.000094701831424437","0.263191080983128","2616.29","","","Mint"
"0x592068293e81098dd3d8c71d574c5a3bb30285d868fbae1a4dffc493c70e68fa","22876192","1751998451","2025-07-08 18:14:11","0x4822c6499d4d0b0699f42419610f894c6662a484","0xe5544a2a5fa9b175da60d8eec67add5582bb31b0","","0","0","0","0.00009131081944347","0.253766932627459","2616.29","","","Mint"
"0xce75b91dd4019f756bafaa8bb93e40ea6c529f869a7df9f849796832ac013692","22876195","1751998487","2025-07-08 18:14:47","0x4822c6499d4d0b0699f42419610f894c6662a484","0xe5544a2a5fa9b175da60d8eec67add5582bb31b0","","0","0","0","0.000089415664046805","0.248500001777476","2616.29","","","Mint"
"0xc24aef6a02127cce01a110fbef6ab50537f5f779b793af2d61c9e59ae6b21ab6","22876198","1751998523","2025-07-08 18:15:23","0x4822c6499d4d0b0699f42419610f894c6662a484","0xe5544a2a5fa9b175da60d8eec67add5582bb31b0","","0","0","0","0.000080882169452097","0.224784096465371","2616.29","","","Mint"
"0xe2cb987a5445a8f446741e817144d1e7a5de256e700378692b21571b47c871aa","22876200","1751998547","2025-07-08 18:15:47","0x4822c6499d4d0b0699f42419610f894c6662a484","0xe5544a2a5fa9b175da60d8eec67add5582bb31b0","","0","0","0","0.000086829427974603","0.241312450520207","2616.29","","","Mint"
"0x7d7690e7ffa5f0b72613e0d51e69923b11c8e8823e26c6aa8e16a78276a6fbe5","22876203","1751998583","2025-07-08 18:16:23","0x4822c6499d4d0b0699f42419610f894c6662a484","0xe5544a2a5fa9b175da60d8eec67add5582bb31b0","","0","0","0","0.000088239662244282","0.245231710330641","2616.29","","","Mint"
"0x55019fd51520b77f4bf4195e8f9958e60f9aa634b3e2be1ebb1b118eff71305b","22876207","1751998631","2025-07-08 18:17:11","0x4822c6499d4d0b0699f42419610f894c6662a484","0xe5544a2a5fa9b175da60d8eec67add5582bb31b0","","0","0","0","0.000081874509187884","0.227541962536554","2616.29","","","Mint"
"0xcd35d7f7336c395f8b7fcce920fbe4e0d7d017412bcefdd4d00c82b78ddbbb97","22876211","1751998679","2025-07-08 18:17:59","0x4822c6499d4d0b0699f42419610f894c6662a484","0xe5544a2a5fa9b175da60d8eec67add5582bb31b0","","0","0","0","0.000083729421277227","0.232697050992392","2616.29","","","Mint"
"0xd1ba7f0dc983ca51ace274048018d904d0e8228e725d6a193e3a162dd195585d","22876214","1751998715","2025-07-08 18:18:35","0x4822c6499d4d0b0699f42419610f894c6662a484","0xe5544a2a5fa9b175da60d8eec67add5582bb31b0","","0","0","0","0.000079551939505872","0.22108718108119","2616.29","","","Mint"
"0x14e09008017d328f87b27e8e296ede377255ecb7925bdfcc414f0eb52a48626f","22876216","1751998739","2025-07-08 18:18:59","0x4822c6499d4d0b0699f42419610f894c6662a484","0xe5544a2a5fa9b175da60d8eec67add5582bb31b0","","0","0","0","0.000077977595996664","0.216711836235216","2616.29","","","Mint"
"0x5826d80935e75d1f0940eec94c26bb634a7c5a95c32faa1da89721e0eeeea940","22876218","1751998763","2025-07-08 18:19:23","0x4822c6499d4d0b0699f42419610f894c6662a484","0xe5544a2a5fa9b175da60d8eec67add5582bb31b0","","0","0","0","0.000080904500123844","0.224846156866398","2616.29","","","Mint"
"0xe179555aea90887ef34a3106e7478d7b883e1864d1fb09a1c5dd1618e54a4fb0","22876221","1751998799","2025-07-08 18:19:59","0x4822c6499d4d0b0699f42419610f894c6662a484","0xe5544a2a5fa9b175da60d8eec67add5582bb31b0","","0","0","0","0.000078108201676098","0.217074809679718","2616.29","","","Mint"
"0xc52ce785106ffe64ffa1f7e73b1c57fcf38afe5bcd1b1c9bbfed9e1a917feffc","22876223","1751998823","2025-07-08 18:20:23","0x4822c6499d4d0b0699f42419610f894c6662a484","0xe5544a2a5fa9b175da60d8eec67add5582bb31b0","","0","0","0","0.000074409549977415","0.206795682823199","2616.29","","","Mint"
"0x546d3f6a9c4523e85534794c22937f0d9038d6df9dd3c77bbbd62a50b13d12d3","22876228","1751998883","2025-07-08 18:21:23","0x4822c6499d4d0b0699f42419610f894c6662a484","0xe5544a2a5fa9b175da60d8eec67add5582bb31b0","","0","0","0","0.000074548569248016","0.207182038942787","2616.29","","","Mint"
"0x5066f07259a21d4bda0b24a4b50e376836668a6e48b91352539e3f7ede8f7cf4","22876230","1751998907","2025-07-08 18:21:47","0x4822c6499d4d0b0699f42419610f894c6662a484","0xe5544a2a5fa9b175da60d8eec67add5582bb31b0","","0","0","0","0.000067976193790338","0.188916387948345","2616.29","","","Mint"
"0x551717356cd5ecf6f956de131396b6e1189aeb33898afa0e2132010aed23195a","22876233","1751998943","2025-07-08 18:22:23","0x4822c6499d4d0b0699f42419610f894c6662a484","0xe5544a2a5fa9b175da60d8eec67add5582bb31b0","","0","0","0","0.00006942520183674","0.192943406099415","2616.29","","","Mint"
"0x9ab5677703cd58a627c699dfb94796324d259dc1e6a9d6b263679583fac024ee","22876236","1751998979","2025-07-08 18:22:59","0x4822c6499d4d0b0699f42419610f894c6662a484","0xe5544a2a5fa9b175da60d8eec67add5582bb31b0","","0","0","0","0.000068559828995652","0.190538400725457","2616.29","","","Mint"
"0x1cac7f80b548bf411c4b8b90b3707f1c876c9282539491400ae8dba2f64ed448","22876238","1751999003","2025-07-08 18:23:23","0x4822c6499d4d0b0699f42419610f894c6662a484","0xe5544a2a5fa9b175da60d8eec67add5582bb31b0","","0","0","0","0.000068214956382168","0.189579946231187","2616.29","","","Mint"
"0x80649e7225ff67d64892969e0bb9e3693891f95f1c480ceeb59811e03c916fca","22876241","1751999039","2025-07-08 18:23:59","0x4822c6499d4d0b0699f42419610f894c6662a484","0xe5544a2a5fa9b175da60d8eec67add5582bb31b0","","0","0","0","0.000065040489010233","0.180757608937406","2616.29","","","Mint"
"0x3d3e70197d8dfc8ca680052026bcaf80087aed62cce77d750a7082db2ad6f3c8","22876244","1751999075","2025-07-08 18:24:35","0x4822c6499d4d0b0699f42419610f894c6662a484","0xe5544a2a5fa9b175da60d8eec67add5582bb31b0","","0","0","0","0.000062076149409414","0.172519249317474","2616.29","","","Mint"
"0x229c2ea3e87217595fa7f25f1c86a13ef5bca5de3d0a2ee4f12c003cbd75ce6a","22876247","1751999111","2025-07-08 18:25:11","0x4822c6499d4d0b0699f42419610f894c6662a484","0xe5544a2a5fa9b175da60d8eec67add5582bb31b0","","0","0","0","0.000059845530137613","0.166320012316704","2616.29","","","Mint"
"0x91e64b14302db482ba2534597bc1fcb0109856272fef03a438b2622f131af049","22876249","1751999135","2025-07-08 18:25:35","0x4822c6499d4d0b0699f42419610f894c6662a484","0xe5544a2a5fa9b175da60d8eec67add5582bb31b0","","0","0","0","0.000060578991141255","0.168358414230415","2616.29","","","Mint"
"0xafc12515f9214c748c79adcfcc91420d92bd4447377beb3ffec2b69709bb4ad0","22876251","1751999159","2025-07-08 18:25:59","0x4822c6499d4d0b0699f42419610f894c6662a484","0xe5544a2a5fa9b175da60d8eec67add5582bb31b0","","0","0","0","0.000064932545654553","0.180457617606308","2616.29","","","Mint"
"0x55189cbf7fba8c456f2bcd26d83a88dcec9c30556af4c7ae3d52d5434a235fd9","22876253","1751999183","2025-07-08 18:26:23","0x4822c6499d4d0b0699f42419610f894c6662a484","0xe5544a2a5fa9b175da60d8eec67add5582bb31b0","","0","0","0","0.000066207284148468","0.18400031363592","2616.29","","","Mint"
"0x9c311023a3501e19a542e81abde74708896bc4a9e7a286b958075f59ca460976","22876255","1751999207","2025-07-08 18:26:47","0x4822c6499d4d0b0699f42419610f894c6662a484","0xe5544a2a5fa9b175da60d8eec67add5582bb31b0","","0","0","0","0.000060968922143367","0.16944209297676","2616.29","","","Mint"
"0x795a6945fe7f7a43c26076dea369200d84992f40ac576b610e943de00d3fac6a","22876257","1751999231","2025-07-08 18:27:11","0x4822c6499d4d0b0699f42419610f894c6662a484","0xe5544a2a5fa9b175da60d8eec67add5582bb31b0","","0","0","0","0.000064009514069343","0.177892369637616","2616.29","","","Mint"
"0xa5b197b963dbd4d802bdc6ffad5bbb342e78cb8261d774814286fd13149ef0d3","22876259","1751999255","2025-07-08 18:27:35","0x4822c6499d4d0b0699f42419610f894c6662a484","0xe5544a2a5fa9b175da60d8eec67add5582bb31b0","","0","0","0","0.000065638880893971","0.182420632813118","2616.29","","","Mint"
"0x3d7d096045657a10c6798d9b1b1ac3e1eaa9419090ebbc289617307377487f33","22876267","1751999351","2025-07-08 18:29:11","0x4822c6499d4d0b0699f42419610f894c6662a484","0xe5544a2a5fa9b175da60d8eec67add5582bb31b0","","0","0","0","0.00006903272655516","0.191852656405724","2616.29","","","Mint"
"0x15b3e633b4745125b999408a9d5476ae7838748adb22e46265be3d42c9155995","22876270","1751999387","2025-07-08 18:29:47","0x4822c6499d4d0b0699f42419610f894c6662a484","0xe5544a2a5fa9b175da60d8eec67add5582bb31b0","","0","0","0","0.000062308541491119","0.173165102964398","2616.29","","","Mint"
"0x8bd0ac3a9da6379eb2a8c6b8c69ca2ab96b93af7e1c521239baf137b1c17e39f","22876272","1751999411","2025-07-08 18:30:11","0x4822c6499d4d0b0699f42419610f894c6662a484","0xe5544a2a5fa9b175da60d8eec67add5582bb31b0","","0","0","0","0.000061584880877982","0.171153937856272","2616.29","","","Mint"
"0x158df7c29f290c49d676b235bf067d400c4f2b97accf905d1879ef5d21b7ce8e","22876275","1751999447","2025-07-08 18:30:47","0x4822c6499d4d0b0699f42419610f894c6662a484","0xe5544a2a5fa9b175da60d8eec67add5582bb31b0","","0","0","0","0.000069201175644369","0.192320802556782","2616.29","","","Mint"
"0x6d5c7016a5bc543fc2d484652ddc261a1d43740d73fa9c1dc11ee4017555c8b1","22876278","1751999495","2025-07-08 18:31:35","0x4822c6499d4d0b0699f42419610f894c6662a484","0xe5544a2a5fa9b175da60d8eec67add5582bb31b0","","0","0","0","0.000074929658166099","0.20824114416591","2616.29","","","Mint"
"0xcdc9a5d54d29d814d3bc85541deefc620b49926f1340fbb3a6d32e362b9331f7","22876281","1751999531","2025-07-08 18:32:11","0x4822c6499d4d0b0699f42419610f894c6662a484","0xe5544a2a5fa9b175da60d8eec67add5582bb31b0","","0","0","0","0.00007571471194824","0.210422930414853","2616.29","","","Mint"
"0xda55970dada8f85e0102a09a523973bca2618026a19924984aa780dc1a8232a2","22876284","1751999567","2025-07-08 18:32:47","0x4822c6499d4d0b0699f42419610f894c6662a484","0xe5544a2a5fa9b175da60d8eec67add5582bb31b0","","0","0","0","0.000072928839847962","0.202680559665266","2616.29","","","Mint"
"0xdc2e8406b4fc3d599a723fb8531e2066edd07d62419313f455f698561aa8009d","22876285","1751999579","2025-07-08 18:32:59","0x0a7da29599a326568c88ef1ff2fb2f42262090fd","0xe5544a2a5fa9b175da60d8eec67add5582bb31b0","","0","0","0","0.00022315565892","0.620184195123196","2616.29","Error(0)","invalid jump destination","Mint"
"0x28d62d2fa416c282405f0dd26bd4f753da2e8c8df76c7bd90bc67420c1e677dd","22876288","1751999615","2025-07-08 18:33:35","0x4822c6499d4d0b0699f42419610f894c6662a484","0xe5544a2a5fa9b175da60d8eec67add5582bb31b0","","0","0","0","0.00008109873302358","0.225385960226851","2616.29","","","Mint"
"0x171a15e87d704a5360cfc0ac210a50451dfccb9385de35c53de49a33dec12bee","22876291","1751999651","2025-07-08 18:34:11","0x4822c6499d4d0b0699f42419610f894c6662a484","0xe5544a2a5fa9b175da60d8eec67add5582bb31b0","","0","0","0","0.000077797789031409","0.216212124784636","2616.29","","","Mint"
"0x34ae101f159f4bd8723b83a2aa2eb78e937d25fd073fa68e44227f519b2e1b83","22876296","1751999711","2025-07-08 18:35:11","0x4822c6499d4d0b0699f42419610f894c6662a484","0xe5544a2a5fa9b175da60d8eec67add5582bb31b0","","0","0","0","0.000082360549661538","0.228892744414142","2616.29","","","Mint"
"0x2ecc952db74075d9d8a78f0e9f5a35789cace46832f18cd416cb1af737ab7483","22876299","1751999747","2025-07-08 18:35:47","0x4822c6499d4d0b0699f42419610f894c6662a484","0xe5544a2a5fa9b175da60d8eec67add5582bb31b0","","0","0","0","0.000086351866741692","0.23998523376806","2616.29","","","Mint"
"0x1516d0f27508ce6806d5d712e15d254db98a24899abe20220a4e43a28c2d9c29","22876302","1751999783","2025-07-08 18:36:23","0x4822c6499d4d0b0699f42419610f894c6662a484","0xe5544a2a5fa9b175da60d8eec67add5582bb31b0","","0","0","0","0.000076983246834582","0.21394838565663","2616.29","","","Mint"
"0xaa559dbb4b20570384cfdd263a70cf70a5950f2f486861dc11b5491f8f28da26","22876307","1751999843","2025-07-08 18:37:23","0x4822c6499d4d0b0699f42419610f894c6662a484","0xe5544a2a5fa9b175da60d8eec67add5582bb31b0","","0","0","0","0.000071575702054764","0.198919979820566","2616.29","","","Mint"
"0xf225f8945b72d4f7ae1352a77ecdb96e84c2da17ffbc3cfbf23dd1b7e86b9302","22876309","1751999867","2025-07-08 18:37:47","0x4822c6499d4d0b0699f42419610f894c6662a484","0xe5544a2a5fa9b175da60d8eec67add5582bb31b0","","0","0","0","0.000080695461591501","0.224265206356076","2616.29","","","Mint"
"0x64137b220ef83789c1463ec7bf81e45cb3cd2c5043dd66823d49e0939101cfc5","22876311","1751999891","2025-07-08 18:38:11","0x4822c6499d4d0b0699f42419610f894c6662a484","0xe5544a2a5fa9b175da60d8eec67add5582bb31b0","","0","0","0","0.000083153253601575","0.231095791638676","2616.29","","","Mint"
"0x6c05382d4de56e4f64f7a3caf84407a49f7486aca2d727297c24c0b02a9b9428","22876313","1751999915","2025-07-08 18:38:35","0x4822c6499d4d0b0699f42419610f894c6662a484","0xe5544a2a5fa9b175da60d8eec67add5582bb31b0","","0","0","0","0.00009071619537324","0.252114380090001","2616.29","","","Mint"
"0x453d26ff5a84b6eb4dcea5ff781c867f91410092959e41db0c56da5914561044","22876316","1751999951","2025-07-08 18:39:11","0x4822c6499d4d0b0699f42419610f894c6662a484","0xe5544a2a5fa9b175da60d8eec67add5582bb31b0","","0","0","0","0.000096560410770897","0.26835636131541","2616.29","","","Mint"
"0x014cb663ee291fe19888cb897e9233d44aa955cd23e11bb5f7dce80cdb2c182a","22876319","1751999987","2025-07-08 18:39:47","0x4822c6499d4d0b0699f42419610f894c6662a484","0xe5544a2a5fa9b175da60d8eec67add5582bb31b0","","0","0","0","0.00010072290522192","0.279924579138369","2616.29","","","Mint"
"0x87d1bd1804ce8dc11e8e46e616f2f0a5b3777e597065abf85bb5e8089742f165","22876321","1752000011","2025-07-08 18:40:11","0x4822c6499d4d0b0699f42419610f894c6662a484","0xe5544a2a5fa9b175da60d8eec67add5582bb31b0","","0","0","0","0.000100819509199353","0.280193056578197","2616.29","","","Mint"
"0x7812eae06b3354cc7db25e35b415fc65624600a6e5452c1890973dab187523e9","22876325","1752000059","2025-07-08 18:40:59","0x4822c6499d4d0b0699f42419610f894c6662a484","0xe5544a2a5fa9b175da60d8eec67add5582bb31b0","","0","0","0","0.000098192155181088","0.272891232170036","2616.29","","","Mint"
"0x37a78c4519f034e4bd994c019ac5074c3086d1d3ead89e4400f55a82b35a31c8","22876327","1752000083","2025-07-08 18:41:23","0x4822c6499d4d0b0699f42419610f894c6662a484","0xe5544a2a5fa9b175da60d8eec67add5582bb31b0","","0","0","0","0.000091643093753673","0.254690374482489","2616.29","","","Mint"
"0x781a627b65d7558b59ccd86f22bbe08bde804d0caf971d35ef27aef3ca9e4250","22876330","1752000119","2025-07-08 18:41:59","0x4822c6499d4d0b0699f42419610f894c6662a484","0xe5544a2a5fa9b175da60d8eec67add5582bb31b0","","0","0","0","0.000101321026727754","0.281586851591942","2616.29","","","Mint"
"0x467a4f4e387972377cee81c83dd55b6e6e4bc1e08f062b0e05807ea9de59a196","22876336","1752000191","2025-07-08 18:43:11","0x4822c6499d4d0b0699f42419610f894c6662a484","0xe5544a2a5fa9b175da60d8eec67add5582bb31b0","","0","0","0","0.000102243308325915","0.284150015230276","2616.29","","","Mint"
"0x40f2c9c730e2f8d5a3f763c5f37ef0353b522d666ee1a0056e2d779d4b370c82","22876340","1752000239","2025-07-08 18:43:59","0x4822c6499d4d0b0699f42419610f894c6662a484","0xe5544a2a5fa9b175da60d8eec67add5582bb31b0","","0","0","0","0.00010063318130793","0.279675222462179","2616.29","","","Mint"
"0x2395059c68dddc489d94a6d00ff91c052d003e3d71ee4667fa8bcdae1a3a8336","22876342","1752000263","2025-07-08 18:44:23","0x4822c6499d4d0b0699f42419610f894c6662a484","0xe5544a2a5fa9b175da60d8eec67add5582bb31b0","","0","0","0","0.000103958866508982","0.288917817562073","2616.29","","","Mint"
"0xa43304241fd3c28768c34557b32c09d72b290957139b346528d2ebc17cc60639","22876344","1752000287","2025-07-08 18:44:47","0x4822c6499d4d0b0699f42419610f894c6662a484","0xe5544a2a5fa9b175da60d8eec67add5582bb31b0","","0","0","0","0.000101670478138209","0.28255803127332","2616.29","","","Mint"
"0x4fa57229b46d363121c8690d7935c5e1e2843b98bba3280e0a50f37b1c6d2ac4","22876347","1752000323","2025-07-08 18:45:23","0x4822c6499d4d0b0699f42419610f894c6662a484","0xe5544a2a5fa9b175da60d8eec67add5582bb31b0","","0","0","0","0.00009749080317141","0.270942066131741","2616.29","","","Mint"
"0xb29db1833181c219337da3b52d36151268977c185761dcd4a6022a6704765282","22876350","1752000359","2025-07-08 18:45:59","0x4822c6499d4d0b0699f42419610f894c6662a484","0xe5544a2a5fa9b175da60d8eec67add5582bb31b0","","0","0","0","0.000097659327232551","0.271410420641429","2616.29","","","Mint"
"0x0a67fdceb50da1056d0f7ff5aa9f9741ac2dc2391ea59e7b7cbd8b6f9651fa10","22876352","1752000383","2025-07-08 18:46:23","0x4822c6499d4d0b0699f42419610f894c6662a484","0xe5544a2a5fa9b175da60d8eec67add5582bb31b0","","0","0","0","0.00009136016238819","0.253904064325595","2616.29","","","Mint"
"0x1617919216b7207395ccf5d243fef8f17553d20af21b58abe6d7a8b973228ed8","22876360","1752000479","2025-07-08 18:47:59","0x4822c6499d4d0b0699f42419610f894c6662a484","0xe5544a2a5fa9b175da60d8eec67add5582bb31b0","","0","0","0","0.000102009001011066","0.283498838853328","2616.29","","","Mint"
"0x69719123345d4bd2f292d394f1b2c8051ca769c4d301510a41889712615ef5d4","22876363","1752000515","2025-07-08 18:48:35","0x4822c6499d4d0b0699f42419610f894c6662a484","0xe5544a2a5fa9b175da60d8eec67add5582bb31b0","","0","0","0","0.000122352358167558","0.340036184333443","2616.29","","","Mint"
"0x5a001fa4b9fe0597316141681ecf0bfa68f9e04ac492cb16c7db22b7294d4972","22876366","1752000551","2025-07-08 18:49:11","0x4822c6499d4d0b0699f42419610f894c6662a484","0xe5544a2a5fa9b175da60d8eec67add5582bb31b0","","0","0","0","0.000132955972172553","0.369505272632218","2616.29","","","Mint"
"0x8f244c44821651206655844807df7a43319473c5f7ec26ccdac369e1b24303b8","22876369","1752000587","2025-07-08 18:49:47","0x4822c6499d4d0b0699f42419610f894c6662a484","0xe5544a2a5fa9b175da60d8eec67add5582bb31b0","","0","0","0","0.000150227722888815","0.417506147304966","2616.29","","","Mint"
"0x4e8ebe7c494fc434c1f474d901f5a909df489c65715016da17c754b1cb06923b","22876372","1752000623","2025-07-08 18:50:23","0x4822c6499d4d0b0699f42419610f894c6662a484","0xe5544a2a5fa9b175da60d8eec67add5582bb31b0","","0","0","0","0.000152221967492856","0.423048462434332","2616.29","","","Mint"
"0xcafceb793833b594ea7f17b1eda7c70f70537eba0a8cf125369dd30a46cd61be","22876375","1752000671","2025-07-08 18:51:11","0x4822c6499d4d0b0699f42419610f894c6662a484","0xe5544a2a5fa9b175da60d8eec67add5582bb31b0","","0","0","0","0.000176243734075938","0.489808678356559","2616.29","","","Mint"
"0x36a8a56cc9c3b7d4d83960a8d83f7dce4dfc29ae49d9ddd1705a75782897b330","22876379","1752000719","2025-07-08 18:51:59","0x4822c6499d4d0b0699f42419610f894c6662a484","0xe5544a2a5fa9b175da60d8eec67add5582bb31b0","","0","0","0","0.000182416959835824","0.506965030419229","2616.29","","","Mint"
"0x43428de443d5a992db0b925b4c91b9e48f88ac3a8a2bec45a5ebf90520ee037a","22876384","1752000779","2025-07-08 18:52:59","0x4822c6499d4d0b0699f42419610f894c6662a484","0xe5544a2a5fa9b175da60d8eec67add5582bb31b0","","0","0","0","0.000175548765231186","0.487877252123838","2616.29","","","Mint"
"0xb3bdc2179a8c65ffd50c787024c7bacd589e129ad271050b6ddc71ad20c7a396","22876387","1752000815","2025-07-08 18:53:35","0x4822c6499d4d0b0699f42419610f894c6662a484","0xe5544a2a5fa9b175da60d8eec67add5582bb31b0","","0","0","0","0.000188246586515916","0.523166467335322","2616.29","","","Mint"
"0xf45fbdf184a76079e0d9a7618c1af37a2fc9af24c0f0bfa281a61ff22b57c4e0","22876390","1752000851","2025-07-08 18:54:11","0x4822c6499d4d0b0699f42419610f894c6662a484","0xe5544a2a5fa9b175da60d8eec67add5582bb31b0","","0","0","0","0.000165653389989969","0.46037646922137","2616.29","","","Mint"
"0x6ad05ca1511357d35ef8a81d214d19e83ee615db7b10b7fd5b8c5e6d555a9aaa","22876392","1752000875","2025-07-08 18:54:35","0x4822c6499d4d0b0699f42419610f894c6662a484","0xe5544a2a5fa9b175da60d8eec67add5582bb31b0","","0","0","0","0.000187764198284424","0.521825835605288","2616.29","","","Mint"
"0x63e460a1b7fe6ce217aa18bb9a286994574767eaf2cbfafbb2fe3bf691ad6f11","22876394","1752000899","2025-07-08 18:54:59","0x4822c6499d4d0b0699f42419610f894c6662a484","0xe5544a2a5fa9b175da60d8eec67add5582bb31b0","","0","0","0","0.000187750541155398","0.521787880325043","2616.29","","","Mint"
"0xaec0ec370d804cb310352570aff43f3e82c2f8869655254f64468a7ac1a40a04","22876399","1752000959","2025-07-08 18:55:59","0x4822c6499d4d0b0699f42419610f894c6662a484","0xe5544a2a5fa9b175da60d8eec67add5582bb31b0","","0","0","0","0.000171554739500919","0.476777235011052","2616.29","","","Mint"
"0x1464f47d764bb02d748895568b4b6a77489a5353a1e568bfa534b5ab5ac69e80","22876404","1752001031","2025-07-08 18:57:11","0x4822c6499d4d0b0699f42419610f894c6662a484","0xe5544a2a5fa9b175da60d8eec67add5582bb31b0","","0","0","0","0.000175403458289721","0.487473421591489","2616.29","","","Mint"
"0x47792e5b670c592f89a4e35905e3c85dc3de234383329565325bdf22fd263e1d","22876407","1752001067","2025-07-08 18:57:47","0x4822c6499d4d0b0699f42419610f894c6662a484","0xe5544a2a5fa9b175da60d8eec67add5582bb31b0","","0","0","0","0.00018095051796894","0.502889560976465","2616.29","","","Mint"
"0x4263eff305616b68b7161bc9ee4e9f4b63fef638bce73df324cab492104c05c4","22876409","1752001091","2025-07-08 18:58:11","0x4822c6499d4d0b0699f42419610f894c6662a484","0xe5544a2a5fa9b175da60d8eec67add5582bb31b0","","0","0","0","0.000191135507316867","0.531195226410416","2616.29","","","Mint"
"0x8ded14c8351a38a17d0dc884364feed5fcb9fb052defdeeef058ce397eff6f86","22876411","1752001115","2025-07-08 18:58:35","0x4822c6499d4d0b0699f42419610f894c6662a484","0xe5544a2a5fa9b175da60d8eec67add5582bb31b0","","0","0","0","0.000186985372705164","0.519661358498356","2616.29","","","Mint"
"0x97ccaf96128969d4ebf22578f95394b516c20c7c7f88eb35095a46ba949434cd","22876414","1752001163","2025-07-08 18:59:23","0x4822c6499d4d0b0699f42419610f894c6662a484","0xe5544a2a5fa9b175da60d8eec67add5582bb31b0","","0","0","0","0.000196273281379566","0.545473897573051","2616.29","","","Mint"
"0xf39aeef291552471dc1246800a297308635de11b96ad5150dad920ebbd268b29","22876416","1752001187","2025-07-08 18:59:47","0x4822c6499d4d0b0699f42419610f894c6662a484","0xe5544a2a5fa9b175da60d8eec67add5582bb31b0","","0","0","0","0.00018765713157477","0.521528280609495","2616.29","","","Mint"
"0xe7958271069bab5141c6c46c413618b6c2251f18a77059122a33615f8300b60e","22876419","1752001223","2025-07-08 19:00:23","0x4822c6499d4d0b0699f42419610f894c6662a484","0xe5544a2a5fa9b175da60d8eec67add5582bb31b0","","0","0","0","0.000196413680356839","0.545864088111519","2616.29","","","Mint"
"0x532d3a7759382a969bd85e775b98379229984f6019cf3d18be77a99a982f6653","22876431","1752001367","2025-07-08 19:02:47","0x27262bc999fa29eee037c902328508bc9e6679c5","0xe5544a2a5fa9b175da60d8eec67add5582bb31b0","","0","0","0","0.00026031266159376","0.723449269860456","2616.29","","","Transfer"
"0x514e04f5135886974792757f9730cafe06791d0a5123914dc288e61126b5418d","22876447","1752001559","2025-07-08 19:05:59","0x4822c6499d4d0b0699f42419610f894c6662a484","0xe5544a2a5fa9b175da60d8eec67add5582bb31b0","","0","0","0","0.000179089586011962","0.497717742374584","2616.29","","","Mint"
"0x8848aa1f8482a4de82b77d3760db32d2ce441770c250b72209876b0460aed7dc","22876450","1752001595","2025-07-08 19:06:35","0x4822c6499d4d0b0699f42419610f894c6662a484","0xe5544a2a5fa9b175da60d8eec67add5582bb31b0","","0","0","0","0.000173353562625408","0.481776443532267","2616.29","","","Mint"
"0x8d65d1fcea1c40d90aee9957e134457529a012c9abbbd46cf2e464af2829c247","22876454","1752001643","2025-07-08 19:07:23","0x4822c6499d4d0b0699f42419610f894c6662a484","0xe5544a2a5fa9b175da60d8eec67add5582bb31b0","","0","0","0","0.000165510944707779","0.459980591684086","2616.29","","","Mint"
"0xd743aeceae0869a4cebab447fe97b0de1d8e3efbee04d5461fc1381e857a5472","22876456","1752001667","2025-07-08 19:07:47","0x4822c6499d4d0b0699f42419610f894c6662a484","0xe5544a2a5fa9b175da60d8eec67add5582bb31b0","","0","0","0","0.000149497597505718","0.415477015598217","2616.29","","","Mint"
"0x697fe4b741ddecc37eb340ccb200afcbcf8a4012cf11ae63e9f49ba08ced366e","22876459","1752001703","2025-07-08 19:08:23","0x0a7da29599a326568c88ef1ff2fb2f42262090fd","0xe5544a2a5fa9b175da60d8eec67add5582bb31b0","","0","0","0","0.000167580533695317","0.465732300543651","2616.29","","","Mint"
"0xecf2867266aa36ce793aaed1da9933b8cd1476db4997372574d41ecb3fbc19e3","22876461","1752001727","2025-07-08 19:08:47","0x4822c6499d4d0b0699f42419610f894c6662a484","0xe5544a2a5fa9b175da60d8eec67add5582bb31b0","","0","0","0","0.0003926108957","1.09112658636899","2616.29","Error(0)","invalid jump destination","Mint"
"0x937c4c1e5bc3b06530b6d84c6fc7230bb5806de7dd8de150957959051d66e948","22876463","1752001751","2025-07-08 19:09:11","0x4822c6499d4d0b0699f42419610f894c6662a484","0xe5544a2a5fa9b175da60d8eec67add5582bb31b0","","0","0","0","0.000154267583053992","0.428733545422837","2616.29","","","Mint"
"0x04c79c527fe0c063d320fdfa75094c713ea68a167a33a1299b2bca5b65878594","22876466","1752001787","2025-07-08 19:09:47","0x0a7da29599a326568c88ef1ff2fb2f42262090fd","0xe5544a2a5fa9b175da60d8eec67add5582bb31b0","","0","0","0","0.00042253302012","1.17428481206492","2616.29","Error(0)","invalid jump destination","Mint"
"0x0ae652594337233126544bf0bfa90981d8986cedbf0ce22e5ac79598c2f40f17","22876468","1752001811","2025-07-08 19:10:11","0x4822c6499d4d0b0699f42419610f894c6662a484","0xe5544a2a5fa9b175da60d8eec67add5582bb31b0","","0","0","0","0.000141665160361965","0.39370945770002","2616.29","","","Mint"
"0x02925d4ee9d2797dac58e11851cfe64fe139827157b88cfb8f1947d7b83b31ce","22876472","1752001859","2025-07-08 19:10:59","0x4822c6499d4d0b0699f42419610f894c6662a484","0xe5544a2a5fa9b175da60d8eec67add5582bb31b0","","0","0","0","0.000137617460103915","0.382460270747792","2616.29","","","Mint"
"0xc70a19c573a8bf64b7d48c90100fb5487f4f436946ad6957aacabf89997c8203","22876475","1752001895","2025-07-08 19:11:35","0x4822c6499d4d0b0699f42419610f894c6662a484","0xe5544a2a5fa9b175da60d8eec67add5582bb31b0","","0","0","0","0.000132562058250939","0.368410524734691","2616.29","","","Mint"
"0x6e149c4bd9ddb440dc577e6144865a568c83d20b162f997ca502d0c83becedba","22876481","1752001967","2025-07-08 19:12:47","0x4822c6499d4d0b0699f42419610f894c6662a484","0xe5544a2a5fa9b175da60d8eec67add5582bb31b0","","0","0","0","0.000125044665540414","0.347518524190473","2616.29","","","Mint"
"0xfb22c9c37506a5462ea5a52a6a7b83f31f2dcfc7408e3e72f0048f030dcbddcb","22876488","1752002051","2025-07-08 19:14:11","0x4822c6499d4d0b0699f42419610f894c6662a484","0xe5544a2a5fa9b175da60d8eec67add5582bb31b0","","0","0","0","0.000117086171329299","0.325400634146365","2616.29","","","Mint"
"0xea90fd4a7052047cc87eb8b073a0cf8a7cbcaa3212a562e209f8b1083fc33317","22876492","1752002099","2025-07-08 19:14:59","0x4822c6499d4d0b0699f42419610f894c6662a484","0xe5544a2a5fa9b175da60d8eec67add5582bb31b0","","0","0","0","0.000127841663190738","0.355291814569587","2616.29","","","Mint"
"0x43a721dfacc5d7f9f351c41da8e0f15fdc4a87b4ad6482df0b3df3b8863941eb","22876495","1752002135","2025-07-08 19:15:35","0x4822c6499d4d0b0699f42419610f894c6662a484","0xe5544a2a5fa9b175da60d8eec67add5582bb31b0","","0","0","0","0.000117258941991876","0.325880790620235","2616.29","","","Mint"
"0x69858a31699cd1a92a4d7f5fe906d210036219ebec861626866b0c27baf7ff94","22876498","1752002171","2025-07-08 19:16:11","0x4822c6499d4d0b0699f42419610f894c6662a484","0xe5544a2a5fa9b175da60d8eec67add5582bb31b0","","0","0","0","0.000120889277980452","0.335970057520292","2616.29","","","Mint"
"0x03cf7cc08b80ecfa719c9d8a3ab982c7af70466cd12d38616402a1e044447fe5","22876503","1752002231","2025-07-08 19:17:11","0x4822c6499d4d0b0699f42419610f894c6662a484","0xe5544a2a5fa9b175da60d8eec67add5582bb31b0","","0","0","0","0.000124523756961144","0.346070838438156","2616.29","","","Mint"
"0x3d8c61cf0c38ce483cd49b34a908d2439349d96e1d9b6f9563fe417361f58b35","22876505","1752002255","2025-07-08 19:17:35","0x4822c6499d4d0b0699f42419610f894c6662a484","0xe5544a2a5fa9b175da60d8eec67add5582bb31b0","","0","0","0","0.000122633708220936","0.340818099778682","2616.29","","","Mint"
"0x3ca30c74e199e805db21398d476b0830d15c7f2bab6a9a4a979a44da93328153","22876509","1752002303","2025-07-08 19:18:23","0x4822c6499d4d0b0699f42419610f894c6662a484","0xe5544a2a5fa9b175da60d8eec67add5582bb31b0","","0","0","0","0.000130102860436239","0.361576032502947","2616.29","","","Mint"
"0x0bf326218ab5ed72cafa529e62f04d585867456980e091701a60a4834a5385e1","22876514","1752002363","2025-07-08 19:19:23","0x0a7da29599a326568c88ef1ff2fb2f42262090fd","0xe5544a2a5fa9b175da60d8eec67add5582bb31b0","","0","0","0","0.000128655867624282","0.35755461500103","2616.29","","","Mint"
"0x201b4970a0a71afb427dffd285e8f4b82cd8b4e65c2b5bdd62ab5d3492cd3c6c","22876516","1752002387","2025-07-08 19:19:47","0x4822c6499d4d0b0699f42419610f894c6662a484","0xe5544a2a5fa9b175da60d8eec67add5582bb31b0","","0","0","0","0.000122583511192305","0.340678594448861","2616.29","","","Mint"
"0xb24dc3043a28f9a6092c30248e591dcb399680a34bfe6dff157f1436aad0cdec","22876518","1752002411","2025-07-08 19:20:11","0x4822c6499d4d0b0699f42419610f894c6662a484","0xe5544a2a5fa9b175da60d8eec67add5582bb31b0","","0","0","0","0.000116563687192539","0.323948569675361","2616.29","","","Mint"
"0xd4eab6d0a9412b9ab6226b269550713b53d71a52f6ab23e3734e00614fc495c5","22876521","1752002447","2025-07-08 19:20:47","0x4822c6499d4d0b0699f42419610f894c6662a484","0xe5544a2a5fa9b175da60d8eec67add5582bb31b0","","0","0","0","0.000113182054289634","0.314550487232639","2616.29","","","Mint"
"0x3bcb3462f54c67cd9112e1c0a4c84a6a04c782e580aef1779353f79b65b73d25","22876524","1752002483","2025-07-08 19:21:23","0x4822c6499d4d0b0699f42419610f894c6662a484","0xe5544a2a5fa9b175da60d8eec67add5582bb31b0","","0","0","0","0.000115566685099863","0.321177746191095","2616.29","","","Mint"
"0x7734754e4bcf3346f80abd8039e872bc65d721c09ea3542e693923556b273a37","22876526","1752002507","2025-07-08 19:21:47","0x0a7da29599a326568c88ef1ff2fb2f42262090fd","0xe5544a2a5fa9b175da60d8eec67add5582bb31b0","","0","0","0","0.00034851095352","0.968566005659324","2616.29","Error(0)","invalid jump destination","Mint"
"0x694368270fcc0b474f30b3dd04ed91ca1dfa68ffd2d41f94a9cfb304a74bb974","22876526","1752002507","2025-07-08 19:21:47","0x4822c6499d4d0b0699f42419610f894c6662a484","0xe5544a2a5fa9b175da60d8eec67add5582bb31b0","","0","0","0","0.000110485470831714","0.30705626347185","2616.29","","","Mint"
"0x57c58e11ece1b52b03ede189201e8e375b9548e0c221e232a068665600db3f7e","22876531","1752002567","2025-07-08 19:22:47","0x4822c6499d4d0b0699f42419610f894c6662a484","0xe5544a2a5fa9b175da60d8eec67add5582bb31b0","","0","0","0","0.000096038155513968","0.266904932936964","2616.29","","","Mint"
"0xa5d2397ee3b5e35077b9c81f3854fd68c44183db7fc27d09fced8b9550a9b454","22876536","1752002627","2025-07-08 19:23:47","0x4822c6499d4d0b0699f42419610f894c6662a484","0xe5544a2a5fa9b175da60d8eec67add5582bb31b0","","0","0","0","0.000098261041350207","0.27308267752059","2616.29","","","Mint"
"0x8137cec2bae019f8fd1487c15fc154a90822682544c14f2205a10a47e7ce4d97","22876538","1752002651","2025-07-08 19:24:11","0x0a7da29599a326568c88ef1ff2fb2f42262090fd","0xe5544a2a5fa9b175da60d8eec67add5582bb31b0","","0","0","0","0.00032722880436","0.909419611563093","2616.29","Error(0)","invalid jump destination","Mint"
"0x55e10ef162a46a1f167ce5173309f01a2e2433e76cb5b5da4aa8432d64c35cb1","22876544","1752002723","2025-07-08 19:25:23","0x4822c6499d4d0b0699f42419610f894c6662a484","0xe5544a2a5fa9b175da60d8eec67add5582bb31b0","","0","0","0","0.000099621423059103","0.276863389330791","2616.29","","","Mint"
"0x59141f3fe6e5e930adbd775a415c71313633b4c61a693e10c688605bc35c99d6","22876545","1752002735","2025-07-08 19:25:35","0x0a7da29599a326568c88ef1ff2fb2f42262090fd","0xe5544a2a5fa9b175da60d8eec67add5582bb31b0","","0","0","0","0.0003256100658","0.904920885983795","2616.29","Error(0)","invalid jump destination","Mint"
"0x07bba3a05d6bcd5383ea666c30db8da0161af36b0fbb7012b9c53e176b96ec79","22876547","1752002759","2025-07-08 19:25:59","0x4822c6499d4d0b0699f42419610f894c6662a484","0xe5544a2a5fa9b175da60d8eec67add5582bb31b0","","0","0","0","0.000106542779321184","0.296098912119386","2616.29","","","Mint"
"0x1b7d444d0d80d192db4348e4221b2a2453080b31140cb3dff7df361df6fa696d","22876549","1752002783","2025-07-08 19:26:23","0x4822c6499d4d0b0699f42419610f894c6662a484","0xe5544a2a5fa9b175da60d8eec67add5582bb31b0","","0","0","0","0.000102746177333379","0.285547566213997","2616.29","","","Mint"
"0xb4a402413f20413983c8bc65b9da4441d0027e8c0a94d57246308c5c927268eb","22876551","1752002807","2025-07-08 19:26:47","0x4822c6499d4d0b0699f42419610f894c6662a484","0xe5544a2a5fa9b175da60d8eec67add5582bb31b0","","0","0","0","0.00009981549268218","0.27740273892008","2616.29","","","Mint"
"0xa46105ba799ad070fb4aab13e37f5ed9fc13cbc347b94d048c455270107f196b","22876555","1752002855","2025-07-08 19:27:35","0x4822c6499d4d0b0699f42419610f894c6662a484","0xe5544a2a5fa9b175da60d8eec67add5582bb31b0","","0","0","0","0.000095545626058971","0.265536117173563","2616.29","","","Mint"
"0x9000e0aa39e7d60765e0c8fe5cd7634fdbd9bb0086dfe589d48974e133f5c621","22876558","1752002891","2025-07-08 19:28:11","0x4822c6499d4d0b0699f42419610f894c6662a484","0xe5544a2a5fa9b175da60d8eec67add5582bb31b0","","0","0","0","0.000088006887041961","0.24458479193209","2616.29","","","Mint"
"0x4d1bc81a6ff5bb87b9398043558a22c372c118915825573267b252c63556fdf4","22876562","1752002939","2025-07-08 19:28:59","0x0a7da29599a326568c88ef1ff2fb2f42262090fd","0xe5544a2a5fa9b175da60d8eec67add5582bb31b0","","0","0","0","0.000086185265650929","0.23952222349137","2616.29","","","Mint"
"0x3dc3c008ee9f8fd23f18821cfef9d5ea147a02fe27820006898894b424be3625","22876567","1752002999","2025-07-08 19:29:59","0x4822c6499d4d0b0699f42419610f894c6662a484","0xe5544a2a5fa9b175da60d8eec67add5582bb31b0","","0","0","0","0.000080651589149661","0.224143278034104","2616.29","","","Mint"
"0xdf90273a48c644889ee6e34caa1dae446e5648b796bf90d039e8a93653c25b86","22876568","1752003011","2025-07-08 19:30:11","0x0a7da29599a326568c88ef1ff2fb2f42262090fd","0xe5544a2a5fa9b175da60d8eec67add5582bb31b0","","0","0","0","0.0002559087504","0.711210117457535","2616.29","Error(0)","invalid jump destination","Mint"
"0xf6c3084a9fa5b70b4ae72f38e3e9f4aa620e1bdf8d6252f6de523f0f1c56ab85","22876573","1752003071","2025-07-08 19:31:11","0x4822c6499d4d0b0699f42419610f894c6662a484","0xe5544a2a5fa9b175da60d8eec67add5582bb31b0","","0","0","0","0.000069733859550786","0.193801213769991","2616.29","","","Mint"
"0x456f4301e5bdec24d4fc2b9758728eeb00fd1bb69985b463dd0611d2376e2bb3","22876574","1752003083","2025-07-08 19:31:23","0x0a7da29599a326568c88ef1ff2fb2f42262090fd","0xe5544a2a5fa9b175da60d8eec67add5582bb31b0","","0","0","0","0.0002418080016","0.672021949039645","2616.29","Error(0)","invalid jump destination","Mint"
"0xbdf473d493902074899a69af7db890a116f9e3121a51832b04949153b4a9f1a6","22876574","1752003083","2025-07-08 19:31:23","0x0a7da29599a326568c88ef1ff2fb2f42262090fd","0xe5544a2a5fa9b175da60d8eec67add5582bb31b0","","0","0","0","0.0002418080016","0.672021949039645","2616.29","Error(0)","invalid jump destination","Mint"
"0xdca9a4879affff6776adf257713e69e639e1e601916cff281dd4d52d6686d720","22876578","1752003131","2025-07-08 19:32:11","0x4822c6499d4d0b0699f42419610f894c6662a484","0xe5544a2a5fa9b175da60d8eec67add5582bb31b0","","0","0","0","0.000070159554236523","0.194984285341287","2616.29","","","Mint"
"0x571afb368136d88004e2877e865fc85625eb05399767a65956eba0ba7f591f84","22876580","1752003155","2025-07-08 19:32:35","0x0a7da29599a326568c88ef1ff2fb2f42262090fd","0xe5544a2a5fa9b175da60d8eec67add5582bb31b0","","0","0","0","0.000224056962","0.622689056205085","2616.29","Error(0)","invalid jump destination","Mint"
"0xb2cd9c66007ea19db2f63dbc6aa016770782f6a762c4567b3dbb82f3b877f4cb","22876582","1752003179","2025-07-08 19:32:59","0x0a7da29599a326568c88ef1ff2fb2f42262090fd","0xe5544a2a5fa9b175da60d8eec67add5582bb31b0","","0","0","0","0.0002139315108","0.594548856520602","2616.29","Error(0)","invalid jump destination","Mint"
"0xd70995b235838245c4484d3394b61fc7f930ee745d8d9b15f38e7dca23dd7f5d","22876582","1752003179","2025-07-08 19:32:59","0x0a7da29599a326568c88ef1ff2fb2f42262090fd","0xe5544a2a5fa9b175da60d8eec67add5582bb31b0","","0","0","0","0.0002139315108","0.594548856520602","2616.29","Error(0)","invalid jump destination","Mint"
"0x8e98f519f13d6ec1b48cd0bc24ca3cbdb2b73460d5d85f6b75c17dca16addccd","22876584","1752003203","2025-07-08 19:33:23","0x4822c6499d4d0b0699f42419610f894c6662a484","0xe5544a2a5fa9b175da60d8eec67add5582bb31b0","","0","0","0","0.000068472849393816","0.190296670918479","2616.29","","","Mint"
"0xf2a298d3483da0fcd3467efb46a6e4937f47cfbe56ac44f4ade86039d195ad47","22876589","1752003275","2025-07-08 19:34:35","0x0a7da29599a326568c88ef1ff2fb2f42262090fd","0xe5544a2a5fa9b175da60d8eec67add5582bb31b0","","0","0","0","0.000071722270139199","0.199327315264874","2616.29","","","Mint"
"0x25cfa041fdf94108d50d70413805028dcfadbdb60be2e72199b32e8524238143","22876589","1752003275","2025-07-08 19:34:35","0x4822c6499d4d0b0699f42419610f894c6662a484","0xe5544a2a5fa9b175da60d8eec67add5582bb31b0","","0","0","0","0.0001802283519","0.500882549438517","2616.29","Error(0)","invalid jump destination","Mint"
"0xfe41367b4031114fa88fbe38157978ef60822f3fa1bb6abe79ae72afb516033a","22876591","1752003299","2025-07-08 19:34:59","0x4822c6499d4d0b0699f42419610f894c6662a484","0xe5544a2a5fa9b175da60d8eec67add5582bb31b0","","0","0","0","0.000079272769072398","0.220311323137797","2616.29","","","Mint"
"0x50183f87e0f102a3a207709687c3e74bdba5586e1ecae953bade2929027fb62e","22876593","1752003323","2025-07-08 19:35:23","0x0a7da29599a326568c88ef1ff2fb2f42262090fd","0xe5544a2a5fa9b175da60d8eec67add5582bb31b0","","0","0","0","0.000080838109368291","0.224661646657266","2616.29","","","Mint"
"0x17fbe344e2f84cd47c883f710e55a92458fbedbbb89013054ab0db0053c8667c","22876599","1752003395","2025-07-08 19:36:35","0x0a7da29599a326568c88ef1ff2fb2f42262090fd","0xe5544a2a5fa9b175da60d8eec67add5582bb31b0","","0","0","0","0.00007723851720552","0.214657821618529","2616.29","","","Mint"
"0xc63ba6bd67c6d474d37087ff98b6ae4d6e5156367edbe1ee735a25352099fdf7","22876602","1752003431","2025-07-08 19:37:11","0x0a7da29599a326568c88ef1ff2fb2f42262090fd","0xe5544a2a5fa9b175da60d8eec67add5582bb31b0","","0","0","0","0.000081412982127468","0.226259307237213","2616.29","","","Mint"
"0x06c6b27cdd095d8727c0b159413ebbd14997c578eda6965536705b05f8a738e2","22876609","1752003515","2025-07-08 19:38:35","0x0a7da29599a326568c88ef1ff2fb2f42262090fd","0xe5544a2a5fa9b175da60d8eec67add5582bb31b0","","0","0","0","0.000079508224232571","0.220965689554971","2616.29","","","Mint"
"0xb14f6ee1327d7e212b07fe9d915d2c130d38da6e3d1e6d087f8b37775aa573bb","22876611","1752003539","2025-07-08 19:38:59","0x4822c6499d4d0b0699f42419610f894c6662a484","0xe5544a2a5fa9b175da60d8eec67add5582bb31b0","","0","0","0","0.000077036070409992","0.214095190567416","2616.29","","","Mint"
"0xc3cc66aa9809218f1c3177d54f057eee7869e5f6b174b867995a4f56ee01793f","22876615","1752003587","2025-07-08 19:39:47","0x4822c6499d4d0b0699f42419610f894c6662a484","0xe5544a2a5fa9b175da60d8eec67add5582bb31b0","","0","0","0","0.000072462819176775","0.201385415924481","2616.29","","","Mint"
"0xb525a3194bba2055d8b8bc0b6a7b5dec78aae7e5d49e23f5c94fc0c65c4a38dd","22876618","1752003623","2025-07-08 19:40:23","0x4822c6499d4d0b0699f42419610f894c6662a484","0xe5544a2a5fa9b175da60d8eec67add5582bb31b0","","0","0","0","0.000071809623359964","0.199570083416817","2616.29","","","Mint"
"0xd6e811112b536992d4e8533b1626e8a3274b444f1804970afc838463b2e65f5e","22876620","1752003647","2025-07-08 19:40:47","0x4822c6499d4d0b0699f42419610f894c6662a484","0xe5544a2a5fa9b175da60d8eec67add5582bb31b0","","0","0","0","0.000069209896078221","0.192345037995291","2616.29","","","Mint"
"0xff06fbc94825176fcf1f51965d65375a0dbe68355aff51067c3aaf42682ddd12","22876622","1752003671","2025-07-08 19:41:11","0x0a7da29599a326568c88ef1ff2fb2f42262090fd","0xe5544a2a5fa9b175da60d8eec67add5582bb31b0","","0","0","0","0.00022121062812","0.614778652789984","2616.29","Error(0)","invalid jump destination","Mint"
"0x26010619fb39e74190503da59bcefe849f78b08be3331bb589766c518a28254e","22876624","1752003695","2025-07-08 19:41:35","0x0a7da29599a326568c88ef1ff2fb2f42262090fd","0xe5544a2a5fa9b175da60d8eec67add5582bb31b0","","0","0","0","0.000065422492689897","0.181819256424873","2616.29","","","Mint"
"0x588e115fcf52e99a0e3efa9b8758b93d74d97f71471457c458701c0fcf300365","22876627","1752003731","2025-07-08 19:42:11","0x0a7da29599a326568c88ef1ff2fb2f42262090fd","0xe5544a2a5fa9b175da60d8eec67add5582bb31b0","","0","0","0","0.000068445430937553","0.190220470774995","2616.29","","","Mint"
"0xbfe246fb405ab443963022e2bb0f71f4bdd5813f998c95abff97080c98681a97","22876631","1752003779","2025-07-08 19:42:59","0x4822c6499d4d0b0699f42419610f894c6662a484","0xe5544a2a5fa9b175da60d8eec67add5582bb31b0","","0","0","0","0.000069839225083773","0.194094040931917","2616.29","","","Mint"
"0x52de4c4a41e55543c8b32b65c293eb2f7d51aa65fb3c425442d7b6f4ab9ce265","22876634","1752003815","2025-07-08 19:43:35","0x4822c6499d4d0b0699f42419610f894c6662a484","0xe5544a2a5fa9b175da60d8eec67add5582bb31b0","","0","0","0","0.000071490357245241","0.198682793355037","2616.29","","","Mint"
"0x2cc53696a2c6a4e33fca7cabae829efa58fd4a7521810d407d9c5e162d82f947","22876639","1752003875","2025-07-08 19:44:35","0x4822c6499d4d0b0699f42419610f894c6662a484","0xe5544a2a5fa9b175da60d8eec67add5582bb31b0","","0","0","0","0.000075507615622536","0.209847377598083","2616.29","","","Mint"
"0x703b48bf093aef83cd7759346fbe1a9fcafcbc33ba2eade35f55641577c04b61","22876641","1752003899","2025-07-08 19:44:59","0x4822c6499d4d0b0699f42419610f894c6662a484","0xe5544a2a5fa9b175da60d8eec67add5582bb31b0","","0","0","0","0.000080400013624047","0.223444110620556","2616.29","","","Mint"
"0x26e2632fce2659c90a2b483db70c4b9bf448bb6de81f1e54c9fa77acdb4b14cd","22876645","1752003947","2025-07-08 19:45:47","0x0a7da29599a326568c88ef1ff2fb2f42262090fd","0xe5544a2a5fa9b175da60d8eec67add5582bb31b0","","0","0","0","0.000078220315177716","0.217386390493308","2616.29","","","Mint"
"0x65f74cfd07628265f6a0aa1cd532d7adb686ba9f55cb9627f4ac2335693ba2e7","22876653","1752004043","2025-07-08 19:47:23","0x0a7da29599a326568c88ef1ff2fb2f42262090fd","0xe5544a2a5fa9b175da60d8eec67add5582bb31b0","","0","0","0","0.000081017434760469","0.225160019741558","2616.29","","","Mint"
"0xea97b837e09111b772fc1f357b113365988393b21063efd868df0219418658c2","22876656","1752004091","2025-07-08 19:48:11","0x4822c6499d4d0b0699f42419610f894c6662a484","0xe5544a2a5fa9b175da60d8eec67add5582bb31b0","","0","0","0","0.000079470512379273","0.220860882464273","2616.29","","","Mint"
"0x740119dfe967d1e23fd877407fbc0b0c7dab7b5ab7e82d02a9d84b162bcc66c4","22876666","1752004211","2025-07-08 19:50:11","0x0a7da29599a326568c88ef1ff2fb2f42262090fd","0xe5544a2a5fa9b175da60d8eec67add5582bb31b0","","0","0","0","0.000081387621847239","0.22618882708422","2616.29","","","Mint"
"0x0438fd548493dd793a118d29baab773b589f39cab05fb0bc90ba9bce3f1be91a","22876666","1752004211","2025-07-08 19:50:11","0x4822c6499d4d0b0699f42419610f894c6662a484","0xe5544a2a5fa9b175da60d8eec67add5582bb31b0","","0","0","0","0.0002051898759","0.570254497010494","2616.29","Error(0)","invalid jump destination","Mint"
"0x48eb6961a81aa2ff2f0e563f5a17754c0e6aff993492debe4275da4d334546ad","22876669","1752004247","2025-07-08 19:50:47","0x4822c6499d4d0b0699f42419610f894c6662a484","0xe5544a2a5fa9b175da60d8eec67add5582bb31b0","","0","0","0","0.000082713671784072","0.229874125573839","2616.29","","","Mint"
"0xe4d1d9e3dce933499ef3fb24ec69904f5a4d97d837058fcb082fa512c329d88c","22876674","1752004307","2025-07-08 19:51:47","0x0a7da29599a326568c88ef1ff2fb2f42262090fd","0xe5544a2a5fa9b175da60d8eec67add5582bb31b0","","0","0","0","0.0002627868252","0.73032535434859","2616.29","Error(0)","invalid jump destination","Mint"
"0x8fcb7b5ac331528818044aef768800b6171c8aa9227337fa553f9e7bb69e05ff","22876677","1752004343","2025-07-08 19:52:23","0x4822c6499d4d0b0699f42419610f894c6662a484","0xe5544a2a5fa9b175da60d8eec67add5582bb31b0","","0","0","0","0.000079288054922847","0.220353804887547","2616.29","","","Mint"
"0x83353e72b07ea9834963a89b585953d5581fc63b22d072dec20843d73ca6a824","22876684","1752004427","2025-07-08 19:53:47","0x4822c6499d4d0b0699f42419610f894c6662a484","0xe5544a2a5fa9b175da60d8eec67add5582bb31b0","","0","0","0","0.000073811861875734","0.205134614867004","2616.29","","","Mint"
"0xbea3faa5953922c4fe47af45634a2565d18419d428c66e25f450308535eb9e63","22876686","1752004451","2025-07-08 19:54:11","0x0a7da29599a326568c88ef1ff2fb2f42262090fd","0xe5544a2a5fa9b175da60d8eec67add5582bb31b0","","0","0","0","0.00023797539432","0.661370538841608","2616.29","Error(0)","invalid jump destination","Mint"
"0x36bdf9b8c4d4fdc9533325e6ce092d0955ea9efaf3fba5577ce946a9587d30d5","22876689","1752004487","2025-07-08 19:54:47","0x0a7da29599a326568c88ef1ff2fb2f42262090fd","0xe5544a2a5fa9b175da60d8eec67add5582bb31b0","","0","0","0","0.0002368568328","0.658261882850833","2616.29","Error(0)","invalid jump destination","Mint"
"0x8b535b6d09d42267a847e4f6d75ad3b052dcc11372fd7c876dacbe95c87affaf","22876692","1752004523","2025-07-08 19:55:23","0x4822c6499d4d0b0699f42419610f894c6662a484","0xe5544a2a5fa9b175da60d8eec67add5582bb31b0","","0","0","0","0.000073455611367447","0.20414453943798","2616.29","","","Mint"
"0x0bf779c20dad58dbf1e5ebcfa4b26b241b458ae44ec2248c71f15f7be7f27771","22876696","1752004571","2025-07-08 19:56:11","0x4822c6499d4d0b0699f42419610f894c6662a484","0xe5544a2a5fa9b175da60d8eec67add5582bb31b0","","0","0","0","0.000067738493973795","0.188255783282897","2616.29","","","Mint"
"0xb945c77d00db6332d0d9762b5aef22a497f8cca1a81657b98fac66c589b787b3","22876700","1752004619","2025-07-08 19:56:59","0x0a7da29599a326568c88ef1ff2fb2f42262090fd","0xe5544a2a5fa9b175da60d8eec67add5582bb31b0","","0","0","0","0.000065802853564533","0.182876338302313","2616.29","","","Mint"
"0xb9725caca21fcfc5bc5e0a44d6fe51f6cc89b7322b4cc67443a942ccfb5e644e","22876712","1752004763","2025-07-08 19:59:23","0x4822c6499d4d0b0699f42419610f894c6662a484","0xe5544a2a5fa9b175da60d8eec67add5582bb31b0","","0","0","0","0.000059460237795138","0.165249225125102","2616.29","","","Mint"
"0xabbe7a6856d68d3d52e32870dcb383b578616fb6076bd1f61dadeec948cc0b8c","22876715","1752004799","2025-07-08 19:59:59","0x0a7da29599a326568c88ef1ff2fb2f42262090fd","0xe5544a2a5fa9b175da60d8eec67add5582bb31b0","","0","0","0","0.00019097632368","0.530752830388801","2616.29","Error(0)","invalid jump destination","Mint"
"0xaabe37207e05e978b89ee65dfbf5bf9339787757433785ca4193ad0b37ea2aa6","22876717","1752004823","2025-07-08 20:00:23","0x4822c6499d4d0b0699f42419610f894c6662a484","0xe5544a2a5fa9b175da60d8eec67add5582bb31b0","","0","0","0","0.000058747606250073","0.163268711508129","2616.29","","","Mint"
"0x4eca1a7763fba4ff9dac81bd0924c4bef0abf1b94e7f34f7985ea955729d58b5","22876720","1752004859","2025-07-08 20:00:59","0x0a7da29599a326568c88ef1ff2fb2f42262090fd","0xe5544a2a5fa9b175da60d8eec67add5582bb31b0","","0","0","0","0.00020029237416","0.556643579906997","2616.29","Error(0)","invalid jump destination","Mint"
"0x83d7ecbd8230edcedeb8a38c5a377e51da291d16753b94f361740e497610a9c4","22876720","1752004859","2025-07-08 20:00:59","0x4822c6499d4d0b0699f42419610f894c6662a484","0xe5544a2a5fa9b175da60d8eec67add5582bb31b0","","0","0","0","0.000062693291832078","0.174234383849704","2616.29","","","Mint"
"0x8cedf8e39ec2ddf6ae33cd9e0c1aa3989f0fb91357cc7acf985263d653a32bd5","22876724","1752004907","2025-07-08 20:01:47","0x0a7da29599a326568c88ef1ff2fb2f42262090fd","0xe5544a2a5fa9b175da60d8eec67add5582bb31b0","","0","0","0","0.000066380351646231","0.184481295060821","2616.29","","","Mint"
"0x9e9ea1e50356c4a4066c54d563319af81dc84131273ba9b61a09b293e1b16ab3","22876729","1752004967","2025-07-08 20:02:47","0x4822c6499d4d0b0699f42419610f894c6662a484","0xe5544a2a5fa9b175da60d8eec67add5582bb31b0","","0","0","0","0.000062830668712743","0.174616175512869","2616.29","","","Mint"
"0x4db2f1d40b8e1a3148c44ec45fe46c1b8a409e81d0f3f8ed1e42cecbd1d59943","22876731","1752004991","2025-07-08 20:03:11","0x4822c6499d4d0b0699f42419610f894c6662a484","0xe5544a2a5fa9b175da60d8eec67add5582bb31b0","","0","0","0","0.000059741005934514","0.166029523341055","2616.29","","","Mint"
"0xa84d02d03672fd6c8bb6708c8b38c14fe3c0170972bad60686d18630cc3d1fed","22876735","1752005039","2025-07-08 20:03:59","0x0a7da29599a326568c88ef1ff2fb2f42262090fd","0xe5544a2a5fa9b175da60d8eec67add5582bb31b0","","0","0","0","0.00009191272878","0.255439732050157","2616.29","Error(0)","invalid jump destination","Mint"
"0x0fd48b281cf74f541b89b52c943998fbfb8a2925c92f9f68d77953fc557851b6","22876735","1752005039","2025-07-08 20:03:59","0x4822c6499d4d0b0699f42419610f894c6662a484","0xe5544a2a5fa9b175da60d8eec67add5582bb31b0","","0","0","0","0.000057379829518173","0.159467447781782","2616.29","","","Mint"
"0x34da5cebff2075e838d9b01f8d0e3b92b967c803b46ef2e40a6e04372ebeb99a","22876746","1752005171","2025-07-08 20:06:11","0x4822c6499d4d0b0699f42419610f894c6662a484","0xe5544a2a5fa9b175da60d8eec67add5582bb31b0","","0","0","0","0.00006013923267855","0.167136257241158","2616.29","","","Mint"
"0x0b80b7510d4be04e5fad7b04fe2b600735a95929ed5bab84e3c4841269b1ea29","22876750","1752005219","2025-07-08 20:06:59","0x4822c6499d4d0b0699f42419610f894c6662a484","0xe5544a2a5fa9b175da60d8eec67add5582bb31b0","","0","0","0","0.000064899452846151","0.180365647557946","2616.29","","","Mint"
"0xe9e39ca0dcaf4afa3f30ae0a5e60fe1f69020e64e6e952a08ad5ec153fc5e388","22876754","1752005267","2025-07-08 20:07:47","0x4822c6499d4d0b0699f42419610f894c6662a484","0xe5544a2a5fa9b175da60d8eec67add5582bb31b0","","0","0","0","0.000060899213772534","0.169248362600091","2616.29","","","Mint"
"0x1bf1a81c7c9a7fee0ec8c333fea745f8b1211c1e597047d42fdd29817c32faaa","22876760","1752005339","2025-07-08 20:08:59","0x4822c6499d4d0b0699f42419610f894c6662a484","0xe5544a2a5fa9b175da60d8eec67add5582bb31b0","","0","0","0","0.000054772608096648","0.152221574983208","2616.29","","","Mint"
"0x2832bd3da25f91d40deda184251c67da1936b851cbb588b482b683db76682911","22876764","1752005387","2025-07-08 20:09:47","0x4822c6499d4d0b0699f42419610f894c6662a484","0xe5544a2a5fa9b175da60d8eec67add5582bb31b0","","0","0","0","0.000054472550936238","0.151387669585422","2616.29","","","Mint"
"0x1453c1362ef8ba2a56fd3a3895f004a70581c9c1b1ca850ff836605b9f8b84cd","22876769","1752005447","2025-07-08 20:10:47","0x4822c6499d4d0b0699f42419610f894c6662a484","0xe5544a2a5fa9b175da60d8eec67add5582bb31b0","","0","0","0","0.000049527724914162","0.13764523096044","2616.29","","","Mint"
"0x37df9b9b11e9cddfaff13d5ed25fb89a411d1e6e625acf3144ac72648bb34a75","22876778","1752005555","2025-07-08 20:12:35","0x4822c6499d4d0b0699f42419610f894c6662a484","0xe5544a2a5fa9b175da60d8eec67add5582bb31b0","","0","0","0","0.000045634813363578","0.12682622583922","2616.29","","","Mint"
"0x39f7322c3a915fc5b505b1e748027dadcc2603a08e9e58dd232300cb300a2bf8","22876783","1752005615","2025-07-08 20:13:35","0x4822c6499d4d0b0699f42419610f894c6662a484","0xe5544a2a5fa9b175da60d8eec67add5582bb31b0","","0","0","0","0.000051628195257096","0.143482763897392","2616.29","","","Mint"
"0xa8131bbdd18b88799e25ef52117faf9ec5daf2484d805e9fd19fdf4bf22c7041","22876786","1752005651","2025-07-08 20:14:11","0x0a7da29599a326568c88ef1ff2fb2f42262090fd","0xe5544a2a5fa9b175da60d8eec67add5582bb31b0","","0","0","0","0.0000823270392","0.228799613642923","2616.29","Error(0)","invalid jump destination","Mint"
"0xc17b3a5eda424fe8236471211d2fe7b238c9676a64a2ef462756f54c3deb8d33","22876787","1752005663","2025-07-08 20:14:23","0x4822c6499d4d0b0699f42419610f894c6662a484","0xe5544a2a5fa9b175da60d8eec67add5582bb31b0","","0","0","0","0.000050914223733879","0.141498526273259","2616.29","","","Mint"
"0x41d72d812eb094bacfb739611bc03942792462112ea15b81f540ec8f126e2c13","22876793","1752005735","2025-07-08 20:15:35","0x4822c6499d4d0b0699f42419610f894c6662a484","0xe5544a2a5fa9b175da60d8eec67add5582bb31b0","","0","0","0","0.000050839795853187","0.141291679646536","2616.29","","","Mint"
"0x6e0fc4d5fac83844b41fe6d4ec26527ce53891d37516c0145a0e7b3b55a5115c","22876796","1752005771","2025-07-08 20:16:11","0x4822c6499d4d0b0699f42419610f894c6662a484","0xe5544a2a5fa9b175da60d8eec67add5582bb31b0","","0","0","0","0.000048511520322057","0.134821040751304","2616.29","","","Mint"
"0x2e5399bfb1410f9ec3b2757883255578feeb8fdebbe6a3d9a521d708300c94ae","22876801","1752005831","2025-07-08 20:17:11","0x0a7da29599a326568c88ef1ff2fb2f42262090fd","0xe5544a2a5fa9b175da60d8eec67add5582bb31b0","","0","0","0","0.0000784870431","0.21812766876785","2616.29","Error(0)","invalid jump destination","Mint"
"0xd15c88689ee13d79b84682c4d9c40431d2d8d081c99242f4f1545e477fcd2e6a","22876812","1752005963","2025-07-08 20:19:23","0x4822c6499d4d0b0699f42419610f894c6662a484","0xe5544a2a5fa9b175da60d8eec67add5582bb31b0","","0","0","0","0.000042300038717544","0.117558369761641","2616.29","","","Mint"
"0x7a9760e3ce9b9b3bcfc6658432a84ea4f1cb68d2848c824e99cc5963a31c5d4c","22876815","1752005999","2025-07-08 20:19:59","0x0a7da29599a326568c88ef1ff2fb2f42262090fd","0xe5544a2a5fa9b175da60d8eec67add5582bb31b0","","0","0","0","0.000049331440362411","0.137099725740757","2616.29","","","Mint"
"0x5d310fa946c28fd7c6497678c831bf9f5becf29be4ee065e83bb3bb8ef9f833d","22876815","1752005999","2025-07-08 20:19:59","0x4822c6499d4d0b0699f42419610f894c6662a484","0xe5544a2a5fa9b175da60d8eec67add5582bb31b0","","0","0","0","0.0001224022891","0.340174950140674","2616.29","Error(0)","invalid jump destination","Mint"
"0x617d4c80b8f712364851ebfc0947e51b923e6cb5dbc97a530290ae9bbb9e9c06","22876818","1752006035","2025-07-08 20:20:35","0x4822c6499d4d0b0699f42419610f894c6662a484","0xe5544a2a5fa9b175da60d8eec67add5582bb31b0","","0","0","0","0.000050306236736007","0.139808836086842","2616.29","","","Mint"
"0x3c87c6f60750812e02f850a7df7a3138eda9634c5b6a0891f008c472b2df6726","22876821","1752006071","2025-07-08 20:21:11","0x4822c6499d4d0b0699f42419610f894c6662a484","0xe5544a2a5fa9b175da60d8eec67add5582bb31b0","","0","0","0","0.000050434816476519","0.140166179132788","2616.29","","","Mint"
"0xa22a12a5a2657e9a6ac338e861e701f8eec39f7f0d59229cc9851f55469ad428","22876825","1752006119","2025-07-08 20:21:59","0x4822c6499d4d0b0699f42419610f894c6662a484","0xe5544a2a5fa9b175da60d8eec67add5582bb31b0","","0","0","0","0.000049594408922739","0.137830556165219","2616.29","","","Mint"
"0xbb31ba1cd6a610a1d8e5be0a1d18cde38c248ae70e7dcb709b4f5f213a6642fe","22876826","1752006131","2025-07-08 20:22:11","0x0a7da29599a326568c88ef1ff2fb2f42262090fd","0xe5544a2a5fa9b175da60d8eec67add5582bb31b0","","0","0","0","0.000055672174362","0.154721609187751","2616.29","Error(0)","invalid jump destination","Mint"
"0xa169c95f8cdb406f592e051c29c76a3d46b50177e5f2257c76330ee764acbca5","22876829","1752006167","2025-07-08 20:22:47","0x4822c6499d4d0b0699f42419610f894c6662a484","0xe5544a2a5fa9b175da60d8eec67add5582bb31b0","","0","0","0","0.000047812026541245","0.132877039019302","2616.29","","","Mint"
"0xb22e8b5bad07e65cfd981ca6aa3cb88a71704fa0d56da5e32c32695e361c8721","22876832","1752006203","2025-07-08 20:23:23","0x4822c6499d4d0b0699f42419610f894c6662a484","0xe5544a2a5fa9b175da60d8eec67add5582bb31b0","","0","0","0","0.000048266568952797","0.134140282895895","2616.29","","","Mint"
"0x42beda7530eaebbdc5105b0c2172052bf08ea198425488eecfb7572d5b826eba","22876835","1752006239","2025-07-08 20:23:59","0x4822c6499d4d0b0699f42419610f894c6662a484","0xe5544a2a5fa9b175da60d8eec67add5582bb31b0","","0","0","0","0.000046039720370697","0.127951525226765","2616.29","","","Mint"
"0x3b4b0b6cdd27d2be4d4b24cd70274d72ef101f14e2ca5eed235a291a08eb3b59","22876838","1752006275","2025-07-08 20:24:35","0x0a7da29599a326568c88ef1ff2fb2f42262090fd","0xe5544a2a5fa9b175da60d8eec67add5582bb31b0","","0","0","0","0.000054762522906","0.152193546673843","2616.29","Error(0)","invalid jump destination","Mint"
"0x4a34f8d4789f27e122eadd39406f6053673a5c4d1242b56cfdc2bfe225671429","22876838","1752006275","2025-07-08 20:24:35","0x4822c6499d4d0b0699f42419610f894c6662a484","0xe5544a2a5fa9b175da60d8eec67add5582bb31b0","","0","0","0","0.000048551084510553","0.134930995768878","2616.29","","","Mint"
"0xd28ad91e888770ae6d7a1e0b5ecf77081845850fea6d91e0afa083f3b002f8ee","22876842","1752006323","2025-07-08 20:25:23","0x0a7da29599a326568c88ef1ff2fb2f42262090fd","0xe5544a2a5fa9b175da60d8eec67add5582bb31b0","","0","0","0","0.000054479881806","0.151408043209756","2616.29","Error(0)","invalid jump destination","Mint"
"0xf001e9722b48d7c97b57efd356a1e59ec6d7f95726fda52cf540c5da349146c9","22876843","1752006335","2025-07-08 20:25:35","0x4822c6499d4d0b0699f42419610f894c6662a484","0xe5544a2a5fa9b175da60d8eec67add5582bb31b0","","0","0","0","0.0001213441482","0.337234212426159","2616.29","Error(0)","invalid jump destination","Mint"
"0xb5fdbb8613aecc7b0d1dfbad5e09c7b1bdf7360f0ae4f46527fdcf1c1fdc2e74","22876859","1752006527","2025-07-08 20:28:47","0x4822c6499d4d0b0699f42419610f894c6662a484","0xe5544a2a5fa9b175da60d8eec67add5582bb31b0","","0","0","0","0.000044677397370573","0.124165418267082","2616.29","","","Mint"
"0x9cac865fa53ef05ed8b7a03a24efb256f43535a0ceb1bfedea492b717b98c9ed","22876868","1752006635","2025-07-08 20:30:35","0x4822c6499d4d0b0699f42419610f894c6662a484","0xe5544a2a5fa9b175da60d8eec67add5582bb31b0","","0","0","0","0.000047749786831776","0.132704065211205","2616.29","","","Mint"
"0xd211fef7ad4792c1111291d0157cfe62f15e04327ceea5ee435f050add7a165e","22876874","1752006707","2025-07-08 20:31:47","0x4822c6499d4d0b0699f42419610f894c6662a484","0xe5544a2a5fa9b175da60d8eec67add5582bb31b0","","0","0","0","0.000055362494962296","0.153860962094232","2616.29","","","Mint"
"0xb2c70d16f9d13651b9d67d0fc8deb0640e8da1445b2859a99b8ffe8b05bd59b1","22876876","1752006731","2025-07-08 20:32:11","0x0a7da29599a326568c88ef1ff2fb2f42262090fd","0xe5544a2a5fa9b175da60d8eec67add5582bb31b0","","0","0","0","0.000059862578958","0.166367393633407","2616.29","Error(0)","invalid jump destination","Mint"
"0x6130ad65d3a034fe90afd790322f1491233c044949ab0dfb11a77f67bf8b8e37","22876876","1752006731","2025-07-08 20:32:11","0x4822c6499d4d0b0699f42419610f894c6662a484","0xe5544a2a5fa9b175da60d8eec67add5582bb31b0","","0","0","0","0.000053252971900779","0.147998270247956","2616.29","","","Mint"
"0x3e1aec88c3f56fed17d5b89b92f3fe3d4a031b67412d8fd51fd7b1dd501687f1","22876886","1752006851","2025-07-08 20:34:11","0x4822c6499d4d0b0699f42419610f894c6662a484","0xe5544a2a5fa9b175da60d8eec67add5582bb31b0","","0","0","0","0.000049921531365171","0.138739680180484","2616.29","","","Mint"
"0x7f201ffe6dadc661bb27abd26454ea6e412aef63a6130c290f86d53516ac716e","22876889","1752006887","2025-07-08 20:34:47","0x0a7da29599a326568c88ef1ff2fb2f42262090fd","0xe5544a2a5fa9b175da60d8eec67add5582bb31b0","","0","0","0","0.000053793443802","0.149500325506907","2616.29","Error(0)","invalid jump destination","Mint"
"0x9e229fb3f8742702706551c6996154393c31b01a8225cac02b143f84a15fb97d","22876890","1752006899","2025-07-08 20:34:59","0x4822c6499d4d0b0699f42419610f894c6662a484","0xe5544a2a5fa9b175da60d8eec67add5582bb31b0","","0","0","0","0.000047449139883546","0.131868520701572","2616.29","","","Mint"
"0x154913ed4e4aec0c3df1f7e273006cb231611c3428f4b63f357bf0c16c97527c","22876892","1752006923","2025-07-08 20:35:23","0x4822c6499d4d0b0699f42419610f894c6662a484","0xe5544a2a5fa9b175da60d8eec67add5582bb31b0","","0","0","0","0.000047484244835067","0.131966082807813","2616.29","","","Mint"
"0xcd23f28b0d08acea2544cfd6ba919cfd2fd9ceb1c22884901878399e56e87a5c","22876894","1752006947","2025-07-08 20:35:47","0x0a7da29599a326568c88ef1ff2fb2f42262090fd","0xe5544a2a5fa9b175da60d8eec67add5582bb31b0","","0","0","0","0.000049511989609236","0.137601500106973","2616.29","","","Mint"
"0x89bcd69401bf53bbecf838408d13b059fd936bffc5d26f218b3d23ceda943995","22876913","1752007175","2025-07-08 20:39:35","0x4822c6499d4d0b0699f42419610f894c6662a484","0xe5544a2a5fa9b175da60d8eec67add5582bb31b0","","0","0","0","0.000040008832387275","0.111190751926288","2616.29","","","Mint"
"0x611245e1ed8e410133e5c968378031de98c49d31c90108c24a7fbd8844d96d14","22876915","1752007199","2025-07-08 20:39:59","0x0a7da29599a326568c88ef1ff2fb2f42262090fd","0xe5544a2a5fa9b175da60d8eec67add5582bb31b0","","0","0","0","0.000047357172828","0.131612929987011","2616.29","Error(0)","invalid jump destination","Mint"
"0x13ca4f5001083de89fb617a71528a8330c1b6e7bcc8f4ff01c6b6e8ad790616a","22876917","1752007223","2025-07-08 20:40:23","0x0a7da29599a326568c88ef1ff2fb2f42262090fd","0xe5544a2a5fa9b175da60d8eec67add5582bb31b0","","0","0","0","0.000044854263403347","0.12465695641006","2616.29","","","Mint"
"0x549d57058625dad1bc4c62e4e0d86e070df3014c31f2f79b4fb16062227df402","22876924","1752007307","2025-07-08 20:41:47","0x0a7da29599a326568c88ef1ff2fb2f42262090fd","0xe5544a2a5fa9b175da60d8eec67add5582bb31b0","","0","0","0","0.000044731947597726","0.124317021810924","2616.29","","","Mint"
"0x9cce0d158ae2e87b2f5232a63a8e2fac57e8d6f5d6580938ca81387778037812","22876934","1752007427","2025-07-08 20:43:47","0x4822c6499d4d0b0699f42419610f894c6662a484","0xe5544a2a5fa9b175da60d8eec67add5582bb31b0","","0","0","0","0.000050181690833112","0.139462703701418","2616.29","","","Mint"
"0x62a2186a0166ef4e09125b79c767775f72c734de238bca1ce63dbacf4be02bdf","22876936","1752007451","2025-07-08 20:44:11","0x0a7da29599a326568c88ef1ff2fb2f42262090fd","0xe5544a2a5fa9b175da60d8eec67add5582bb31b0","","0","0","0","0.000049728864342675","0.138204228635801","2616.29","","","Mint"
"0x3a50521e4a5d7139d19921ea4be831ff582b917497f2ad8965471f4d5e52341d","22876938","1752007475","2025-07-08 20:44:35","0x4822c6499d4d0b0699f42419610f894c6662a484","0xe5544a2a5fa9b175da60d8eec67add5582bb31b0","","0","0","0","0.000048853011933984","0.13577009891774","2616.29","","","Mint"
"0x6fbf8374a4b294b067a4c30bda318654b22fc73c080c79ac39ce6e08171b4d82","22876941","1752007511","2025-07-08 20:45:11","0x4822c6499d4d0b0699f42419610f894c6662a484","0xe5544a2a5fa9b175da60d8eec67add5582bb31b0","","0","0","0","0.000049288649049612","0.136980802044109","2616.29","","","Mint"
"0xcf837d7a4bc1e78ff327835408e635ed7b85ce2361475ac2e0cb33901621d492","22876946","1752007571","2025-07-08 20:46:11","0x4822c6499d4d0b0699f42419610f894c6662a484","0xe5544a2a5fa9b175da60d8eec67add5582bb31b0","","0","0","0","0.000045569915031528","0.126645863306529","2616.29","","","Mint"
"0xb7d768cd6534f31928faecb4f6a470a37dd5431d486901eab1efcdd03c6a4a9b","22876955","1752007679","2025-07-08 20:47:59","0x4822c6499d4d0b0699f42419610f894c6662a484","0xe5544a2a5fa9b175da60d8eec67add5582bb31b0","","0","0","0","0.000048449470539093","0.134648594778429","2616.29","","","Mint"
"0x57c1756773e30381430cb843c291d3dff0067f7c4fe468c88a0b46637c624ca8","22876959","1752007727","2025-07-08 20:48:47","0x0a7da29599a326568c88ef1ff2fb2f42262090fd","0xe5544a2a5fa9b175da60d8eec67add5582bb31b0","","0","0","0","0.000052697347416","0.146454103608619","2616.29","Error(0)","invalid jump destination","Mint"
"0x10f2acfc83ccad64827d778f0688ff10579306867a79c5e105795be2d9f182f2","22876964","1752007787","2025-07-08 20:49:47","0x4822c6499d4d0b0699f42419610f894c6662a484","0xe5544a2a5fa9b175da60d8eec67add5582bb31b0","","0","0","0","0.000039971493223602","0.111086980597874","2616.29","","","Mint"
"0xf4d148acf5db1556bd80edf97c9c6317e402fe244fb10b5b18e388e3e13c1e1c","22876967","1752007823","2025-07-08 20:50:23","0x4822c6499d4d0b0699f42419610f894c6662a484","0xe5544a2a5fa9b175da60d8eec67add5582bb31b0","","0","0","0","0.000044868344604765","0.124696090253271","2616.29","","","Mint"
"0x7f71ff43335c88edff424fc8cbf6c3fc2e04153af37306f8972f4b27b813ccc0","22876970","1752007859","2025-07-08 20:50:59","0x4822c6499d4d0b0699f42419610f894c6662a484","0xe5544a2a5fa9b175da60d8eec67add5582bb31b0","","0","0","0","0.000045643546691523","0.126850497112414","2616.29","","","Mint"
"0x07b1a1c3d31dee66535da195977de0e83f18e738695a50092ceac20dceeb8f5c","22876976","1752007931","2025-07-08 20:52:11","0x0a7da29599a326568c88ef1ff2fb2f42262090fd","0xe5544a2a5fa9b175da60d8eec67add5582bb31b0","","0","0","0","0.000049569259068","0.137760660817307","2616.29","Error(0)","invalid jump destination","Mint"
"0x6a6fc8115a388e6ef92d23320ab0b79ce92091f95f29a1c04c30534aba98979b","22876982","1752008003","2025-07-08 20:53:23","0x4822c6499d4d0b0699f42419610f894c6662a484","0xe5544a2a5fa9b175da60d8eec67add5582bb31b0","","0","0","0","0.000040946102613489","0.113795571287225","2616.29","","","Mint"
"0x70a55dd4fe79f1058b293718b94cea7b64cff8775d611cef3be9c9581afc9c9a","22876991","1752008111","2025-07-08 20:55:11","0x4822c6499d4d0b0699f42419610f894c6662a484","0xe5544a2a5fa9b175da60d8eec67add5582bb31b0","","0","0","0","0.000038759728163385","0.107719297509817","2616.29","","","Mint"
"0x8cf9b1004b1de3b4d78ff335bf7c9c5ede63810c9c370508f70609e9fa590bd6","22876998","1752008195","2025-07-08 20:56:35","0x4822c6499d4d0b0699f42419610f894c6662a484","0xe5544a2a5fa9b175da60d8eec67add5582bb31b0","","0","0","0","0.000038553123207171","0.107145110285087","2616.29","","","Mint"
"0x18f9a1a72290d28a82b3912e6f9e5819199407312ff1963703757c6efdcd5896","22877002","1752008243","2025-07-08 20:57:23","0x4822c6499d4d0b0699f42419610f894c6662a484","0xe5544a2a5fa9b175da60d8eec67add5582bb31b0","","0","0","0","0.00003803264632833","0.105698624295234","2616.29","","","Mint"
"0xd09cf93826620f6e70db7ec7d34177446381ad068eea39c6ec8dc3c36d2bc91b","22877007","1752008303","2025-07-08 20:58:23","0x4822c6499d4d0b0699f42419610f894c6662a484","0xe5544a2a5fa9b175da60d8eec67add5582bb31b0","","0","0","0","0.000040474491830253","0.112484891757841","2616.29","","","Mint"
"0x35d812657482343ccf87b79202837aa209aa864c2f704e1a2aed24c2b7284243","22877017","1752008423","2025-07-08 21:00:23","0x4822c6499d4d0b0699f42419610f894c6662a484","0xe5544a2a5fa9b175da60d8eec67add5582bb31b0","","0","0","0","0.000040586226774135","0.112795420500755","2616.29","","","Mint"
"0x09a5a15fd8b46eaf506d07a5af5c8899986e8d5cbb0913d7b666a6db558e2c3e","22877020","1752008459","2025-07-08 21:00:59","0x4822c6499d4d0b0699f42419610f894c6662a484","0xe5544a2a5fa9b175da60d8eec67add5582bb31b0","","0","0","0","0.000041151848195829","0.114367370178641","2616.29","","","Mint"
"0x6242101a38815a296b683cc056b8232f7672fa7eab2e53bd393a5a943c5dd534","22877028","1752008555","2025-07-08 21:02:35","0x4822c6499d4d0b0699f42419610f894c6662a484","0xe5544a2a5fa9b175da60d8eec67add5582bb31b0","","0","0","0","0.000042118453877574","0.117053717321419","2616.29","","","Mint"
"0x80a91f929c48e4f46013ed497b3d9198f5eca77d6f7dc76c644ed67369974373","22877030","1752008579","2025-07-08 21:02:59","0x4822c6499d4d0b0699f42419610f894c6662a484","0xe5544a2a5fa9b175da60d8eec67add5582bb31b0","","0","0","0","0.000043132256875521","0.119871233127822","2616.29","","","Mint"
"0x08373e8d7dca25e02bfbae9e3e372afc84f5bf29b04fab1ba5d83508bfebdde9","22877036","1752008651","2025-07-08 21:04:11","0x4822c6499d4d0b0699f42419610f894c6662a484","0xe5544a2a5fa9b175da60d8eec67add5582bb31b0","","0","0","0","0.000044418313809249","0.123445384857546","2616.29","","","Mint"
"0xda0760ab067c7ae2520799cb585fdd370ef7b28a6405ed7b2314ab73cba8c624","22877043","1752008735","2025-07-08 21:05:35","0x4822c6499d4d0b0699f42419610f894c6662a484","0xe5544a2a5fa9b175da60d8eec67add5582bb31b0","","0","0","0","0.000045014684506347","0.125102791542031","2616.29","","","Mint"
"0x57da4ee3b2165129bba71db17c4cfdf018dca99417b3e2c658e03d25d965c6f0","22877051","1752008831","2025-07-08 21:07:11","0x4822c6499d4d0b0699f42419610f894c6662a484","0xe5544a2a5fa9b175da60d8eec67add5582bb31b0","","0","0","0","0.000040798245197196","0.113384652589664","2616.29","","","Mint"
"0x1f938f473b2c75f6ddf3d3e577054b3d76f2d96d8f3ee9cbfd425dd1ef24ed38","22877055","1752008879","2025-07-08 21:07:59","0x4822c6499d4d0b0699f42419610f894c6662a484","0xe5544a2a5fa9b175da60d8eec67add5582bb31b0","","0","0","0","0.000041802378730047","0.116175295452504","2616.29","","","Mint"
"0xabbd3c08088820a05f78afc3ce427915ec397989a59c23b7330c59732d0ef0e6","22877065","1752008999","2025-07-08 21:09:59","0x4822c6499d4d0b0699f42419610f894c6662a484","0xe5544a2a5fa9b175da60d8eec67add5582bb31b0","","0","0","0","0.000043324965969489","0.120406801595652","2616.29","","","Mint"
"0xc5b4e924b418732fb3757618ed2166f138889a8ca23a5829438439ffba336854","22877069","1752009047","2025-07-08 21:10:47","0x4822c6499d4d0b0699f42419610f894c6662a484","0xe5544a2a5fa9b175da60d8eec67add5582bb31b0","","0","0","0","0.000037298270773389","0.103657680701586","2616.29","","","Mint"
"0x778bdf10bcd74818681b5003b52c40265799e289506c25d3b44e642865607cb5","22877072","1752009083","2025-07-08 21:11:23","0x4822c6499d4d0b0699f42419610f894c6662a484","0xe5544a2a5fa9b175da60d8eec67add5582bb31b0","","0","0","0","0.000040477260188148","0.112492585453897","2616.29","","","Mint"
"0x33fd6841d12df31fd310de56fea226f7a65698767937b59e2b057a55c51d5a3a","22877081","1752009191","2025-07-08 21:13:11","0x4822c6499d4d0b0699f42419610f894c6662a484","0xe5544a2a5fa9b175da60d8eec67add5582bb31b0","","0","0","0","0.000042074535667512","0.116931661802458","2616.29","","","Mint"
"0x91f92f4b4df4671d1145dc6d311aa02148fa560014ac2f83381db390791d4a67","22877088","1752009275","2025-07-08 21:14:35","0x4822c6499d4d0b0699f42419610f894c6662a484","0xe5544a2a5fa9b175da60d8eec67add5582bb31b0","","0","0","0","0.000036497394533976","0.101431921389286","2616.29","","","Mint"
"0x1ae64d901394c157e35aaf5ef9513347be9cfbef014dedcafa7e9cabcdd88841","22877093","1752009335","2025-07-08 21:15:35","0x4822c6499d4d0b0699f42419610f894c6662a484","0xe5544a2a5fa9b175da60d8eec67add5582bb31b0","","0","0","0","0.00003883111787748","0.107917700600245","2616.29","","","Mint"
"0x4f946d0254b53d1ff97d5a24a4ca4f99d612f9c9b8b7f1b23fae3d5bb29d12b8","22877096","1752009371","2025-07-08 21:16:11","0x4822c6499d4d0b0699f42419610f894c6662a484","0xe5544a2a5fa9b175da60d8eec67add5582bb31b0","","0","0","0","0.000037041261297519","0.102943411497287","2616.29","","","Mint"
"0xf108099a8aaf5e92757128ed42fa4c4d01a8d619a10a419abd81f209f72b8e05","22877104","1752009479","2025-07-08 21:17:59","0x4822c6499d4d0b0699f42419610f894c6662a484","0xe5544a2a5fa9b175da60d8eec67add5582bb31b0","","0","0","0","0.000038802864441573","0.107839179918796","2616.29","","","Mint"
"0xe588eddc46a85b5483b8bbef52788c3d309ef828e06a070cc737664aa344b934","22877112","1752009575","2025-07-08 21:19:35","0x4822c6499d4d0b0699f42419610f894c6662a484","0xe5544a2a5fa9b175da60d8eec67add5582bb31b0","","0","0","0","0.000038651028016599","0.107417202938833","2616.29","","","Mint"
"0x9ed8c67f9b948de3b6c2914f340e887140581f76774f56c1074f95babe866ddb","22877118","1752009647","2025-07-08 21:20:47","0x4822c6499d4d0b0699f42419610f894c6662a484","0xe5544a2a5fa9b175da60d8eec67add5582bb31b0","","0","0","0","0.000042582024090276","0.118342050857925","2616.29","","","Mint"
"0x608aa7208d8c9fdec008e8a4867e53fa48718466c939d070487edc93911787bb","22877126","1752009743","2025-07-08 21:22:23","0x4822c6499d4d0b0699f42419610f894c6662a484","0xe5544a2a5fa9b175da60d8eec67add5582bb31b0","","0","0","0","0.000043792810128729","0.12170701309262","2616.29","","","Mint"
"0x036f2c03b6e9ffae18ac43b078f81e76b43b2fc5bf60a1658fdf9b7258aa120b","22877135","1752009851","2025-07-08 21:24:11","0x4822c6499d4d0b0699f42419610f894c6662a484","0xe5544a2a5fa9b175da60d8eec67add5582bb31b0","","0","0","0","0.00004187879086761","0.116387656636897","2616.29","","","Mint"
"0xc878811a3a0b34d28d09c90b8c7c02aefb14922c68986303a63e2a6f55471699","22877148","1752010007","2025-07-08 21:26:47","0x4822c6499d4d0b0699f42419610f894c6662a484","0xe5544a2a5fa9b175da60d8eec67add5582bb31b0","","0","0","0","0.000043404161897745","0.12062689936624","2616.29","","","Mint"
"0xf230c0afadcfd5f338985d58974cd34cb24ef05ac568e5aaabf14c5608950200","22877150","1752010031","2025-07-08 21:27:11","0x4822c6499d4d0b0699f42419610f894c6662a484","0xe5544a2a5fa9b175da60d8eec67add5582bb31b0","","0","0","0","0.00004336599284376","0.120520821643906","2616.29","","","Mint"
"0x454337e02b43b49959096506b282940c767f95a3d5254ca17a86064e34187277","22877154","1752010079","2025-07-08 21:27:59","0x4822c6499d4d0b0699f42419610f894c6662a484","0xe5544a2a5fa9b175da60d8eec67add5582bb31b0","","0","0","0","0.000042976815584634","0.119439237666249","2616.29","","","Mint"
"0x1ea23221e4679fee0a74bd7ed07b0630cc56ab7f94a694c61c39df03cbc14d56","22877156","1752010103","2025-07-08 21:28:23","0x4822c6499d4d0b0699f42419610f894c6662a484","0xe5544a2a5fa9b175da60d8eec67add5582bb31b0","","0","0","0","0.000043173344871996","0.119985423044162","2616.29","","","Mint"
"0x400df7ac9d8c146faf791ff140da53b35f5a7cb0ff26e7e9d79b1727e71df3dc","22877168","1752010247","2025-07-08 21:30:47","0x4822c6499d4d0b0699f42419610f894c6662a484","0xe5544a2a5fa9b175da60d8eec67add5582bb31b0","","0","0","0","0.000040246389981585","0.111850961334087","2616.29","","","Mint"
"0x0536e9785c50ae67790845a535825f18daba557d21c94d710d902e6f0b9a5dbb","22877203","1752010667","2025-07-08 21:37:47","0x4822c6499d4d0b0699f42419610f894c6662a484","0xe5544a2a5fa9b175da60d8eec67add5582bb31b0","","0","0","0","0.0000460597500693","0.128007190866466","2616.29","","","Mint"
"0xfda49f4dbad741545e20b59f6b11b07a872d6721691ae7dbe68ea45cdf81e413","22877212","1752010775","2025-07-08 21:39:35","0x4822c6499d4d0b0699f42419610f894c6662a484","0xe5544a2a5fa9b175da60d8eec67add5582bb31b0","","0","0","0","0.000041654998821126","0.115765703822008","2616.29","","","Mint"
"0xf86f328c2715031e345c87bde679b855900ace01df3237ff668958f0a3ae7a6d","22877263","1752011387","2025-07-08 21:49:47","0x4822c6499d4d0b0699f42419610f894c6662a484","0xe5544a2a5fa9b175da60d8eec67add5582bb31b0","","0","0","0","0.000046063936871307","0.128018826638758","2616.29","","","Mint"
"0x2c928deabf545461436fa6e55e97547e61038bdc39f0f22b5bdc3b4236e9b942","22877286","1752011663","2025-07-08 21:54:23","0x4822c6499d4d0b0699f42419610f894c6662a484","0xe5544a2a5fa9b175da60d8eec67add5582bb31b0","","0","0","0","0.000042150347397249","0.117142354360359","2616.29","","","Mint"
"0x0bd6f85ddf2a777c1d4615658a918f2093e670de779d9a0ad8e969e402861af2","22877303","1752011867","2025-07-08 21:57:47","0x4822c6499d4d0b0699f42419610f894c6662a484","0xe5544a2a5fa9b175da60d8eec67add5582bb31b0","","0","0","0","0.000035604837266349","0.0989513662767528","2616.29","","","Mint"
"0xc30cfb9ddd15247ca59551c5ac44d689501d55e11bcb0a49b2b8e2f298b6f6b1","22877310","1752011951","2025-07-08 21:59:11","0x4822c6499d4d0b0699f42419610f894c6662a484","0xe5544a2a5fa9b175da60d8eec67add5582bb31b0","","0","0","0","0.000038700226531989","0.107553933245454","2616.29","","","Mint"
"0x769a79481715f70a53b7fd4e1e3222cd9ef3ca43989d9b9f6ddb82b00bad9c8c","22877320","1752012071","2025-07-08 22:01:11","0x4822c6499d4d0b0699f42419610f894c6662a484","0xe5544a2a5fa9b175da60d8eec67add5582bb31b0","","0","0","0","0.000032628388845249","0.0906793543667731","2616.29","","","Mint"
"0x444ee462aace34ede3fc5e1a4c02c2a9c2fff9e0dad8989ca3e40a7865710e0c","22877335","1752012251","2025-07-08 22:04:11","0x4822c6499d4d0b0699f42419610f894c6662a484","0xe5544a2a5fa9b175da60d8eec67add5582bb31b0","","0","0","0","0.000033409657738287","0.0928506218217349","2616.29","","","Mint"
"0x2f4cb82508033dad78ee5164749f72e7a4384a52397aab940779c265dcc4abe3","22877342","1752012335","2025-07-08 22:05:35","0x4822c6499d4d0b0699f42419610f894c6662a484","0xe5544a2a5fa9b175da60d8eec67add5582bb31b0","","0","0","0","0.000034800784627143","0.096716779256661","2616.29","","","Mint"
"0xd3e5ecec4af010a6e35262bb0635afde5df5cc2e43026f425b484363db0e0b05","22877363","1752012587","2025-07-08 22:09:47","0x4822c6499d4d0b0699f42419610f894c6662a484","0xe5544a2a5fa9b175da60d8eec67add5582bb31b0","","0","0","0","0.000033746481533664","0.0937867074018417","2616.29","","","Mint"
"0x23b8bdd1de781198ea165c68e973317ca51319e5a91c330ef368cf1afe3510f8","22877381","1752012803","2025-07-08 22:13:23","0x4822c6499d4d0b0699f42419610f894c6662a484","0xe5544a2a5fa9b175da60d8eec67add5582bb31b0","","0","0","0","0.000034343388748938","0.0954456051535704","2616.29","","","Mint"
"0x139793c95f537b574d8053e7b480e3d6a8fda9fef524c71514fd23df99c82468","22877388","1752012887","2025-07-08 22:14:47","0x4822c6499d4d0b0699f42419610f894c6662a484","0xe5544a2a5fa9b175da60d8eec67add5582bb31b0","","0","0","0","0.000033544200628962","0.0932245373870701","2616.29","","","Mint"
"0x7f3c44a011901067108af8d7a3cd72cfcc53e0070f8467f06e33d64f1028cf3c","22877392","1752012935","2025-07-08 22:15:35","0x4822c6499d4d0b0699f42419610f894c6662a484","0xe5544a2a5fa9b175da60d8eec67add5582bb31b0","","0","0","0","0.000034817361435732","0.0967628487793531","2616.29","","","Mint"
"0x2914986dfcbc8f4101e0bef52c63db9c9154cd2a7c3cab8dd28a692911071d5f","22877419","1752013259","2025-07-08 22:20:59","0x4822c6499d4d0b0699f42419610f894c6662a484","0xe5544a2a5fa9b175da60d8eec67add5582bb31b0","","0","0","0","0.00003092593880487","0.0859479815970222","2616.29","","","Mint"
"0x35fbe956d43bd9967e8cb6eb7c05ffbf76d79faa9127b02b5c9b55588b5bad7c","22877433","1752013427","2025-07-08 22:23:47","0x4822c6499d4d0b0699f42419610f894c6662a484","0xe5544a2a5fa9b175da60d8eec67add5582bb31b0","","0","0","0","0.000029441662006665","0.0818229461133162","2616.29","","","Mint"
"0xfd399d8a645ec0c6051f7fd051737f96c61b75382eb14f97615ddbfa8930b8f1","22877441","1752013523","2025-07-08 22:25:23","0x4822c6499d4d0b0699f42419610f894c6662a484","0xe5544a2a5fa9b175da60d8eec67add5582bb31b0","","0","0","0","0.00002892015654318","0.080373601527169","2616.29","","","Mint"
"0x25a11ece96d6ca5bbbfe89d6b4e9b3577ff8c124070afd832c57117644bd9778","22877444","1752013559","2025-07-08 22:25:59","0x4822c6499d4d0b0699f42419610f894c6662a484","0xe5544a2a5fa9b175da60d8eec67add5582bb31b0","","0","0","0","0.000028725491517084","0.0798325972205238","2616.29","","","Mint"
"0x9cb64efa9965c75b2883a785414432e508e67cf1b68aaf9e9bf967b407e4ac55","22877462","1752013775","2025-07-08 22:29:35","0x4822c6499d4d0b0699f42419610f894c6662a484","0xe5544a2a5fa9b175da60d8eec67add5582bb31b0","","0","0","0","0.000027020224175466","0.0750933947335711","2616.29","","","Mint"
"0xf75fa9533d8d9366c0b3447110d31259fff3a053dcb09b8114fbc1112736ebb5","22877472","1752013895","2025-07-08 22:31:35","0x4822c6499d4d0b0699f42419610f894c6662a484","0xe5544a2a5fa9b175da60d8eec67add5582bb31b0","","0","0","0","0.000028032720799446","0.0779072799240564","2616.29","","","Mint"
"0x2e667b61317ab5f919c05ec20cdfd2d04886e87d47fdd10f9861f98cabaa8c1e","22877476","1752013943","2025-07-08 22:32:23","0x4822c6499d4d0b0699f42419610f894c6662a484","0xe5544a2a5fa9b175da60d8eec67add5582bb31b0","","0","0","0","0.000028422021371571","0.0789892066076674","2616.29","","","Mint"
"0xa69fadc407dd4457c2e18a298b8cdbb1001523b3747cb611b8c2ed019447a87d","22877494","1752014159","2025-07-08 22:35:59","0x4822c6499d4d0b0699f42419610f894c6662a484","0xe5544a2a5fa9b175da60d8eec67add5582bb31b0","","0","0","0","0.000031139193434577","0.0865406492959782","2616.29","","","Mint"
"0x829983677ad73f8de263b9cf680b60550187d633e4d1ef6a5a8fc8e5a53f6e43","22877499","1752014219","2025-07-08 22:36:59","0x4822c6499d4d0b0699f42419610f894c6662a484","0xe5544a2a5fa9b175da60d8eec67add5582bb31b0","","0","0","0","0.00003010804325328","0.0836749229759118","2616.29","","","Mint"
"0x87d81350d25f29eef1edcc3e2490063ef5c7f34963f4ec0017bcb5c94860492d","22877502","1752014255","2025-07-08 22:37:35","0x4822c6499d4d0b0699f42419610f894c6662a484","0xe5544a2a5fa9b175da60d8eec67add5582bb31b0","","0","0","0","0.000032538696876084","0.0904300864702079","2616.29","","","Mint"
"0xfe8ba19cee1083ecc0d68133dde8250390e5f8c33e26579ee1c1cb6d992a3815","22877512","1752014375","2025-07-08 22:39:35","0x4822c6499d4d0b0699f42419610f894c6662a484","0xe5544a2a5fa9b175da60d8eec67add5582bb31b0","","0","0","0","0.000029548763982897","0.082120599120401","2616.29","","","Mint"
"0xd37d725b1403cd1fe5dbabdc4a9ef89e2e3b428b6b26e3720d4643d9eef8bb37","22877534","1752014639","2025-07-08 22:43:59","0x4822c6499d4d0b0699f42419610f894c6662a484","0xe5544a2a5fa9b175da60d8eec67add5582bb31b0","","0","0","0","0.000029231367326361","0.0812385045729393","2616.29","","","Mint"
"0x48ff24566bf0409940f7fef4fafee594688a1b407b545bb365c3cc2e8f695884","22877537","1752014675","2025-07-08 22:44:35","0x4822c6499d4d0b0699f42419610f894c6662a484","0xe5544a2a5fa9b175da60d8eec67add5582bb31b0","","0","0","0","0.000027413346059025","0.0761859414344717","2616.29","","","Mint"
"0x9a4ab99e1944dda04d7dc82088d8dff589a2ff8db0a92707aebe44c9a7c69c06","22877546","1752014783","2025-07-08 22:46:23","0x4822c6499d4d0b0699f42419610f894c6662a484","0xe5544a2a5fa9b175da60d8eec67add5582bb31b0","","0","0","0","0.000029022337583685","0.0806575784904651","2616.29","","","Mint"
"0xd458a1515869633ad96af579c7e82d117b16f2f7cc13e73f22a7e5338426a4be","22877578","1752015167","2025-07-08 22:52:47","0x4822c6499d4d0b0699f42419610f894c6662a484","0xe5544a2a5fa9b175da60d8eec67add5582bb31b0","","0","0","0","0.000035475041260506","0.098590643040768","2616.29","","","Mint"
"0xb7e94a686b1ac334b9c2ac7a2ba6fd4dc64a527cd8fe4f22acdf951759f8f48e","22877592","1752015335","2025-07-08 22:55:35","0x4822c6499d4d0b0699f42419610f894c6662a484","0xe5544a2a5fa9b175da60d8eec67add5582bb31b0","","0","0","0","0.000028507274055528","0.0792261370419564","2616.29","","","Mint"
"0x983b80af66490631b7c022307da2bf3b5663f7d960571aaa148ed29a95194b1d","22877595","1752015371","2025-07-08 22:56:11","0x4822c6499d4d0b0699f42419610f894c6662a484","0xe5544a2a5fa9b175da60d8eec67add5582bb31b0","","0","0","0","0.00002779006595931","0.077232904479352","2616.29","","","Mint"
"0xc192235143e75997f700ecb15b8fa9cc25c3a0cc8b69224ddc71b5867ebaa070","22877601","1752015443","2025-07-08 22:57:23","0x4822c6499d4d0b0699f42419610f894c6662a484","0xe5544a2a5fa9b175da60d8eec67add5582bb31b0","","0","0","0","0.000027322109470449","0.0759323808009407","2616.29","","","Mint"
"0xd8d9a56d86c707824c890986bd81517ba61839167aa8a9a3e476a0267bfd25bc","22877622","1752015695","2025-07-08 23:01:35","0x4822c6499d4d0b0699f42419610f894c6662a484","0xe5544a2a5fa9b175da60d8eec67add5582bb31b0","","0","0","0","0.000026341720777707","0.073207728532391","2616.29","","","Mint"
"0x9db956f72a6cb536671848d5f109659bce510e8d7c9d7822f684840927ed1325","22877628","1752015767","2025-07-08 23:02:47","0x4822c6499d4d0b0699f42419610f894c6662a484","0xe5544a2a5fa9b175da60d8eec67add5582bb31b0","","0","0","0","0.000026692520840592","0.0741826563280939","2616.29","","","Mint"
"0x8eb58a0d77051d559c1c5b9f46b5b323337b6ee0c67c2dc95e598583c1e37901","22877643","1752015947","2025-07-08 23:05:47","0x4822c6499d4d0b0699f42419610f894c6662a484","0xe5544a2a5fa9b175da60d8eec67add5582bb31b0","","0","0","0","0.000031127083209501","0.0865069931017868","2616.29","","","Mint"
"0x9d0337ade85241587b90fde9da062f30217de18dcfc8cc401c5c3023c2447001","22877651","1752016043","2025-07-08 23:07:23","0x4822c6499d4d0b0699f42419610f894c6662a484","0xe5544a2a5fa9b175da60d8eec67add5582bb31b0","","0","0","0","0.000038354603389362","0.106593392914263","2616.29","","","Mint"
"0xe2203c13c43b70f554c1ed1567bf337551bc90a0d1df5b37a9f50eb134aa86c4","22877656","1752016103","2025-07-08 23:08:23","0x4822c6499d4d0b0699f42419610f894c6662a484","0xe5544a2a5fa9b175da60d8eec67add5582bb31b0","","0","0","0","0.000038317381124388","0.106489946465469","2616.29","","","Mint"
"0xf8d6b4fbfbaeec9438cc000be8091271039fabfa23f47433d5845b38de97396c","22877661","1752016163","2025-07-08 23:09:23","0x4822c6499d4d0b0699f42419610f894c6662a484","0xe5544a2a5fa9b175da60d8eec67add5582bb31b0","","0","0","0","0.000039524346368166","0.109844290119029","2616.29","","","Mint"
"0x7cfc5738ede44659a6d34d6f4136d05c81f3b534b50c3594ab04e2c3b4a00f04","22877672","1752016295","2025-07-08 23:11:35","0x4822c6499d4d0b0699f42419610f894c6662a484","0xe5544a2a5fa9b175da60d8eec67add5582bb31b0","","0","0","0","0.000036088133776338","0.100294522253635","2616.29","","","Mint"
"0x4d7773d9b8f37bdf6c984e6431f0ceabf4d10f0b666a46e9b84579c52fab6b7f","22877682","1752016415","2025-07-08 23:13:35","0x4822c6499d4d0b0699f42419610f894c6662a484","0xe5544a2a5fa9b175da60d8eec67add5582bb31b0","","0","0","0","0.000035235759608577","0.0979256422093863","2616.29","","","Mint"
"0x50341081642145ed8c8795d248f53dd288429c8ded2cf2e7a32d39f10cd63101","22877694","1752016559","2025-07-08 23:15:59","0x4822c6499d4d0b0699f42419610f894c6662a484","0xe5544a2a5fa9b175da60d8eec67add5582bb31b0","","0","0","0","0.000029445922788063","0.0818347874858124","2616.29","","","Mint"
"0x694d779ffbaa510b2d5895e3a204005469ef01355c8f2f99bda6313d6d8a235f","22877699","1752016619","2025-07-08 23:16:59","0x4822c6499d4d0b0699f42419610f894c6662a484","0xe5544a2a5fa9b175da60d8eec67add5582bb31b0","","0","0","0","0.000031922712637251","0.0887181707105176","2616.29","","","Mint"
"0xd29131642d9d5e8dd86b51817ad32f24dc5a621b34010b529c7c3c684ec72e52","22877719","1752016859","2025-07-08 23:20:59","0x4822c6499d4d0b0699f42419610f894c6662a484","0xe5544a2a5fa9b175da60d8eec67add5582bb31b0","","0","0","0","0.00002581262049984","0.0717372767788639","2616.29","","","Mint"
"0x00e5239a1c672623724830677e7c6b41d724927dc0d8d441c5c9f747c2dc6ace","22877727","1752016967","2025-07-08 23:22:47","0x4822c6499d4d0b0699f42419610f894c6662a484","0xe5544a2a5fa9b175da60d8eec67add5582bb31b0","","0","0","0","0.00002918622712026","0.081113052937413","2616.29","","","Mint"
"0xd200a06195da00e68976db77638f9c58f9cf3548d4e4fe6963b2ef2a4b919762","22877791","1752017735","2025-07-08 23:35:35","0x4822c6499d4d0b0699f42419610f894c6662a484","0xe5544a2a5fa9b175da60d8eec67add5582bb31b0","","0","0","0","0.000023667572121174","0.065775854565053","2616.29","","","Mint"
"0x819b9a2178a238445a14bd76c0959da76950c80343d2b311f27931cc4eece0a9","22877796","1752017795","2025-07-08 23:36:35","0x4822c6499d4d0b0699f42419610f894c6662a484","0xe5544a2a5fa9b175da60d8eec67add5582bb31b0","","0","0","0","0.000019819919941038","0.0550826322555658","2616.29","","","Mint"
"0x972c5b24623ef147c1a3bc6d3a3d138f52eb3c543f6b63f533a8dcd25d669ac9","22877838","1752018299","2025-07-08 23:44:59","0x4822c6499d4d0b0699f42419610f894c6662a484","0xe5544a2a5fa9b175da60d8eec67add5582bb31b0","","0","0","0","0.000020031378923091","0.0556703095711258","2616.29","","","Mint"
"0x46f5158927da693933e1c429eb2bba1e28fae0f72e3990be69e5365f2bb847ff","22877856","1752018515","2025-07-08 23:48:35","0x4822c6499d4d0b0699f42419610f894c6662a484","0xe5544a2a5fa9b175da60d8eec67add5582bb31b0","","0","0","0","0.000019264166858277","0.0535381082224875","2616.29","","","Mint"
"0xd13884f4c476ee0878c63ab43fbe2ba260eaf0df99d96f60b8f22a0c48d898c8","22877866","1752018635","2025-07-08 23:50:35","0x4822c6499d4d0b0699f42419610f894c6662a484","0xe5544a2a5fa9b175da60d8eec67add5582bb31b0","","0","0","0","0.000018289070608221","0.0508281644731989","2616.29","","","Mint"
"0xf5f7c112b753bd172294e0dc92b02c857e5b1d45b26f5ed254ae1eb97eed18fe","22877873","1752018719","2025-07-08 23:51:59","0x4822c6499d4d0b0699f42419610f894c6662a484","0xe5544a2a5fa9b175da60d8eec67add5582bb31b0","","0","0","0","0.000017354563744893","0.0482310249264131","2616.29","","","Mint"
"0x2b9bc2ae659b51a416a8080ba5090a86fa24f43113fb80d4ebbea8c20b9f3433","22877878","1752018779","2025-07-08 23:52:59","0x4822c6499d4d0b0699f42419610f894c6662a484","0xe5544a2a5fa9b175da60d8eec67add5582bb31b0","","0","0","0","0.000016279160958978","0.0452423137530387","2616.29","","","Mint"
"0xee6e7f9be7a3136d61fab3719cc4edd834666b6ae0fff74c5ce47e57b9c3f61d","22877890","1752018935","2025-07-08 23:55:35","0x4822c6499d4d0b0699f42419610f894c6662a484","0xe5544a2a5fa9b175da60d8eec67add5582bb31b0","","0","0","0","0.000017470503324723","0.0485532390049079","2616.29","","","Mint"
"0xd1d65ec33e7194d3911a4c75164d42c75cdc8f7c4092c9aeb95032b205346224","22877903","1752019091","2025-07-08 23:58:11","0x4822c6499d4d0b0699f42419610f894c6662a484","0xe5544a2a5fa9b175da60d8eec67add5582bb31b0","","0","0","0","0.000015651919002753","0.0434991110502636","2616.29","","","Mint"
"0x5a080062a586caa7812e0e13f20201d060395ff62da42380e283b7eab173369f","22877924","1752019343","2025-07-09 00:02:23","0x4822c6499d4d0b0699f42419610f894c6662a484","0xe5544a2a5fa9b175da60d8eec67add5582bb31b0","","0","0","0","0.000017511196075485","0.0486663304720964","2769.99","","","Mint"
"0x42bbf64859ec3b3b7fc82b72fcdeac36f1209b6359bf0863db68b2e4299ea44b","22877947","1752019619","2025-07-09 00:06:59","0x4822c6499d4d0b0699f42419610f894c6662a484","0xe5544a2a5fa9b175da60d8eec67add5582bb31b0","","0","0","0","0.000017046010964757","0.0473735088834511","2769.99","","","Mint"
"0x48948e36808ce4faf4b4c395c51ee88cc029375f084921c5748680ea5553ce96","22877961","1752019787","2025-07-09 00:09:47","0x4822c6499d4d0b0699f42419610f894c6662a484","0xe5544a2a5fa9b175da60d8eec67add5582bb31b0","","0","0","0","0.000016448993859285","0.0457143057298144","2769.99","","","Mint"
"0x5de46227de23260085a3eee9846ec4dcffdecafbf00e2f8f6fbd0ff52a99a163","22877974","1752019943","2025-07-09 00:12:23","0x4822c6499d4d0b0699f42419610f894c6662a484","0xe5544a2a5fa9b175da60d8eec67add5582bb31b0","","0","0","0","0.00001580786296398","0.0439325035106921","2769.99","","","Mint"
"0xc8f0db28386ec957aa1fdb0c65a96027f2f9a8b1306d5092e50b7f5a6b4bb8dc","22877993","1752020171","2025-07-09 00:16:11","0x4822c6499d4d0b0699f42419610f894c6662a484","0xe5544a2a5fa9b175da60d8eec67add5582bb31b0","","0","0","0","0.000015602864503335","0.0433627809863703","2769.99","","","Mint"
"0x03aee4b0cb1657ae511eb360e8d1b0695faa8d2f3daccef8554807360c472bfd","22878021","1752020507","2025-07-09 00:21:47","0x4822c6499d4d0b0699f42419610f894c6662a484","0xe5544a2a5fa9b175da60d8eec67add5582bb31b0","","0","0","0","0.000015595717419876","0.0433429181326835","2769.99","","","Mint"
"0xffbe079a38dd15090afd0839eeeb01baca6af91b3a880b0df4c305afc417afce","22878028","1752020591","2025-07-09 00:23:11","0x4822c6499d4d0b0699f42419610f894c6662a484","0xe5544a2a5fa9b175da60d8eec67add5582bb31b0","","0","0","0","0.000015220460282808","0.0423000203337073","2769.99","","","Mint"
"0xd94aa706ca15bb4ca5b7ae1b21adde067779285ec93a3cc358cd4afcda6ca66b","22878033","1752020651","2025-07-09 00:24:11","0x4822c6499d4d0b0699f42419610f894c6662a484","0xe5544a2a5fa9b175da60d8eec67add5582bb31b0","","0","0","0","0.000015615191023917","0.0433970382993276","2769.99","","","Mint"
"0x07afdb9eb5cfba7551031978ce98128383197acc713d493e7107c4e7d6ea43d9","22878036","1752020687","2025-07-09 00:24:47","0x4822c6499d4d0b0699f42419610f894c6662a484","0xe5544a2a5fa9b175da60d8eec67add5582bb31b0","","0","0","0","0.000015856836936291","0.0440686097772627","2769.99","","","Mint"
"0x848a1c035a8fb8fc0ef903608e5c34bc4399f6e79352d2bad5803564afdecd20","22878048","1752020831","2025-07-09 00:27:11","0x4822c6499d4d0b0699f42419610f894c6662a484","0xe5544a2a5fa9b175da60d8eec67add5582bb31b0","","0","0","0","0.000016873447962903","0.0468939295309452","2769.99","","","Mint"
"0xf6e9bdc8a4c250441a465a8a9288df76977d14ecfd34ced4440e39f366744737","22878068","1752021083","2025-07-09 00:31:23","0x4822c6499d4d0b0699f42419610f894c6662a484","0xe5544a2a5fa9b175da60d8eec67add5582bb31b0","","0","0","0","0.000017370922515531","0.0482764884878143","2769.99","","","Mint"
"0x6874b976a1addf893c45820e2f5eb61459e459508d509226839d32841575235c","22878071","1752021119","2025-07-09 00:31:59","0x4822c6499d4d0b0699f42419610f894c6662a484","0xe5544a2a5fa9b175da60d8eec67add5582bb31b0","","0","0","0","0.000017015308270716","0.0472881813336857","2769.99","","","Mint"
"0x637e34cf9d7c4d0ba54ba9588099e9bd1e80d229d7324c772a40354e28180146","22878077","1752021191","2025-07-09 00:33:11","0x4822c6499d4d0b0699f42419610f894c6662a484","0xe5544a2a5fa9b175da60d8eec67add5582bb31b0","","0","0","0","0.000017702138193594","0.0491969882398969","2769.99","","","Mint"
"0xa7a74d72753acaa76500f2ac753b852d875e34af05b1369f2ec04d1ec8cc143e","22878086","1752021299","2025-07-09 00:34:59","0x4822c6499d4d0b0699f42419610f894c6662a484","0xe5544a2a5fa9b175da60d8eec67add5582bb31b0","","0","0","0","0.000016011643571733","0.044498841432897","2769.99","","","Mint"
"0x253913aaebd291e791418f13caab72cbc1c5389ab1db590a9ef2b043f977a207","22878107","1752021563","2025-07-09 00:39:23","0x4822c6499d4d0b0699f42419610f894c6662a484","0xe5544a2a5fa9b175da60d8eec67add5582bb31b0","","0","0","0","0.000015048500272443","0.0418221167880938","2769.99","","","Mint"
"0x795f29e693b7c553519e94a81b98ff8eeabf7e97a121c7f6e575cd6ff3b2c508","22878130","1752021839","2025-07-09 00:43:59","0x4822c6499d4d0b0699f42419610f894c6662a484","0xe5544a2a5fa9b175da60d8eec67add5582bb31b0","","0","0","0","0.00001367077198314","0.0379931961399011","2769.99","","","Mint"
"0xefa6b122736c3dacdcc6b25a6f97d42ded0f1c50f967bc246e4174b6f7f619fb","22878137","1752021923","2025-07-09 00:45:23","0x4822c6499d4d0b0699f42419610f894c6662a484","0xe5544a2a5fa9b175da60d8eec67add5582bb31b0","","0","0","0","0.0000135222482946","0.0375804257684048","2769.99","","","Mint"
"0x0231354033befa350d5604c2949a6fa757eb9d5d933516f991b89d44e1b4ce2e","22878144","1752022007","2025-07-09 00:46:47","0x4822c6499d4d0b0699f42419610f894c6662a484","0xe5544a2a5fa9b175da60d8eec67add5582bb31b0","","0","0","0","0.00001276480796679","0.0354753815928273","2769.99","","","Mint"
"0x685c4b6c617831790f0b052c6a40d2fc31cd1c1ee7d132a2d10b5047bf94b7bd","22878157","1752022175","2025-07-09 00:49:35","0x4822c6499d4d0b0699f42419610f894c6662a484","0xe5544a2a5fa9b175da60d8eec67add5582bb31b0","","0","0","0","0.000014566208351409","0.0404817527197637","2769.99","","","Mint"
"0x8e977ca24c53f37cfe6cec0a62f37d953782bb7273e54d65ad79ed43faeab168","22878220","1752022931","2025-07-09 01:02:11","0x4822c6499d4d0b0699f42419610f894c6662a484","0xe5544a2a5fa9b175da60d8eec67add5582bb31b0","","0","0","0","0.000014379069757722","0.0399616655363871","2769.99","","","Mint"
"0xeedbae65bceaa06d4d003d64a5a3a8f755b6be1d4dd5a33f3b383c927f1ad30c","22878227","1752023015","2025-07-09 01:03:35","0x4822c6499d4d0b0699f42419610f894c6662a484","0xe5544a2a5fa9b175da60d8eec67add5582bb31b0","","0","0","0","0.000015833192189967","0.044002897359129","2769.99","","","Mint"
"0xbeb2b7780cf3f766b94eb8b4bcaa12b476a08ac732758e6a9c8b6c4ec3fdaacd","22878231","1752023063","2025-07-09 01:04:23","0x4822c6499d4d0b0699f42419610f894c6662a484","0xe5544a2a5fa9b175da60d8eec67add5582bb31b0","","0","0","0","0.000013572289495113","0.0377194980277118","2769.99","","","Mint"
"0xef63bc13f5ab2d4d08b3f0dabc6a622921ec9e3cebc5a5f23ee656a0444b5f07","22878262","1752023435","2025-07-09 01:10:35","0x4822c6499d4d0b0699f42419610f894c6662a484","0xe5544a2a5fa9b175da60d8eec67add5582bb31b0","","0","0","0","0.000016739350385274","0.046521251559648","2769.99","","","Mint"
"0x5a1e202f683b6cd391aa2d33ebb243f20a0d330c153912ef2aa05553b34861e0","22878281","1752023663","2025-07-09 01:14:23","0x4822c6499d4d0b0699f42419610f894c6662a484","0xe5544a2a5fa9b175da60d8eec67add5582bb31b0","","0","0","0","0.00001416927659181","0.0393786177823074","2769.99","","","Mint"
"0x6e9b0d56226fda0bef0902cbc2da429c53b862ee487aeb33543bdb77794a3a43","22878301","1752023903","2025-07-09 01:18:23","0x4822c6499d4d0b0699f42419610f894c6662a484","0xe5544a2a5fa9b175da60d8eec67add5582bb31b0","","0","0","0","0.000014338328024895","0.0398484379404412","2769.99","","","Mint"
"0x977b468801f56d44d87f5d267f3797cff929fe2fe16f7257b3b3e4e82e1ade18","22878308","1752023987","2025-07-09 01:19:47","0x4822c6499d4d0b0699f42419610f894c6662a484","0xe5544a2a5fa9b175da60d8eec67add5582bb31b0","","0","0","0","0.000014644800325701","0.0407001720085925","2769.99","","","Mint"
"0x9f38c78b609e5176c4880c03ac93f97e18d7d111e645e6bed8b0525e6cf0d4f6","22878318","1752024107","2025-07-09 01:21:47","0x4822c6499d4d0b0699f42419610f894c6662a484","0xe5544a2a5fa9b175da60d8eec67add5582bb31b0","","0","0","0","0.000013578396919722","0.0377364715081682","2769.99","","","Mint"
"0xee2d15d455b01821f2d12a51ca35745692b99ea344fe3a4780bd96118bf90fcc","22878347","1752024455","2025-07-09 01:27:35","0x4822c6499d4d0b0699f42419610f894c6662a484","0xe5544a2a5fa9b175da60d8eec67add5582bb31b0","","0","0","0","0.000014040769608057","0.0390214769386816","2769.99","","","Mint"
"0xbf98ea69c40e6c65b13935a039faf97fcd5ef60d88991281eb6240772d7225b3","22878386","1752024923","2025-07-09 01:35:23","0x4822c6499d4d0b0699f42419610f894c6662a484","0xe5544a2a5fa9b175da60d8eec67add5582bb31b0","","0","0","0","0.000013157749245288","0.0365674263642455","2769.99","","","Mint"
"0xa90fb6c35de7b871eca95da6e36ad05907ed18051a49db175813100ee9331ab7","22878393","1752025007","2025-07-09 01:36:47","0x4822c6499d4d0b0699f42419610f894c6662a484","0xe5544a2a5fa9b175da60d8eec67add5582bb31b0","","0","0","0","0.000014026736265795","0.0389824761034898","2769.99","","","Mint"
"0x751e662773d41ca72be06648eb887d0fb53c0f1309ee8f773b27843653be6b4b","22878459","1752025799","2025-07-09 01:49:59","0x4822c6499d4d0b0699f42419610f894c6662a484","0xe5544a2a5fa9b175da60d8eec67add5582bb31b0","","0","0","0","0.000013275486370101","0.0368946360991079","2769.99","","","Mint"
"0x1334ce02b9631d36067eb300f53cb5b2a992948e1dee9ef9681c18518d0b5e83","22878469","1752025919","2025-07-09 01:51:59","0x4822c6499d4d0b0699f42419610f894c6662a484","0xe5544a2a5fa9b175da60d8eec67add5582bb31b0","","0","0","0","0.000013284148025475","0.0369187081831078","2769.99","","","Mint"
"0xf074b04962ff8732c0738f3e40c058d6483c9b3fdab4b23a3136fa2edb74aee5","22878490","1752026171","2025-07-09 01:56:11","0x4822c6499d4d0b0699f42419610f894c6662a484","0xe5544a2a5fa9b175da60d8eec67add5582bb31b0","","0","0","0","0.0000126448381788","0.0351419669406345","2769.99","","","Mint"
"0x28d4954b82c4eef5249b6b04ebb4bc75da3ced475768c81a5d515bc103c8a136","22878497","1752026255","2025-07-09 01:57:35","0x4822c6499d4d0b0699f42419610f894c6662a484","0xe5544a2a5fa9b175da60d8eec67add5582bb31b0","","0","0","0","0.000013299880871148","0.0369624322019291","2769.99","","","Mint"
"0x12376e943984178d5288d8e9b3ec35c1d7f32eb52507ef47d3b52f6566a1c5c7","22878500","1752026291","2025-07-09 01:58:11","0x4822c6499d4d0b0699f42419610f894c6662a484","0xe5544a2a5fa9b175da60d8eec67add5582bb31b0","","0","0","0","0.000012487812752616","0.0347055689213187","2769.99","","","Mint"
"0x28a68201bf5ba81be3d540af15ec28899d6ea300f5a3f05d008d91aacb1bfd6f","22878512","1752026435","2025-07-09 02:00:35","0x4822c6499d4d0b0699f42419610f894c6662a484","0xe5544a2a5fa9b175da60d8eec67add5582bb31b0","","0","0","0","0.000014478458570928","0.0402378824668504","2769.99","","","Mint"
"0x2160e78e92c73f53420c5dafde84d438cf3492380c779d597263ae1eea2cacbc","22878515","1752026471","2025-07-09 02:01:11","0x4822c6499d4d0b0699f42419610f894c6662a484","0xe5544a2a5fa9b175da60d8eec67add5582bb31b0","","0","0","0","0.000014131641638418","0.0392740244083778","2769.99","","","Mint"
"0xa738890beb152a3cc5bed2edeb1a52ed28296f9549bd9c2d5fd30d38dd8217c6","22878518","1752026507","2025-07-09 02:01:47","0x4822c6499d4d0b0699f42419610f894c6662a484","0xe5544a2a5fa9b175da60d8eec67add5582bb31b0","","0","0","0","0.000014299379732625","0.0397401945940264","2769.99","","","Mint"
"0xd0571677cfad87ee3e8ac7b31f899f0e1644c830801e2358a98676ff1b384ded","22878538","1752026747","2025-07-09 02:05:47","0x4822c6499d4d0b0699f42419610f894c6662a484","0xe5544a2a5fa9b175da60d8eec67add5582bb31b0","","0","0","0","0.00001349117972583","0.0374940813960079","2769.99","","","Mint"
"0x9fe5e5b1900598e2531e3aedae0bfcd09ba9a0c4ccb0a92cd1851d1dcee06555","22878544","1752026819","2025-07-09 02:06:59","0x4822c6499d4d0b0699f42419610f894c6662a484","0xe5544a2a5fa9b175da60d8eec67add5582bb31b0","","0","0","0","0.000011559621477993","0.0321259813753053","2769.99","","","Mint"
"0x3c53b0501346831b061648eafbdd333e95c93167dc5b8e21169078fbf3d4eba1","22878606","1752027563","2025-07-09 02:19:23","0xf66ac2c80aaeff89b081ff911e80e7daeb9d0af6","0xe5544a2a5fa9b175da60d8eec67add5582bb31b0","","0","0","0","0.000013844225684157","0.0384752508835584","2769.99","","","Mint"
"0x845116b4b396eba8f72abf5e21444c39e05843c43c265247f4e9094ca0534520","22878609","1752027599","2025-07-09 02:19:59","0xf66ac2c80aaeff89b081ff911e80e7daeb9d0af6","0xe5544a2a5fa9b175da60d8eec67add5582bb31b0","","0","0","0","0.000013206463593294","0.0367028110945959","2769.99","","","Mint"
"0xafc78ad8c62fe776363d6eb0f0ef3276b7dd7a5fc08297c605c82335544293ad","22878625","1752027791","2025-07-09 02:23:11","0xf66ac2c80aaeff89b081ff911e80e7daeb9d0af6","0xe5544a2a5fa9b175da60d8eec67add5582bb31b0","","0","0","0","0.000013646930069484","0.0379269357631645","2769.99","","","Mint"
"0xa6379a851a7f38a69d6cc76a9e1cf9cef820b2589703ce6b7943697196f9f848","22878633","1752027887","2025-07-09 02:24:47","0xf66ac2c80aaeff89b081ff911e80e7daeb9d0af6","0xe5544a2a5fa9b175da60d8eec67add5582bb31b0","","0","0","0","0.00001291840281822","0.0359022455127037","2769.99","","","Mint"
"0x7d430843c9a37d3a7b407a38d1fc112511ff2e81f78d3ba656c72c98cad54741","22878636","1752027923","2025-07-09 02:25:23","0xf66ac2c80aaeff89b081ff911e80e7daeb9d0af6","0xe5544a2a5fa9b175da60d8eec67add5582bb31b0","","0","0","0","0.000012361234849083","0.0343537892908898","2769.99","","","Mint"
"0x2d6de8f25035fa80b93cf26225f232d42623ed437239262933d62378586d8ca8","22878649","1752028091","2025-07-09 02:28:11","0xf66ac2c80aaeff89b081ff911e80e7daeb9d0af6","0xe5544a2a5fa9b175da60d8eec67add5582bb31b0","","0","0","0","0.000013629497255748","0.0378784872693735","2769.99","","","Mint"
"0x5d6f84302865d3e557d8139e1a81c9c57937a325f8515a859d076bb4e5f0494b","22878651","1752028115","2025-07-09 02:28:35","0xf66ac2c80aaeff89b081ff911e80e7daeb9d0af6","0xe5544a2a5fa9b175da60d8eec67add5582bb31b0","","0","0","0","0.00001348325586039","0.0374720597446908","2769.99","","","Mint"
"0xb130edd4aa14b6ffb4890bf732bdac19fc7af99544458825bf002bb286613d13","22878657","1752028187","2025-07-09 02:29:47","0xf66ac2c80aaeff89b081ff911e80e7daeb9d0af6","0xe5544a2a5fa9b175da60d8eec67add5582bb31b0","","0","0","0","0.000013626007874112","0.0378687897364861","2769.99","","","Mint"
"0x0f8cb878ef9cd6d81be8cb6241526517e15f3e1f3fe6d808004d22127ca53c91","22878669","1752028331","2025-07-09 02:32:11","0xf66ac2c80aaeff89b081ff911e80e7daeb9d0af6","0xe5544a2a5fa9b175da60d8eec67add5582bb31b0","","0","0","0","0.000012769502916444","0.0354884295862611","2769.99","","","Mint"
"0xd32f99783456587b510e46f37c7696ec17aae630f440cb0cac14799acd7c2015","22878696","1752028655","2025-07-09 02:37:35","0xf66ac2c80aaeff89b081ff911e80e7daeb9d0af6","0xe5544a2a5fa9b175da60d8eec67add5582bb31b0","","0","0","0","0.000012887705777445","0.0358169336742415","2769.99","","","Mint"
"0xff82d3b60ff6a5bb94f15081363ef463b4028b230bde66fd06cdec2f485c217a","22878705","1752028763","2025-07-09 02:39:23","0x4822c6499d4d0b0699f42419610f894c6662a484","0xe5544a2a5fa9b175da60d8eec67add5582bb31b0","","0","0","0","0.000013337733785049","0.0370676313219262","2769.99","","","Mint"
"0x198bf1adb155e4e462a60d78862656a1a7538fe7d6d0aa769ca88df29df6b0b1","22878714","1752028871","2025-07-09 02:41:11","0x4822c6499d4d0b0699f42419610f894c6662a484","0xe5544a2a5fa9b175da60d8eec67add5582bb31b0","","0","0","0","0.000013438073293515","0.0373464903820021","2769.99","","","Mint"
"0xcb5af7c78fe9b57007b4ac6a8a49e28056e13efd6ebc8224e4b9d685afbed539","22878717","1752028907","2025-07-09 02:41:47","0xf66ac2c80aaeff89b081ff911e80e7daeb9d0af6","0xe5544a2a5fa9b175da60d8eec67add5582bb31b0","","0","0","0","0.00005206638765","0.144700568535722","2769.99","Error(0)","invalid jump destination","Mint"
"0x0c4c92e87246e24eb894a0b679873e1f3b1a4a35b3b122311c05ed84d1f98900","22878717","1752028907","2025-07-09 02:41:47","0x4822c6499d4d0b0699f42419610f894c6662a484","0xe5544a2a5fa9b175da60d8eec67add5582bb31b0","","0","0","0","0.000013323978924219","0.0370294044298359","2769.99","","","Mint"
"0x9020f57333f111e456f95488459584d526528fa296c1417281e0de83d3d04a8a","22878725","1752029003","2025-07-09 02:43:23","0xf66ac2c80aaeff89b081ff911e80e7daeb9d0af6","0xe5544a2a5fa9b175da60d8eec67add5582bb31b0","","0","0","0","0.000013937132232021","0.0387334525930179","2769.99","","","Mint"
"0xa88e9b2f2f172a5f32541a3cbcfd162b589b3da8346844fa4c94850a2b29538d","22878733","1752029099","2025-07-09 02:44:59","0xf66ac2c80aaeff89b081ff911e80e7daeb9d0af6","0xe5544a2a5fa9b175da60d8eec67add5582bb31b0","","0","0","0","0.000012982002796419","0.0360789997186247","2769.99","","","Mint"
"0x0c4c63f86a2584d2c20d63e152f86854ef92477d368be33a47b1c1c897182bb6","22878744","1752029231","2025-07-09 02:47:11","0x4822c6499d4d0b0699f42419610f894c6662a484","0xe5544a2a5fa9b175da60d8eec67add5582bb31b0","","0","0","0","0.000014128174908567","0.0392643898283149","2769.99","","","Mint"
"0xe081346d3912f89945d838ad8afa6145e7f116be7d3c7470bba1fcf06837ee36","22878773","1752029579","2025-07-09 02:52:59","0x4822c6499d4d0b0699f42419610f894c6662a484","0xe5544a2a5fa9b175da60d8eec67add5582bb31b0","","0","0","0","0.000013077681535557","0.0363449057776953","2769.99","","","Mint"
"0x22472fb72b4c0cd37309c4373f49d8299d267e5ce54c54318495791d2c444a90","22878781","1752029675","2025-07-09 02:54:35","0x4822c6499d4d0b0699f42419610f894c6662a484","0xe5544a2a5fa9b175da60d8eec67add5582bb31b0","","0","0","0","0.000012629427104637","0.0350991371747571","2769.99","","","Mint"
"0x6260fffa0be18fe61311faf17a2459c16fb21f282bcb75a43d67d3230329953b","22878795","1752029855","2025-07-09 02:57:35","0xf66ac2c80aaeff89b081ff911e80e7daeb9d0af6","0xe5544a2a5fa9b175da60d8eec67add5582bb31b0","","0","0","0","0.000013179002091672","0.0366264913213814","2769.99","","","Mint"
"0x0f2adae9ae5a42cd0d70df3dad8a5376af88e9dda5fc941800e458e5beb2968e","22878814","1752030095","2025-07-09 03:01:35","0xf66ac2c80aaeff89b081ff911e80e7daeb9d0af6","0xe5544a2a5fa9b175da60d8eec67add5582bb31b0","","0","0","0","0.00001307895060645","0.0363484327225827","2769.99","","","Mint"
"0x112f17b9623787c390d74a9818a2406164ff19e7904ec2326cc012ba49d7ef0d","22878816","1752030119","2025-07-09 03:01:59","0xf66ac2c80aaeff89b081ff911e80e7daeb9d0af6","0xe5544a2a5fa9b175da60d8eec67add5582bb31b0","","0","0","0","0.000013220688408357","0.0367423440624055","2769.99","","","Mint"
"0xfd99d9cdae0ccb3292d9da0dcf6f199430e4479800da5c564470ecff71d2b766","22878839","1752030395","2025-07-09 03:06:35","0x4822c6499d4d0b0699f42419610f894c6662a484","0xe5544a2a5fa9b175da60d8eec67add5582bb31b0","","0","0","0","0.000012357282635334","0.0343428054757594","2769.99","","","Mint"
"0x4bc88c011980116f35af57da7aa017d19beeb790c8997d443f04181720d7e498","22878854","1752030575","2025-07-09 03:09:35","0xf66ac2c80aaeff89b081ff911e80e7daeb9d0af6","0xe5544a2a5fa9b175da60d8eec67add5582bb31b0","","0","0","0","0.00001316749973463","0.0365945244867573","2769.99","","","Mint"
"0x35479ac50041f0622bfb47422d3a8ff232d08ec9c092ac58aa77f28a45bcfc9c","22878885","1752030947","2025-07-09 03:15:47","0xf66ac2c80aaeff89b081ff911e80e7daeb9d0af6","0xe5544a2a5fa9b175da60d8eec67add5582bb31b0","","0","0","0","0.000014296456592325","0.0397320707336548","2769.99","","","Mint"
"0x5179c063745d25a03dbd3e9bbfe009f737d50f3765b0335a17b4efbbdf89ad55","22878889","1752030995","2025-07-09 03:16:35","0xf66ac2c80aaeff89b081ff911e80e7daeb9d0af6","0xe5544a2a5fa9b175da60d8eec67add5582bb31b0","","0","0","0","0.000014185007587305","0.039422336659197","2769.99","","","Mint"
"0x5231e866cd1652ad40ab3190ff6afff393a1b7cd3498ea0e074c531a62dc2fd6","22878890","1752031007","2025-07-09 03:16:47","0xf66ac2c80aaeff89b081ff911e80e7daeb9d0af6","0xe5544a2a5fa9b175da60d8eec67add5582bb31b0","","0","0","0","0.000014347009327533","0.0398725646272356","2769.99","","","Mint"
"0x8c56886dbf9e309129d56835863f0d28f2927785eb90c1ed122bcee72c1bf2f4","22878900","1752031127","2025-07-09 03:18:47","0xf66ac2c80aaeff89b081ff911e80e7daeb9d0af6","0xe5544a2a5fa9b175da60d8eec67add5582bb31b0","","0","0","0","0.000013101302767725","0.0364105528463416","2769.99","","","Mint"
"0x772db932b8a325cfc87bda34d6e7f230c7e0d69995497f0c87c9d37380c2f6d5","22878911","1752031259","2025-07-09 03:20:59","0xf66ac2c80aaeff89b081ff911e80e7daeb9d0af6","0xe5544a2a5fa9b175da60d8eec67add5582bb31b0","","0","0","0","0.00001392717765348","0.0387057872749609","2769.99","","","Mint"
"0xf12c2868089bb1c6b736329de88d50fbb0e798c7beebde5257eb69ec0d598837","22878921","1752031379","2025-07-09 03:22:59","0xf66ac2c80aaeff89b081ff911e80e7daeb9d0af6","0xe5544a2a5fa9b175da60d8eec67add5582bb31b0","","0","0","0","0.000013925972172555","0.0387024370564595","2769.99","","","Mint"
"0x574dc96058d75431a02995a21f2d9c8d2351854f2b897df7870f4fd207d710fe","22878933","1752031523","2025-07-09 03:25:23","0xf66ac2c80aaeff89b081ff911e80e7daeb9d0af6","0xe5544a2a5fa9b175da60d8eec67add5582bb31b0","","0","0","0","0.000013305721317525","0.0369786637084614","2769.99","","","Mint"
"0x6ab851e314a21165f9f75afef574aaaf987abcb44f906ab96a337a56f6e83f5d","22878951","1752031739","2025-07-09 03:28:59","0xf66ac2c80aaeff89b081ff911e80e7daeb9d0af6","0xe5544a2a5fa9b175da60d8eec67add5582bb31b0","","0","0","0","0.000013157491651965","0.0365667104724394","2769.99","","","Mint"
"0x8c5337e0d0ef1d74e696daf2660f29336348f7751d26c26f75d385e7b6c0c9ca","22878955","1752031799","2025-07-09 03:29:59","0xf66ac2c80aaeff89b081ff911e80e7daeb9d0af6","0xe5544a2a5fa9b175da60d8eec67add5582bb31b0","","0","0","0","0.00001285231305294","0.0357185718022344","2769.99","","","Mint"
"0xea09ba43ba413e79375334e3b2807b1bb4bd359d4e25235c9d9cb3666fffa953","22878960","1752031859","2025-07-09 03:30:59","0x27262bc999fa29eee037c902328508bc9e6679c5","0xe5544a2a5fa9b175da60d8eec67add5582bb31b0","","0","0","0","0.000102865260314278","0.28587851629171","2769.99","","","Approve"
"0xc26f95370be19f428ebc40648a42f830b84e279c8c36948a15b5634a987c6876","22878971","1752031991","2025-07-09 03:33:11","0xf66ac2c80aaeff89b081ff911e80e7daeb9d0af6","0xe5544a2a5fa9b175da60d8eec67add5582bb31b0","","0","0","0","0.00001345447697274","0.0373920787513334","2769.99","","","Mint"
"0xde3401f1945d57ab272fc5d2e27056df56d95aa95f0b6a4a67292eb5be4daca7","22878975","1752032039","2025-07-09 03:33:59","0xf66ac2c80aaeff89b081ff911e80e7daeb9d0af6","0xe5544a2a5fa9b175da60d8eec67add5582bb31b0","","0","0","0","0.00001323037858698","0.036769274572073","2769.99","","","Mint"
"0xff9e830940fed0044dca678748c21d24b213588a637e0f1ff52e3ede322fa52f","22878976","1752032051","2025-07-09 03:34:11","0xf66ac2c80aaeff89b081ff911e80e7daeb9d0af6","0xe5544a2a5fa9b175da60d8eec67add5582bb31b0","","0","0","0","0.000013336604146956","0.0370644918824207","2769.99","","","Mint"
"0xbd0139b7c221881b3b1c24068f7cce64d93888984b44563c2502cc4295407ffa","22878989","1752032219","2025-07-09 03:36:59","0xf66ac2c80aaeff89b081ff911e80e7daeb9d0af6","0xe5544a2a5fa9b175da60d8eec67add5582bb31b0","","0","0","0","0.00001417657797261","0.0393989094522415","2769.99","","","Mint"
"0x9ef26560d5bdaf253c5f2f25954f482a7d03892f665766418622c72259ce9324","22878999","1752032339","2025-07-09 03:38:59","0xf66ac2c80aaeff89b081ff911e80e7daeb9d0af6","0xe5544a2a5fa9b175da60d8eec67add5582bb31b0","","0","0","0","0.000017065808669835","0.047428529777156","2769.99","","","Mint"
"0x28d3f9581b27f5c1cbe0b84d2e263bc9ee63cafcfa681e351defee298fed77b8","22879005","1752032411","2025-07-09 03:40:11","0x4822c6499d4d0b0699f42419610f894c6662a484","0xe5544a2a5fa9b175da60d8eec67add5582bb31b0","","0","0","0","0.000021310512947484","0.059225221461831","2769.99","","","Mint"
"0x3439d7b03bd60091d572d34af14f9806f6d90cf61473e16a7ac725ecde9b2b39","22879013","1752032507","2025-07-09 03:41:47","0xf66ac2c80aaeff89b081ff911e80e7daeb9d0af6","0xe5544a2a5fa9b175da60d8eec67add5582bb31b0","","0","0","0","0.000022719500696565","0.0631410169981454","2769.99","","","Mint"
"0xef63b1f3e27b106ee9d8cf4899e29b455721e62eda86864e314d5cf20879f7c8","22879028","1752032687","2025-07-09 03:44:47","0x4822c6499d4d0b0699f42419610f894c6662a484","0xe5544a2a5fa9b175da60d8eec67add5582bb31b0","","0","0","0","0.000025076144020881","0.0696904943914448","2769.99","","","Mint"
"0x029f8e9896744bb009186726085ec5c1b5802b51f7fa16f527f2a0c1eb65a983","22879028","1752032687","2025-07-09 03:44:47","0xf66ac2c80aaeff89b081ff911e80e7daeb9d0af6","0xe5544a2a5fa9b175da60d8eec67add5582bb31b0","","0","0","0","0.00008236652265","0.22890934427569","2769.99","Error(0)","invalid jump destination","Mint"
"0x9bef52afbfca212e0fd78d460b1409b3e6677a6b6268165b7b38f5a5ebda88b8","22879040","1752032831","2025-07-09 03:47:11","0xf66ac2c80aaeff89b081ff911e80e7daeb9d0af6","0xe5544a2a5fa9b175da60d8eec67add5582bb31b0","","0","0","0","0.00002347709718879","0.0652464951788585","2769.99","","","Mint"
"0xe1a9ef28b3e5223d7a2908b04e006ac57e4245049902d27e65039f4cc2bf1a9b","22879044","1752032879","2025-07-09 03:47:59","0xf66ac2c80aaeff89b081ff911e80e7daeb9d0af6","0xe5544a2a5fa9b175da60d8eec67add5582bb31b0","","0","0","0","0.0000235690294941","0.0655019893171225","2769.99","","","Mint"
"0x26eafc888af06199bb6b47aeae3b9782edc5cbb5d5cd0115e51c7cf863c8c7cf","22879051","1752032963","2025-07-09 03:49:23","0xf66ac2c80aaeff89b081ff911e80e7daeb9d0af6","0xe5544a2a5fa9b175da60d8eec67add5582bb31b0","","0","0","0","0.000022318686369045","0.0620270918021191","2769.99","","","Mint"
"0x620722e9fcc44887a585c2f9cab171e35a17cfb66386025dbf0196f8bcffb5c0","22879052","1752032975","2025-07-09 03:49:35","0xf66ac2c80aaeff89b081ff911e80e7daeb9d0af6","0xe5544a2a5fa9b175da60d8eec67add5582bb31b0","","0","0","0","0.000022078058773389","0.0613583503843187","2769.99","","","Mint"
"0x92a1ac525b71374c18363cba92f48c653552a306744634439ae6b5cf68e887dd","22879053","1752032987","2025-07-09 03:49:47","0xf66ac2c80aaeff89b081ff911e80e7daeb9d0af6","0xe5544a2a5fa9b175da60d8eec67add5582bb31b0","","0","0","0","0.000021515319994698","0.0597944120185334","2769.99","","","Mint"
"0x7f2489cbf21929cb1221c982ebe861a78d941a45c9b92ec6de2e6c59b16ee269","22879067","1752033155","2025-07-09 03:52:35","0xf66ac2c80aaeff89b081ff911e80e7daeb9d0af6","0xe5544a2a5fa9b175da60d8eec67add5582bb31b0","","0","0","0","0.00002112206750415","0.0587015023405488","2769.99","","","Mint"
"0x2d1a8f9bad3d298e334d1ffe485e7175c9544a51cf1b458018a697b577233349","22879072","1752033215","2025-07-09 03:53:35","0xf66ac2c80aaeff89b081ff911e80e7daeb9d0af6","0xe5544a2a5fa9b175da60d8eec67add5582bb31b0","","0","0","0","0.00002127223330911","0.059118836408324","2769.99","","","Mint"
"0x98eef95e8113c5c18cbc4b689f1a3a37ab9b8751ac2a20e8362889316b620d4b","22879074","1752033239","2025-07-09 03:53:59","0xf66ac2c80aaeff89b081ff911e80e7daeb9d0af6","0xe5544a2a5fa9b175da60d8eec67add5582bb31b0","","0","0","0","0.000019846208155524","0.0551556912818129","2769.99","","","Mint"
"0xa31791488d4ec383a63f949fcca6508f9bad47c9a90e731b6d62cadd7cb6ccd0","22879095","1752033491","2025-07-09 03:58:11","0x4822c6499d4d0b0699f42419610f894c6662a484","0xe5544a2a5fa9b175da60d8eec67add5582bb31b0","","0","0","0","0.000015047732406936","0.0418199827707279","2769.99","","","Mint"
"0xb2005e1d895ea03ce0d13059e7d30794a76e78388fce30279c369b2a709fb99f","22879117","1752033755","2025-07-09 04:02:35","0x4822c6499d4d0b0699f42419610f894c6662a484","0xe5544a2a5fa9b175da60d8eec67add5582bb31b0","","0","0","0","0.000016358120860899","0.0454617555698265","2769.99","","","Mint"
"0xfd111842b6ab00bf0662af89c8a244067fba62aceed919ab9a5a77a89e473235","22879121","1752033803","2025-07-09 04:03:23","0xf66ac2c80aaeff89b081ff911e80e7daeb9d0af6","0xe5544a2a5fa9b175da60d8eec67add5582bb31b0","","0","0","0","0.000015605096068077","0.0433689828509794","2769.99","","","Mint"
"0xc5e7d889ae888328afb2f21f86490eaca8a3879d798db9d798d1147a487ab6f1","22879138","1752034007","2025-07-09 04:06:47","0x0559d4f52c63732853ac1f4c50b6f293cee0b646","0xe5544a2a5fa9b175da60d8eec67add5582bb31b0","","0","0","0","0.000016200403374282","0.0450234342072054","2769.99","","","Mint"
"0xa278a07b812363b39a186771dcd3b1a3be2b296de6b567d7f703ce5560c324cb","22879166","1752034343","2025-07-09 04:12:23","0x0559d4f52c63732853ac1f4c50b6f293cee0b646","0xe5544a2a5fa9b175da60d8eec67add5582bb31b0","","0","0","0","0.000015126614324763","0.0420392078576205","2769.99","","","Mint"
"0x8b4f5825d56f0a1099f7ca6d84028e6a9e4b764676f0633f2be15c879a3080c2","22879168","1752034367","2025-07-09 04:12:47","0x0559d4f52c63732853ac1f4c50b6f293cee0b646","0xe5544a2a5fa9b175da60d8eec67add5582bb31b0","","0","0","0","0.000016925342040708","0.0470381512236906","2769.99","","","Mint"
"0xe77e7609381681fec027dde6b53fff08edf84bd35b7ca3f3a7703e1f5a1fd949","22879171","1752034403","2025-07-09 04:13:23","0xf66ac2c80aaeff89b081ff911e80e7daeb9d0af6","0xe5544a2a5fa9b175da60d8eec67add5582bb31b0","","0","0","0","0.000017820606810201","0.049526230903934","2769.99","","","Mint"
"0x5261d2e5caf6e981603b3e7a7c7419a8290c275d25751f4636f030777db35c03","22879192","1752034655","2025-07-09 04:17:35","0xf66ac2c80aaeff89b081ff911e80e7daeb9d0af6","0xe5544a2a5fa9b175da60d8eec67add5582bb31b0","","0","0","0","0.00001604195946162","0.0445830939939121","2769.99","","","Mint"
"0x854056e58da98f4b2b5e469fdaaff0e2bd63e8cc6ab8f9decd491a2c00e7a2f8","22879196","1752034703","2025-07-09 04:18:23","0x0559d4f52c63732853ac1f4c50b6f293cee0b646","0xe5544a2a5fa9b175da60d8eec67add5582bb31b0","","0","0","0","0.000016158719482083","0.044907588204204","2769.99","","","Mint"
"0x770d1f7fc20757a866f17e504950e8792c7e2fd4df5fd313bfba1c8f3a930659","22879210","1752034871","2025-07-09 04:21:11","0xf66ac2c80aaeff89b081ff911e80e7daeb9d0af6","0xe5544a2a5fa9b175da60d8eec67add5582bb31b0","","0","0","0","0.00001550865892275","0.0431009690634552","2769.99","","","Mint"
"0xa3fb797efcb9570787802d9970d010839bb7a83f820c7244b27cfcb12a215ed1","22879213","1752034907","2025-07-09 04:21:47","0xf66ac2c80aaeff89b081ff911e80e7daeb9d0af6","0xe5544a2a5fa9b175da60d8eec67add5582bb31b0","","0","0","0","0.00001487992766967","0.0413536273736798","2769.99","","","Mint"
"0xd2d9350d9a27a6972c54cf9763e1bbe53055e583389430f2cf7d723cfa75df46","22879224","1752035039","2025-07-09 04:23:59","0xf66ac2c80aaeff89b081ff911e80e7daeb9d0af6","0xe5544a2a5fa9b175da60d8eec67add5582bb31b0","","0","0","0","0.00001323673936533","0.0367869521618794","2769.99","","","Mint"
"0xd5378ca737f114e7f0b95f294a617c19993c6e1ce71917052c9a90264200837c","22879239","1752035219","2025-07-09 04:26:59","0x4822c6499d4d0b0699f42419610f894c6662a484","0xe5544a2a5fa9b175da60d8eec67add5582bb31b0","","0","0","0","0.000014384464173837","0.0399766574556269","2769.99","","","Mint"
"0x7886448d3bbbe2d0762e3380b1ebed15090b7c6f4f0cd549ac27618ba145fce1","22879252","1752035375","2025-07-09 04:29:35","0x0a7da29599a326568c88ef1ff2fb2f42262090fd","0xe5544a2a5fa9b175da60d8eec67add5582bb31b0","","0","0","0","0.00001992266283","0.0553681706828856","2769.99","Error(0)","invalid jump destination","Mint"
"0x0e4172af1e5eefefc1c08f27d9ea3319789f519597c95c8ab1a4d3c8400e68cb","22879267","1752035555","2025-07-09 04:32:35","0x0a7da29599a326568c88ef1ff2fb2f42262090fd","0xe5544a2a5fa9b175da60d8eec67add5582bb31b0","","0","0","0","0.000015882387414072","0.0441396185187587","2769.99","","","Mint"
"0x57de27262130f7ec3abe9d7cad4686ff912853420319692258101b5f29a8b530","22879282","1752035735","2025-07-09 04:35:35","0x0a7da29599a326568c88ef1ff2fb2f42262090fd","0xe5544a2a5fa9b175da60d8eec67add5582bb31b0","","0","0","0","0.000016487901192","0.0458224352432716","2769.99","Error(0)","invalid jump destination","Mint"
"0x36ed2a3d3f4c6630bb498087e13402904dff30f8ec5640d287d8da6fd9350587","22879290","1752035831","2025-07-09 04:37:11","0x0559d4f52c63732853ac1f4c50b6f293cee0b646","0xe5544a2a5fa9b175da60d8eec67add5582bb31b0","","0","0","0","0.0002241332242","0.622901000689729","2769.99","Error(0)","invalid jump destination","Mint"
"0xe1dd607261bf2223eca43f127240edfa8c0de3a0d3c1b310c5e77834024155fd","22879292","1752035879","2025-07-09 04:37:59","0x0559d4f52c63732853ac1f4c50b6f293cee0b646","0xe5544a2a5fa9b175da60d8eec67add5582bb31b0","","0","0","0","0.0002239790983","0.622472660903493","2769.99","Error(0)","invalid jump destination","Mint"
"0xac4b8b5bc06c377948cf6cf5f71a31f37d27f5a278d3a506ae00a6c024b1ebed","22879293","1752035891","2025-07-09 04:38:11","0x0559d4f52c63732853ac1f4c50b6f293cee0b646","0xe5544a2a5fa9b175da60d8eec67add5582bb31b0","","0","0","0","0.0002269764391","0.63080273597555","2769.99","Error(0)","invalid jump destination","Mint"
"0xabf8d95e7c5f5991e01e324412c2ea257686c290d7d27ad4f31ff673c4738ef5","22879330","1752036335","2025-07-09 04:45:35","0xf66ac2c80aaeff89b081ff911e80e7daeb9d0af6","0xe5544a2a5fa9b175da60d8eec67add5582bb31b0","","0","0","0","0.000012343136296635","0.0343034906059396","2769.99","","","Mint"
"0x35316c4f3d7859740b967de32d5a77dd44e096a624a36535e5a75ee9389b3c7b","22879346","1752036539","2025-07-09 04:48:59","0x4822c6499d4d0b0699f42419610f894c6662a484","0xe5544a2a5fa9b175da60d8eec67add5582bb31b0","","0","0","0","0.000012720175189077","0.0353513401795107","2769.99","","","Mint"
"0x1f65c92e5161563b78369597a6852fecc87b863803e3ff7da21375fe1e825c2b","22879363","1752036743","2025-07-09 04:52:23","0xf66ac2c80aaeff89b081ff911e80e7daeb9d0af6","0xe5544a2a5fa9b175da60d8eec67add5582bb31b0","","0","0","0","0.000012963534857145","0.0360276744503808","2769.99","","","Mint"
"0xf0f8099ac679b800952796da70a03bf788a21c9ad778246b81f0bdc96f25c39b","22879366","1752036779","2025-07-09 04:52:59","0x4822c6499d4d0b0699f42419610f894c6662a484","0xe5544a2a5fa9b175da60d8eec67add5582bb31b0","","0","0","0","0.000008206492207872","0.0228071149499661","2769.99","","","Transfer"
"0xc97360e856554930e443b462cbf61ea7412d12e24adec8df26bd6c4b31aee1a4","22879379","1752036935","2025-07-09 04:55:35","0xf66ac2c80aaeff89b081ff911e80e7daeb9d0af6","0xe5544a2a5fa9b175da60d8eec67add5582bb31b0","","0","0","0","0.000013890679775235","0.0386043540092637","2769.99","","","Mint"
"0x74b0481c4f4aa576d61b5a2e343286bbba544257e6d9a9a7594ba1dd60b3feda","22879381","1752036959","2025-07-09 04:55:59","0x0a7da29599a326568c88ef1ff2fb2f42262090fd","0xe5544a2a5fa9b175da60d8eec67add5582bb31b0","","0","0","0","0.000116685529336992","0.324287187896631","2769.99","","","Transfer"
"0xb634749c759507df31e7c73636ae45c734917d94c949532a629a196d18d4bc2c","22879391","1752037079","2025-07-09 04:57:59","0x1189f4016460543ac15cfb71b393c08682073a76","0xe5544a2a5fa9b175da60d8eec67add5582bb31b0","","0","0","0","0.0000103968","0.0288943200950525","2769.99","","","Transfer"
"0x412b866679f775e609ddd3d23de5692ca15dbd13f080e5fc68d5a6eaeba90185","22879420","1752037427","2025-07-09 05:03:47","0x0559d4f52c63732853ac1f4c50b6f293cee0b646","0xe5544a2a5fa9b175da60d8eec67add5582bb31b0","","0","0","0","0.000015322032629193","0.0425823056416149","2769.99","","","Mint"
"0x3aca8c8b7b7c53db25842dccb39354661cbcf4099d7547ccf3431f765c24b596","22879450","1752037787","2025-07-09 05:09:47","0xdec8a12a1638fb8faaf3ea1ebb6b6f87c0751cfc","0xe5544a2a5fa9b175da60d8eec67add5582bb31b0","","0","0","0","0.000066860896499244","0.185816803756092","2769.99","","","Transfer"
"0x6fb8ffa7cf34a210b5894401d02c16fb537f495aa5c5e2e6d15d9098828c7bf3","22879460","1752037907","2025-07-09 05:11:47","0xf66ac2c80aaeff89b081ff911e80e7daeb9d0af6","0xe5544a2a5fa9b175da60d8eec67add5582bb31b0","","0","0","0","0.00001251730673712","0.0347875372797691","2769.99","","","Mint"
"0x3e3802580b108c68878fcdbaca3b805ed31cef83767f14fec9767eb230c437f4","22879486","1752038219","2025-07-09 05:16:59","0xf66ac2c80aaeff89b081ff911e80e7daeb9d0af6","0xe5544a2a5fa9b175da60d8eec67add5582bb31b0","","0","0","0","0.00001342198076913","0.0373017667602418","2769.99","","","Mint"
"0x232c3c29f596f4a77bb3a2060f07ab98e015edc4ec6763e2c77ddec9faaf135f","22879495","1752038327","2025-07-09 05:18:47","0xf66ac2c80aaeff89b081ff911e80e7daeb9d0af6","0xe5544a2a5fa9b175da60d8eec67add5582bb31b0","","0","0","0","0.0000126875230236","0.0352605947461957","2769.99","","","Mint"
"0xa13bf4e455ddcc5a8a94ebf8f8dde4a6e3822aa5a6ed7333e787e9b9e87ab0e8","22879496","1752038339","2025-07-09 05:18:59","0xf66ac2c80aaeff89b081ff911e80e7daeb9d0af6","0xe5544a2a5fa9b175da60d8eec67add5582bb31b0","","0","0","0","0.000012369262835391","0.0343761003102517","2769.99","","","Mint"
"0x93d17af0673b0a02ba45dab6abcd1201eda0ebc9f5fb4240bc7225d151eb9e34","22879503","1752038423","2025-07-09 05:20:23","0xf66ac2c80aaeff89b081ff911e80e7daeb9d0af6","0xe5544a2a5fa9b175da60d8eec67add5582bb31b0","","0","0","0","0.00001216205578845","0.0338002397819869","2769.99","","","Mint"
"0x27f361ee0d54d2d98e3dd1cfd26e734d495f2d2274f27fa5f64a287bde24f3bc","22879507","1752038471","2025-07-09 05:21:11","0xf66ac2c80aaeff89b081ff911e80e7daeb9d0af6","0xe5544a2a5fa9b175da60d8eec67add5582bb31b0","","0","0","0","0.0000141693575238","0.0393788427048629","2769.99","","","Mint"
"0xe194cfc39dd9b8fbde8645c59d0de7976c676d53f2d007e073b8a72f8e96d614","22879510","1752038507","2025-07-09 05:21:47","0xf66ac2c80aaeff89b081ff911e80e7daeb9d0af6","0xe5544a2a5fa9b175da60d8eec67add5582bb31b0","","0","0","0","0.000013696981682211","0.0380660369596295","2769.99","","","Mint"
"0xc8c169dd060067d85a39a77852a2334b9d9b1ef1ba285df45e73c93d3ad7f34f","22879511","1752038519","2025-07-09 05:21:59","0xf66ac2c80aaeff89b081ff911e80e7daeb9d0af6","0xe5544a2a5fa9b175da60d8eec67add5582bb31b0","","0","0","0","0.00001289284910496","0.0358312277793096","2769.99","","","Mint"
"0xfdd3e364b5dc1f18b375df246198a646bc5047222beb44a4e86fa64beb64a86b","22879528","1752038723","2025-07-09 05:25:23","0xf66ac2c80aaeff89b081ff911e80e7daeb9d0af6","0xe5544a2a5fa9b175da60d8eec67add5582bb31b0","","0","0","0","0.000012915732174165","0.0358948233785677","2769.99","","","Mint"
"0x0b43996239628c74c8249caf22ad1c9e68a0605c61c544b890195870be6d77bf","22879567","1752039191","2025-07-09 05:33:11","0xf66ac2c80aaeff89b081ff911e80e7daeb9d0af6","0xe5544a2a5fa9b175da60d8eec67add5582bb31b0","","0","0","0","0.00001336092850539","0.0371320930480389","2769.99","","","Mint"
"0x5aadcb47d3bc5fcddf1fde0dd62464e8ee8a66895754fc25b1e3e5c3379cbcf0","22879591","1752039479","2025-07-09 05:37:59","0xf66ac2c80aaeff89b081ff911e80e7daeb9d0af6","0xe5544a2a5fa9b175da60d8eec67add5582bb31b0","","0","0","0","0.00001429733257641","0.0397345052293218","2769.99","","","Mint"
"0xc360582cd31c2881e51e2ebd162ad091a4e60b8034526c9b4c880fa7252ae612","22879596","1752039539","2025-07-09 05:38:59","0xf66ac2c80aaeff89b081ff911e80e7daeb9d0af6","0xe5544a2a5fa9b175da60d8eec67add5582bb31b0","","0","0","0","0.00001548824017554","0.0430442221973209","2769.99","","","Mint"
"0x3b06bea6d4347de75edefae63ba353b3077f1508a02c9647912aaac4bf2887ae","22879614","1752039755","2025-07-09 05:42:35","0xf66ac2c80aaeff89b081ff911e80e7daeb9d0af6","0xe5544a2a5fa9b175da60d8eec67add5582bb31b0","","0","0","0","0.000022849861837545","0.0635033108323475","2769.99","","","Mint"
"0xe768b782d81a1ab7b651388bfa100090b4309eb89531a21841d9c31fd6401834","22879623","1752039863","2025-07-09 05:44:23","0xf66ac2c80aaeff89b081ff911e80e7daeb9d0af6","0xe5544a2a5fa9b175da60d8eec67add5582bb31b0","","0","0","0","0.000022493080709235","0.0625117607279632","2769.99","","","Mint"
"0x5b51d407734983ff314bdfb66b7dec37675edf094fdb7de4e2e1afc7145ec953","22879638","1752040055","2025-07-09 05:47:35","0xf66ac2c80aaeff89b081ff911e80e7daeb9d0af6","0xe5544a2a5fa9b175da60d8eec67add5582bb31b0","","0","0","0","0.00002438090870985","0.0677583276075966","2769.99","","","Mint"
"0x5cc091b5a7f5928bd7cb9c492941be1ee459aef1ab332f69ec0e598c036d7ad7","22879655","1752040259","2025-07-09 05:50:59","0x0a7da29599a326568c88ef1ff2fb2f42262090fd","0xe5544a2a5fa9b175da60d8eec67add5582bb31b0","","0","0","0","0.000027413388198","0.0761860585452204","2769.99","Error(0)","invalid jump destination","Mint"
"0x1c66369189a572e95c0c3f9c339d22e8a533983cf084773b8d030720e6b29988","22879655","1752040259","2025-07-09 05:50:59","0xf66ac2c80aaeff89b081ff911e80e7daeb9d0af6","0xe5544a2a5fa9b175da60d8eec67add5582bb31b0","","0","0","0","0.0000858588129","0.238614960652684","2769.99","Error(0)","invalid jump destination","Mint"
"0x6f9964e172433862193dab998aa37d48eecec4a08c6849255b433ea52055af03","22879691","1752040691","2025-07-09 05:58:11","0xf66ac2c80aaeff89b081ff911e80e7daeb9d0af6","0xe5544a2a5fa9b175da60d8eec67add5582bb31b0","","0","0","0","0.000020011866171615","0.0556160806076867","2769.99","","","Mint"
"0x63c21cec75bea09e6eb0d4c98b990ea3cdcf1d37e020a59c7e9bd71be7e44884","22879721","1752041075","2025-07-09 06:04:35","0xf66ac2c80aaeff89b081ff911e80e7daeb9d0af6","0xe5544a2a5fa9b175da60d8eec67add5582bb31b0","","0","0","0","0.000021894849946845","0.0608491846334722","2769.99","","","Mint"
"0xaf0c00297fdcfd9eda96fc27748ef04ea451d09bb9e6aee7b80d1b090368eb84","22879768","1752041639","2025-07-09 06:13:59","0xf66ac2c80aaeff89b081ff911e80e7daeb9d0af6","0xe5544a2a5fa9b175da60d8eec67add5582bb31b0","","0","0","0","0.000022340666848365","0.0620881789640646","2769.99","","","Mint"
"0x4e044252522d6d8ce982769b9eb55f9d080ef8517dcdab9a56864738c3280df7","22879807","1752042107","2025-07-09 06:21:47","0xf66ac2c80aaeff89b081ff911e80e7daeb9d0af6","0xe5544a2a5fa9b175da60d8eec67add5582bb31b0","","0","0","0","0.000019133179475535","0.0531740739652776","2769.99","","","Mint"
"0xd0a0b3d0a3b20828aecea5f8ebd91d0a2081c143b42e968c38caeb2e43785f33","22879819","1752042251","2025-07-09 06:24:11","0xf66ac2c80aaeff89b081ff911e80e7daeb9d0af6","0xe5544a2a5fa9b175da60d8eec67add5582bb31b0","","0","0","0","0.000016388967500235","0.0455474831658975","2769.99","","","Mint"
"0x43a033ec2e18152b5f90c7ecf5fa07a31eba3f9b53926268c8f56bf415fc530a","22879822","1752042287","2025-07-09 06:24:47","0xf66ac2c80aaeff89b081ff911e80e7daeb9d0af6","0xe5544a2a5fa9b175da60d8eec67add5582bb31b0","","0","0","0","0.000017686696408785","0.04915407312437","2769.99","","","Mint"
"0xdd4f47685323dbc72a7a7a32327a3f1819aa9d379d0978aa8fb862e478f455e4","22879827","1752042347","2025-07-09 06:25:47","0xf66ac2c80aaeff89b081ff911e80e7daeb9d0af6","0xe5544a2a5fa9b175da60d8eec67add5582bb31b0","","0","0","0","0.00001743565263588","0.0484563835340935","2769.99","","","Mint"
"0xa5adf5d7739b5826ee8e141f8931c908d9ecd6d16d772d419dc40b7c13bfc0e4","22879841","1752042515","2025-07-09 06:28:35","0xf66ac2c80aaeff89b081ff911e80e7daeb9d0af6","0xe5544a2a5fa9b175da60d8eec67add5582bb31b0","","0","0","0","0.000016396238003085","0.0455676890212184","2769.99","","","Mint"
"0x24b129919f2d19a849d9882406157b350c28bda1d3266146f560dac7dfbdbf1d","22879852","1752042647","2025-07-09 06:30:47","0xf66ac2c80aaeff89b081ff911e80e7daeb9d0af6","0xe5544a2a5fa9b175da60d8eec67add5582bb31b0","","0","0","0","0.000016543572146595","0.0459771534625377","2769.99","","","Mint"
"0xb41b064294db5df9dfdf961b90175fdb1c7d04fb44d5cb8e7c82965ee370714a","22879869","1752042851","2025-07-09 06:34:11","0xf66ac2c80aaeff89b081ff911e80e7daeb9d0af6","0xe5544a2a5fa9b175da60d8eec67add5582bb31b0","","0","0","0","0.000018203262469515","0.0505896903439927","2769.99","","","Mint"
"0xa3e8d66b229239d0b00c34484fd530ef982b3880f0b28d8e4dba155f6997ed13","22879874","1752042911","2025-07-09 06:35:11","0x0a7da29599a326568c88ef1ff2fb2f42262090fd","0xe5544a2a5fa9b175da60d8eec67add5582bb31b0","","0","0","0","0.000016521149106","0.0459148363541527","2769.99","Error(0)","invalid jump destination","Mint"
"0x80dbcdc8cf47f8aba1e4c0e7de935875909f9b464f9860df1de8b4c16a54fdf3","22879881","1752042995","2025-07-09 06:36:35","0xf66ac2c80aaeff89b081ff911e80e7daeb9d0af6","0xe5544a2a5fa9b175da60d8eec67add5582bb31b0","","0","0","0","0.000019164939301305","0.0532623394481147","2769.99","","","Mint"
"0x1c8b45c46e4b2a78cd37431fd0d2c1cba64064d2df4a655382441dd39c130221","22879886","1752043055","2025-07-09 06:37:35","0xf66ac2c80aaeff89b081ff911e80e7daeb9d0af6","0xe5544a2a5fa9b175da60d8eec67add5582bb31b0","","0","0","0","0.000020042226864135","0.0557004576821693","2769.99","","","Mint"
"0xfc26f847355a8b01057a5b4b03c2830b994d80d249a08b33df9bdb579a5ff6dd","22879888","1752043079","2025-07-09 06:37:59","0x0a7da29599a326568c88ef1ff2fb2f42262090fd","0xe5544a2a5fa9b175da60d8eec67add5582bb31b0","","0","0","0","0.000018079614546","0.0502460535825727","2769.99","Error(0)","invalid jump destination","Mint"
"0x75cb62f39f6e35449327f0b03ac6994c97f96bd59d15d1f3243ceec6a4477807","22879891","1752043115","2025-07-09 06:38:35","0x0a7da29599a326568c88ef1ff2fb2f42262090fd","0xe5544a2a5fa9b175da60d8eec67add5582bb31b0","","0","0","0","0.000017301648126","0.0480839642125087","2769.99","Error(0)","invalid jump destination","Mint"
"0xc9d3fd4c43a0e975ae23877ecc9ad530763a0a12708c7583067d34a68fa60be9","22879898","1752043199","2025-07-09 06:39:59","0x0a7da29599a326568c88ef1ff2fb2f42262090fd","0xe5544a2a5fa9b175da60d8eec67add5582bb31b0","","0","0","0","0.000017309105646","0.048104689817502","2769.99","Error(0)","invalid jump destination","Mint"
"0x218d24f3562a41a8beffdcdc9cc9c2ac5807d0ab29c8dcc477abd8a39c76f287","22879899","1752043211","2025-07-09 06:40:11","0xf66ac2c80aaeff89b081ff911e80e7daeb9d0af6","0xe5544a2a5fa9b175da60d8eec67add5582bb31b0","","0","0","0","0.00002065754298195","0.0574105166299024","2769.99","","","Mint"
"0x22ef619e1219988112ae8e7dbfee7d9cac1b4bb70516c4abfd8a8cfc450c067c","22879948","1752043799","2025-07-09 06:49:59","0x7ee6883bf679f875e06b63712a477ab280bd10ca","0xe5544a2a5fa9b175da60d8eec67add5582bb31b0","","0","0","0","0.000030248397857229","0.0840649901940286","2769.99","","","Mint"
"0x803dc324740c99eb2601ef281892081588384de5687b84244aad4fd278a730cf","22879959","1752043931","2025-07-09 06:52:11","0x7ee6883bf679f875e06b63712a477ab280bd10ca","0xe5544a2a5fa9b175da60d8eec67add5582bb31b0","","0","0","0","0.000020084867957607","0.0558189638960027","2769.99","","","Mint"
"0xe66840dac64ef3549851c3a73234e6fff1ac4f33a846bb007a2066959c1b6d3b","22879986","1752044255","2025-07-09 06:57:35","0xf66ac2c80aaeff89b081ff911e80e7daeb9d0af6","0xe5544a2a5fa9b175da60d8eec67add5582bb31b0","","0","0","0","0.00001992966342741","0.0553876264291173","2769.99","","","Mint"
"0x9640ad70e4b4cf22eee57faad34633f9538dc8067348c7e916aac95abe47141a","22880027","1752044747","2025-07-09 07:05:47","0xf66ac2c80aaeff89b081ff911e80e7daeb9d0af6","0xe5544a2a5fa9b175da60d8eec67add5582bb31b0","","0","0","0","0.000019483857542385","0.0541486627150735","2769.99","","","Mint"
"0x2059cb761edd8f963225db0e3a1702fe6c5b7bc2becb8a93db7780a51c1d045c","22880033","1752044819","2025-07-09 07:06:59","0xf66ac2c80aaeff89b081ff911e80e7daeb9d0af6","0xe5544a2a5fa9b175da60d8eec67add5582bb31b0","","0","0","0","0.000018289260684135","0.0508286927236512","2769.99","","","Mint"
"0x0ab9453bb13a6a85ae22b66c7f7453b75373d733157461eec66116659e308857","22880041","1752044951","2025-07-09 07:09:11","0xf66ac2c80aaeff89b081ff911e80e7daeb9d0af6","0xe5544a2a5fa9b175da60d8eec67add5582bb31b0","","0","0","0","0.000021987718231995","0.0611072800049137","2769.99","","","Mint"
"0x7e1bba38f342b26bc7dfc278b4587ff983a84d8300720e924f948d623a055259","22880047","1752045023","2025-07-09 07:10:23","0xf66ac2c80aaeff89b081ff911e80e7daeb9d0af6","0xe5544a2a5fa9b175da60d8eec67add5582bb31b0","","0","0","0","0.000021542678166105","0.0598704446210504","2769.99","","","Mint"
"0x5f912107d153eeaab51eed46638b4a0c9846f20ad51b345794bae289626036c4","22880056","1752045131","2025-07-09 07:12:11","0xf66ac2c80aaeff89b081ff911e80e7daeb9d0af6","0xe5544a2a5fa9b175da60d8eec67add5582bb31b0","","0","0","0","0.000020512209503025","0.0570066123458355","2769.99","","","Mint"
"0x9329fc3cee55a17045926a8eb3b59265b06751de0e24279ae5f25de5d65d0d5d","22880065","1752045239","2025-07-09 07:13:59","0x0559d4f52c63732853ac1f4c50b6f293cee0b646","0xe5544a2a5fa9b175da60d8eec67add5582bb31b0","","0","0","0","0.000020483987801508","0.0569281798591801","2769.99","","","Mint"
"0x4613791a50e61962928ec790dc0b5b03cd2ff9b9aa201f58706e424d41912376","22880067","1752045263","2025-07-09 07:14:23","0x0559d4f52c63732853ac1f4c50b6f293cee0b646","0xe5544a2a5fa9b175da60d8eec67add5582bb31b0","","0","0","0","0.000020886791677512","0.0580476343190896","2769.99","","","Mint"
"0x16d6686f3afd17a18a6cf5cc4dfe82c5cd8516390600a74be34ff2173458c092","22880069","1752045287","2025-07-09 07:14:47","0x0559d4f52c63732853ac1f4c50b6f293cee0b646","0xe5544a2a5fa9b175da60d8eec67add5582bb31b0","","0","0","0","0.000020387201796654","0.0566591965369105","2769.99","","","Mint"
"0xae834bcbd3d548c0e5352634dbad383471da1cabb1f2c92e3ea1aaad2644ed59","22880081","1752045431","2025-07-09 07:17:11","0x0559d4f52c63732853ac1f4c50b6f293cee0b646","0xe5544a2a5fa9b175da60d8eec67add5582bb31b0","","0","0","0","0.00002039496192063","0.0566807631252973","2769.99","","","Mint"
"0x3e65c24bb6929717a88a645fe5db2bd01a708148ca27c5dc5f79e247d53107fb","22880084","1752045467","2025-07-09 07:17:47","0x0559d4f52c63732853ac1f4c50b6f293cee0b646","0xe5544a2a5fa9b175da60d8eec67add5582bb31b0","","0","0","0","0.000020714775145131","0.0575695736900252","2769.99","","","Mint"
"0xcb34ac07f39fd18b6ccf96d49a45a26210872d24a8866dbdddf5bfa81b5fa6ed","22880090","1752045539","2025-07-09 07:18:59","0x0559d4f52c63732853ac1f4c50b6f293cee0b646","0xe5544a2a5fa9b175da60d8eec67add5582bb31b0","","0","0","0","0.000022107214095072","0.0614393775462515","2769.99","","","Mint"
"0x09769685c06f266abd2a8c26f1f2335109f73c5c651abfa7583daaa922a70193","22880093","1752045575","2025-07-09 07:19:35","0x0559d4f52c63732853ac1f4c50b6f293cee0b646","0xe5544a2a5fa9b175da60d8eec67add5582bb31b0","","0","0","0","0.000022416616762437","0.0622992555576692","2769.99","","","Mint"
"0x3fa3b5e952619e03c0ab5c1e2c6307f42d73e8892ec187cdbe8edd230a65bff2","22880101","1752045671","2025-07-09 07:21:11","0x0559d4f52c63732853ac1f4c50b6f293cee0b646","0xe5544a2a5fa9b175da60d8eec67add5582bb31b0","","0","0","0","0.000022551582721041","0.0626743468944112","2769.99","","","Mint"
"0xa478d5f06a36f5982ea29a003b4e106e00548d9874d8a198dadf5d21bde92d78","22880106","1752045731","2025-07-09 07:22:11","0xf66ac2c80aaeff89b081ff911e80e7daeb9d0af6","0xe5544a2a5fa9b175da60d8eec67add5582bb31b0","","0","0","0","0.00002281341964377","0.0634020323224309","2769.99","","","Mint"
"0xedd2f95e8e57af0c991df33a73e53bdb898b5017ef3a601fe7b43b82e0fbcda6","22880109","1752045767","2025-07-09 07:22:47","0xf66ac2c80aaeff89b081ff911e80e7daeb9d0af6","0xe5544a2a5fa9b175da60d8eec67add5582bb31b0","","0","0","0","0.000022731933657318","0.0631755701248504","2769.99","","","Mint"
"0x6b44b406eca7e1bff1cfc0793185ca21df75b0723013d4b92d36402c9d2c7bb6","22880116","1752045851","2025-07-09 07:24:11","0x0559d4f52c63732853ac1f4c50b6f293cee0b646","0xe5544a2a5fa9b175da60d8eec67add5582bb31b0","","0","0","0","0.000023112675990549","0.0642337121349029","2769.99","","","Mint"
"0xa94819495ff46b53dca8c0c0642de49c6be996d024d5461a0fc0132e2e873561","22880123","1752045935","2025-07-09 07:25:35","0x0559d4f52c63732853ac1f4c50b6f293cee0b646","0xe5544a2a5fa9b175da60d8eec67add5582bb31b0","","0","0","0","0.000021956710408197","0.0610211044522176","2769.99","","","Mint"
"0x0ceac4aa5595277008bcca108ffce7f66183f4b8975c290c4c5056f07ec1563b","22880132","1752046043","2025-07-09 07:27:23","0x0559d4f52c63732853ac1f4c50b6f293cee0b646","0xe5544a2a5fa9b175da60d8eec67add5582bb31b0","","0","0","0","0.000022696457727468","0.0630769770122816","2769.99","","","Mint"
"0xd038a16e20f23ed97bf98f0fe42c7a88a28b9f1991cd62412112b1e62c8e80e0","22880137","1752046103","2025-07-09 07:28:23","0x0559d4f52c63732853ac1f4c50b6f293cee0b646","0xe5544a2a5fa9b175da60d8eec67add5582bb31b0","","0","0","0","0.000021281845506645","0.0591455501964505","2769.99","","","Mint"
"0x741ed4c4131585c6e4aa1495c1746ca2122a2cbf6bf99e66a85516e696d64eef","22880140","1752046139","2025-07-09 07:28:59","0x0559d4f52c63732853ac1f4c50b6f293cee0b646","0xe5544a2a5fa9b175da60d8eec67add5582bb31b0","","0","0","0","0.000022623934378656","0.0628754233751106","2769.99","","","Mint"
"0x7cd987f1becdef6a73e376c07b6f61d303f69de52f7a5d65f3395649853b2c0b","22880145","1752046199","2025-07-09 07:29:59","0x0559d4f52c63732853ac1f4c50b6f293cee0b646","0xe5544a2a5fa9b175da60d8eec67add5582bb31b0","","0","0","0","0.000020582270837664","0.0572013236636781","2769.99","","","Mint"
"0x7dc1e302a6c20248cf7058dec75bb6ebe1ba7e39a074dad64f82f57ecfe26ca4","22880154","1752046307","2025-07-09 07:31:47","0x0559d4f52c63732853ac1f4c50b6f293cee0b646","0xe5544a2a5fa9b175da60d8eec67add5582bb31b0","","0","0","0","0.000026346720665553","0.0732216239963666","2769.99","","","Mint"
"0xb186637783dc6204a1a5e66b4177e24b9218adce9dd9a2cec80e7a2eb4f302f3","22880156","1752046331","2025-07-09 07:32:11","0x0559d4f52c63732853ac1f4c50b6f293cee0b646","0xe5544a2a5fa9b175da60d8eec67add5582bb31b0","","0","0","0","0.000024945645035283","0.0693278174656649","2769.99","","","Mint"
"0xb8d408237d0a19288f7d2aa849746317af7be863ab87a9bfe1641d286c01b346","22880162","1752046403","2025-07-09 07:33:23","0x0559d4f52c63732853ac1f4c50b6f293cee0b646","0xe5544a2a5fa9b175da60d8eec67add5582bb31b0","","0","0","0","0.000025088137695747","0.0697238266745217","2769.99","","","Mint"
"0xffd99de7f2a7124fc98256cda664e5d9289918c25c30013072ade69d6a0b725c","22880164","1752046427","2025-07-09 07:33:47","0x0559d4f52c63732853ac1f4c50b6f293cee0b646","0xe5544a2a5fa9b175da60d8eec67add5582bb31b0","","0","0","0","0.000024774695150289","0.068852721215162","2769.99","","","Mint"
"0xbcf7c0e9c8617e421183250fca87f1c165e451700234edcc6d01ea54fd052f15","22880171","1752046511","2025-07-09 07:35:11","0x0559d4f52c63732853ac1f4c50b6f293cee0b646","0xe5544a2a5fa9b175da60d8eec67add5582bb31b0","","0","0","0","0.000022987610839044","0.0638861366770388","2769.99","","","Mint"
"0x4d65d7f36894f8ad1039edfe6e58a8502eceacdab3673576e93b92385f663c2a","22880178","1752046595","2025-07-09 07:36:35","0x0559d4f52c63732853ac1f4c50b6f293cee0b646","0xe5544a2a5fa9b175da60d8eec67add5582bb31b0","","0","0","0","0.00002462438700117","0.0684349915508865","2769.99","","","Mint"
"0xe5cdf2789712ebf50f502949e93428e37a55e868b39ec0184961bf8387fe6ab6","22880183","1752046655","2025-07-09 07:37:35","0x0559d4f52c63732853ac1f4c50b6f293cee0b646","0xe5544a2a5fa9b175da60d8eec67add5582bb31b0","","0","0","0","0.000023832455548377","0.0662340911882422","2769.99","","","Mint"
"0xe8eb1b44cef5e448d4b04e4dc46a32ef01976c0a909313490d0b6462a7ee4bf0","22880185","1752046679","2025-07-09 07:37:59","0x0559d4f52c63732853ac1f4c50b6f293cee0b646","0xe5544a2a5fa9b175da60d8eec67add5582bb31b0","","0","0","0","0.000024045598390557","0.0668264482123186","2769.99","","","Mint"
"0x2e69d4cc417bdc3983b01b4ff8758ca553875dc662ef3c1519d86531662b755e","22880187","1752046703","2025-07-09 07:38:23","0x0559d4f52c63732853ac1f4c50b6f293cee0b646","0xe5544a2a5fa9b175da60d8eec67add5582bb31b0","","0","0","0","0.000023428086530832","0.0651102869571838","2769.99","","","Mint"
"0xaf50b67ac2c0f2d0970dea6413eb9156de9125f99b57a872c4653c63b9ac4960","22880195","1752046799","2025-07-09 07:39:59","0x0559d4f52c63732853ac1f4c50b6f293cee0b646","0xe5544a2a5fa9b175da60d8eec67add5582bb31b0","","0","0","0","0.000020855846783616","0.0579616336583538","2769.99","","","Mint"
"0x16f33b4cb997ceca3223cec21b9d45b3b6bec9c2817dead145beea416f268d18","22880199","1752046847","2025-07-09 07:40:47","0x0559d4f52c63732853ac1f4c50b6f293cee0b646","0xe5544a2a5fa9b175da60d8eec67add5582bb31b0","","0","0","0","0.000020048983781805","0.0557192362046005","2769.99","","","Mint"
"0xc3375b297eb90e2b3a438175e444852ac7674d479eae1e8e45d8b02058912578","22880202","1752046883","2025-07-09 07:41:23","0x0559d4f52c63732853ac1f4c50b6f293cee0b646","0xe5544a2a5fa9b175da60d8eec67add5582bb31b0","","0","0","0","0.000020016381195603","0.0556286285597822","2769.99","","","Mint"
"0xb31aeea8bc140b0167ee54235f6475e21fb7ce83675415b087dc54669e650be1","22880206","1752046931","2025-07-09 07:42:11","0x0559d4f52c63732853ac1f4c50b6f293cee0b646","0xe5544a2a5fa9b175da60d8eec67add5582bb31b0","","0","0","0","0.000083941798308768","0.233287279709899","2769.99","","","Transfer"
"0xf471edb3aec11ec232c21fe3af12040e5d0bd9b9d82ac90f0a36f4c1a0b2df51","22880207","1752046943","2025-07-09 07:42:23","0x0559d4f52c63732853ac1f4c50b6f293cee0b646","0xe5544a2a5fa9b175da60d8eec67add5582bb31b0","","0","0","0","0.000021666927477927","0.0602157527338712","2769.99","","","Mint"
"0x3f5df486f02a7dde3e323eb78f507331246ed2639290afe5c331c018133bfae7","22880213","1752047015","2025-07-09 07:43:35","0x0559d4f52c63732853ac1f4c50b6f293cee0b646","0xe5544a2a5fa9b175da60d8eec67add5582bb31b0","","0","0","0","0.000019895803304625","0.0552935238950484","2769.99","","","Mint"
"0x9cd95d606b5ccc713a62c84fc217c8e5165a02d2e5f722db5f8a732649b13d05","22880216","1752047051","2025-07-09 07:44:11","0x0559d4f52c63732853ac1f4c50b6f293cee0b646","0xe5544a2a5fa9b175da60d8eec67add5582bb31b0","","0","0","0","0.000021448345845366","0.0596082804675857","2769.99","","","Mint"
"0x32b48efab59d2cbec0db4928f9d8a13fe05b559ae84300036cd52a2841779ef0","22880221","1752047111","2025-07-09 07:45:11","0x0559d4f52c63732853ac1f4c50b6f293cee0b646","0xe5544a2a5fa9b175da60d8eec67add5582bb31b0","","0","0","0","0.000023300213990664","0.0647549093307044","2769.99","","","Mint"
"0x7909af3881846cc1d35328eeb5cffd513d1270f566bac4f83012ab8c4deb5eb0","22880230","1752047219","2025-07-09 07:46:59","0x0559d4f52c63732853ac1f4c50b6f293cee0b646","0xe5544a2a5fa9b175da60d8eec67add5582bb31b0","","0","0","0","0.000023113440497973","0.0642358368196351","2769.99","","","Mint"
"0xcaf837463b7622f1518321db617194d6148c0eaa223aa00472da0088aba979b1","22880237","1752047303","2025-07-09 07:48:23","0x0559d4f52c63732853ac1f4c50b6f293cee0b646","0xe5544a2a5fa9b175da60d8eec67add5582bb31b0","","0","0","0","0.000022150150534179","0.0615587045714227","2769.99","","","Mint"
"0x8d1ba43606f8b2675c67d2f8e2c1623eb8c1434d6fe792acc116d0b6494da451","22880248","1752047435","2025-07-09 07:50:35","0x0559d4f52c63732853ac1f4c50b6f293cee0b646","0xe5544a2a5fa9b175da60d8eec67add5582bb31b0","","0","0","0","0.000024481298737578","0.0680373270685388","2769.99","","","Mint"
"0xbd3a03b7fe584bebb5a8cc4d1d8da4fc6da52a426c4b1f445f74c21afc803141","22880252","1752047483","2025-07-09 07:51:23","0x0559d4f52c63732853ac1f4c50b6f293cee0b646","0xe5544a2a5fa9b175da60d8eec67add5582bb31b0","","0","0","0","0.00002300948107938","0.0639469174677459","2769.99","","","Mint"
"0x2d113e44ca94582ddb3749cc11649fd6ce496105b7ccac1d9840d8f9aea4400e","22880268","1752047675","2025-07-09 07:54:35","0x0559d4f52c63732853ac1f4c50b6f293cee0b646","0xe5544a2a5fa9b175da60d8eec67add5582bb31b0","","0","0","0","0.000022026132204909","0.0612140383949471","2769.99","","","Mint"
"0x45ba60b92a089b672160a5337af10c78c5cba98e2d8a184a8af9c1e90c1584d6","22880271","1752047711","2025-07-09 07:55:11","0x0559d4f52c63732853ac1f4c50b6f293cee0b646","0xe5544a2a5fa9b175da60d8eec67add5582bb31b0","","0","0","0","0.000020456450045844","0.0568516481641533","2769.99","","","Mint"
"0x5b668275313edbd621e876d40feb1038b5975558aee1560e6afb1640fd7680dd","22880274","1752047747","2025-07-09 07:55:47","0x0559d4f52c63732853ac1f4c50b6f293cee0b646","0xe5544a2a5fa9b175da60d8eec67add5582bb31b0","","0","0","0","0.000021570221044728","0.0599469905535751","2769.99","","","Mint"
"0xed70b05224695d8ad1ae77bb2d6bf2ddde2a8a39329f7d80cc8f41c540d77fe9","22880285","1752047879","2025-07-09 07:57:59","0x0559d4f52c63732853ac1f4c50b6f293cee0b646","0xe5544a2a5fa9b175da60d8eec67add5582bb31b0","","0","0","0","0.00002355817817151","0.0654718318082381","2769.99","","","Mint"
"0x7e82f97f88678e243feb63f9ab5ecd75994e3fc669f99a2b4ef69ea04d26227e","22880294","1752047987","2025-07-09 07:59:47","0x0559d4f52c63732853ac1f4c50b6f293cee0b646","0xe5544a2a5fa9b175da60d8eec67add5582bb31b0","","0","0","0","0.000022867978205118","0.0635536590282938","2769.99","","","Mint"
"0xefe428fa8b70cb2188aea79d33e1c165f605dd25b0854a128a9e0ef538192745","22880299","1752048047","2025-07-09 08:00:47","0x0559d4f52c63732853ac1f4c50b6f293cee0b646","0xe5544a2a5fa9b175da60d8eec67add5582bb31b0","","0","0","0","0.000025864061887125","0.0718802403744266","2769.99","","","Mint"
"0x20ac01e28e7a73ce92c9366e7585d59f438718f6e61e3c628bd01d211c6402df","22880301","1752048071","2025-07-09 08:01:11","0x0559d4f52c63732853ac1f4c50b6f293cee0b646","0xe5544a2a5fa9b175da60d8eec67add5582bb31b0","","0","0","0","0.000025630516682307","0.0712311820194832","2769.99","","","Mint"
"0xc1cbc9f75628c1188dc29707a56688a45a8c56b90579c1b48a03dfaeb0a07ace","22880303","1752048095","2025-07-09 08:01:35","0x0559d4f52c63732853ac1f4c50b6f293cee0b646","0xe5544a2a5fa9b175da60d8eec67add5582bb31b0","","0","0","0","0.000024532224867825","0.0681788586848592","2769.99","","","Mint"
"0x89dc38ad2784e5c26638deb85da19de917814b441c5cd7d52d18b8ea94806196","22880310","1752048179","2025-07-09 08:02:59","0x0559d4f52c63732853ac1f4c50b6f293cee0b646","0xe5544a2a5fa9b175da60d8eec67add5582bb31b0","","0","0","0","0.000022680443162718","0.0630324700524411","2769.99","","","Mint"
"0xbd7f872c0aecd3a41e9f56ad8745fb4f860991741fa44f8fa0a5ffc3ae9ffa70","22880318","1752048275","2025-07-09 08:04:35","0x0559d4f52c63732853ac1f4c50b6f293cee0b646","0xe5544a2a5fa9b175da60d8eec67add5582bb31b0","","0","0","0","0.000021207016896516","0.0589375898804556","2769.99","","","Mint"
"0xaffe25c8d8f6720e1ecc7f7daaa60bdc88c0226f4b53861f33e0ade65ea16ecc","22880323","1752048335","2025-07-09 08:05:35","0x0559d4f52c63732853ac1f4c50b6f293cee0b646","0xe5544a2a5fa9b175da60d8eec67add5582bb31b0","","0","0","0","0.000020724450826053","0.0575964639083325","2769.99","","","Mint"
"0xcc13d375faf5b0dd5546a0413316104aac9db25b42b83248a175504072629a96","22880328","1752048395","2025-07-09 08:06:35","0x0559d4f52c63732853ac1f4c50b6f293cee0b646","0xe5544a2a5fa9b175da60d8eec67add5582bb31b0","","0","0","0","0.000020435585893251","0.0567936634473621","2769.99","","","Mint"
"0xdef596920b69a4f746979466d66fff68765a63104337e4e1306a9cea6e3dcc3d","22880332","1752048443","2025-07-09 08:07:23","0x0559d4f52c63732853ac1f4c50b6f293cee0b646","0xe5544a2a5fa9b175da60d8eec67add5582bb31b0","","0","0","0","0.000019270934585001","0.0535569167849567","2769.99","","","Mint"
"0xc411bf7d8000cb12edf62d40ba94bf0239ad9c4c0d1a4b5ec3a36f4938282e19","22880344","1752048587","2025-07-09 08:09:47","0x0559d4f52c63732853ac1f4c50b6f293cee0b646","0xe5544a2a5fa9b175da60d8eec67add5582bb31b0","","0","0","0","0.000021150521802468","0.0587805812497978","2769.99","","","Mint"
"0x89ddde61340f1312689818550b84d431ac23ebe79911346330dcde2961209778","22880348","1752048635","2025-07-09 08:10:35","0x0559d4f52c63732853ac1f4c50b6f293cee0b646","0xe5544a2a5fa9b175da60d8eec67add5582bb31b0","","0","0","0","0.000021798455241774","0.0605812887940033","2769.99","","","Mint"
"0x52daaa9c4ba97b9267c01c5763be8a3a5628876d880451bc79bcba1262964550","22880363","1752048827","2025-07-09 08:13:47","0x0559d4f52c63732853ac1f4c50b6f293cee0b646","0xe5544a2a5fa9b175da60d8eec67add5582bb31b0","","0","0","0","0.000021987550484346","0.0611068138081738","2769.99","","","Mint"
"0xafee63c15ff9b2939070a474197d80f004962bb143b63d616f6c33f15f1280c7","22880368","1752048887","2025-07-09 08:14:47","0x0559d4f52c63732853ac1f4c50b6f293cee0b646","0xe5544a2a5fa9b175da60d8eec67add5582bb31b0","","0","0","0","0.000023847701593638","0.0662764623131993","2769.99","","","Mint"
"0x8c13bb03afafd296150ec25d27130ecaa60cbb2cc13da4beda4f895b84ef1663","22880379","1752049019","2025-07-09 08:16:59","0x0559d4f52c63732853ac1f4c50b6f293cee0b646","0xe5544a2a5fa9b175da60d8eec67add5582bb31b0","","0","0","0","0.000023566464194463","0.0654948599514666","2769.99","","","Mint"
"0xdfb85fbccf70b2b8d61c6b982de68ec536efe4f059edc5c45c528ef3979c3c2a","22880387","1752049115","2025-07-09 08:18:35","0x0559d4f52c63732853ac1f4c50b6f293cee0b646","0xe5544a2a5fa9b175da60d8eec67add5582bb31b0","","0","0","0","0.000023111425069923","0.0642302356324232","2769.99","","","Mint"
"0x46fe2d75558287040ece81c596896c19001688d6c02e9ee35b82e3c2edfb321e","22880391","1752049163","2025-07-09 08:19:23","0x0559d4f52c63732853ac1f4c50b6f293cee0b646","0xe5544a2a5fa9b175da60d8eec67add5582bb31b0","","0","0","0","0.000025796647932456","0.0716928865362187","2769.99","","","Mint"
"0x69a76c3b882a7b97eda9314751495d94335e8900105933a6f148cdcd693c4792","22880401","1752049283","2025-07-09 08:21:23","0x0559d4f52c63732853ac1f4c50b6f293cee0b646","0xe5544a2a5fa9b175da60d8eec67add5582bb31b0","","0","0","0","0.000025480813087455","0.0708151325053025","2769.99","","","Mint"
"0x872b1a886dc807bbf154c4cc4ddefefa79b8c09d46b5fdf17181ce3ade4dd39d","22880405","1752049331","2025-07-09 08:22:11","0x0559d4f52c63732853ac1f4c50b6f293cee0b646","0xe5544a2a5fa9b175da60d8eec67add5582bb31b0","","0","0","0","0.000024720231585645","0.0687013585198768","2769.99","","","Mint"
"0x940e929f082bbe8024cf709a793b7eda1a14d0b3f192c6c41a23c6af95b6b823","22880414","1752049439","2025-07-09 08:23:59","0x0559d4f52c63732853ac1f4c50b6f293cee0b646","0xe5544a2a5fa9b175da60d8eec67add5582bb31b0","","0","0","0","0.000023413344698007","0.0650693171168067","2769.99","","","Mint"
"0xb9d5479e7ced3b8bea9c6f6d2c48aafb4eef3599371f062b397dabff310b763d","22880417","1752049475","2025-07-09 08:24:35","0x0559d4f52c63732853ac1f4c50b6f293cee0b646","0xe5544a2a5fa9b175da60d8eec67add5582bb31b0","","0","0","0","0.000021312630676416","0.0592311069590643","2769.99","","","Mint"
"0xd5e6329f84027cf0fb1a8f9f3c5beff2dc8f105431b59b11321066a4ac3266a2","22880425","1752049571","2025-07-09 08:26:11","0x0559d4f52c63732853ac1f4c50b6f293cee0b646","0xe5544a2a5fa9b175da60d8eec67add5582bb31b0","","0","0","0","0.000021286661276136","0.0591589339669546","2769.99","","","Mint"
"0x58bf73e5378f2d4599290a10bdae7250a683d423837f16a847c4d73417178b2e","22880435","1752049691","2025-07-09 08:28:11","0x0559d4f52c63732853ac1f4c50b6f293cee0b646","0xe5544a2a5fa9b175da60d8eec67add5582bb31b0","","0","0","0","0.000020976324851856","0.0582964609002128","2769.99","","","Mint"
"0xa3da008e4de72adf051771f54a0d5b867fbf881e9e5e2954dac0ee4f48d48811","22880439","1752049739","2025-07-09 08:28:59","0x0559d4f52c63732853ac1f4c50b6f293cee0b646","0xe5544a2a5fa9b175da60d8eec67add5582bb31b0","","0","0","0","0.000022601423344491","0.0628128617189439","2769.99","","","Mint"
"0xe2725516de6004619cfffa7b435eaa32c7d28610bbb224295858c279fc2b697d","22880442","1752049775","2025-07-09 08:29:35","0x0559d4f52c63732853ac1f4c50b6f293cee0b646","0xe5544a2a5fa9b175da60d8eec67add5582bb31b0","","0","0","0","0.000021655779237375","0.0601847700439083","2769.99","","","Mint"
"0x37797e1c105d2049740fd566e336a4b7e62c519130d54842cb3b19b42ec1411f","22880454","1752049919","2025-07-09 08:31:59","0x0559d4f52c63732853ac1f4c50b6f293cee0b646","0xe5544a2a5fa9b175da60d8eec67add5582bb31b0","","0","0","0","0.000024578490809559","0.0683074389143491","2769.99","","","Mint"
"0x40233c8955d4dccdec563b6900e63beb156d9ff2f8ae7c5d452eda05019f3462","22880466","1752050063","2025-07-09 08:34:23","0x0559d4f52c63732853ac1f4c50b6f293cee0b646","0xe5544a2a5fa9b175da60d8eec67add5582bb31b0","","0","0","0","0.000026421303700518","0.0734289018208837","2769.99","","","Mint"
"0x2b41999782bb0c9ae862a39d87c5256c7be1bcd00bc3e3763cdf1dede1437442","22880516","1752050663","2025-07-09 08:44:23","0xf66ac2c80aaeff89b081ff911e80e7daeb9d0af6","0xe5544a2a5fa9b175da60d8eec67add5582bb31b0","","0","0","0","0.000027760421953215","0.0771505191876267","2769.99","","","Mint"
"0xa62242b0e9a88a7369e76292f592eff0f158d58109d749d3582b01ff240fd85f","22880526","1752050783","2025-07-09 08:46:23","0xf66ac2c80aaeff89b081ff911e80e7daeb9d0af6","0xe5544a2a5fa9b175da60d8eec67add5582bb31b0","","0","0","0","0.00002678996873664","0.0744534791486733","2769.99","","","Mint"
"0x59a8d53b4aa9c176b62bdab5e42209f044e81efc237a93479e595ea8899f196d","22880561","1752051203","2025-07-09 08:53:23","0x0559d4f52c63732853ac1f4c50b6f293cee0b646","0xe5544a2a5fa9b175da60d8eec67add5582bb31b0","","0","0","0","0.000029788457040357","0.0827867433115763","2769.99","","","Mint"
"0x0d8da6e3805323127bb502eee223806103995be4a3b75b6adccd5a7735de5bad","22880580","1752051431","2025-07-09 08:57:11","0x0559d4f52c63732853ac1f4c50b6f293cee0b646","0xe5544a2a5fa9b175da60d8eec67add5582bb31b0","","0","0","0","0.000030118231445358","0.0837032375422294","2769.99","","","Mint"
"0x6753dd11ea3173919a92c071d7c02bec20bff2edf1b7f84394b3d67c75c3a408","22880583","1752051467","2025-07-09 08:57:47","0x0559d4f52c63732853ac1f4c50b6f293cee0b646","0xe5544a2a5fa9b175da60d8eec67add5582bb31b0","","0","0","0","0.000030193265763441","0.0839117695525407","2769.99","","","Mint"
"0x41733d0dcaa5d25c42664e5d1ff7d069d2d422766bb2a6b4d4597d52ccc47159","22880586","1752051503","2025-07-09 08:58:23","0x0559d4f52c63732853ac1f4c50b6f293cee0b646","0xe5544a2a5fa9b175da60d8eec67add5582bb31b0","","0","0","0","0.000030988431982005","0.0861216598310842","2769.99","","","Mint"
"0xf58f080057695fdddd25109c60008fd755d606f3c78e971d9b4e028954c51076","22880599","1752051671","2025-07-09 09:01:11","0xf66ac2c80aaeff89b081ff911e80e7daeb9d0af6","0xe5544a2a5fa9b175da60d8eec67add5582bb31b0","","0","0","0","0.000031836834929919","0.0884795032393072","2769.99","","","Mint"
"0x29a9f468680b8ad6bb07a3d097a4c3f9d7a32a2abbff4542b40d5aa8025f8669","22880619","1752051911","2025-07-09 09:05:11","0x0559d4f52c63732853ac1f4c50b6f293cee0b646","0xe5544a2a5fa9b175da60d8eec67add5582bb31b0","","0","0","0","0.000034120333877256","0.0948257010618171","2769.99","","","Mint"
"0xd1056d3de4e92b9dfdfe00443b78eb4bddcac19c175f179f7fa36cc63a0f97d9","22880623","1752051959","2025-07-09 09:05:59","0x0559d4f52c63732853ac1f4c50b6f293cee0b646","0xe5544a2a5fa9b175da60d8eec67add5582bb31b0","","0","0","0","0.00003364842393117","0.0935141901124627","2769.99","","","Mint"
"0x0989e2d68d7abe353219a970173c8d234b0bf17fe9fbd555c58611c171cc1b3d","22880637","1752052127","2025-07-09 09:08:47","0x0559d4f52c63732853ac1f4c50b6f293cee0b646","0xe5544a2a5fa9b175da60d8eec67add5582bb31b0","","0","0","0","0.000032699774880849","0.0908777472340922","2769.99","","","Mint"
"0x96e249f673119ea407a6ae4ca893151b8925012af05cd9870bd5ac6204b840d1","22880670","1752052523","2025-07-09 09:15:23","0x0559d4f52c63732853ac1f4c50b6f293cee0b646","0xe5544a2a5fa9b175da60d8eec67add5582bb31b0","","0","0","0","0.000029082030032169","0.0808234730651183","2769.99","","","Mint"
"0x7432a8bd7d9b77d11231cf2d98cd8c3d698b8b69d28795e96afe03458ce7b044","22880680","1752052643","2025-07-09 09:17:23","0x0559d4f52c63732853ac1f4c50b6f293cee0b646","0xe5544a2a5fa9b175da60d8eec67add5582bb31b0","","0","0","0","0.000035977286511381","0.099986460508162","2769.99","","","Mint"
"0x36cbaec13441d98130a445728c0b53f74ccddecc96d8a956752c931cad9a9d3d","22880688","1752052739","2025-07-09 09:18:59","0x0559d4f52c63732853ac1f4c50b6f293cee0b646","0xe5544a2a5fa9b175da60d8eec67add5582bb31b0","","0","0","0","0.000036080120387946","0.100272251804146","2769.99","","","Mint"
"0xf65f01ee5e40fb79eeea9c5b26b4c4db91f8b8f290a69345e73de77707d1dc3e","22880707","1752052967","2025-07-09 09:22:47","0x0559d4f52c63732853ac1f4c50b6f293cee0b646","0xe5544a2a5fa9b175da60d8eec67add5582bb31b0","","0","0","0","0.000032241080416467","0.089602964158561","2769.99","","","Mint"
"0xeb22fab02c7ede3554796f479db47cd0c484cfcfcae8d5e1a180536da6ec6ff6","22880716","1752053075","2025-07-09 09:24:35","0x0559d4f52c63732853ac1f4c50b6f293cee0b646","0xe5544a2a5fa9b175da60d8eec67add5582bb31b0","","0","0","0","0.000032289165161013","0.0897365991232233","2769.99","","","Mint"
"0xff055eef1852fdaf8623fc483bcbbb4154715dbc358987f3d309ea62a66d6a3c","22880729","1752053231","2025-07-09 09:27:11","0x0559d4f52c63732853ac1f4c50b6f293cee0b646","0xe5544a2a5fa9b175da60d8eec67add5582bb31b0","","0","0","0","0.000031160084111055","0.0865987077267605","2769.99","","","Mint"
"0xdc62d9f28ca4d52113f254527ba1d2dbe83b4c62a46be4fb701003bc6d550e1e","22880733","1752053279","2025-07-09 09:27:59","0x0559d4f52c63732853ac1f4c50b6f293cee0b646","0xe5544a2a5fa9b175da60d8eec67add5582bb31b0","","0","0","0","0.000031632543077796","0.0879117444896868","2769.99","","","Mint"
"0xa50312124793026aadaec714ee138be505638d87ffa09a0492c9616e3181e7ad","22880737","1752053327","2025-07-09 09:28:47","0x0559d4f52c63732853ac1f4c50b6f293cee0b646","0xe5544a2a5fa9b175da60d8eec67add5582bb31b0","","0","0","0","0.000030581773740219","0.0849914934907241","2769.99","","","Mint"
"0xbde1b110dc5330ad77f74361bc52d262ac8900a4a6c4e60006b05cbf6fd8cbe3","22880748","1752053459","2025-07-09 09:30:59","0x0559d4f52c63732853ac1f4c50b6f293cee0b646","0xe5544a2a5fa9b175da60d8eec67add5582bb31b0","","0","0","0","0.000032769491615418","0.0910715008548811","2769.99","","","Mint"
"0x27e154f0f2c0905ecfadead257dd136eba231c76d5c2e357930254c74c343f07","22880765","1752053663","2025-07-09 09:34:23","0x0559d4f52c63732853ac1f4c50b6f293cee0b646","0xe5544a2a5fa9b175da60d8eec67add5582bb31b0","","0","0","0","0.000029925822534102","0.0831685033287242","2769.99","","","Mint"
"0x27bfd0a71d12747157a27c99d996b2de9582e0fb3a4716520f6328f5a1bd90a0","22880775","1752053783","2025-07-09 09:36:23","0x0559d4f52c63732853ac1f4c50b6f293cee0b646","0xe5544a2a5fa9b175da60d8eec67add5582bb31b0","","0","0","0","0.000031516454925489","0.0875891175052299","2769.99","","","Mint"
"0x126ab30d4ecdf1e7daee39534fe9019c0558147ac01112e1e90455ba612e5514","22880803","1752054119","2025-07-09 09:41:59","0x0559d4f52c63732853ac1f4c50b6f293cee0b646","0xe5544a2a5fa9b175da60d8eec67add5582bb31b0","","0","0","0","0.000026563616772984","0.0738244119268339","2769.99","","","Mint"
"0xe9595db1a4083a185efd7d7d959bd639f2a4903004d621c4317fd302a0cdb017","22880807","1752054167","2025-07-09 09:42:47","0x0559d4f52c63732853ac1f4c50b6f293cee0b646","0xe5544a2a5fa9b175da60d8eec67add5582bb31b0","","0","0","0","0.000030082887342489","0.0836050107972916","2769.99","","","Mint"
"0xd6c6172ddbbe156a3bb09dc9305bf18040e8c970e4f4b103b1491b2d3319e7de","22880823","1752054359","2025-07-09 09:45:59","0x0559d4f52c63732853ac1f4c50b6f293cee0b646","0xe5544a2a5fa9b175da60d8eec67add5582bb31b0","","0","0","0","0.000028525447234647","0.0792766431260024","2769.99","","","Mint"
"0xaa68cc43dda8f3486dac21621e18d6cc572f56d790b92c8e8ee07759ed7f6974","22880841","1752054575","2025-07-09 09:49:35","0xf66ac2c80aaeff89b081ff911e80e7daeb9d0af6","0xe5544a2a5fa9b175da60d8eec67add5582bb31b0","","0","0","0","0.00002915424390915","0.0810241666320614","2769.99","","","Mint"
"0x88e0590557c561d0df472fa87d281098da2206fd03243d3203f7992756ff77da","22880841","1752054575","2025-07-09 09:49:35","0x0559d4f52c63732853ac1f4c50b6f293cee0b646","0xe5544a2a5fa9b175da60d8eec67add5582bb31b0","","0","0","0","0.000075559895","0.209992670098353","2769.99","Error(0)","invalid jump destination","Mint"
"0x2c794959e8162c7fde79bb6e93ca863463001efe0d9df7295b69a5506f830d31","22880850","1752054683","2025-07-09 09:51:23","0x0559d4f52c63732853ac1f4c50b6f293cee0b646","0xe5544a2a5fa9b175da60d8eec67add5582bb31b0","","0","0","0","0.000030238976688498","0.0840388073045834","2769.99","","","Mint"
"0x572d0cad773afd28ec66ea71e2257722603dc1a93aba9ba5f2540fbb35f09931","22880932","1752055667","2025-07-09 10:07:47","0x0559d4f52c63732853ac1f4c50b6f293cee0b646","0xe5544a2a5fa9b175da60d8eec67add5582bb31b0","","0","0","0","0.000025841703184683","0.0718181020717499","2769.99","","","Mint"
"0xfd88d93e4ffaf0f52e0267d440b1787a4c99f4cfbab6050e3f78b26cf2bd4ec0","22880938","1752055739","2025-07-09 10:08:59","0x0559d4f52c63732853ac1f4c50b6f293cee0b646","0xe5544a2a5fa9b175da60d8eec67add5582bb31b0","","0","0","0","0.000024601897189407","0.0683724888750673","2769.99","","","Mint"
"0x4f29cb78002937184c6ab9e93213a2ac041db16dd32d59ee82e1da3c785cc00f","22880962","1752056027","2025-07-09 10:13:47","0x0559d4f52c63732853ac1f4c50b6f293cee0b646","0xe5544a2a5fa9b175da60d8eec67add5582bb31b0","","0","0","0","0.000023295406933398","0.0647415497728251","2769.99","","","Mint"
"0x2ffdb2c3d64681c424d76e84fca8e7d5195b8d10ce9effeb937897dc221fbeec","22880973","1752056159","2025-07-09 10:15:59","0x0559d4f52c63732853ac1f4c50b6f293cee0b646","0xe5544a2a5fa9b175da60d8eec67add5582bb31b0","","0","0","0","0.000024004469873661","0.0667121456834417","2769.99","","","Mint"
"0x3dfd3dfbb1d0a6ec6f7a18bcaa8b5e0495d9920958cf1f34eb20732e87e9a05a","22881017","1752056699","2025-07-09 10:24:59","0x0559d4f52c63732853ac1f4c50b6f293cee0b646","0xe5544a2a5fa9b175da60d8eec67add5582bb31b0","","0","0","0","0.000030345550394127","0.08433499216571","2769.99","","","Mint"
"0x4cc0dd588ec307bdcd2220c9cd2a07e9ccf57c67808726af08670b57a83d82ce","22881035","1752056927","2025-07-09 10:28:47","0x0559d4f52c63732853ac1f4c50b6f293cee0b646","0xe5544a2a5fa9b175da60d8eec67add5582bb31b0","","0","0","0","0.000034752141448335","0.0965815923165526","2769.99","","","Mint"
"0xe1df676a55787967210600b82b2a7e8d8ba16066c91d74c52a4d0dde42552781","22881039","1752056975","2025-07-09 10:29:35","0x0559d4f52c63732853ac1f4c50b6f293cee0b646","0xe5544a2a5fa9b175da60d8eec67add5582bb31b0","","0","0","0","0.000032788718102037","0.0911249342438732","2769.99","","","Mint"
"0xe58e1e2c1ee2db3f26fde3db34e75f0a1b2bc0cd1c39adaa2ae2767b59fc03bc","22881050","1752057107","2025-07-09 10:31:47","0x0559d4f52c63732853ac1f4c50b6f293cee0b646","0xe5544a2a5fa9b175da60d8eec67add5582bb31b0","","0","0","0","0.00003612814542471","0.100405720831619","2769.99","","","Mint"
"0x8c335258b9abef004f487d8ad9130dd1f76ba46f8cb3bf756c7e14c292a45c22","22881060","1752057227","2025-07-09 10:33:47","0x0559d4f52c63732853ac1f4c50b6f293cee0b646","0xe5544a2a5fa9b175da60d8eec67add5582bb31b0","","0","0","0","0.00004428620166807","0.123078224722151","2769.99","","","Mint"
"0x0a01d71687ceab7512ef74059b7df5b6bbc42d61fb2e61effe8c830533ba9089","22881063","1752057263","2025-07-09 10:34:23","0x0559d4f52c63732853ac1f4c50b6f293cee0b646","0xe5544a2a5fa9b175da60d8eec67add5582bb31b0","","0","0","0","0.000043014746482629","0.119544653516141","2769.99","","","Mint"
"0x1b4185218de7acaa830fa72d096abbaab149d2604fb228639fb50f859668d957","22881095","1752057647","2025-07-09 10:40:47","0x1189f4016460543ac15cfb71b393c08682073a76","0xe5544a2a5fa9b175da60d8eec67add5582bb31b0","","0","0","0","0.000061233712894508","0.170177987552176","2769.99","","","Approve"
"0x478311d2cf8362ff1f825ad97bd5357563d24df07d078f56bc38053ce063b9e9","22881111","1752057851","2025-07-09 10:44:11","0x0559d4f52c63732853ac1f4c50b6f293cee0b646","0xe5544a2a5fa9b175da60d8eec67add5582bb31b0","","0","0","0","0.000050658042925356","0.140786560064072","2769.99","","","Mint"
"0x371a2eb6cde0c219848081be2577b900cd9ccfc0732ed72f62aaefe487182e02","22881115","1752057899","2025-07-09 10:44:59","0x0559d4f52c63732853ac1f4c50b6f293cee0b646","0xe5544a2a5fa9b175da60d8eec67add5582bb31b0","","0","0","0","0.000050874838319466","0.141389068096597","2769.99","","","Mint"
"0x4801a4c0a0aa42edbe22182d2a1642f358b40e550c59cce39158573dde0fe102","22881130","1752058079","2025-07-09 10:47:59","0x0559d4f52c63732853ac1f4c50b6f293cee0b646","0xe5544a2a5fa9b175da60d8eec67add5582bb31b0","","0","0","0","0.00004250008983474","0.118114342851018","2769.99","","","Mint"
"0x9ee1c18d3109da96537bf8a2fdba96137b76dd0c209fbbbc7afc45795e5fcfb6","22881176","1752058643","2025-07-09 10:57:23","0x0559d4f52c63732853ac1f4c50b6f293cee0b646","0xe5544a2a5fa9b175da60d8eec67add5582bb31b0","","0","0","0","0.000045048276367803","0.125196148536251","2769.99","","","Mint"
"0x22249ef7d8e17e1b369801b0005eb08929310373d85744430706d66146d8b266","22881336","1752060575","2025-07-09 11:29:35","0x0559d4f52c63732853ac1f4c50b6f293cee0b646","0xe5544a2a5fa9b175da60d8eec67add5582bb31b0","","0","0","0","0.000235917876394046","0.655652377334815","2769.99","","","Approve"
"0x74d95579b31d62c7ce1d5bd195a7ec4afc69f9595d28babaf00942df75c8565b","22881380","1752061103","2025-07-09 11:38:23","0x0559d4f52c63732853ac1f4c50b6f293cee0b646","0xe5544a2a5fa9b175da60d8eec67add5582bb31b0","","0","0","0","0.000114201597231645","0.317383955234054","2769.99","","","Mint"
"0xd60b8b082a10ebed6162e079c05af952db7efe40b1240f98b49b26657317772e","22881393","1752061259","2025-07-09 11:40:59","0x0559d4f52c63732853ac1f4c50b6f293cee0b646","0xe5544a2a5fa9b175da60d8eec67add5582bb31b0","","0","0","0","0.000120633226500843","0.33525845073622","2769.99","","","Mint"
"0x0121be2f15e588fa5098cdee4ca370365426a301ce7bb30c6f1388ee05b861e4","22881451","1752061955","2025-07-09 11:52:35","0x0559d4f52c63732853ac1f4c50b6f293cee0b646","0xe5544a2a5fa9b175da60d8eec67add5582bb31b0","","0","0","0","0.000099990407248269","0.277888853634402","2769.99","","","Mint"
"0x5b34015ae3cacdd66820440edf46b1e54ea593be49af9795d544f13626da0e76","22881460","1752062063","2025-07-09 11:54:23","0x0559d4f52c63732853ac1f4c50b6f293cee0b646","0xe5544a2a5fa9b175da60d8eec67add5582bb31b0","","0","0","0","0.000096553344769212","0.268336723800552","2769.99","","","Mint"
"0x79c2e47f2e96f318cbf9dbcf2735c681af3ac9bd003b914781aac608a4625a9a","22881465","1752062123","2025-07-09 11:55:23","0x0559d4f52c63732853ac1f4c50b6f293cee0b646","0xe5544a2a5fa9b175da60d8eec67add5582bb31b0","","0","0","0","0.000092039698707345","0.255792601175575","2769.99","","","Mint"
"0xf2a8d2d208a134b46f48be9815bc1e0aa0b1429f635e1b90c8917d76b77e5f8c","22881484","1752062351","2025-07-09 11:59:11","0x0a7da29599a326568c88ef1ff2fb2f42262090fd","0xe5544a2a5fa9b175da60d8eec67add5582bb31b0","","0","0","0","0.000084","0.233449031238882","2769.99","Error(0)","invalid jump destination","Mint"
"0xc36e60cdbd74ebf6b206ad0816b5eeb35c45aa1214cc5bfc1ada7bbd16a421de","22881499","1752062531","2025-07-09 12:02:11","0x0559d4f52c63732853ac1f4c50b6f293cee0b646","0xe5544a2a5fa9b175da60d8eec67add5582bb31b0","","0","0","0","0.000085781714304741","0.238400691695862","2769.99","","","Mint"
"0x8cc5680983fcc80bf04b416cedc490e073222f4f6c82e61ad02a705122b8f17c","22881532","1752062927","2025-07-09 12:08:47","0x0559d4f52c63732853ac1f4c50b6f293cee0b646","0xe5544a2a5fa9b175da60d8eec67add5582bb31b0","","0","0","0","0.000098005956695247","0.272373757692206","2769.99","","","Mint"
"0x764f87b230f22b519dd03a5622545059ac4646e76431a92a6c142c0effe4beae","22881537","1752062987","2025-07-09 12:09:47","0x0559d4f52c63732853ac1f4c50b6f293cee0b646","0xe5544a2a5fa9b175da60d8eec67add5582bb31b0","","0","0","0","0.000101218663042398","0.28130236703027","2769.99","","","Mint"
"0xe656a11d6cbc4c1971adee0d497ee6881787ec6021fbfe673370ba35b0a94cc9","22881643","1752064259","2025-07-09 12:30:59","0x0559d4f52c63732853ac1f4c50b6f293cee0b646","0xe5544a2a5fa9b175da60d8eec67add5582bb31b0","","0","0","0","0.00019565765558103","0.543762977974552","2769.99","","","Mint"
"0x8f58d3c40fd18fb7ac7c017ee15e364a297db6d2672eb67739b1b1f213e6a49c","22881662","1752064487","2025-07-09 12:34:47","0xf66ac2c80aaeff89b081ff911e80e7daeb9d0af6","0xe5544a2a5fa9b175da60d8eec67add5582bb31b0","","0","0","0","0.000205465794358635","0.571021317211319","2769.99","","","Mint"
"0xd26d811f50393cef5337f5d59327482244294e6d0c2b58693580965686e83009","22881664","1752064523","2025-07-09 12:35:23","0xf66ac2c80aaeff89b081ff911e80e7daeb9d0af6","0xe5544a2a5fa9b175da60d8eec67add5582bb31b0","","0","0","0","0.00080291439765","2.2314236702279","2769.99","Error(0)","invalid jump destination","Mint"
"0x7a0da3cb3c7b6754eee647f353d1405aea24d30affd1b9a60b58e8c3dd5db00f","22881664","1752064523","2025-07-09 12:35:23","0xf66ac2c80aaeff89b081ff911e80e7daeb9d0af6","0xe5544a2a5fa9b175da60d8eec67add5582bb31b0","","0","0","0","0.00080291439765","2.2314236702279","2769.99","Error(0)","invalid jump destination","Mint"
"0x532e8ff40fe716c8e883cc540b2db5269f2465128aba5cf3b761111656d1a40a","22881786","1752066011","2025-07-09 13:00:11","0xf66ac2c80aaeff89b081ff911e80e7daeb9d0af6","0xe5544a2a5fa9b175da60d8eec67add5582bb31b0","","0","0","0","0.000119340900723675","0.331666876918066","2769.99","","","Mint"
"0xe05514063b102a7dbed5874fde169f840545fad07bcf3e76e172c8a7aed9bc42","22881810","1752066299","2025-07-09 13:04:59","0x0a7da29599a326568c88ef1ff2fb2f42262090fd","0xe5544a2a5fa9b175da60d8eec67add5582bb31b0","","0","0","0","0.000262468838363424","0.72944161959924","2769.99","","","Transfer"
"0xbe33b5e06b2f7dcedcbc43e50f3228a9fa75c9c6f671bca5ea2db37d3f050b71","22881924","1752067691","2025-07-09 13:28:11","0xf66ac2c80aaeff89b081ff911e80e7daeb9d0af6","0xe5544a2a5fa9b175da60d8eec67add5582bb31b0","","0","0","0","0.00016021481194629","0.445261817130728","2769.99","","","Mint"
"0x904c4edc1d14eeee7ca6210b5c572fad2b43aa8d39b66286b9e6f7a723e64c06","22881925","1752067703","2025-07-09 13:28:23","0xf66ac2c80aaeff89b081ff911e80e7daeb9d0af6","0xe5544a2a5fa9b175da60d8eec67add5582bb31b0","","0","0","0","0.0006260836731","1.73998365428186","2769.99","Error(0)","invalid jump destination","Mint"
"0x68e15a40acd22740a685262ae4d34469e72d418dd51fae0cc739f0fc7be66781","22881927","1752067727","2025-07-09 13:28:47","0xf66ac2c80aaeff89b081ff911e80e7daeb9d0af6","0xe5544a2a5fa9b175da60d8eec67add5582bb31b0","","0","0","0","0.0006260836731","1.73998365428186","2769.99","Error(0)","invalid jump destination","Mint"
"0x5b64b765e6cb64b7a199fe1d50d5842ab7b757ccb4752770769c1c68240fc7c4","22882306","1752072323","2025-07-09 14:45:23","0xf66ac2c80aaeff89b081ff911e80e7daeb9d0af6","0xe5544a2a5fa9b175da60d8eec67add5582bb31b0","","0","0","0","0.00021242098577787","0.590350873150621","2769.99","","","Mint"
"0x72c2ea1c23b4fc17f950f491c73653bfc9612dd85ba056db5360484e811651b2","22882306","1752072323","2025-07-09 14:45:23","0xf66ac2c80aaeff89b081ff911e80e7daeb9d0af6","0xe5544a2a5fa9b175da60d8eec67add5582bb31b0","","0","0","0","0.00024895029195","0.69187148193291","2769.99","Error(0)","invalid jump destination","Mint"
"0xf45f87006b6924143b7327da217f86d6a911ba100122d2207ebc64e8450f3561","22882309","1752072359","2025-07-09 14:45:59","0xf66ac2c80aaeff89b081ff911e80e7daeb9d0af6","0xe5544a2a5fa9b175da60d8eec67add5582bb31b0","","0","0","0","0.00024895029195","0.69187148193291","2769.99","Error(0)","invalid jump destination","Mint"
"0x3481fe700227dcd527baed6633884bcf460f214f3b8a85f4c60910b6d56a142b","22882904","1752079511","2025-07-09 16:45:11","0x0a7da29599a326568c88ef1ff2fb2f42262090fd","0xe5544a2a5fa9b175da60d8eec67add5582bb31b0","","0","0","0","0.000155164909536","0.431227354922","2769.99","Error(0)","invalid jump destination","Mint"
"0x5baf6aa08ddd50c65e0ffc159764ded4cfd4832d14d2042b61d705b38ded265f","22882912","1752079607","2025-07-09 16:46:47","0x0a7da29599a326568c88ef1ff2fb2f42262090fd","0xe5544a2a5fa9b175da60d8eec67add5582bb31b0","","0","0","0","0.00012522488298699","0.348019376432324","2769.99","","","Mint"
"0xf4ed7fd22d2c1fd070f5bb8164143f9972145579e9381a17d6b9c442fb57700d","22883074","1752081563","2025-07-09 17:19:23","0x0559d4f52c63732853ac1f4c50b6f293cee0b646","0xe5544a2a5fa9b175da60d8eec67add5582bb31b0","","0","0","0","0.000186809283943977","0.519171980513699","2769.99","","","Mint"
"0x27220f81e58fdbb8d2b29b0ab97eed00471dc30ae2504341278232cb0d84533f","22883078","1752081611","2025-07-09 17:20:11","0x0559d4f52c63732853ac1f4c50b6f293cee0b646","0xe5544a2a5fa9b175da60d8eec67add5582bb31b0","","0","0","0","0.000187200573123885","0.52025943384684","2769.99","","","Mint"
"0x834f0947c90ac56e764dadeadb597a759bad0225a56b5fcdfcb70719d7289c74","22883101","1752081887","2025-07-09 17:24:47","0x0a7da29599a326568c88ef1ff2fb2f42262090fd","0xe5544a2a5fa9b175da60d8eec67add5582bb31b0","","0","0","0","0.000164117612054667","0.456108304088104","2769.99","","","Mint"
"0x3f6e5ce504859beaf2c5fa27aeace5fa7440f187bf1865d09d3f2b6aa30a9324","22883116","1752082067","2025-07-09 17:27:47","0x0559d4f52c63732853ac1f4c50b6f293cee0b646","0xe5544a2a5fa9b175da60d8eec67add5582bb31b0","","0","0","0","0.00014109831067143","0.392134094472479","2769.99","","","Mint"
"0x299ed8eadc0e5a2f88ea80bfa6f72ccafa26d7d8d44074a852938b2c32ea2868","22883119","1752082103","2025-07-09 17:28:23","0x0559d4f52c63732853ac1f4c50b6f293cee0b646","0xe5544a2a5fa9b175da60d8eec67add5582bb31b0","","0","0","0","0.000137662015797477","0.382584097932295","2769.99","","","Mint"
"0x6d01d164130d64f8c17e71417d68f316ab1896776b1d45b3fe334fab2a46eb85","22883123","1752082151","2025-07-09 17:29:11","0x0559d4f52c63732853ac1f4c50b6f293cee0b646","0xe5544a2a5fa9b175da60d8eec67add5582bb31b0","","0","0","0","0.000132770253013971","0.368989130279201","2769.99","","","Mint"
"0x09146b5e9e928f21d230b7c035565d9863c4b7846a89850361040c36191770f0","22883154","1752082523","2025-07-09 17:35:23","0x0559d4f52c63732853ac1f4c50b6f293cee0b646","0xe5544a2a5fa9b175da60d8eec67add5582bb31b0","","0","0","0","0.000139860238254045","0.388693299157692","2769.99","","","Mint"
"0xdf87f452a409e2d7c5832a8d0c9bf32bbec87e21fad189efe28900c06a15de79","22883180","1752082835","2025-07-09 17:40:35","0x0559d4f52c63732853ac1f4c50b6f293cee0b646","0xe5544a2a5fa9b175da60d8eec67add5582bb31b0","","0","0","0","0.00012789153901386","0.355430427219469","2769.99","","","Mint"
"0x2816effee906f39c4990441ff8c67fb5ecfbfc4507f64350df0f0b8e8541f017","22883303","1752084311","2025-07-09 18:05:11","0x0559d4f52c63732853ac1f4c50b6f293cee0b646","0xe5544a2a5fa9b175da60d8eec67add5582bb31b0","","0","0","0","0.000163710770585109","0.454977628529341","2769.99","","","Mint"
"0xe0666eb754093d13e168f4b36ae9ea087380cecd14f5c1f19987cc6d41ad8d38","22883489","1752086555","2025-07-09 18:42:35","0x0559d4f52c63732853ac1f4c50b6f293cee0b646","0xe5544a2a5fa9b175da60d8eec67add5582bb31b0","","0","0","0","0.0001846246514355","0.513100547862308","2769.99","","","Mint"
"0x00744e111d488dd77658036956bc26b74e03c97b98dcb3de046d56fce5ccbb1f","22883519","1752086915","2025-07-09 18:48:35","0x0559d4f52c63732853ac1f4c50b6f293cee0b646","0xe5544a2a5fa9b175da60d8eec67add5582bb31b0","","0","0","0","0.000181643095908105","0.504814342511649","2769.99","","","Mint"
"0x5e3bafed17b5479a1d683655c0a47b22d8169f6dd7957a7bab1840971f81cd10","22883534","1752087095","2025-07-09 18:51:35","0x0a7da29599a326568c88ef1ff2fb2f42262090fd","0xe5544a2a5fa9b175da60d8eec67add5582bb31b0","","0","0","0","0.000159701724281964","0.443835866914329","2769.99","","","Mint"
"0xec6c341cca10b19057bbe50d6c329d84d0353ed7ba286cb04102a7ff4376ae93","22883568","1752087503","2025-07-09 18:58:23","0x0559d4f52c63732853ac1f4c50b6f293cee0b646","0xe5544a2a5fa9b175da60d8eec67add5582bb31b0","","0","0","0","0.000150390987739497","0.417959885652907","2769.99","","","Mint"
"0x75442e62a9f5e52533ef71ec8b46d68e3fa4ece4d26819a3e0a35e6ba9df997e","22883594","1752087815","2025-07-09 19:03:35","0x0559d4f52c63732853ac1f4c50b6f293cee0b646","0xe5544a2a5fa9b175da60d8eec67add5582bb31b0","","0","0","0","0.00015125144707929","0.420351235644516","2769.99","","","Mint"
"0xe8eaf13a10644721d8feafdda24898d0a5426d08a742954055e2c1c494e07a86","22883610","1752088007","2025-07-09 19:06:47","0x0559d4f52c63732853ac1f4c50b6f293cee0b646","0xe5544a2a5fa9b175da60d8eec67add5582bb31b0","","0","0","0","0.00015089204766312","0.419352408911984","2769.99","","","Mint"
"0x2225dea148ec81df01bc9e46ebffb7f06b331f693cc9ff86c347fdc3f2b1813c","22883622","1752088163","2025-07-09 19:09:23","0xd4cd90857382364f45b92631a1fa880a54e5c4b6","0xe5544a2a5fa9b175da60d8eec67add5582bb31b0","","0","0","0","0.000208908","0.580587740691101","2769.99","","","Transfer"
"0x58518f76decd6dd17ce3f8f1d664733e6a3a693b4bcf1bd3d378f3a83be2868f","22883642","1752088403","2025-07-09 19:13:23","0x0559d4f52c63732853ac1f4c50b6f293cee0b646","0xe5544a2a5fa9b175da60d8eec67add5582bb31b0","","0","0","0","0.000170885764063467","0.474918048489674","2769.99","","","Mint"
"0xc5af98630dafcfd20ddf0d0df13927272c45419c9b7f470c0bc3519615d7037d","22883659","1752088607","2025-07-09 19:16:47","0x0559d4f52c63732853ac1f4c50b6f293cee0b646","0xe5544a2a5fa9b175da60d8eec67add5582bb31b0","","0","0","0","0.000170918653758309","0.475009454053943","2769.99","","","Mint"
"0xf2de0d4a943c27f9b38eb7dc735f2e874d1d043331f903e4b44e822cde4edc60","22883724","1752089399","2025-07-09 19:29:59","0x0559d4f52c63732853ac1f4c50b6f293cee0b646","0xe5544a2a5fa9b175da60d8eec67add5582bb31b0","","0","0","0","0.000225959064461088","0.627975294024824","2769.99","","","Mint"
"0x8a9fe26f38f7f1c1c8f32ac63ec4005b420b606e338700d60019d2dc091a96c2","22883730","1752089471","2025-07-09 19:31:11","0x0559d4f52c63732853ac1f4c50b6f293cee0b646","0xe5544a2a5fa9b175da60d8eec67add5582bb31b0","","0","0","0","0.000245770012475379","0.683032991904111","2769.99","","","Mint"
"0x1489a1f0919a75d83a3f3e38e8219ec64431bbb80d7b8fe5b8063bbce1dc764b","22883740","1752089591","2025-07-09 19:33:11","0x0559d4f52c63732853ac1f4c50b6f293cee0b646","0xe5544a2a5fa9b175da60d8eec67add5582bb31b0","","0","0","0","0.0002586602837514","0.71885705549689","2769.99","","","Mint"
"0xbf854619d9f1f0ebca9befa76102ffa01b9b08fd03d9d68a6c08ebb2350c5d8e","22883752","1752089735","2025-07-09 19:35:35","0x0559d4f52c63732853ac1f4c50b6f293cee0b646","0xe5544a2a5fa9b175da60d8eec67add5582bb31b0","","0","0","0","0.000232319978961942","0.645653262215511","2769.99","","","Mint"
"0x7220c511bfd99c696fd93bf190839a0e00af830b11ff92094f44102f0ebc46fd","22883776","1752090023","2025-07-09 19:40:23","0x0559d4f52c63732853ac1f4c50b6f293cee0b646","0xe5544a2a5fa9b175da60d8eec67add5582bb31b0","","0","0","0","0.00023215856729832","0.645204674161901","2769.99","","","Mint"
"0x84dcd95e178c7de6abb035b901459fad87c96bde0ec432d35ae79ae0140f5255","22884418","1752097907","2025-07-09 21:51:47","0x0a7da29599a326568c88ef1ff2fb2f42262090fd","0xe5544a2a5fa9b175da60d8eec67add5582bb31b0","","0","0","0","0.000096061263942","0.266969154843363","2769.99","Error(0)","invalid jump destination","Mint"
"0xe94e3d870da21784ed7817c1aae229facd9340f8dd39780aaede8c26e06b20d9","22884481","1752098663","2025-07-09 22:04:23","0x0a7da29599a326568c88ef1ff2fb2f42262090fd","0xe5544a2a5fa9b175da60d8eec67add5582bb31b0","","0","0","0","0.000098835408798","0.27467893376181","2769.99","Error(0)","invalid jump destination","Mint"
"0x82bed5eb7f3a4db032966a3b42516a09c4391c909096b19479efc3ca2a4e7016","22884728","1752101651","2025-07-09 22:54:11","0x0a7da29599a326568c88ef1ff2fb2f42262090fd","0xe5544a2a5fa9b175da60d8eec67add5582bb31b0","","0","0","0","0.000073409985174075","0.204017737168435","2769.99","","","Mint"
"0x706d1929e55fba6718c8db7151de99357d16bc8d1301706523c889c2f55151ee","22884755","1752101987","2025-07-09 22:59:47","0x0a7da29599a326568c88ef1ff2fb2f42262090fd","0xe5544a2a5fa9b175da60d8eec67add5582bb31b0","","0","0","0","0.000083294986572","0.231489689551061","2769.99","Error(0)","invalid jump destination","Mint"
"0x3f82d7d974f33b16809616c6d7bb774abbb3d23b50c4d923e87aeac5eac7bd1e","22884765","1752102107","2025-07-09 23:01:47","0x0a7da29599a326568c88ef1ff2fb2f42262090fd","0xe5544a2a5fa9b175da60d8eec67add5582bb31b0","","0","0","0","0.000079537821132","0.221047943929963","2769.99","Error(0)","invalid jump destination","Mint"
"0x3706284cb74e94ad55524d1b04974b67479b835a61b69b2e0c593f98dfe034a9","22884971","1752104579","2025-07-09 23:42:59","0x0a7da29599a326568c88ef1ff2fb2f42262090fd","0xe5544a2a5fa9b175da60d8eec67add5582bb31b0","","0","0","0","0.000050398829062956","0.140066164527632","2769.99","","","Mint"
"0xfb835f685fcb6c484d244303a30a1df981950db6337648438db47860f94280ab","22885331","1752108899","2025-07-10 00:54:59","0x0a7da29599a326568c88ef1ff2fb2f42262090fd","0xe5544a2a5fa9b175da60d8eec67add5582bb31b0","","0","0","0","0.000049126540214385","0.136530276442455","","","","Mint"
"0x498e242edcfb00f5c67ef3e69a7afd4103e785ddd314209b5a5c1de4e9bd2d24","22885366","1752109319","2025-07-10 01:01:59","0x0a7da29599a326568c88ef1ff2fb2f42262090fd","0xe5544a2a5fa9b175da60d8eec67add5582bb31b0","","0","0","0","0.000057460802154","0.159692483298338","","Error(0)","invalid jump destination","Mint"
"0x55feae25483e0fa49bde3467ab4bb69a2850d87dff158996dc200d91e448fac3","22885868","1752115355","2025-07-10 02:42:35","0x0a7da29599a326568c88ef1ff2fb2f42262090fd","0xe5544a2a5fa9b175da60d8eec67add5582bb31b0","","0","0","0","0.000060007623252114","0.166770494228022","","","","Mint"
"0x1acd2344a4e4d0966de7fea1de3d78a343b670d8d43b0e922688d94067cefd70","22885949","1752116327","2025-07-10 02:58:47","0x0a7da29599a326568c88ef1ff2fb2f42262090fd","0xe5544a2a5fa9b175da60d8eec67add5582bb31b0","","0","0","0","0.000049679841155973","0.138067985594803","","","","Mint"
"0x9824709de1e6c52956d6fb012a78daf677d5842fd0981ca70c9cc4e111e5d206","22886454","1752122435","2025-07-10 04:40:35","0x0a7da29599a326568c88ef1ff2fb2f42262090fd","0xe5544a2a5fa9b175da60d8eec67add5582bb31b0","","0","0","0","0.000039108474348267","0.108688517259924","","","","Mint"
