Transaction Hash,Blockno,UnixTimestamp,DateTime (UTC),From,To,ContractAddress,Value_IN(ETH),Value_OUT(ETH),CurrentValue @ $3115.61343169412/Eth,TxnFee(ETH),TxnFee(USD),Historical $Price/Eth,Status,ErrCode,Method
0x124b45f6f7a9c1dcbd207804d4522e1c88b2f9d28782b2e14b6002f8f3b57b46,22886575,1752123887,10/07/25 05:04,0x0559d4f52c63732853ac1f4c50b6f293cee0b646,0xe5544a2a5fa9b175da60d8eec67add5582bb31b0,,0,0,0,2.83102E-05,0.088203773,2951.31,,,Mint
0xb7b1b930e40ff2e8458c4f3141ace5a48e4972a04d436c1774e5e320d0364411,22886584,1752123995,10/07/25 05:06,0x0559d4f52c63732853ac1f4c50b6f293cee0b646,0xe5544a2a5fa9b175da60d8eec67add5582bb31b0,,0,0,0,3.01093E-05,0.093808821,2951.31,,,Mint
0xe79bbadc62e6c7f8832dfdb75fb41e6ef2f6bd11fc0a7d63109e5fc92c40bbe2,22886634,1752124607,10/07/25 05:16,0x0559d4f52c63732853ac1f4c50b6f293cee0b646,0xe5544a2a5fa9b175da60d8eec67add5582bb31b0,,0,0,0,3.50163E-05,0.1090973,2951.31,,,Mint
0x89051a51563cd6ca41082fec6795e756b710fcc2de1daf78059dd3e6949921af,22886727,1752125747,10/07/25 05:35,0x0559d4f52c63732853ac1f4c50b6f293cee0b646,0xe5544a2a5fa9b175da60d8eec67add5582bb31b0,,0,0,0,3.83093E-05,0.119356985,2951.31,,,Mint
0x39fcb51b20aa7c3523ab51f5f444badb8a526853dc0b9f86e05aaf0199726eac,22886737,1752125867,10/07/25 05:37,0x0559d4f52c63732853ac1f4c50b6f293cee0b646,0xe5544a2a5fa9b175da60d8eec67add5582bb31b0,,0,0,0,3.82124E-05,0.119054951,2951.31,,,Mint
0xbd23766e354fcc4780ffe0d10d8136b77cbb25a97e240a513b5fed485a20df67,22886821,1752126875,10/07/25 05:54,0x0a7da29599a326568c88ef1ff2fb2f42262090fd,0xe5544a2a5fa9b175da60d8eec67add5582bb31b0,,0,0,0,5.37549E-05,0.167479622,2951.31,,,Mint
0x05d47eae3f605bf89369cb3b2300b3abff43c46086a5948d97d49f7b4f60a1d8,22886853,1752127259,10/07/25 06:00,0x0559d4f52c63732853ac1f4c50b6f293cee0b646,0xe5544a2a5fa9b175da60d8eec67add5582bb31b0,,0,0,0,5.09766E-05,0.158823421,2951.31,,,Mint
0x1d4d2ec578449d950d003d84dc7ff1b03c5291592775f74e6503fbc619fad7fb,22886879,1752127583,10/07/25 06:06,0x0559d4f52c63732853ac1f4c50b6f293cee0b646,0xe5544a2a5fa9b175da60d8eec67add5582bb31b0,,0,0,0,5.15439E-05,0.160590727,2951.31,,,Mint
0x7f6f5cb7ecebcbf0c7cc772a316b6be7ba2197b2772dc13a7d2f9738622826c7,22886891,1752127727,10/07/25 06:08,0x0559d4f52c63732853ac1f4c50b6f293cee0b646,0xe5544a2a5fa9b175da60d8eec67add5582bb31b0,,0,0,0,5.18738E-05,0.161618654,2951.31,,,Mint
0x7ae7b4fc312ad7705b148116f9d73dcd60554dd5ee901c56bbff58dfa5e52280,22886977,1752128759,10/07/25 06:25,0x0559d4f52c63732853ac1f4c50b6f293cee0b646,0xe5544a2a5fa9b175da60d8eec67add5582bb31b0,,0,0,0,4.55076E-05,0.141784117,2951.31,,,Mint
0xae31ea2a2d12ddd3f862b7a2f1770bd88058cc5e6b9be307cb0d49beb44a3ced,22887034,1752129443,10/07/25 06:37,0x0559d4f52c63732853ac1f4c50b6f293cee0b646,0xe5544a2a5fa9b175da60d8eec67add5582bb31b0,,0,0,0,5.4305E-05,0.169193268,2951.31,,,Mint
0x01ad5a64926e2408293fa18c037c83d5dcb82fac2c4bd32eaaebff9e8bd73b60,22887075,1752129947,10/07/25 06:45,0x0559d4f52c63732853ac1f4c50b6f293cee0b646,0xe5544a2a5fa9b175da60d8eec67add5582bb31b0,,0,0,0,4.36656E-05,0.136045143,2951.31,,,Mint
0xdb2510b039fc26fd07b99836103f6730b290fc1eacdcf915da83509fb915862b,22887104,1752130307,10/07/25 06:51,0x0559d4f52c63732853ac1f4c50b6f293cee0b646,0xe5544a2a5fa9b175da60d8eec67add5582bb31b0,,0,0,0,4.14298E-05,0.129079314,2951.31,,,Mint
0xba5df128b0a8ff45e0d4878fe2e4e39e16933aa93dd36de5f4f753a9edf4784c,22887118,1752130475,10/07/25 06:54,0x0559d4f52c63732853ac1f4c50b6f293cee0b646,0xe5544a2a5fa9b175da60d8eec67add5582bb31b0,,0,0,0,3.69758E-05,0.115202397,2951.31,,,Mint
0x677b9d47bb518ec2d9bacdb8eeb57bb150b7ed3aae2c1c30495b0b7afded0842,22887132,1752130643,10/07/25 06:57,0x0559d4f52c63732853ac1f4c50b6f293cee0b646,0xe5544a2a5fa9b175da60d8eec67add5582bb31b0,,0,0,0,3.82885E-05,0.119292061,2951.31,,,Mint
0xe6157f8e2a9ca35180be9f307ee3ec31bb0b861b122c4c199b2ea25f44b9a850,22887153,1752130895,10/07/25 07:01,0x0559d4f52c63732853ac1f4c50b6f293cee0b646,0xe5544a2a5fa9b175da60d8eec67add5582bb31b0,,0,0,0,4.21035E-05,0.131178277,2951.31,,,Mint
0x43b3793523e86b5a338d19376285356d672f3f2d1293228b5333cc37e3e65376,22887164,1752131027,10/07/25 07:03,0x0559d4f52c63732853ac1f4c50b6f293cee0b646,0xe5544a2a5fa9b175da60d8eec67add5582bb31b0,,0,0,0,3.94162E-05,0.122805563,2951.31,,,Mint
0x0d86243c79f65b2ec4142012117395e293406de7090279b4eed9f0eef688a77a,22887301,1752132683,10/07/25 07:31,0x0559d4f52c63732853ac1f4c50b6f293cee0b646,0xe5544a2a5fa9b175da60d8eec67add5582bb31b0,,0,0,0,0.000111877,0.348564307,2951.31,,,Mint
0x85f733d66da68c61d9c96adf985eb97bdbc16a2890c1eb06f34755716c0c01da,22887306,1752132743,10/07/25 07:32,0x0559d4f52c63732853ac1f4c50b6f293cee0b646,0xe5544a2a5fa9b175da60d8eec67add5582bb31b0,,0,0,0,9.99655E-05,0.311453753,2951.31,,,Mint
0x02a43429c2e755ed3a4da00fc0a1e7063e1a36e5e01f1ee82b9b5198db8c48e9,22887348,1752133247,10/07/25 07:40,0x0559d4f52c63732853ac1f4c50b6f293cee0b646,0xe5544a2a5fa9b175da60d8eec67add5582bb31b0,,0,0,0,0.000101197,0.315291434,2951.31,,,Mint
0x501cac561044e3156adfdf34cc3d27cff5c8b87c65f2fb472d7410dead89554e,22887371,1752133523,10/07/25 07:45,0x0559d4f52c63732853ac1f4c50b6f293cee0b646,0xe5544a2a5fa9b175da60d8eec67add5582bb31b0,,0,0,0,9.35939E-05,0.291602317,2951.31,,,Mint
0xd351bbacfce8d97770248a44f83b7c708b540c1ca998c21542a1e5791c32a73a,22887377,1752133595,10/07/25 07:46,0x0559d4f52c63732853ac1f4c50b6f293cee0b646,0xe5544a2a5fa9b175da60d8eec67add5582bb31b0,,0,0,0,9.9731E-05,0.310723197,2951.31,,,Mint
0xa649c0cd9cf9dc94b90fb303d4e34690936d289bd9ef8e1fb4efa8cd274797a4,22887391,1752133763,10/07/25 07:49,0x0559d4f52c63732853ac1f4c50b6f293cee0b646,0xe5544a2a5fa9b175da60d8eec67add5582bb31b0,,0,0,0,0.000106662,0.332318841,2951.31,,,Mint
0xcc9fe49f7f31a761d0b4a1fede9a11319c87614e523cfcc7d127925c06413e87,22887418,1752134087,10/07/25 07:54,0x0559d4f52c63732853ac1f4c50b6f293cee0b646,0xe5544a2a5fa9b175da60d8eec67add5582bb31b0,,0,0,0,8.68603E-05,0.270623059,2951.31,,,Mint
0x93d60ae1c104fc0d77e823bd4d19ecc56f0ed10b8a2f5e072dd18c433780063b,22887483,1752134867,10/07/25 08:07,0x0559d4f52c63732853ac1f4c50b6f293cee0b646,0xe5544a2a5fa9b175da60d8eec67add5582bb31b0,,0,0,0,8.65872E-05,0.269772186,2951.31,,,Mint
0x256d3c93785c0dc85b7518f5a7b8f587778ae86bce7a58ab38c269727cd28927,22887491,1752134963,10/07/25 08:09,0x0559d4f52c63732853ac1f4c50b6f293cee0b646,0xe5544a2a5fa9b175da60d8eec67add5582bb31b0,,0,0,0,8.32676E-05,0.259429721,2951.31,,,Mint
0x647c36954206c8538b58bec21920fde5d4fdc491620b470c54acbde2eef88908,22887497,1752135035,10/07/25 08:10,0x0559d4f52c63732853ac1f4c50b6f293cee0b646,0xe5544a2a5fa9b175da60d8eec67add5582bb31b0,,0,0,0,9.38042E-05,0.29225772,2951.31,,,Mint
0x87a3ef75edbe2f0078fd3a10b78e3d12deb3dba0d0676e2985a1c4073b37b544,22887514,1752135239,10/07/25 08:13,0x0559d4f52c63732853ac1f4c50b6f293cee0b646,0xe5544a2a5fa9b175da60d8eec67add5582bb31b0,,0,0,0,7.84936E-05,0.24455565,2951.31,,,Mint
0x2071ab098c05392b0a2378f0934d231c88b72281d1261b2f5412b1b63be3be1d,22887574,1752135959,10/07/25 08:25,0x0559d4f52c63732853ac1f4c50b6f293cee0b646,0xe5544a2a5fa9b175da60d8eec67add5582bb31b0,,0,0,0,5.97168E-05,0.186054483,2951.31,,,Mint
0xf4177e0fabe1a22457e868e553a17831b854003ea16690beeab4b97a0cd554ba,22887594,1752136199,10/07/25 08:29,0x0559d4f52c63732853ac1f4c50b6f293cee0b646,0xe5544a2a5fa9b175da60d8eec67add5582bb31b0,,0,0,0,6.18227E-05,0.192615538,2951.31,,,Mint
0xc0ebc2ba217856991d4aeab17a416d960c362dec0d5c5b24f65b7ec155979df0,22887602,1752136295,10/07/25 08:31,0x0559d4f52c63732853ac1f4c50b6f293cee0b646,0xe5544a2a5fa9b175da60d8eec67add5582bb31b0,,0,0,0,6.49924E-05,0.20249131,2951.31,,,Mint
0xb102c3036e393a77480fb0172c677838fe865fcb0362c1acb3d80a8dcdbf0464,22887611,1752136403,10/07/25 08:33,0x0559d4f52c63732853ac1f4c50b6f293cee0b646,0xe5544a2a5fa9b175da60d8eec67add5582bb31b0,,0,0,0,5.95482E-05,0.185529181,2951.31,,,Mint
0xbc2696d4970c9c8c3b0b1037744517653ba27eca15ab69b5dd3b3bcf71c3a393,22887627,1752136595,10/07/25 08:36,0x0559d4f52c63732853ac1f4c50b6f293cee0b646,0xe5544a2a5fa9b175da60d8eec67add5582bb31b0,,0,0,0,5.24354E-05,0.163368448,2951.31,,,Mint
0x3fa99a4e5e4cdc6cfccc09c9b4db2f2973f167a2de3d0144819da7c27ebeeb17,22887722,1752137735,10/07/25 08:55,0x0559d4f52c63732853ac1f4c50b6f293cee0b646,0xe5544a2a5fa9b175da60d8eec67add5582bb31b0,,0,0,0,7.57552E-05,0.236023856,2951.31,,,Mint
0xae850b5e4650e4c909e672bb219c058ef8e0e06e29d9e5f9afb68eb2d22c4d84,22887747,1752138035,10/07/25 09:00,0x0559d4f52c63732853ac1f4c50b6f293cee0b646,0xe5544a2a5fa9b175da60d8eec67add5582bb31b0,,0,0,0,8.77512E-05,0.273398833,2951.31,,,Mint
0x7345a61b3bc73c759fac1b9d466f74f68d00ba74e15bf338dd137bfe6115804d,22887783,1752138467,10/07/25 09:07,0x0559d4f52c63732853ac1f4c50b6f293cee0b646,0xe5544a2a5fa9b175da60d8eec67add5582bb31b0,,0,0,0,9.67789E-05,0.301525603,2951.31,,,Mint
0x42eaec76762751c9abb82d67552b75367dac281a13892726deca57bb8b81e220,22887912,1752140027,10/07/25 09:33,0x0559d4f52c63732853ac1f4c50b6f293cee0b646,0xe5544a2a5fa9b175da60d8eec67add5582bb31b0,,0,0,0,6.73293E-05,0.209772,2951.31,,,Mint
0xd05fa5fb7731a42eeb063c9228a8ffb1d16bc4cda6cee6d1c87f53c6304aa814,22887942,1752140387,10/07/25 09:39,0x0559d4f52c63732853ac1f4c50b6f293cee0b646,0xe5544a2a5fa9b175da60d8eec67add5582bb31b0,,0,0,0,6.66533E-05,0.207665795,2951.31,,,Mint
0xda263a51401afbb7681e38cb280a4144432ae8ab578e31bd2b65a47a1a526bae,22888114,1752142451,10/07/25 10:14,0x0559d4f52c63732853ac1f4c50b6f293cee0b646,0xe5544a2a5fa9b175da60d8eec67add5582bb31b0,,0,0,0,6.27378E-05,0.195466747,2951.31,,,Mint
0x4a1dc85b6533acc850c70afe099698b2215f15a4822b581283505107f9434cb7,22888178,1752143231,10/07/25 10:27,0x0559d4f52c63732853ac1f4c50b6f293cee0b646,0xe5544a2a5fa9b175da60d8eec67add5582bb31b0,,0,0,0,6.01119E-05,0.187285489,2951.31,,,Mint
0x3970171ae53354af4fe0ed0970371607cd6faa56e9ce486f7e500313c347cfc7,22888190,1752143387,10/07/25 10:29,0x0559d4f52c63732853ac1f4c50b6f293cee0b646,0xe5544a2a5fa9b175da60d8eec67add5582bb31b0,,0,0,0,5.832E-05,0.181702468,2951.31,,,Mint
0x6c03218a009652dc9ce2e5336b54fd13e2f42fc2e3881190e7e6ac37d0ba6bf5,22888243,1752144023,10/07/25 10:40,0x0559d4f52c63732853ac1f4c50b6f293cee0b646,0xe5544a2a5fa9b175da60d8eec67add5582bb31b0,,0,0,0,6.03019E-05,0.187877343,2951.31,,,Mint
0x7ad07b5207364cb53392ef5063f2b5f1b90e9b65c39701b2b7c796a5bf213c10,22888407,1752145991,10/07/25 11:13,0x0559d4f52c63732853ac1f4c50b6f293cee0b646,0xe5544a2a5fa9b175da60d8eec67add5582bb31b0,,0,0,0,0.000102234,0.318522213,2951.31,,,Mint
0x44d5059e3e494a7a13a1a7d9b1ed3b03de2dd531894f635d1100f8b3a325916b,22888415,1752146087,10/07/25 11:14,0x0559d4f52c63732853ac1f4c50b6f293cee0b646,0xe5544a2a5fa9b175da60d8eec67add5582bb31b0,,0,0,0,9.10018E-05,0.283526575,2951.31,,,Mint
0x347fb65d4f2834d8e7cfcf6d80110c6fb49fd20dfe7d04b68ca34ac4f4b8de77,22888675,1752149207,10/07/25 12:06,0x0559d4f52c63732853ac1f4c50b6f293cee0b646,0xe5544a2a5fa9b175da60d8eec67add5582bb31b0,,0,0,0,9.44967E-05,0.294415117,2951.31,,,Mint
0x6276175af3a36f234daea96e9bc98c604b0e8c4cd23efcc3fa49612920de1a82,22888763,1752150287,10/07/25 12:24,0x0559d4f52c63732853ac1f4c50b6f293cee0b646,0xe5544a2a5fa9b175da60d8eec67add5582bb31b0,,0,0,0,9.1397E-05,0.284757702,2951.31,,,Mint
0x96406522b02ac9ef404d9da21fbcabe5ddb10696a7e9b3aa433f2513e6b62f71,22889873,1752163679,10/07/25 16:07,0x0559d4f52c63732853ac1f4c50b6f293cee0b646,0xe5544a2a5fa9b175da60d8eec67add5582bb31b0,,0,0,0,0.000133116,0.414737758,2951.31,,,Mint
0x5608c3d92d7306fd18970388691ec5bc04298c77f643ec02406deca041bbf145,22890379,1752169799,10/07/25 17:49,0x0a7da29599a326568c88ef1ff2fb2f42262090fd,0xe5544a2a5fa9b175da60d8eec67add5582bb31b0,,0,0,0,0.00040697,1.267961188,2951.31,,,Mint
0x69da2e88eac68dc092f2a00bc3e5d7c5e9a08bb614d676136e77ecd4ad9ef494,22890412,1752170195,10/07/25 17:56,0x0a7da29599a326568c88ef1ff2fb2f42262090fd,0xe5544a2a5fa9b175da60d8eec67add5582bb31b0,,0,0,0,0.000363493,1.132502777,2951.31,,,Mint
0x65bc6a24f99065be3efd3ae670fae468a733e9405af791fd4fe82d7f4765fef2,22890428,1752170387,10/07/25 17:59,0x0a7da29599a326568c88ef1ff2fb2f42262090fd,0xe5544a2a5fa9b175da60d8eec67add5582bb31b0,,0,0,0,0.000375464,1.169800088,2951.31,,,Mint
0x1b2d8827e393f636bb82727cbf9b274a78ec1ac784396de262fa6d2de9e23ec9,22890447,1752170615,10/07/25 18:03,0x0a7da29599a326568c88ef1ff2fb2f42262090fd,0xe5544a2a5fa9b175da60d8eec67add5582bb31b0,,0,0,0,0.000373799,1.16461365,2951.31,,,Mint
0xc05b0ee6fcb4e153043280c90b209d240e2fc8319075b18782f65d387c7cec3e,22890452,1752170675,10/07/25 18:04,0x0a7da29599a326568c88ef1ff2fb2f42262090fd,0xe5544a2a5fa9b175da60d8eec67add5582bb31b0,,0,0,0,0.000366239,1.141059265,2951.31,,,Mint
0x47cb56c343c126170061f4fd8e58b466f8d52e666eac2834f494ca04e97f7af1,22890478,1752170987,10/07/25 18:09,0x0a7da29599a326568c88ef1ff2fb2f42262090fd,0xe5544a2a5fa9b175da60d8eec67add5582bb31b0,,0,0,0,0.000447257,1.393480679,2951.31,,,Mint
0x666ca852612ec86267011ffa7a0630274a00ceff8bdff38a5124051155e3b0e6,22890496,1752171203,10/07/25 18:13,0x0a7da29599a326568c88ef1ff2fb2f42262090fd,0xe5544a2a5fa9b175da60d8eec67add5582bb31b0,,0,0,0,0.000364045,1.134222577,2951.31,,,Mint
0xfec2f269177137fc6e59cd8b978a0f370d1a63ffcd5944a441ecab11cb221d05,22890506,1752171335,10/07/25 18:15,0x0a7da29599a326568c88ef1ff2fb2f42262090fd,0xe5544a2a5fa9b175da60d8eec67add5582bb31b0,,0,0,0,0.000348215,1.084904243,2951.31,,,Mint
0x1e9255bab8c1c16b12db0fcd95fe48d0e60b57e04993dda4208539cd925d95d0,22890521,1752171515,10/07/25 18:18,0x0a7da29599a326568c88ef1ff2fb2f42262090fd,0xe5544a2a5fa9b175da60d8eec67add5582bb31b0,,0,0,0,0.00041148,1.282012625,2951.31,,,Mint
0x26e4a7d6419b7f53d47ee48664d53cde12b5f7c552f2fb74cfc3b753c45a5f51,22890531,1752171635,10/07/25 18:20,0x0a7da29599a326568c88ef1ff2fb2f42262090fd,0xe5544a2a5fa9b175da60d8eec67add5582bb31b0,,0,0,0,0.00041975,1.307779422,2951.31,,,Mint
0x79b9a0d646beee994114cd269d0410eb4daa7210c9cfd3942d0ee8be157bad04,22890575,1752172175,10/07/25 18:29,0x0a7da29599a326568c88ef1ff2fb2f42262090fd,0xe5544a2a5fa9b175da60d8eec67add5582bb31b0,,0,0,0,0.000380459,1.185361823,2951.31,,,Mint
0xd4ea69e622397f6c087fb1516697b06496904d9f7cd449928bd29250f59b8997,22890609,1752172583,10/07/25 18:36,0x0a7da29599a326568c88ef1ff2fb2f42262090fd,0xe5544a2a5fa9b175da60d8eec67add5582bb31b0,,0,0,0,0.000320388,0.998205856,2951.31,,,Mint
0x12d78b89d6feaa3e8d691147ba0a1283dd1c6a119339a4c40fa18d8cfe6302cc,22890725,1752173975,10/07/25 18:59,0x0559d4f52c63732853ac1f4c50b6f293cee0b646,0xe5544a2a5fa9b175da60d8eec67add5582bb31b0,,0,0,0,0.000169136,0.526962141,2951.31,,,Mint
0xbe59e449e74c3ec4a12cb9c007cb80528b6790cfff9bdb384652432c364e0808,22890738,1752174131,10/07/25 19:02,0x0a7da29599a326568c88ef1ff2fb2f42262090fd,0xe5544a2a5fa9b175da60d8eec67add5582bb31b0,,0,0,0,0.000200991,0.626210159,2951.31,,,Mint
0x8e4a1bfd43cb9fc0ce7873246a53db0116a244582b3164370b5fd703cdc360b0,22890756,1752174359,10/07/25 19:05,0x0a7da29599a326568c88ef1ff2fb2f42262090fd,0xe5544a2a5fa9b175da60d8eec67add5582bb31b0,,0,0,0,0.000196722,0.612908727,2951.31,,,Mint
0x1e0c4b3820ca715ac825bda3b11a78f7e029ea3c1a73db5635c3bfae61440dc0,22890768,1752174503,10/07/25 19:08,0x0a7da29599a326568c88ef1ff2fb2f42262090fd,0xe5544a2a5fa9b175da60d8eec67add5582bb31b0,,0,0,0,0.000186032,0.579602816,2951.31,,,Mint
0x46c162d2784fedb62676349a59d241a4653fa9a26be1de964f33efc61d9d56a5,22890781,1752174671,10/07/25 19:11,0x0a7da29599a326568c88ef1ff2fb2f42262090fd,0xe5544a2a5fa9b175da60d8eec67add5582bb31b0,,0,0,0,0.000172385,0.537085419,2951.31,,,Mint
0x644fe0299e34bbf0e37e5e542eac71350dc93185ee3abee79be30a8e7856c17b,22890793,1752174815,10/07/25 19:13,0x0a7da29599a326568c88ef1ff2fb2f42262090fd,0xe5544a2a5fa9b175da60d8eec67add5582bb31b0,,0,0,0,0.000142825,0.444987542,2951.31,,,Mint
0xd7aaefe7dc03d354861cfbe7e6f82d163cdd2b598eef566db2163fdcde8a59d4,22890798,1752174875,10/07/25 19:14,0x0a7da29599a326568c88ef1ff2fb2f42262090fd,0xe5544a2a5fa9b175da60d8eec67add5582bb31b0,,0,0,0,0.000163356,0.508953061,2951.31,,,Mint
0xe930ccf8a285ae82ed7489fd5047d5de32098c02f1effd3dae27448b77315beb,22890810,1752175019,10/07/25 19:16,0x0a7da29599a326568c88ef1ff2fb2f42262090fd,0xe5544a2a5fa9b175da60d8eec67add5582bb31b0,,0,0,0,0.000144698,0.450824162,2951.31,,,Mint
0x404fc87ff06b7e02d13e87de7472ae0d72ceb4bfb934fd611f01572278324b01,22890818,1752175115,10/07/25 19:18,0x0a7da29599a326568c88ef1ff2fb2f42262090fd,0xe5544a2a5fa9b175da60d8eec67add5582bb31b0,,0,0,0,0.000158216,0.492941106,2951.31,,,Mint
0x7d51fa5cda6d0a96203d0b9f75b08a478cfe66465917971189fdbb067a1a2a37,22890831,1752175271,10/07/25 19:21,0x0a7da29599a326568c88ef1ff2fb2f42262090fd,0xe5544a2a5fa9b175da60d8eec67add5582bb31b0,,0,0,0,0.000143431,0.446876728,2951.31,,,Mint
0xa50b6ac1061e7e7d59b768fd9e921a39281e863cef24c34644d50fbccb291a2c,22890849,1752175487,10/07/25 19:24,0x0a7da29599a326568c88ef1ff2fb2f42262090fd,0xe5544a2a5fa9b175da60d8eec67add5582bb31b0,,0,0,0,0.000155339,0.4839753,2951.31,,,Mint
0x8a69fc1870294a476742a73562a83209e0240f5250dd0ef959b243c59b701959,22890853,1752175535,10/07/25 19:25,0x0a7da29599a326568c88ef1ff2fb2f42262090fd,0xe5544a2a5fa9b175da60d8eec67add5582bb31b0,,0,0,0,0.00014501,0.451794168,2951.31,,,Mint
0xf60dcf58853f46026756f09a12de7ea4f62f532da60e6879709e1ef7b85438ed,22890866,1752175691,10/07/25 19:28,0x0a7da29599a326568c88ef1ff2fb2f42262090fd,0xe5544a2a5fa9b175da60d8eec67add5582bb31b0,,0,0,0,0.000147431,0.459337235,2951.31,,,Mint
0xa1e48d8227c103bb62874cac107d11fdb1b75591c428c120cc9d76d510ff79e2,22890893,1752176027,10/07/25 19:33,0x0a7da29599a326568c88ef1ff2fb2f42262090fd,0xe5544a2a5fa9b175da60d8eec67add5582bb31b0,,0,0,0,0.000150913,0.470185916,2951.31,,,Mint
0x0743169a6babf9683dde594b3b2921d16984a15b1c71d3239de6811ecbe11828,22890919,1752176351,10/07/25 19:39,0x0a7da29599a326568c88ef1ff2fb2f42262090fd,0xe5544a2a5fa9b175da60d8eec67add5582bb31b0,,0,0,0,0.000158478,0.493755875,2951.31,,,Mint
0x6875ea50c09c509a58c95a7a6efc530b8f3802c3031c4518eeeee032e66539a0,22890929,1752176471,10/07/25 19:41,0x0a7da29599a326568c88ef1ff2fb2f42262090fd,0xe5544a2a5fa9b175da60d8eec67add5582bb31b0,,0,0,0,0.000130422,0.40634529,2951.31,,,Mint
0xa2c1631a82e36af11d7783256ed3d21fbf75a9c0e168c710d322fa065c3020d7,22890941,1752176615,10/07/25 19:43,0x0a7da29599a326568c88ef1ff2fb2f42262090fd,0xe5544a2a5fa9b175da60d8eec67add5582bb31b0,,0,0,0,0.000147299,0.458928048,2951.31,,,Mint
0x9ac9e855de5017b0c7e5730574c6e793930cf80e087df1b80955fcd0fc544db7,22890947,1752176687,10/07/25 19:44,0x0a7da29599a326568c88ef1ff2fb2f42262090fd,0xe5544a2a5fa9b175da60d8eec67add5582bb31b0,,0,0,0,0.000141279,0.440170189,2951.31,,,Mint
0xbb758096d4bd2c3b5601038e6a4a6e848c17107f380f999653abb59cd59f97ce,22890951,1752176735,10/07/25 19:45,0x0a7da29599a326568c88ef1ff2fb2f42262090fd,0xe5544a2a5fa9b175da60d8eec67add5582bb31b0,,0,0,0,0.000130476,0.406514159,2951.31,,,Mint
0x4ee22f031e12a96a8d2196ed59848f2a30220471f148a2656619f645370d5470,22890960,1752176843,10/07/25 19:47,0x0a7da29599a326568c88ef1ff2fb2f42262090fd,0xe5544a2a5fa9b175da60d8eec67add5582bb31b0,,0,0,0,0.000144727,0.450913613,2951.31,,,Mint
0x90342aa55cd95de75364d89f5abc3709abac1a8cbc0a9072275f46885d11ceb3,22890965,1752176903,10/07/25 19:48,0x0a7da29599a326568c88ef1ff2fb2f42262090fd,0xe5544a2a5fa9b175da60d8eec67add5582bb31b0,,0,0,0,0.000137388,0.42804663,2951.31,,,Mint
0x5db52f88e776238796c9fa5e8d0d012acd841863d31efe173af2cae564685561,22890973,1752176999,10/07/25 19:49,0x0a7da29599a326568c88ef1ff2fb2f42262090fd,0xe5544a2a5fa9b175da60d8eec67add5582bb31b0,,0,0,0,0.00013354,0.416058404,2951.31,,,Mint
0xe4d2e2a4514eee3aadc925f39241a99848e88e982fac0b99acdd0bd3db7a5c6a,22890989,1752177191,10/07/25 19:53,0x0a7da29599a326568c88ef1ff2fb2f42262090fd,0xe5544a2a5fa9b175da60d8eec67add5582bb31b0,,0,0,0,0.000124926,0.389221258,2951.31,,,Mint
0x2205474d6608c361c885df422895814dc246361f701497c9f120ecf702826d85,22890995,1752177263,10/07/25 19:54,0x0a7da29599a326568c88ef1ff2fb2f42262090fd,0xe5544a2a5fa9b175da60d8eec67add5582bb31b0,,0,0,0,0.000111809,0.34835269,2951.31,,,Mint
0x22beb19376bda0ec9ac2371699b803c6f95d3405db119e43d125781bb5337ff4,22891005,1752177383,10/07/25 19:56,0x0a7da29599a326568c88ef1ff2fb2f42262090fd,0xe5544a2a5fa9b175da60d8eec67add5582bb31b0,,0,0,0,0.00011815,0.368109666,2951.31,,,Mint
0x9d523606d8249c82d4946ada1434041ec52d032d572b0872c5a7d824dd279524,22891017,1752177527,10/07/25 19:58,0x0a7da29599a326568c88ef1ff2fb2f42262090fd,0xe5544a2a5fa9b175da60d8eec67add5582bb31b0,,0,0,0,0.000115902,0.36110593,2951.31,,,Mint
0x5f1515bc0aa9cd3cb251cb99088e6d8630529de6c7f28f606d8cd1afa1401819,22891035,1752177743,10/07/25 20:02,0x0a7da29599a326568c88ef1ff2fb2f42262090fd,0xe5544a2a5fa9b175da60d8eec67add5582bb31b0,,0,0,0,0.000120183,0.374443198,2951.31,,,Mint
0x6981b99f102f3d015baf9375223eaed9836b12fd72a792272ca30cb2a6fe8e22,22891073,1752178199,10/07/25 20:09,0x0a7da29599a326568c88ef1ff2fb2f42262090fd,0xe5544a2a5fa9b175da60d8eec67add5582bb31b0,,0,0,0,0.000149402,0.465480117,2951.31,,,Mint
0x1c98c1c377771d4e27266262756f29b77b875884657261c4210c14f440643715,22891097,1752178487,10/07/25 20:14,0x0a7da29599a326568c88ef1ff2fb2f42262090fd,0xe5544a2a5fa9b175da60d8eec67add5582bb31b0,,0,0,0,0.000142651,0.444445062,2951.31,,,Mint
0x636b5a2deb9402a2010e65988049ee67fcf76cbe3f3d9994f51c3e4c6f8f8044,22891112,1752178667,10/07/25 20:17,0x0a7da29599a326568c88ef1ff2fb2f42262090fd,0xe5544a2a5fa9b175da60d8eec67add5582bb31b0,,0,0,0,0.000115221,0.358983259,2951.31,,,Mint
0xab7f0ff9e8306fab7e84a3371800c8566b36c2335d75b88b784ec0bada1b71f9,22891133,1752178919,10/07/25 20:21,0x0a7da29599a326568c88ef1ff2fb2f42262090fd,0xe5544a2a5fa9b175da60d8eec67add5582bb31b0,,0,0,0,0.000110394,0.343944429,2951.31,,,Mint
0xd426c87f91c736aee5d8d493418afa125b815e5b816dd6ec3f908990d5927979,22891142,1752179027,10/07/25 20:23,0x0a7da29599a326568c88ef1ff2fb2f42262090fd,0xe5544a2a5fa9b175da60d8eec67add5582bb31b0,,0,0,0,0.000110219,0.343400926,2951.31,,,Mint
0x406596c19961df37f66abaa99b2fb764bc9cc050b48eb87fb82f09cdd216e702,22891165,1752179303,10/07/25 20:28,0x0a7da29599a326568c88ef1ff2fb2f42262090fd,0xe5544a2a5fa9b175da60d8eec67add5582bb31b0,,0,0,0,0.000116055,0.361582501,2951.31,,,Mint
0xdb601252f14d888d6519e0063c12ae3ba39b4f03620fd9a6bb7c8590240580ab,22891191,1752179615,10/07/25 20:33,0x0a7da29599a326568c88ef1ff2fb2f42262090fd,0xe5544a2a5fa9b175da60d8eec67add5582bb31b0,,0,0,0,0.000124789,0.388795485,2951.31,,,Mint
0xfa7085d8cd0cd9e52d2dfb11e80f12f800c151e37413b9402cd666ca6b1762a0,22891196,1752179675,10/07/25 20:34,0x0a7da29599a326568c88ef1ff2fb2f42262090fd,0xe5544a2a5fa9b175da60d8eec67add5582bb31b0,,0,0,0,0.000119855,0.373423207,2951.31,,,Mint
0xee7e067dae7019f9def5661491ca944f36cc494edbda3d800992596cd9bd0f8f,22891232,1752180107,10/07/25 20:41,0x0a7da29599a326568c88ef1ff2fb2f42262090fd,0xe5544a2a5fa9b175da60d8eec67add5582bb31b0,,0,0,0,0.000122192,0.380704022,2951.31,,,Mint
0x7975b8cbaf2dd7abf786fc68782069a7050a9bb2809b70157f732a796cf9e421,22891238,1752180179,10/07/25 20:42,0x0a7da29599a326568c88ef1ff2fb2f42262090fd,0xe5544a2a5fa9b175da60d8eec67add5582bb31b0,,0,0,0,0.000129368,0.403060252,2951.31,,,Mint
0x89ab8e145db4e6572a7a174ab1318296949cd68710f9e63a30181ab2cc31f3d2,22891247,1752180287,10/07/25 20:44,0x0a7da29599a326568c88ef1ff2fb2f42262090fd,0xe5544a2a5fa9b175da60d8eec67add5582bb31b0,,0,0,0,0.000127083,0.395940526,2951.31,,,Mint
0xf9ff44dcb41746f5d045167af8f8c6ca4e56df010876b25e0eb975d178d7addc,22891276,1752180635,10/07/25 20:50,0x0a7da29599a326568c88ef1ff2fb2f42262090fd,0xe5544a2a5fa9b175da60d8eec67add5582bb31b0,,0,0,0,0.000125772,0.391855969,2951.31,,,Mint
0xa5693b2fcadeeaadbfd8f86a0951d8a66c8104cfeaa4b8489a8b9975eed4a445,22891322,1752181187,10/07/25 20:59,0x0a7da29599a326568c88ef1ff2fb2f42262090fd,0xe5544a2a5fa9b175da60d8eec67add5582bb31b0,,0,0,0,0.000114197,0.35579281,2951.31,,,Mint
0xca9b1348426c3834735e7e162a4923a0ed4e9d04ddebf7737145e1aa9ebbbf47,22891348,1752181499,10/07/25 21:04,0x0a7da29599a326568c88ef1ff2fb2f42262090fd,0xe5544a2a5fa9b175da60d8eec67add5582bb31b0,,0,0,0,0.000106772,0.332661709,2951.31,,,Mint
0x85959312d041a3409e125c32c960e24a401097af869d13db7ac4735a203dd55d,22891363,1752181679,10/07/25 21:07,0x0a7da29599a326568c88ef1ff2fb2f42262090fd,0xe5544a2a5fa9b175da60d8eec67add5582bb31b0,,0,0,0,0.00010645,0.331657617,2951.31,,,Mint
0x4a6d2dd4ef9027875b5422b5f4ca619c4e73dfabbefa8c13c4695e5cab6764a7,22891387,1752181967,10/07/25 21:12,0x0a7da29599a326568c88ef1ff2fb2f42262090fd,0xe5544a2a5fa9b175da60d8eec67add5582bb31b0,,0,0,0,0.000114001,0.355181825,2951.31,,,Mint
0x5531d01b1c8c7f5c20a3df45355f35b9ab8ac994039202e7013c21ca40f86641,22891397,1752182087,10/07/25 21:14,0x0a7da29599a326568c88ef1ff2fb2f42262090fd,0xe5544a2a5fa9b175da60d8eec67add5582bb31b0,,0,0,0,0.000125302,0.390393652,2951.31,,,Mint
0x949c8a78d38602062ad03c05a1980a29a49ac9421a10fd7ca075b754986dd161,22891405,1752182183,10/07/25 21:16,0x0a7da29599a326568c88ef1ff2fb2f42262090fd,0xe5544a2a5fa9b175da60d8eec67add5582bb31b0,,0,0,0,0.000115486,0.35981078,2951.31,,,Mint
0xc19f8b2d442130ee4f77d126d4d760a524c60e0fe5266a5db5fab910324d902e,22891433,1752182519,10/07/25 21:21,0x0a7da29599a326568c88ef1ff2fb2f42262090fd,0xe5544a2a5fa9b175da60d8eec67add5582bb31b0,,0,0,0,0.000166064,0.517390274,2951.31,,,Mint
0xa1101a2691c8ee53ca716fd592f6a17bb7c63d572e4d609f619c65125c4ba24e,22891437,1752182567,10/07/25 21:22,0x0a7da29599a326568c88ef1ff2fb2f42262090fd,0xe5544a2a5fa9b175da60d8eec67add5582bb31b0,,0,0,0,0.000189737,0.591148109,2951.31,,,Mint
0xefbec65f2c5e57c35ac432cff919c87931b32fc78fc0a56b872d294c300c97b8,22891462,1752182867,10/07/25 21:27,0x0a7da29599a326568c88ef1ff2fb2f42262090fd,0xe5544a2a5fa9b175da60d8eec67add5582bb31b0,,0,0,0,0.000436178,1.358961495,2951.31,,,Mint
0x5da6e443d2d9ea6fd575ddfbfd4d054a75d3f7930137b9b83ac1d98c11e99fe0,22891486,1752183155,10/07/25 21:32,0x0a7da29599a326568c88ef1ff2fb2f42262090fd,0xe5544a2a5fa9b175da60d8eec67add5582bb31b0,,0,0,0,0.000537983,1.676147314,2951.31,,,Mint
0x2e331af3bfcf2cfc3d92bf79533af204b26d46f5c665c76f0570d25621fc5d54,22891497,1752183287,10/07/25 21:34,0x0a7da29599a326568c88ef1ff2fb2f42262090fd,0xe5544a2a5fa9b175da60d8eec67add5582bb31b0,,0,0,0,0.000475582,1.481730415,2951.31,,,Mint
0x2fca18cc5b37e61a0fbd130c76b8f6737a8ef0a2dcf6a5bb7cff9cc2316fe56d,22891504,1752183371,10/07/25 21:36,0x0a7da29599a326568c88ef1ff2fb2f42262090fd,0xe5544a2a5fa9b175da60d8eec67add5582bb31b0,,0,0,0,0.000494809,1.541632416,2951.31,,,Mint
0x0b9406c9675842ab8aad7b5c4a6bb26ade885a4e4a346d6d2c8eda6107072b23,22891519,1752183551,10/07/25 21:39,0x0a7da29599a326568c88ef1ff2fb2f42262090fd,0xe5544a2a5fa9b175da60d8eec67add5582bb31b0,,0,0,0,0.000410968,1.280416769,2951.31,,,Mint
0xda6d209bfd2a7645d4280c3a5acf5840fb66d4bbda0e5b418aa843f5ae0353a8,22891545,1752183863,10/07/25 21:44,0x0a7da29599a326568c88ef1ff2fb2f42262090fd,0xe5544a2a5fa9b175da60d8eec67add5582bb31b0,,0,0,0,0.000642812,2.00275258,2951.31,,,Mint
0x16b0a422b7654de24852557f51f99a04bc53bbd764f5edd152a6a08e69c0cf6c,22891551,1752183935,10/07/25 21:45,0x0a7da29599a326568c88ef1ff2fb2f42262090fd,0xe5544a2a5fa9b175da60d8eec67add5582bb31b0,,0,0,0,0.000824278,2.568131725,2951.31,,,Mint
0xe04002393b3fc3c7b11fafde4c8976ce7d504cb3ba34b76811c4d5e327b6339d,22891559,1752184031,10/07/25 21:47,0x0a7da29599a326568c88ef1ff2fb2f42262090fd,0xe5544a2a5fa9b175da60d8eec67add5582bb31b0,,0,0,0,0.000852245,2.655267427,2951.31,,,Mint
0x2b6e635e780e17c7b62f3916cbac8f0d67d52a43eb09bd051be57a0418fbe4b8,22891571,1752184175,10/07/25 21:49,0x0a7da29599a326568c88ef1ff2fb2f42262090fd,0xe5544a2a5fa9b175da60d8eec67add5582bb31b0,,0,0,0,0.000766691,2.388711629,2951.31,,,Mint
0x5d05f40e6a89e4390acbc4ecc78d8f59bf595dcaab17868ba25e77ee1e29595d,22891587,1752184367,10/07/25 21:52,0x0a7da29599a326568c88ef1ff2fb2f42262090fd,0xe5544a2a5fa9b175da60d8eec67add5582bb31b0,,0,0,0,0.00087418,2.723608386,2951.31,,,Mint
0xa88f822e6201a9c4054b26e0c3ecb5c241ea99aaf57c8c702e958b7e81e6a29b,22891607,1752184607,10/07/25 21:56,0x0a7da29599a326568c88ef1ff2fb2f42262090fd,0xe5544a2a5fa9b175da60d8eec67add5582bb31b0,,0,0,0,0.000899798,2.803423673,2951.31,,,Mint
0xe98910d6dea02d7f13c981c142e033df83401f4ef94303ac007de16f61960189,22891615,1752184703,10/07/25 21:58,0x0a7da29599a326568c88ef1ff2fb2f42262090fd,0xe5544a2a5fa9b175da60d8eec67add5582bb31b0,,0,0,0,0.000908444,2.830358993,2951.31,,,Mint
0x154cc85792488b98b2eba6f5a9e661cc9e7c6e74eaf8d28eb9cc2c45dbf02e98,22891625,1752184823,10/07/25 22:00,0x0a7da29599a326568c88ef1ff2fb2f42262090fd,0xe5544a2a5fa9b175da60d8eec67add5582bb31b0,,0,0,0,0.000722934,2.252382414,2951.31,,,Mint
0xafab0098260a5e10d80a82a249ebae4eab8e6e393070791c9a264365e57fc32f,22891630,1752184883,10/07/25 22:01,0x0a7da29599a326568c88ef1ff2fb2f42262090fd,0xe5544a2a5fa9b175da60d8eec67add5582bb31b0,,0,0,0,0.000819654,2.553724321,2951.31,,,Mint
0x826b04e7b970ceccbcc00cafcf1b8455922131fe096bf5ef377e2851ae75287d,22891640,1752185003,10/07/25 22:03,0x0a7da29599a326568c88ef1ff2fb2f42262090fd,0xe5544a2a5fa9b175da60d8eec67add5582bb31b0,,0,0,0,0.000817116,2.545818744,2951.31,,,Mint
0xa91cf0f866f1c726ea320da5bc2bb42ddea30fd47d8b80d6df79756c2e1b7d5f,22891654,1752185171,10/07/25 22:06,0x0a7da29599a326568c88ef1ff2fb2f42262090fd,0xe5544a2a5fa9b175da60d8eec67add5582bb31b0,,0,0,0,0.000690702,2.151960711,2951.31,,,Mint
0x1cb6c1e2ceb7192aedf05f67db23cd1a0b5c9c2dc0632c67b26903638ad3eeee,22891658,1752185219,10/07/25 22:06,0x0a7da29599a326568c88ef1ff2fb2f42262090fd,0xe5544a2a5fa9b175da60d8eec67add5582bb31b0,,0,0,0,0.000730336,2.275445876,2951.31,,,Mint
0xd875060a60606102e6767c497c6f0006f5e5e278187fa2489b5a5890cde24465,22891684,1752185531,10/07/25 22:12,0x0a7da29599a326568c88ef1ff2fb2f42262090fd,0xe5544a2a5fa9b175da60d8eec67add5582bb31b0,,0,0,0,0.000513247,1.599080247,2951.31,,,Mint
0x5668b821e9f169d0937a8a69c68d1f1c20660efe28569528a645520046d4c811,22891722,1752185987,10/07/25 22:19,0x0a7da29599a326568c88ef1ff2fb2f42262090fd,0xe5544a2a5fa9b175da60d8eec67add5582bb31b0,,0,0,0,0.000502481,1.565537785,2951.31,,,Mint
0xfdda7d1d122b48c56068fa8c0458cadb0e5314dc9df415dc7f4d1aaf40bacaf9,22891728,1752186059,10/07/25 22:20,0x0a7da29599a326568c88ef1ff2fb2f42262090fd,0xe5544a2a5fa9b175da60d8eec67add5582bb31b0,,0,0,0,0.000502739,1.56634142,2951.31,,,Mint
0x0b2e3de4b955c04fb2e4333ff1d4696b82b1ee9e9878c9ab112c09ebf5ac54ca,22891737,1752186167,10/07/25 22:22,0x0a7da29599a326568c88ef1ff2fb2f42262090fd,0xe5544a2a5fa9b175da60d8eec67add5582bb31b0,,0,0,0,0.000551987,1.719776608,2951.31,,,Mint
0xfcb574b73232613e170b9c4bc09aa6ae9a1807c382f0ddd2af3f81b3567bc34e,22891745,1752186263,10/07/25 22:24,0x0a7da29599a326568c88ef1ff2fb2f42262090fd,0xe5544a2a5fa9b175da60d8eec67add5582bb31b0,,0,0,0,0.000478438,1.490628513,2951.31,,,Mint
0x7eb1c42120e1eebdf740c0f9fec5570b4790890ab18d0b148c04af35d5a74ef4,22891787,1752186767,10/07/25 22:32,0x0a7da29599a326568c88ef1ff2fb2f42262090fd,0xe5544a2a5fa9b175da60d8eec67add5582bb31b0,,0,0,0,0.00035935,1.119594895,2951.31,,,Mint
0x02503903ce076a3f7db8dd50c39b924151c4f63898f54cf34f3e74de0ab41ac5,22891791,1752186815,10/07/25 22:33,0x0a7da29599a326568c88ef1ff2fb2f42262090fd,0xe5544a2a5fa9b175da60d8eec67add5582bb31b0,,0,0,0,0.000369414,1.150950967,2951.31,,,Mint
0x05e381a568e814eb92eaa94efcd1d2d3b1d0d02891967ec523c5e33934979876,22891820,1752187163,10/07/25 22:39,0x0a7da29599a326568c88ef1ff2fb2f42262090fd,0xe5544a2a5fa9b175da60d8eec67add5582bb31b0,,0,0,0,0.000326583,1.017506355,2951.31,,,Mint
0xfaee755370c9c49d0ca2f282a9230d9d51e1f1de02ccae6373307ca36a821027,22891833,1752187319,10/07/25 22:41,0x0a7da29599a326568c88ef1ff2fb2f42262090fd,0xe5544a2a5fa9b175da60d8eec67add5582bb31b0,,0,0,0,0.000309821,0.96528308,2951.31,,,Mint
0xb4ee6cdc72b4547af3627cd26374a6b9627a8e1ae6d7bd7432507e29e6a8dd2a,22891842,1752187427,10/07/25 22:43,0x0a7da29599a326568c88ef1ff2fb2f42262090fd,0xe5544a2a5fa9b175da60d8eec67add5582bb31b0,,0,0,0,0.000298859,0.931127697,2951.31,,,Mint
0xeae0aa0a33c00e267a9d03784f08e368314414c5d600e4c2e77b86f591d1df9d,22891852,1752187547,10/07/25 22:45,0x0a7da29599a326568c88ef1ff2fb2f42262090fd,0xe5544a2a5fa9b175da60d8eec67add5582bb31b0,,0,0,0,0.000262012,0.816328003,2951.31,,,Mint
0x5602c045a5e066b8bf9af7764ffa787e31a991131eea08ae78c618bdb7f302f0,22891860,1752187643,10/07/25 22:47,0x0a7da29599a326568c88ef1ff2fb2f42262090fd,0xe5544a2a5fa9b175da60d8eec67add5582bb31b0,,0,0,0,0.000273474,0.852039505,2951.31,,,Mint
0xa34b315e295eb1bc9b2c41c065fb000ae3a2e77e9795213eb864ac5e5f8b11c7,22891871,1752187775,10/07/25 22:49,0x0a7da29599a326568c88ef1ff2fb2f42262090fd,0xe5544a2a5fa9b175da60d8eec67add5582bb31b0,,0,0,0,0.000277818,0.865572565,2951.31,,,Mint
0x7234d4407a14319fc3ff9dcacaf10c23f5394aa8430d6108b549cc46ba7406a4,22891892,1752188027,10/07/25 22:53,0x0a7da29599a326568c88ef1ff2fb2f42262090fd,0xe5544a2a5fa9b175da60d8eec67add5582bb31b0,,0,0,0,0.000269679,0.840215205,2951.31,,,Mint
0x351100305f57b58443078af89cd970370c44d7cd736c7011504bc207f19c0d96,22891902,1752188147,10/07/25 22:55,0x0a7da29599a326568c88ef1ff2fb2f42262090fd,0xe5544a2a5fa9b175da60d8eec67add5582bb31b0,,0,0,0,0.00024471,0.76242253,2951.31,,,Mint
0x3524774d0cf968a7af898b6d2489c62cef094e17beef81e2dfc4980e31a057a3,22891924,1752188411,10/07/25 23:00,0x0a7da29599a326568c88ef1ff2fb2f42262090fd,0xe5544a2a5fa9b175da60d8eec67add5582bb31b0,,0,0,0,0.000211588,0.659225177,2951.31,,,Mint
0xa431be693b373284ff06601c41f6f7f29010b005dcc5f97788a9825e4b47a500,22891930,1752188483,10/07/25 23:01,0x0a7da29599a326568c88ef1ff2fb2f42262090fd,0xe5544a2a5fa9b175da60d8eec67add5582bb31b0,,0,0,0,0.000229571,0.715253135,2951.31,,,Mint
0x26ec865f975aae565d35ced929f54263cfb5a85b5faa35a5c20e41aa5344904d,22891940,1752188603,10/07/25 23:03,0x0a7da29599a326568c88ef1ff2fb2f42262090fd,0xe5544a2a5fa9b175da60d8eec67add5582bb31b0,,0,0,0,0.000206073,0.642045292,2951.31,,,Mint
0x1dd972447300548b86309fdfaf06b637fcd1974b8ba731d39fe512249b0bc341,22891963,1752188891,10/07/25 23:08,0x0a7da29599a326568c88ef1ff2fb2f42262090fd,0xe5544a2a5fa9b175da60d8eec67add5582bb31b0,,0,0,0,0.000201828,0.628816657,2951.31,,,Mint
0xbad9889e0d20b45eeb475a20f34f3fbd8a347bac1cd9728c634e985d3d42f581,22891976,1752189047,10/07/25 23:10,0x0a7da29599a326568c88ef1ff2fb2f42262090fd,0xe5544a2a5fa9b175da60d8eec67add5582bb31b0,,0,0,0,0.000196195,0.611267742,2951.31,,,Mint
0x7a1f1bfb56352d75ab33eebd0ef16b06dd076b088f62e7cf29c82c6b796cc471,22891987,1752189179,10/07/25 23:12,0x0a7da29599a326568c88ef1ff2fb2f42262090fd,0xe5544a2a5fa9b175da60d8eec67add5582bb31b0,,0,0,0,0.000189811,0.591376627,2951.31,,,Mint
0x103bcd6bc80b01e19e83acc14229c5c9febcadf396a959cb29b3c5198c543e06,22892013,1752189491,10/07/25 23:18,0x0a7da29599a326568c88ef1ff2fb2f42262090fd,0xe5544a2a5fa9b175da60d8eec67add5582bb31b0,,0,0,0,0.00015413,0.480210958,2951.31,,,Mint
0x188d9a452697812ea6bb789d8eab748f465b8607fb797b5b60ed6950c925f9f1,22892038,1752189791,10/07/25 23:23,0x0a7da29599a326568c88ef1ff2fb2f42262090fd,0xe5544a2a5fa9b175da60d8eec67add5582bb31b0,,0,0,0,0.000156626,0.487986048,2951.31,,,Mint
0xae69f688e8030b542ae53088b68ad4bb3faf4fda7eae4e679d29dc17c46a69ba,22892045,1752189875,10/07/25 23:24,0x0a7da29599a326568c88ef1ff2fb2f42262090fd,0xe5544a2a5fa9b175da60d8eec67add5582bb31b0,,0,0,0,0.0001472,0.458618534,2951.31,,,Mint
0xb6446c631ee5e4349dd72dbb281b3e30fc806def4e213d48ddd006858cf668cf,22892055,1752189995,10/07/25 23:26,0x0a7da29599a326568c88ef1ff2fb2f42262090fd,0xe5544a2a5fa9b175da60d8eec67add5582bb31b0,,0,0,0,0.000140005,0.436201086,2951.31,,,Mint
0xe811d5d95fe2460c508ea2431289bcfbd82c25c405b787d9af22c27f0fcb57d8,22892078,1752190283,10/07/25 23:31,0x0a7da29599a326568c88ef1ff2fb2f42262090fd,0xe5544a2a5fa9b175da60d8eec67add5582bb31b0,,0,0,0,0.000148539,0.462790657,2951.31,,,Mint
0x28d9c1ce43c51e72c42d1df348a0b954561ce1948791163fa65602098113d0e3,22892115,1752190727,10/07/25 23:38,0x0a7da29599a326568c88ef1ff2fb2f42262090fd,0xe5544a2a5fa9b175da60d8eec67add5582bb31b0,,0,0,0,0.000130506,0.406606947,2951.31,,,Mint
0x3e513dff4ba281597186897688eb9179a16dae0de54a291101d590fe2c937c68,22892126,1752190859,10/07/25 23:40,0x0a7da29599a326568c88ef1ff2fb2f42262090fd,0xe5544a2a5fa9b175da60d8eec67add5582bb31b0,,0,0,0,0.000122286,0.380994988,2951.31,,,Mint
0xd97f4edfa39036be39baff63e4ae9439c7f0d53226c3b8b1eff3dda291532a5f,22892163,1752191303,10/07/25 23:48,0x0a7da29599a326568c88ef1ff2fb2f42262090fd,0xe5544a2a5fa9b175da60d8eec67add5582bb31b0,,0,0,0,0.000119442,0.372136463,2951.31,,,Mint
0x11956be320f3b9c997a5119be6fedad1ed509a2a4c61e79d4ba3140cb8dc58e3,22892256,1752192419,11/07/25 00:06,0x0a7da29599a326568c88ef1ff2fb2f42262090fd,0xe5544a2a5fa9b175da60d8eec67add5582bb31b0,,0,0,0,0.000139314,0.434049,2959.03,,,Mint
0x6069cacd8949c148281a17f991d27609fc480ae5e1d1230cfcb57f7296c3070e,22892315,1752193139,11/07/25 00:18,0x0a7da29599a326568c88ef1ff2fb2f42262090fd,0xe5544a2a5fa9b175da60d8eec67add5582bb31b0,,0,0,0,0.000154634,0.481780079,2959.03,,,Mint
0x8b09c712c93b96eef6a361cfca4f89a2c2a19879d82c267c5a8a93243b75d7b6,22892334,1752193367,11/07/25 00:22,0x0a7da29599a326568c88ef1ff2fb2f42262090fd,0xe5544a2a5fa9b175da60d8eec67add5582bb31b0,,0,0,0,0.000149048,0.464376078,2959.03,,,Mint
0x3a487410ac9e0f5d481ea0c9af912f546efd04fb049bf71f61d966951a9ed6eb,22892355,1752193631,11/07/25 00:27,0x0a7da29599a326568c88ef1ff2fb2f42262090fd,0xe5544a2a5fa9b175da60d8eec67add5582bb31b0,,0,0,0,0.000157689,0.491297315,2959.03,,,Mint
0x7ecdb9903ede76017b7f1eff11b63d25ba079ad03d90418fb9f52089c463fbc6,22892402,1752194195,11/07/25 00:36,0x0a7da29599a326568c88ef1ff2fb2f42262090fd,0xe5544a2a5fa9b175da60d8eec67add5582bb31b0,,0,0,0,0.00011742,0.365836767,2959.03,,,Mint
0x566b15d2ab1ddf703fed907bf9017d2981ccab9b15d83ed2dd3f743aa81f3d10,22892427,1752194495,11/07/25 00:41,0x0a7da29599a326568c88ef1ff2fb2f42262090fd,0xe5544a2a5fa9b175da60d8eec67add5582bb31b0,,0,0,0,0.000114477,0.356666159,2959.03,,,Mint
0x15f5f6658dde705c39846d610813760e5f08cbe3c0c34a14a79105433d693a4b,22892517,1752195587,11/07/25 00:59,0x0a7da29599a326568c88ef1ff2fb2f42262090fd,0xe5544a2a5fa9b175da60d8eec67add5582bb31b0,,0,0,0,8.31967E-05,0.259208685,2959.03,,,Mint
0xa92bea9f7860da0272a253fe7403e5cd2ca7ab439e0b490c2b1cb2090be193ed,22892536,1752195815,11/07/25 01:03,0x0a7da29599a326568c88ef1ff2fb2f42262090fd,0xe5544a2a5fa9b175da60d8eec67add5582bb31b0,,0,0,0,8.75782E-05,0.272859676,2959.03,,,Mint
0xe39b86baa95ce0ccbc65e79ffc2925f60ea8fc4d063024faa6124d3cfcab4a0c,22892545,1752195923,11/07/25 01:05,0x0a7da29599a326568c88ef1ff2fb2f42262090fd,0xe5544a2a5fa9b175da60d8eec67add5582bb31b0,,0,0,0,9.71372E-05,0.302641832,2959.03,,,Mint
0x3375b95abbfd58abb72a0680e5a810b69fbc79188ce2177013dccb003053588c,22892572,1752196247,11/07/25 01:10,0x0a7da29599a326568c88ef1ff2fb2f42262090fd,0xe5544a2a5fa9b175da60d8eec67add5582bb31b0,,0,0,0,0.000119343,0.371827889,2959.03,,,Mint
0xc60e815b552dd77e6f26f0db97196cafd443160c29df1612cc2b9b7285d79735,22892640,1752197087,11/07/25 01:24,0x0a7da29599a326568c88ef1ff2fb2f42262090fd,0xe5544a2a5fa9b175da60d8eec67add5582bb31b0,,0,0,0,0.000113195,0.352671277,2959.03,,,Mint
0x5da4024fab1674ddba11814c077d74c05e4f2de5c0b8ef14a3d7969a91edcac1,22892654,1752197255,11/07/25 01:27,0x0a7da29599a326568c88ef1ff2fb2f42262090fd,0xe5544a2a5fa9b175da60d8eec67add5582bb31b0,,0,0,0,9.85959E-05,0.307186786,2959.03,,,Mint
0xaa6c961e899b948b05eb3ed608183624dbc30d6d59d419f53b3ce20068ebf3c9,22892661,1752197339,11/07/25 01:28,0x0a7da29599a326568c88ef1ff2fb2f42262090fd,0xe5544a2a5fa9b175da60d8eec67add5582bb31b0,,0,0,0,8.80009E-05,0.274176875,2959.03,,,Mint
0x5b0bdeff723e970f82a81fabc7d9ca4b0bbe19c1d930ec2729251695560103ef,22892704,1752197855,11/07/25 01:37,0x0a7da29599a326568c88ef1ff2fb2f42262090fd,0xe5544a2a5fa9b175da60d8eec67add5582bb31b0,,0,0,0,7.85704E-05,0.244794945,2959.03,,,Mint
0x69d2a471d3d51661d53960815706da9d43a51a43b9fc1e996d2b3bd9cac371e4,22892741,1752198299,11/07/25 01:44,0x0a7da29599a326568c88ef1ff2fb2f42262090fd,0xe5544a2a5fa9b175da60d8eec67add5582bb31b0,,0,0,0,7.18944E-05,0.223995129,2959.03,,,Mint
0x381d1105baeccd231b741a6391046817ef843f567af759cd120fa2149b221a35,22892779,1752198755,11/07/25 01:52,0x0a7da29599a326568c88ef1ff2fb2f42262090fd,0xe5544a2a5fa9b175da60d8eec67add5582bb31b0,,0,0,0,7.34186E-05,0.228744081,2959.03,,,Mint
0x053b9eb613c55599189631a3b9323d452eb3db9a3cb22da81ba1e725c5fdc8c1,22892812,1752199151,11/07/25 01:59,0x0a7da29599a326568c88ef1ff2fb2f42262090fd,0xe5544a2a5fa9b175da60d8eec67add5582bb31b0,,0,0,0,7.02006E-05,0.218718066,2959.03,,,Mint
0x93c11fdb14fbcf57bd7e982151a5efa176650e898ec02a58b954d4af5349d82f,22892900,1752200231,11/07/25 02:17,0x0a7da29599a326568c88ef1ff2fb2f42262090fd,0xe5544a2a5fa9b175da60d8eec67add5582bb31b0,,0,0,0,0.000124639,0.388328293,2959.03,,,Mint
0x403d265644991e4fc8031e8efc4c14a7bea4c37ff79ad60ba612d402ba2d67eb,22892913,1752200387,11/07/25 02:19,0x0a7da29599a326568c88ef1ff2fb2f42262090fd,0xe5544a2a5fa9b175da60d8eec67add5582bb31b0,,0,0,0,0.000111426,0.347159209,2959.03,,,Mint
0x6ccab90247de29f365a9220a6a9512da90e5f4fe34d2a8e39534d659754fc357,22892956,1752200903,11/07/25 02:28,0x0a7da29599a326568c88ef1ff2fb2f42262090fd,0xe5544a2a5fa9b175da60d8eec67add5582bb31b0,,0,0,0,0.000100071,0.311782094,2959.03,,,Mint
0xf4151cb0f1e95dc5ff377c2630b7b99c524baf887537f9542885c328dfd046ee,22892988,1752201287,11/07/25 02:34,0x0a7da29599a326568c88ef1ff2fb2f42262090fd,0xe5544a2a5fa9b175da60d8eec67add5582bb31b0,,0,0,0,8.85547E-05,0.275902121,2959.03,,,Mint
0xc5d10b65925f903b9b9893ccff0c82a9719383cb6633f20dfa270f3f411d6f74,22893034,1752201851,11/07/25 02:44,0x0a7da29599a326568c88ef1ff2fb2f42262090fd,0xe5544a2a5fa9b175da60d8eec67add5582bb31b0,,0,0,0,8.78962E-05,0.273850585,2959.03,,,Mint
0xa1724c0ada7081f04d0ec322d314a02ddb910c63391071f3f779d10f4ccdba14,22893049,1752202031,11/07/25 02:47,0x0a7da29599a326568c88ef1ff2fb2f42262090fd,0xe5544a2a5fa9b175da60d8eec67add5582bb31b0,,0,0,0,0.000103992,0.323998313,2959.03,,,Mint
0xa7642a41b088ebb76b1fe961d6fe55d9c4beee3c3123bd382cc09ed6bda66c2f,22893094,1752202571,11/07/25 02:56,0x0a7da29599a326568c88ef1ff2fb2f42262090fd,0xe5544a2a5fa9b175da60d8eec67add5582bb31b0,,0,0,0,9.63853E-05,0.300299483,2959.03,,,Mint
0xdb6c0adc0ed1572f9e12ab040554e876e664668f99f469da0aeca3a8bfc01142,22893112,1752202811,11/07/25 03:00,0x0a7da29599a326568c88ef1ff2fb2f42262090fd,0xe5544a2a5fa9b175da60d8eec67add5582bb31b0,,0,0,0,9.83462E-05,0.306408786,2959.03,,,Mint
0x07ccf7621542a8b667b7942e183d675f1ca03bd12feec1c91238d86a4d9841ec,22893125,1752202967,11/07/25 03:02,0x0a7da29599a326568c88ef1ff2fb2f42262090fd,0xe5544a2a5fa9b175da60d8eec67add5582bb31b0,,0,0,0,0.000112301,0.349886079,2959.03,,,Mint
0x297296235665c07555b7b5c1f95c41b9e4a3a17d7cf13bf89f2bc155b6491cf5,22893501,1752207491,11/07/25 04:18,0x0a7da29599a326568c88ef1ff2fb2f42262090fd,0xe5544a2a5fa9b175da60d8eec67add5582bb31b0,,0,0,0,7.26973E-05,0.226496684,2959.03,,,Mint
0xb3a7c3b34ee81446deba97143a1bb0ddd7d63d0c7aad656f4284f00b06ad88df,22893514,1752207647,11/07/25 04:20,0x0a7da29599a326568c88ef1ff2fb2f42262090fd,0xe5544a2a5fa9b175da60d8eec67add5582bb31b0,,0,0,0,7.96664E-05,0.248209577,2959.03,,,Mint
0x9b0fec3e6b6778e16a580594184b0c4660f32accbe914a26bea1f7955d79994d,22893525,1752207779,11/07/25 04:22,0x0a7da29599a326568c88ef1ff2fb2f42262090fd,0xe5544a2a5fa9b175da60d8eec67add5582bb31b0,,0,0,0,7.583E-05,0.236257095,2959.03,,,Mint
0xd94f0771e00cbb45fc4687282f5ded8be10bac766769b8affefe5f107a75d702,22893533,1752207875,11/07/25 04:24,0x0a7da29599a326568c88ef1ff2fb2f42262090fd,0xe5544a2a5fa9b175da60d8eec67add5582bb31b0,,0,0,0,7.74062E-05,0.241167644,2959.03,,,Mint
0x5a0f3587cf5ae4c957595bbc51386a31df874cb141f0f4f408d41da7d9dea4cc,22893602,1752208703,11/07/25 04:38,0x0a7da29599a326568c88ef1ff2fb2f42262090fd,0xe5544a2a5fa9b175da60d8eec67add5582bb31b0,,0,0,0,6.69578E-05,0.208614728,2959.03,,,Mint
0x88aaf0bc53352fd816da4130a7e1683815f39cafd796d3a8165532616034ce34,22893612,1752208823,11/07/25 04:40,0x0a7da29599a326568c88ef1ff2fb2f42262090fd,0xe5544a2a5fa9b175da60d8eec67add5582bb31b0,,0,0,0,6.45176E-05,0.201011906,2959.03,,,Mint
0x0ed7714447d732606e53107799b1a9b89372ccdec7349186ebc80b24fed0f772,22893636,1752209111,11/07/25 04:45,0x0a7da29599a326568c88ef1ff2fb2f42262090fd,0xe5544a2a5fa9b175da60d8eec67add5582bb31b0,,0,0,0,6.71999E-05,0.209368857,2959.03,,,Mint
0x92a53071786786d065269821db73812d1245665a69507103b5c100c09e8b922b,22893646,1752209243,11/07/25 04:47,0x0a7da29599a326568c88ef1ff2fb2f42262090fd,0xe5544a2a5fa9b175da60d8eec67add5582bb31b0,,0,0,0,8.1883E-05,0.255115838,2959.03,,,Mint
0xc602a1d3c0382237649bb9152b696aaa746b97cf4570e9e62c51e846885010db,22893663,1752209459,11/07/25 04:50,0x0a7da29599a326568c88ef1ff2fb2f42262090fd,0xe5544a2a5fa9b175da60d8eec67add5582bb31b0,,0,0,0,8.305E-05,0.258751688,2959.03,,,Mint
0x7cf3bea29af12e39e3c24cbef6a481cae73ca22462a4b24febe23efa7a1f6f31,22893682,1752209687,11/07/25 04:54,0x0a7da29599a326568c88ef1ff2fb2f42262090fd,0xe5544a2a5fa9b175da60d8eec67add5582bb31b0,,0,0,0,9.26333E-05,0.288609654,2959.03,,,Mint
0xa9284af3ee867aedeb42edb281fb7d95a4a45954a5b8a0c9cd76f8dfb1d18c71,22893692,1752209807,11/07/25 04:56,0x0a7da29599a326568c88ef1ff2fb2f42262090fd,0xe5544a2a5fa9b175da60d8eec67add5582bb31b0,,0,0,0,9.71116E-05,0.302562346,2959.03,,,Mint
0xe5881b59f2ee81afb816075540cbb8e34217c88cfb5fca1aba510c1e15483db4,22893713,1752210059,11/07/25 05:00,0x0a7da29599a326568c88ef1ff2fb2f42262090fd,0xe5544a2a5fa9b175da60d8eec67add5582bb31b0,,0,0,0,9.5086E-05,0.296251079,2959.03,,,Mint
0x7f4728bdd4bfa8fc7ab115465bb97c93a60cac071b0ef3c44ee40aab732b3d53,22893722,1752210167,11/07/25 05:02,0x0a7da29599a326568c88ef1ff2fb2f42262090fd,0xe5544a2a5fa9b175da60d8eec67add5582bb31b0,,0,0,0,0.000107311,0.334339669,2959.03,,,Mint
0xa5f3ad80775284ffb792eedb5879ec0dfe1c65003368e2ef58143ee5378b3111,22893728,1752210239,11/07/25 05:03,0x0a7da29599a326568c88ef1ff2fb2f42262090fd,0xe5544a2a5fa9b175da60d8eec67add5582bb31b0,,0,0,0,0.000135168,0.421131363,2959.03,,,Mint
0x4a7647953f42abb6d241f1cbc84737dba238d694b5251815b62c003174e586b8,22893758,1752210599,11/07/25 05:09,0x0a7da29599a326568c88ef1ff2fb2f42262090fd,0xe5544a2a5fa9b175da60d8eec67add5582bb31b0,,0,0,0,0.000146049,0.455031603,2959.03,,,Mint
0x52280c094415f288b17b94dabbd1dfab8bd7a3fe02d1186a3a6b5391ae9959a5,22893766,1752210695,11/07/25 05:11,0x0a7da29599a326568c88ef1ff2fb2f42262090fd,0xe5544a2a5fa9b175da60d8eec67add5582bb31b0,,0,0,0,0.000167841,0.52292901,2959.03,,,Mint
0xb0c165abde3483dd0ea85c41fdc6329974be8387d9f98a6f63f46d942b20b40e,22893778,1752210839,11/07/25 05:13,0x0a7da29599a326568c88ef1ff2fb2f42262090fd,0xe5544a2a5fa9b175da60d8eec67add5582bb31b0,,0,0,0,0.000163228,0.508555362,2959.03,,,Mint
0x74f1e5866ff65df8b0194c022dcb1b81a3d065a620cfa30eebac1faaede538a3,22893797,1752211067,11/07/25 05:17,0x0a7da29599a326568c88ef1ff2fb2f42262090fd,0xe5544a2a5fa9b175da60d8eec67add5582bb31b0,,0,0,0,0.000165141,0.514515343,2959.03,,,Mint
0xd4e306d990ab771633f201291b217ddb2ea445edf63f1be14f0a97089fc7b99d,22893810,1752211223,11/07/25 05:20,0x0a7da29599a326568c88ef1ff2fb2f42262090fd,0xe5544a2a5fa9b175da60d8eec67add5582bb31b0,,0,0,0,0.000152435,0.474929711,2959.03,,,Mint
0x7701009fa292f7b97c1046a500c8c650ea5a442e9e8951f1debc0ee814f18eb5,22893838,1752211559,11/07/25 05:25,0x0a7da29599a326568c88ef1ff2fb2f42262090fd,0xe5544a2a5fa9b175da60d8eec67add5582bb31b0,,0,0,0,0.000125715,0.391677901,2959.03,,,Mint
0xdbf7efb9ee1860a5a30b5df416948dea5b532dff7bd78d6cd2db2612f1147c63,22893888,1752212159,11/07/25 05:35,0x0a7da29599a326568c88ef1ff2fb2f42262090fd,0xe5544a2a5fa9b175da60d8eec67add5582bb31b0,,0,0,0,0.000188047,0.585881344,2959.03,,,Mint
0x95abf64ee179770f66262dbdcc0bca70258fafb977dc6a783c074ec3a3b5650e,22893894,1752212243,11/07/25 05:37,0x0a7da29599a326568c88ef1ff2fb2f42262090fd,0xe5544a2a5fa9b175da60d8eec67add5582bb31b0,,0,0,0,0.000196299,0.611592466,2959.03,,,Mint
0x9cffa75e8cc666d3864ea0574c8835fef4398ddee9b9820aa1510509228cb6fb,22893942,1752212831,11/07/25 05:47,0x0a7da29599a326568c88ef1ff2fb2f42262090fd,0xe5544a2a5fa9b175da60d8eec67add5582bb31b0,,0,0,0,0.000227778,0.709667016,2959.03,,,Mint
0x14aa8894b11cae4f385b892cac49b39fad3078871a06fbfb483f55cb865800cd,22893952,1752212951,11/07/25 05:49,0x0a7da29599a326568c88ef1ff2fb2f42262090fd,0xe5544a2a5fa9b175da60d8eec67add5582bb31b0,,0,0,0,0.000268237,0.835721597,2959.03,,,Mint
0xd94abc1ae37895aad29cadb1958c2387ffcd32d1c049689d63b37edc20ece682,22893979,1752213275,11/07/25 05:54,0x0a7da29599a326568c88ef1ff2fb2f42262090fd,0xe5544a2a5fa9b175da60d8eec67add5582bb31b0,,0,0,0,0.000299619,0.933496448,2959.03,,,Mint
0xf1b133467353750fa03f4be3e2f8327eb459bbfe6de12ecee313c78657f55e66,22893985,1752213347,11/07/25 05:55,0x0a7da29599a326568c88ef1ff2fb2f42262090fd,0xe5544a2a5fa9b175da60d8eec67add5582bb31b0,,0,0,0,0.000273113,0.850914138,2959.03,,,Mint
0x9c144b877591cd716e5f2b8331fead4fc503c3b9e43781ca29ed0efb50a56092,22894009,1752213635,11/07/25 06:00,0x0a7da29599a326568c88ef1ff2fb2f42262090fd,0xe5544a2a5fa9b175da60d8eec67add5582bb31b0,,0,0,0,0.000248567,0.774439864,2959.03,,,Mint
0x7490fccd6a9ca6c3428652ab7851dbe49ee907526186309576bdbee5430a7917,22894016,1752213719,11/07/25 06:01,0x0a7da29599a326568c88ef1ff2fb2f42262090fd,0xe5544a2a5fa9b175da60d8eec67add5582bb31b0,,0,0,0,0.000246878,0.769174911,2959.03,,,Mint
0x489c56abf4acba8765343102d66bb944107be6da128ee42e8c286d8041d7a91c,22894029,1752213875,11/07/25 06:04,0x0a7da29599a326568c88ef1ff2fb2f42262090fd,0xe5544a2a5fa9b175da60d8eec67add5582bb31b0,,0,0,0,0.000244964,0.763213193,2959.03,,,Mint
0xa938ee7eb438f01af3c34bb64038e3dea130c2cb54ca3e16fe97b6a1b40867b1,22894082,1752214523,11/07/25 06:15,0x0a7da29599a326568c88ef1ff2fb2f42262090fd,0xe5544a2a5fa9b175da60d8eec67add5582bb31b0,,0,0,0,0.000219419,0.683624586,2959.03,,,Mint
0x1e19c0df8478d31e67f494944bf65ad0f1ad5b1ef5b39dc85501363ea1d7ccc5,22894089,1752214607,11/07/25 06:16,0x0a7da29599a326568c88ef1ff2fb2f42262090fd,0xe5544a2a5fa9b175da60d8eec67add5582bb31b0,,0,0,0,0.00023322,0.726624058,2959.03,,,Mint
0x2167a42bb134d443eae3de38f9710e5fa70aa72f41de95cdb980a9e7cdee5fc7,22894099,1752214727,11/07/25 06:18,0x0a7da29599a326568c88ef1ff2fb2f42262090fd,0xe5544a2a5fa9b175da60d8eec67add5582bb31b0,,0,0,0,0.000211018,0.657450182,2959.03,,,Mint
0x9638d8a750ddc2fbe26cadb9dd57b745b71d1ae963a83e97e123a24eda007330,22894104,1752214787,11/07/25 06:19,0x0a7da29599a326568c88ef1ff2fb2f42262090fd,0xe5544a2a5fa9b175da60d8eec67add5582bb31b0,,0,0,0,0.000225831,0.703601548,2959.03,,,Mint
0x83268e9ec1fe208ab1e8cadd3bdbd5e181155dab8f3a9c4837c4193aea8bae27,22894131,1752215123,11/07/25 06:25,0x0a7da29599a326568c88ef1ff2fb2f42262090fd,0xe5544a2a5fa9b175da60d8eec67add5582bb31b0,,0,0,0,0.000233958,0.728921804,2959.03,,,Mint
0xe4d9ec2af00be7b6c9e599088d1177778dfa4ce0c6f56692307ae58e2279c1c0,22894145,1752215291,11/07/25 06:28,0x0a7da29599a326568c88ef1ff2fb2f42262090fd,0xe5544a2a5fa9b175da60d8eec67add5582bb31b0,,0,0,0,0.000234373,0.730215102,2959.03,,,Mint
0x04dc5c175b64815c557320d7d0709569bde931b391fe9e8b3d67974c62cecd5c,22894151,1752215363,11/07/25 06:29,0x0a7da29599a326568c88ef1ff2fb2f42262090fd,0xe5544a2a5fa9b175da60d8eec67add5582bb31b0,,0,0,0,0.000242587,0.755806023,2959.03,,,Mint
0x0bb7a7071a028027a2515a6ad81a63d8b75b45ef3076c33162ed95ee0e8dc096,22894181,1752215735,11/07/25 06:35,0x0a7da29599a326568c88ef1ff2fb2f42262090fd,0xe5544a2a5fa9b175da60d8eec67add5582bb31b0,,0,0,0,0.000243901,0.759900536,2959.03,,,Mint
0x05bcae5f92b4b3a575302d01994f4c46ebae6a9d64cd538686d5a515ffcb3dfd,22894191,1752215867,11/07/25 06:37,0x0a7da29599a326568c88ef1ff2fb2f42262090fd,0xe5544a2a5fa9b175da60d8eec67add5582bb31b0,,0,0,0,0.000230938,0.719512928,2959.03,,,Mint
0x6b78f80c320e384fdb233f6b86c75f6c556e9348b003ad1b65b42955dc2c9543,22894197,1752215939,11/07/25 06:38,0x0a7da29599a326568c88ef1ff2fb2f42262090fd,0xe5544a2a5fa9b175da60d8eec67add5582bb31b0,,0,0,0,0.00021478,0.669171872,2959.03,,,Mint
0xc40a59b6b8cc272306cbb00f93d3e1d0561c2b10328e49a4b704ef9a1f8ad755,22894325,1752217499,11/07/25 07:04,0x0a7da29599a326568c88ef1ff2fb2f42262090fd,0xe5544a2a5fa9b175da60d8eec67add5582bb31b0,,0,0,0,0.000217712,0.678305124,2959.03,,,Mint
0x4068f1a29cef4ad97b1f1d3529973f0fcc70ea2784c06b7e99d3fd9ebf765209,22894339,1752217667,11/07/25 07:07,0x0a7da29599a326568c88ef1ff2fb2f42262090fd,0xe5544a2a5fa9b175da60d8eec67add5582bb31b0,,0,0,0,0.000206576,0.643612278,2959.03,,,Mint
0xd2f8d7da819f7b63472e2fcc7e14a0e388b381a82c96ed83854cc7363b10a455,22894359,1752217907,11/07/25 07:11,0x0a7da29599a326568c88ef1ff2fb2f42262090fd,0xe5544a2a5fa9b175da60d8eec67add5582bb31b0,,0,0,0,0.000193943,0.604250267,2959.03,,,Mint
0xd3ba944c7ffe5e320fda2f7fd61043bf9f17c5ccdaeb992ca4fc24011da1d85f,22894382,1752218183,11/07/25 07:16,0x0a7da29599a326568c88ef1ff2fb2f42262090fd,0xe5544a2a5fa9b175da60d8eec67add5582bb31b0,,0,0,0,0.000185389,0.577601359,2959.03,,,Mint
0xe9b50b8d7e29de751453c3a94f064d78e59242a3946b02f097d8158e2d7a127c,22894390,1752218279,11/07/25 07:17,0x0a7da29599a326568c88ef1ff2fb2f42262090fd,0xe5544a2a5fa9b175da60d8eec67add5582bb31b0,,0,0,0,0.000179936,0.560610549,2959.03,,,Mint
0xce968ff840f0d4e880f6f502e9aec41e357b607618dcb888e76fcc8486f34a29,22894400,1752218399,11/07/25 07:19,0x0a7da29599a326568c88ef1ff2fb2f42262090fd,0xe5544a2a5fa9b175da60d8eec67add5582bb31b0,,0,0,0,0.000187972,0.585647491,2959.03,,,Mint
0xbfeaaafeef00d4a0605c855ae7d296db2a93c1f10bc7a97db4887f3f698c1965,22894525,1752219899,11/07/25 07:44,0x0a7da29599a326568c88ef1ff2fb2f42262090fd,0xe5544a2a5fa9b175da60d8eec67add5582bb31b0,,0,0,0,0.000147702,0.460181509,2959.03,,,Mint
0x1a76d4907ffaade34a14d67c757bfc77b222a733e51cd61414a4c0d25d4e687e,22894532,1752219983,11/07/25 07:46,0x0a7da29599a326568c88ef1ff2fb2f42262090fd,0xe5544a2a5fa9b175da60d8eec67add5582bb31b0,,0,0,0,0.0001387,0.432134387,2959.03,,,Mint
0x4a4e78bb3d55bf36f2ab34e7e21eb5f6b2d56fd773450036c3cba58b1db74410,22894549,1752220187,11/07/25 07:49,0x0a7da29599a326568c88ef1ff2fb2f42262090fd,0xe5544a2a5fa9b175da60d8eec67add5582bb31b0,,0,0,0,0.000169798,0.529025575,2959.03,,,Mint
0x2bc38bb0fcfc862f6dec4e19fd987a292be26f8bcbde1ac604d5b3f245d19285,22894581,1752220571,11/07/25 07:56,0x0a7da29599a326568c88ef1ff2fb2f42262090fd,0xe5544a2a5fa9b175da60d8eec67add5582bb31b0,,0,0,0,0.000157546,0.490853484,2959.03,,,Mint
0xea3205952fad426ba0b20eabcad0ace2d88342412199ff171121668c56c07561,22894606,1752220871,11/07/25 08:01,0x0a7da29599a326568c88ef1ff2fb2f42262090fd,0xe5544a2a5fa9b175da60d8eec67add5582bb31b0,,0,0,0,0.000159809,0.497901976,2959.03,,,Mint
0x6334196398bd99c6ca09ef2c872e6f587f8f13bb47111b788116371fad705429,22894616,1752220991,11/07/25 08:03,0x0a7da29599a326568c88ef1ff2fb2f42262090fd,0xe5544a2a5fa9b175da60d8eec67add5582bb31b0,,0,0,0,0.00015597,0.485942575,2959.03,,,Mint
0x41a17e4cee4a84445377b2cb120bb6aead705750c6498d85c5fe734bb1c2353f,22894624,1752221087,11/07/25 08:04,0x0a7da29599a326568c88ef1ff2fb2f42262090fd,0xe5544a2a5fa9b175da60d8eec67add5582bb31b0,,0,0,0,0.000155021,0.482986768,2959.03,,,Mint
0x5121bb426341e96095cbfbba0ccf99b06e0c2f3d3ac78ebf33f845658f17b0a6,22894647,1752221363,11/07/25 08:09,0x0a7da29599a326568c88ef1ff2fb2f42262090fd,0xe5544a2a5fa9b175da60d8eec67add5582bb31b0,,0,0,0,0.000143517,0.44714195,2959.03,,,Mint
0x0c6c4fe5bd0e90ac09017efeedde93d3004af6fd0eefb466f66cd273098a8b61,22894653,1752221435,11/07/25 08:10,0x0a7da29599a326568c88ef1ff2fb2f42262090fd,0xe5544a2a5fa9b175da60d8eec67add5582bb31b0,,0,0,0,0.000125688,0.391595351,2959.03,,,Mint
0xa467f825569f8457c9c92d4fd2b5ae6c0f22f205ba975f505dbcd5a10e7d6d68,22894663,1752221555,11/07/25 08:12,0x0a7da29599a326568c88ef1ff2fb2f42262090fd,0xe5544a2a5fa9b175da60d8eec67add5582bb31b0,,0,0,0,0.000130361,0.406155974,2959.03,,,Mint
0xf1f0eb8face22453b5b586d9642dafeb2f4a10c7b7653fe851a58acc388d9534,22894688,1752221855,11/07/25 08:17,0x0a7da29599a326568c88ef1ff2fb2f42262090fd,0xe5544a2a5fa9b175da60d8eec67add5582bb31b0,,0,0,0,0.000136655,0.425765039,2959.03,,,Mint
0x0a48d29ee3ba4b256f36962df30a52197b6bf37ef48833d8924c72021f20c99c,22894692,1752221903,11/07/25 08:18,0x0a7da29599a326568c88ef1ff2fb2f42262090fd,0xe5544a2a5fa9b175da60d8eec67add5582bb31b0,,0,0,0,0.000145523,0.453393167,2959.03,,,Mint
0x13e097ee27b99e05720390e48c509a94317548821daca23a522cadf98fd45d9b,22894697,1752221963,11/07/25 08:19,0x0a7da29599a326568c88ef1ff2fb2f42262090fd,0xe5544a2a5fa9b175da60d8eec67add5582bb31b0,,0,0,0,0.000146806,0.457389697,2959.03,,,Mint
0xa84f302fd899b95cb6960f6b515f42e377dbd5b07f5e5534620f4240b8d1c729,22894709,1752222107,11/07/25 08:21,0x0a7da29599a326568c88ef1ff2fb2f42262090fd,0xe5544a2a5fa9b175da60d8eec67add5582bb31b0,,0,0,0,0.000143985,0.448600982,2959.03,,,Mint
0xae5f962ff3967c15dd11c8c351906b5470664c8f7bd2754f31d05819ef6244fc,22894724,1752222287,11/07/25 08:24,0x0a7da29599a326568c88ef1ff2fb2f42262090fd,0xe5544a2a5fa9b175da60d8eec67add5582bb31b0,,0,0,0,0.000151146,0.470912655,2959.03,,,Mint
0xfbb47cef1c6dbdf7fa72ee121efb467ac6a23eacc2f8034bd0d6537618a48e29,22894746,1752222551,11/07/25 08:29,0x0a7da29599a326568c88ef1ff2fb2f42262090fd,0xe5544a2a5fa9b175da60d8eec67add5582bb31b0,,0,0,0,0.000136723,0.425975554,2959.03,,,Mint
0x5ce814b17d60e7b9c61e09205d52e740bdac24d460b72ac18a51bf274d6835ef,22894764,1752222767,11/07/25 08:32,0x0a7da29599a326568c88ef1ff2fb2f42262090fd,0xe5544a2a5fa9b175da60d8eec67add5582bb31b0,,0,0,0,0.000113954,0.355035729,2959.03,,,Mint
0xb0350a0e0f38267f6004859ef8baadb3876f251ca98b65ff83dc7328235d9908,22894775,1752222899,11/07/25 08:34,0x0a7da29599a326568c88ef1ff2fb2f42262090fd,0xe5544a2a5fa9b175da60d8eec67add5582bb31b0,,0,0,0,0.00011351,0.353654588,2959.03,,,Mint
0x0c206746f8699ab3bcefa8d1eea86a0d69fa9d864453609a3acaca14b7302042,22894781,1752222971,11/07/25 08:36,0x0a7da29599a326568c88ef1ff2fb2f42262090fd,0xe5544a2a5fa9b175da60d8eec67add5582bb31b0,,0,0,0,0.000130598,0.406893864,2959.03,,,Mint
0x8840f91f7262fcc73efffaf3fba9d9914062cd52dc7b164888560a483a861deb,22894803,1752223235,11/07/25 08:40,0x0a7da29599a326568c88ef1ff2fb2f42262090fd,0xe5544a2a5fa9b175da60d8eec67add5582bb31b0,,0,0,0,0.000131841,0.410764092,2959.03,,,Mint
0xf12d18c77a608282d51b23fae28dc083615860e37d634b6030151782771c898f,22894827,1752223523,11/07/25 08:45,0x0a7da29599a326568c88ef1ff2fb2f42262090fd,0xe5544a2a5fa9b175da60d8eec67add5582bb31b0,,0,0,0,0.000121411,0.378270004,2959.03,,,Mint
0x0adde52bbf9bc3ea19e27ad62847ef97dd41bc6facd7abd80a48b98e95cefcc9,22894868,1752224015,11/07/25 08:53,0x0a7da29599a326568c88ef1ff2fb2f42262090fd,0xe5544a2a5fa9b175da60d8eec67add5582bb31b0,,0,0,0,0.00012937,0.403066783,2959.03,,,Mint
0x909c2d8a57140a861e1c9f2cf39f3763caac41c49f1b07b1bd254bb77a48717e,22894874,1752224087,11/07/25 08:54,0x0a7da29599a326568c88ef1ff2fb2f42262090fd,0xe5544a2a5fa9b175da60d8eec67add5582bb31b0,,0,0,0,0.000143092,0.445819383,2959.03,,,Mint
0x3f6d8b3f28aa467790dc89d9e3b0e03e3d9bc0500f149077c435b934ff244fca,22894892,1752224303,11/07/25 08:58,0x0a7da29599a326568c88ef1ff2fb2f42262090fd,0xe5544a2a5fa9b175da60d8eec67add5582bb31b0,,0,0,0,0.000129977,0.404957218,2959.03,,,Mint
0xc92f343a9ba600575f1ee45f586ef9b0605370d300a098be65b79d182b7cc312,22894897,1752224363,11/07/25 08:59,0x0a7da29599a326568c88ef1ff2fb2f42262090fd,0xe5544a2a5fa9b175da60d8eec67add5582bb31b0,,0,0,0,0.000126587,0.394396455,2959.03,,,Mint
0xb97e2728c66b356d97205d11112202032ea00bc9035ceced00bb7a51e3cf6b60,22894904,1752224447,11/07/25 09:00,0x0a7da29599a326568c88ef1ff2fb2f42262090fd,0xe5544a2a5fa9b175da60d8eec67add5582bb31b0,,0,0,0,0.000141557,0.441038358,2959.03,,,Mint
0x67eaa8dfc785ff9359820d6998e234039319c6a8eb77c9f44fc3d3ff609513d1,22894912,1752224543,11/07/25 09:02,0x0a7da29599a326568c88ef1ff2fb2f42262090fd,0xe5544a2a5fa9b175da60d8eec67add5582bb31b0,,0,0,0,0.000131022,0.408213766,2959.03,,,Mint
0x165e9e36572d3faf6e81c65854aa85c5dfb4a98d46d8932f1768673a2a62ec16,22894937,1752224843,11/07/25 09:07,0x0a7da29599a326568c88ef1ff2fb2f42262090fd,0xe5544a2a5fa9b175da60d8eec67add5582bb31b0,,0,0,0,0.000157676,0.491257069,2959.03,,,Mint
0x26f4c7ebfd7563581e2ed7a8284b83e33f493f08a8cb3ce26016f492135a9827,22894959,1752225107,11/07/25 09:11,0x0a7da29599a326568c88ef1ff2fb2f42262090fd,0xe5544a2a5fa9b175da60d8eec67add5582bb31b0,,0,0,0,0.000143907,0.448358824,2959.03,,,Mint
0xbc103cd3d3dd31f8dc520e5368887c986510484ec40ff2002dc688a9562839e8,22894964,1752225167,11/07/25 09:12,0x0a7da29599a326568c88ef1ff2fb2f42262090fd,0xe5544a2a5fa9b175da60d8eec67add5582bb31b0,,0,0,0,0.000125084,0.389713063,2959.03,,,Mint
0x4aee769cfbb2ed29367144dd0c64f8b876167fe685550c36c381f54a57fd5112,22894969,1752225227,11/07/25 09:13,0x0a7da29599a326568c88ef1ff2fb2f42262090fd,0xe5544a2a5fa9b175da60d8eec67add5582bb31b0,,0,0,0,0.000128426,0.400125058,2959.03,,,Mint
0xa06ffa4a85082c68824a39f5f14db599afa4f0d594fd606da160e2e5824124cc,22894977,1752225335,11/07/25 09:15,0x0a7da29599a326568c88ef1ff2fb2f42262090fd,0xe5544a2a5fa9b175da60d8eec67add5582bb31b0,,0,0,0,0.000133711,0.416591199,2959.03,,,Mint
0xd1006468f95c0e2b34c903fe714733bb34f5987732602f9dd6bbc849a47c6574,22895004,1752225659,11/07/25 09:20,0x0a7da29599a326568c88ef1ff2fb2f42262090fd,0xe5544a2a5fa9b175da60d8eec67add5582bb31b0,,0,0,0,0.000166476,0.518674755,2959.03,,,Mint
0x5d946e5c83af244271805ea9126dfc1e550fc1d68f2ca491eb3c47eb78ccd22d,22895013,1752225767,11/07/25 09:22,0x0a7da29599a326568c88ef1ff2fb2f42262090fd,0xe5544a2a5fa9b175da60d8eec67add5582bb31b0,,0,0,0,0.000175395,0.546464562,2959.03,,,Mint
0x2ab4cd40fe7929b3621f118430487eff99d69ae9c3b2601a6fc41f92e5e2df9b,22895034,1752226019,11/07/25 09:26,0x0a7da29599a326568c88ef1ff2fb2f42262090fd,0xe5544a2a5fa9b175da60d8eec67add5582bb31b0,,0,0,0,0.000148752,0.463454388,2959.03,,,Mint
0xefd4f0220930a320c93c558a4fe8288e8885c742d80139043ebccf5b67e558c4,22895042,1752226115,11/07/25 09:28,0x0a7da29599a326568c88ef1ff2fb2f42262090fd,0xe5544a2a5fa9b175da60d8eec67add5582bb31b0,,0,0,0,0.000160948,0.501451981,2959.03,,,Mint
0xb19defad0000030206c977adb3cc96d92791caddeb2b797a74787cf22ac6a1fe,22895068,1752226427,11/07/25 09:33,0x0a7da29599a326568c88ef1ff2fb2f42262090fd,0xe5544a2a5fa9b175da60d8eec67add5582bb31b0,,0,0,0,0.000141611,0.441206046,2959.03,,,Mint
0x8509c1caae2cb4ace67a289dd8a7c7a2a5a2a7003d9693dfb2264804887b45b3,22895088,1752226667,11/07/25 09:37,0x0a7da29599a326568c88ef1ff2fb2f42262090fd,0xe5544a2a5fa9b175da60d8eec67add5582bb31b0,,0,0,0,0.00018245,0.568444331,2959.03,,,Mint
0x9c41f96040bc8b0f99dbdaa770cbd853ca526c020c383edc67ddbeb684d48dac,22895094,1752226739,11/07/25 09:38,0x0a7da29599a326568c88ef1ff2fb2f42262090fd,0xe5544a2a5fa9b175da60d8eec67add5582bb31b0,,0,0,0,0.000172318,0.536875432,2959.03,,,Mint
0x566169c0d065d7dd1a7a3a808cacdd14383fc392f6b838fcc2cbb001e7bd97fb,22895102,1752226835,11/07/25 09:40,0x0a7da29599a326568c88ef1ff2fb2f42262090fd,0xe5544a2a5fa9b175da60d8eec67add5582bb31b0,,0,0,0,0.000168506,0.524999316,2959.03,,,Mint
0xc80b537a79eb1d69b5d07c60346a88fb7bcede584b2b90aad797001539e87003,22895116,1752227003,11/07/25 09:43,0x0a7da29599a326568c88ef1ff2fb2f42262090fd,0xe5544a2a5fa9b175da60d8eec67add5582bb31b0,,0,0,0,0.000165788,0.516530233,2959.03,,,Mint
0x19cbdc43f42fd9bd39d9d7a5c4105741ae7a3cecbad28f678e2e4401dc41acd7,22895167,1752227615,11/07/25 09:53,0x0a7da29599a326568c88ef1ff2fb2f42262090fd,0xe5544a2a5fa9b175da60d8eec67add5582bb31b0,,0,0,0,0.000190027,0.592051134,2959.03,,,Mint
0xef979e1acb70db8df1adb56de5164af03ec77698bdabed64449ea5f4832a07d0,22895201,1752228023,11/07/25 10:00,0x0a7da29599a326568c88ef1ff2fb2f42262090fd,0xe5544a2a5fa9b175da60d8eec67add5582bb31b0,,0,0,0,0.000178387,0.5557858,2959.03,,,Mint
0x3df38cbd9364e8f3b56d31a77922ed0b4f724e6ee876da7156a5b6ade3cb31f6,22895229,1752228383,11/07/25 10:06,0x0a7da29599a326568c88ef1ff2fb2f42262090fd,0xe5544a2a5fa9b175da60d8eec67add5582bb31b0,,0,0,0,0.000206743,0.644131576,2959.03,,,Mint
0xfe9d31b4b9ea4bd626295a93cff6dc6e4468b545adb35523c0d5a644743f46df,22895245,1752228575,11/07/25 10:09,0x0a7da29599a326568c88ef1ff2fb2f42262090fd,0xe5544a2a5fa9b175da60d8eec67add5582bb31b0,,0,0,0,0.000173021,0.539065076,2959.03,,,Mint
0x30c5d23086ed6a9d70e7a00dfae46260460fc1df150293613c3808ed162b0a9e,22895265,1752228815,11/07/25 10:13,0x0a7da29599a326568c88ef1ff2fb2f42262090fd,0xe5544a2a5fa9b175da60d8eec67add5582bb31b0,,0,0,0,0.000208931,0.650949124,2959.03,,,Mint
0x5da9e997a399d83d0607d1fda21c476f93d7b5227f6b34b34b7d6f05b120e1d8,22895276,1752228947,11/07/25 10:15,0x0a7da29599a326568c88ef1ff2fb2f42262090fd,0xe5544a2a5fa9b175da60d8eec67add5582bb31b0,,0,0,0,0.000187982,0.585679933,2959.03,,,Mint
0xf6ce0b69e22c7b2ffc9473bad45d8c96d62ba59a9ac3d494f595ca2d3f21c2d5,22895283,1752229031,11/07/25 10:17,0x0a7da29599a326568c88ef1ff2fb2f42262090fd,0xe5544a2a5fa9b175da60d8eec67add5582bb31b0,,0,0,0,0.000191201,0.595708543,2959.03,,,Mint
0x44a976b257e0e9e65bf41415ed64ef8c3099e8f0789835aba4a475b4217fd089,22895289,1752229103,11/07/25 10:18,0x0a7da29599a326568c88ef1ff2fb2f42262090fd,0xe5544a2a5fa9b175da60d8eec67add5582bb31b0,,0,0,0,0.000179883,0.560447236,2959.03,,,Mint
0xa820b00ff891509ef47fc7da36b39679f0177c5ed7e19e5d39453a871d555054,22895294,1752229163,11/07/25 10:19,0x0a7da29599a326568c88ef1ff2fb2f42262090fd,0xe5544a2a5fa9b175da60d8eec67add5582bb31b0,,0,0,0,0.000180075,0.561043734,2959.03,,,Mint
0xa743b89d4f4f686e4d0ed6104f136762e6717fbbd07bbaa17559a8a7dc33c94f,22895301,1752229247,11/07/25 10:20,0x0a7da29599a326568c88ef1ff2fb2f42262090fd,0xe5544a2a5fa9b175da60d8eec67add5582bb31b0,,0,0,0,0.000185067,0.576598234,2959.03,,,Mint
0xa7d35aa8e3f5766b60a982df647987a437a7051a3209d9655e1889a93d289cd7,22895318,1752229451,11/07/25 10:24,0x0a7da29599a326568c88ef1ff2fb2f42262090fd,0xe5544a2a5fa9b175da60d8eec67add5582bb31b0,,0,0,0,0.000188046,0.585878756,2959.03,,,Mint
0x17daae474524911d4bea79c4bc47fc579c7e184429eda9bb32667ba54c83d753,22895329,1752229583,11/07/25 10:26,0x0a7da29599a326568c88ef1ff2fb2f42262090fd,0xe5544a2a5fa9b175da60d8eec67add5582bb31b0,,0,0,0,0.000193027,0.601396023,2959.03,,,Mint
0x41e39529e7938fbab14e368a16fcef4aedf2b701a71ff898329a60ab9207fcf6,22895336,1752229667,11/07/25 10:27,0x0a7da29599a326568c88ef1ff2fb2f42262090fd,0xe5544a2a5fa9b175da60d8eec67add5582bb31b0,,0,0,0,0.000221182,0.689117433,2959.03,,,Mint
0xb88fb4cd3ca3d0c97dfd646820ad3e3670a67d2dfdeba83470a22b1170947c1a,22895369,1752230063,11/07/25 10:34,0x0a7da29599a326568c88ef1ff2fb2f42262090fd,0xe5544a2a5fa9b175da60d8eec67add5582bb31b0,,0,0,0,0.00018284,0.569659708,2959.03,,,Mint
0xf8dc040f66af71b19539ba9eb181e48711abbf3972a1ef3e60b00267acacc267,22895398,1752230411,11/07/25 10:40,0x0a7da29599a326568c88ef1ff2fb2f42262090fd,0xe5544a2a5fa9b175da60d8eec67add5582bb31b0,,0,0,0,0.000173413,0.540287543,2959.03,,,Mint
0x7c8153386aa0a9be4b898f6353f450395f808029dbec4fb40676c2376e799913,22895411,1752230567,11/07/25 10:42,0x0a7da29599a326568c88ef1ff2fb2f42262090fd,0xe5544a2a5fa9b175da60d8eec67add5582bb31b0,,0,0,0,0.0001442,0.449272541,2959.03,,,Mint
0xf70fbb2d92819e29b77f0f75f3b33cd740a5546a485dbbba086a39db8306d290,22895458,1752231131,11/07/25 10:52,0x0a7da29599a326568c88ef1ff2fb2f42262090fd,0xe5544a2a5fa9b175da60d8eec67add5582bb31b0,,0,0,0,0.000142542,0.444105501,2959.03,,,Mint
0xa93bc86503ad617f3483c35df8ddb6fb55f325fa608883ee7041c54dd3703967,22895464,1752231203,11/07/25 10:53,0x0a7da29599a326568c88ef1ff2fb2f42262090fd,0xe5544a2a5fa9b175da60d8eec67add5582bb31b0,,0,0,0,0.00014873,0.46338491,2959.03,,,Mint
0x13d8f24562383266c4bd6ce394d5d9a4623852ced629e5bfbb005c107264360c,22895475,1752231335,11/07/25 10:55,0x0a7da29599a326568c88ef1ff2fb2f42262090fd,0xe5544a2a5fa9b175da60d8eec67add5582bb31b0,,0,0,0,0.000141965,0.442307487,2959.03,,,Mint
0x052bf3c7f386ea9760a3f1f7684b8271f68b9272a5f475fbc7d36be414a10cec,22895519,1752231863,11/07/25 11:04,0x0a7da29599a326568c88ef1ff2fb2f42262090fd,0xe5544a2a5fa9b175da60d8eec67add5582bb31b0,,0,0,0,0.000147404,0.459254504,2959.03,,,Mint
0x3af6baf04d66f70f2160a461e0f8ce1306314dee11e401a6352989b51c6c8da1,22895531,1752232007,11/07/25 11:06,0x0a7da29599a326568c88ef1ff2fb2f42262090fd,0xe5544a2a5fa9b175da60d8eec67add5582bb31b0,,0,0,0,0.000129645,0.40392245,2959.03,,,Mint
0x8dfdd2cd3ef79529f0c2401a6079d6df6aac9596e9e73353a7668730008998af,22895538,1752232091,11/07/25 11:08,0x0a7da29599a326568c88ef1ff2fb2f42262090fd,0xe5544a2a5fa9b175da60d8eec67add5582bb31b0,,0,0,0,0.000131132,0.40855721,2959.03,,,Mint
0x5507de080242f3d1eadaa4774fed654cdcb4419fe03022ac2f4d2d8ead55bb27,22895594,1752232763,11/07/25 11:19,0x0a7da29599a326568c88ef1ff2fb2f42262090fd,0xe5544a2a5fa9b175da60d8eec67add5582bb31b0,,0,0,0,0.000147589,0.459830482,2959.03,,,Mint
0x2451aa8537f12f4a5c79f73b1840c0d69b36e9473340f7f08202db82509a2c65,22895600,1752232835,11/07/25 11:20,0x0a7da29599a326568c88ef1ff2fb2f42262090fd,0xe5544a2a5fa9b175da60d8eec67add5582bb31b0,,0,0,0,0.00014996,0.467218215,2959.03,,,Mint
0x8a7307c0b5cc6f27194c5bca1e6bcd581e5dc743666ae57c4a5e0aef27707129,22895618,1752233051,11/07/25 11:24,0x0a7da29599a326568c88ef1ff2fb2f42262090fd,0xe5544a2a5fa9b175da60d8eec67add5582bb31b0,,0,0,0,0.000149904,0.467043607,2959.03,,,Mint
0x365c563f4c6f291c21f6c4870add42fe6faedb3c35b2da52581cbee5a324b5ef,22895662,1752233579,11/07/25 11:32,0x0a7da29599a326568c88ef1ff2fb2f42262090fd,0xe5544a2a5fa9b175da60d8eec67add5582bb31b0,,0,0,0,0.000131782,0.410580751,2959.03,,,Mint
0xe814ef0048f92b1db9f55dc9a36be7037817bee8138f9d4f0fc51eac0ee3d2e4,22895713,1752234191,11/07/25 11:43,0x0a7da29599a326568c88ef1ff2fb2f42262090fd,0xe5544a2a5fa9b175da60d8eec67add5582bb31b0,,0,0,0,0.000125069,0.389665513,2959.03,,,Mint
0x8ae6493907482177712a909980ba8a938e34eb980b7e67d41fabdc9c03e4bf35,22895738,1752234491,11/07/25 11:48,0x0a7da29599a326568c88ef1ff2fb2f42262090fd,0xe5544a2a5fa9b175da60d8eec67add5582bb31b0,,0,0,0,0.000136134,0.424141724,2959.03,,,Mint
0xd9d269ab7c9ce792beb9b436e4409b9b0564316c7a5fa65fc65e6d906121a281,22895749,1752234623,11/07/25 11:50,0x0a7da29599a326568c88ef1ff2fb2f42262090fd,0xe5544a2a5fa9b175da60d8eec67add5582bb31b0,,0,0,0,0.000129665,0.403986963,2959.03,,,Mint
0x4cda24465fdb8a00117524ab23b568eed6fd3fd83697840a6dcbd7a63753a3aa,22895772,1752234899,11/07/25 11:54,0x0a7da29599a326568c88ef1ff2fb2f42262090fd,0xe5544a2a5fa9b175da60d8eec67add5582bb31b0,,0,0,0,0.000127514,0.397284097,2959.03,,,Mint
0x425db3053cd1aa10032912e75eff88b3c975c3582900e4a6513cbef5d323985c,22895812,1752235391,11/07/25 12:03,0x0a7da29599a326568c88ef1ff2fb2f42262090fd,0xe5544a2a5fa9b175da60d8eec67add5582bb31b0,,0,0,0,0.000175171,0.545765312,2959.03,,,Mint
0x46c7f1b60e033826e5ea7ddfb85a17bc8a085a1eadad9ff7d9cdb0c1750d16c1,22895825,1752235547,11/07/25 12:05,0x0a7da29599a326568c88ef1ff2fb2f42262090fd,0xe5544a2a5fa9b175da60d8eec67add5582bb31b0,,0,0,0,0.000168261,0.524234726,2959.03,,,Mint
0x0befb168368c3a142c9177ffd62613ea27d487186dbc1bb15179cd1c407840e8,22895836,1752235679,11/07/25 12:07,0x0a7da29599a326568c88ef1ff2fb2f42262090fd,0xe5544a2a5fa9b175da60d8eec67add5582bb31b0,,0,0,0,0.000175771,0.547633179,2959.03,,,Mint
0xad1f891dd9dc7affd0b50add5932e056a1ef53a948b47b98be2af2a14231b5d7,22895855,1752235907,11/07/25 12:11,0x0a7da29599a326568c88ef1ff2fb2f42262090fd,0xe5544a2a5fa9b175da60d8eec67add5582bb31b0,,0,0,0,0.000197247,0.614546238,2959.03,,,Mint
0x834bfc5356cecbb5293e1fc1238f7fe02ee6d5d181d5d683ea51dda6e9350bce,22895879,1752236195,11/07/25 12:16,0x0a7da29599a326568c88ef1ff2fb2f42262090fd,0xe5544a2a5fa9b175da60d8eec67add5582bb31b0,,0,0,0,0.000179024,0.557768147,2959.03,,,Mint
0x962cc1562e2652fa044ce30ca80a7093229bf31723202eee191f8190c9428152,22895883,1752236255,11/07/25 12:17,0x0a7da29599a326568c88ef1ff2fb2f42262090fd,0xe5544a2a5fa9b175da60d8eec67add5582bb31b0,,0,0,0,0.000169269,0.52737768,2959.03,,,Mint
0xe46ac5333f4f672c0c314e22e6fdb6a2468f39d616e42cfa543ff9e69e4383ae,22895893,1752236375,11/07/25 12:19,0x0a7da29599a326568c88ef1ff2fb2f42262090fd,0xe5544a2a5fa9b175da60d8eec67add5582bb31b0,,0,0,0,0.000160739,0.500799562,2959.03,,,Mint
0xa594c6496c900f8b4b85ce0d6238d8900f209989181eac7eb5f3d4e1b748a7f8,22895909,1752236567,11/07/25 12:22,0x0a7da29599a326568c88ef1ff2fb2f42262090fd,0xe5544a2a5fa9b175da60d8eec67add5582bb31b0,,0,0,0,0.00014696,0.457870189,2959.03,,,Mint
0x9264b3ad8c1ce5a9f5e0ae067c06ca371f9274215e472e5b3ce1fdf03c02e638,22895917,1752236663,11/07/25 12:24,0x0a7da29599a326568c88ef1ff2fb2f42262090fd,0xe5544a2a5fa9b175da60d8eec67add5582bb31b0,,0,0,0,0.000134484,0.418999448,2959.03,,,Mint
0xf1a4570ee4448d723ffef82d28fe70221d4334cdc25cfa8dfc69ed8c5eda8619,22896001,1752237683,11/07/25 12:41,0x0a7da29599a326568c88ef1ff2fb2f42262090fd,0xe5544a2a5fa9b175da60d8eec67add5582bb31b0,,0,0,0,0.000150075,0.467577104,2959.03,,,Mint
0xf02ac5d9aeee053a06afc7adc69361f10f4a3d231dbab5466486c9dcd06bb6eb,22896055,1752238343,11/07/25 12:52,0x0a7da29599a326568c88ef1ff2fb2f42262090fd,0xe5544a2a5fa9b175da60d8eec67add5582bb31b0,,0,0,0,0.000133401,0.415626093,2959.03,,,Mint
0x7c70ff70139bbc07a0c0cd22e5f8e88d00d67e45127555313674232ec9155d6c,22896168,1752239723,11/07/25 13:15,0x0a7da29599a326568c88ef1ff2fb2f42262090fd,0xe5544a2a5fa9b175da60d8eec67add5582bb31b0,,0,0,0,0.000179242,0.558448306,2959.03,,,Mint
0xe94bdb43a81a6c98810a49ef5bd96d7bddbe61a9e383464835b6ef7b32c91102,22896180,1752239867,11/07/25 13:17,0x0a7da29599a326568c88ef1ff2fb2f42262090fd,0xe5544a2a5fa9b175da60d8eec67add5582bb31b0,,0,0,0,0.000155518,0.484533302,2959.03,,,Mint
0x3772dba7ba414212cdd3048b21e19f190bc46e818ddb31e47d8fe84df7dab2f7,22896229,1752240455,11/07/25 13:27,0x0a7da29599a326568c88ef1ff2fb2f42262090fd,0xe5544a2a5fa9b175da60d8eec67add5582bb31b0,,0,0,0,0.000204227,0.636292496,2959.03,,,Mint
0xc871c1013a80d4e78075ccc0073601701242c4ec897ab2acb2221bfba26ed7fe,22896240,1752240587,11/07/25 13:29,0x0a7da29599a326568c88ef1ff2fb2f42262090fd,0xe5544a2a5fa9b175da60d8eec67add5582bb31b0,,0,0,0,0.000186129,0.579905636,2959.03,,,Mint
0xbf04fd7486819335df866fe8252b7e4a8cca115f3259acc0eda8bb3125c50967,22896269,1752240935,11/07/25 13:35,0x0a7da29599a326568c88ef1ff2fb2f42262090fd,0xe5544a2a5fa9b175da60d8eec67add5582bb31b0,,0,0,0,0.000204957,0.638566912,2959.03,,,Mint
0x502500c2bbdf1790ca6f5569918c04cb2a36bcd5d3cd9015e52a44263860471b,22896277,1752241031,11/07/25 13:37,0x0a7da29599a326568c88ef1ff2fb2f42262090fd,0xe5544a2a5fa9b175da60d8eec67add5582bb31b0,,0,0,0,0.000227504,0.70881578,2959.03,,,Mint
0x71e3dd1199cb3887249220ab21a2d8066ce59ccaeef82ef426a06dbd8a8874f9,22896320,1752241547,11/07/25 13:45,0x0a7da29599a326568c88ef1ff2fb2f42262090fd,0xe5544a2a5fa9b175da60d8eec67add5582bb31b0,,0,0,0,0.000212193,0.661110097,2959.03,,,Mint
0xc5ba88cefeef53d0dcd276c78bbe7818a884447c85a321ed3160893034e7f4f2,22896331,1752241679,11/07/25 13:47,0x0a7da29599a326568c88ef1ff2fb2f42262090fd,0xe5544a2a5fa9b175da60d8eec67add5582bb31b0,,0,0,0,0.000260752,0.812401986,2959.03,,,Mint
0x77b47209bcfdb621cc328f272aa49371edb855728564080f009a4abd3764b37a,22896379,1752242255,11/07/25 13:57,0x0a7da29599a326568c88ef1ff2fb2f42262090fd,0xe5544a2a5fa9b175da60d8eec67add5582bb31b0,,0,0,0,0.000235262,0.732985733,2959.03,,,Mint
0x63ce93a38408490208211200a8bdf4a72f717158d1538f69d3348ba674b4dbbe,22896394,1752242435,11/07/25 14:00,0x0a7da29599a326568c88ef1ff2fb2f42262090fd,0xe5544a2a5fa9b175da60d8eec67add5582bb31b0,,0,0,0,0.00023788,0.74114316,2959.03,,,Mint
0x4f9aeb3a876bb74b2ef43953211474d5adf1952d7facffbba03e5ab19f224f51,22896451,1752243131,11/07/25 14:12,0x0a7da29599a326568c88ef1ff2fb2f42262090fd,0xe5544a2a5fa9b175da60d8eec67add5582bb31b0,,0,0,0,0.00024088,0.750488606,2959.03,,,Mint
0x28ecb249f9d7b76ab068bc644553a2aea07d9bf9ad7480dd13df6af278a7440c,22896456,1752243191,11/07/25 14:13,0x0a7da29599a326568c88ef1ff2fb2f42262090fd,0xe5544a2a5fa9b175da60d8eec67add5582bb31b0,,0,0,0,0.000235343,0.7332388,2959.03,,,Mint
0xcdeaf86a154faf9eb30054886bcda2e38862549986e901032bb25e5a7a4954bf,22896526,1752244043,11/07/25 14:27,0x0a7da29599a326568c88ef1ff2fb2f42262090fd,0xe5544a2a5fa9b175da60d8eec67add5582bb31b0,,0,0,0,0.000266316,0.829737285,2959.03,,,Mint
0x62c38d9e59255db4fd5f323ca79f64c91f3c03e29561c8287ebe6b1345716122,22896541,1752244223,11/07/25 14:30,0x0a7da29599a326568c88ef1ff2fb2f42262090fd,0xe5544a2a5fa9b175da60d8eec67add5582bb31b0,,0,0,0,0.000280774,0.874784103,2959.03,,,Mint
0x3a67595d9552653f5c694aef1c025c5a5c41c84191d90c81e47a2ac62942232e,22896550,1752244331,11/07/25 14:32,0x0a7da29599a326568c88ef1ff2fb2f42262090fd,0xe5544a2a5fa9b175da60d8eec67add5582bb31b0,,0,0,0,0.000242358,0.755094368,2959.03,,,Mint
0xa7039abf8cbb44f0e795841c5c04c8199a330eb932353821f117dbb66a6497f3,22896561,1752244463,11/07/25 14:34,0x0a7da29599a326568c88ef1ff2fb2f42262090fd,0xe5544a2a5fa9b175da60d8eec67add5582bb31b0,,0,0,0,0.000228978,0.713406013,2959.03,,,Mint
0xe4d6406638daf3792169232d624b8e223581a1b37d34906c4edd5fd1b8305c67,22896580,1752244703,11/07/25 14:38,0x0a7da29599a326568c88ef1ff2fb2f42262090fd,0xe5544a2a5fa9b175da60d8eec67add5582bb31b0,,0,0,0,0.000301072,0.938023437,2959.03,,,Mint
0x47e67dea542e7f396186993f7845a248608ec9e5882c605b0b6d5edde518f71f,22896588,1752244799,11/07/25 14:39,0x0a7da29599a326568c88ef1ff2fb2f42262090fd,0xe5544a2a5fa9b175da60d8eec67add5582bb31b0,,0,0,0,0.000296604,0.924103722,2959.03,,,Mint
0xf1cbcd630fccc63d537b831d1180914cd7732060d8822340aa2d2457e8298813,22896604,1752244991,11/07/25 14:43,0x0a7da29599a326568c88ef1ff2fb2f42262090fd,0xe5544a2a5fa9b175da60d8eec67add5582bb31b0,,0,0,0,0.000306508,0.9549609,2959.03,,,Mint
0xc67b42e37e8d2645867aabd0ce10321ae0dc97553cc2469be5e91bfb2abf2736,22896621,1752245195,11/07/25 14:46,0x0a7da29599a326568c88ef1ff2fb2f42262090fd,0xe5544a2a5fa9b175da60d8eec67add5582bb31b0,,0,0,0,0.000315235,0.982149579,2959.03,,,Mint
0x2c89ef217b790ec7fd3ed6912b5f6816d583576cb9208ecb1235d7cb0abcea41,22896676,1752245867,11/07/25 14:57,0x0a7da29599a326568c88ef1ff2fb2f42262090fd,0xe5544a2a5fa9b175da60d8eec67add5582bb31b0,,0,0,0,0.000295485,0.920616341,2959.03,,,Mint
0xede4476fdd1703721d5912df34066cb55114740f250933bb04d45d5009597e4c,22896728,1752246491,11/07/25 15:08,0x0a7da29599a326568c88ef1ff2fb2f42262090fd,0xe5544a2a5fa9b175da60d8eec67add5582bb31b0,,0,0,0,0.000322581,1.005038614,2959.03,,,Mint
0xa9d3368cf5563b0708dbdefdf0657d2befb8db3c917f2be53ac05853ddf885de,22896751,1752246779,11/07/25 15:12,0x0a7da29599a326568c88ef1ff2fb2f42262090fd,0xe5544a2a5fa9b175da60d8eec67add5582bb31b0,,0,0,0,0.000345683,1.077013171,2959.03,,,Mint
0x6afa5188249fffc7ddda1b1242d5bcf0a35452357b4736c613d4f1e18044545e,22896785,1752247187,11/07/25 15:19,0x0a7da29599a326568c88ef1ff2fb2f42262090fd,0xe5544a2a5fa9b175da60d8eec67add5582bb31b0,,0,0,0,0.000278529,0.867787374,2959.03,,,Mint
0x3f167b6f4c480a34098edd4973b1ad9bff218bfc9241c44b5c530b810839e175,22896823,1752247643,11/07/25 15:27,0x0a7da29599a326568c88ef1ff2fb2f42262090fd,0xe5544a2a5fa9b175da60d8eec67add5582bb31b0,,0,0,0,0.000270964,0.844219723,2959.03,,,Mint
0xf6364a4e38bb5a85f85e1df7e3645338b0415c04a49003ff40808260ce0cd761,22896936,1752249023,11/07/25 15:50,0x0a7da29599a326568c88ef1ff2fb2f42262090fd,0xe5544a2a5fa9b175da60d8eec67add5582bb31b0,,0,0,0,0.000285034,0.88805659,2959.03,,,Mint
0xa75b8e06d52b48024d6b2c85063cb6b8e1428eedd1210885e0df9957a9db8b24,22896982,1752249575,11/07/25 15:59,0x0a7da29599a326568c88ef1ff2fb2f42262090fd,0xe5544a2a5fa9b175da60d8eec67add5582bb31b0,,0,0,0,0.000490149,1.527116241,2959.03,,,Mint
0x5a11ce7978fb0002a5ad62c4f7dda957b44da4e39659f9a33a48d9b7135e9c5b,22896996,1752249743,11/07/25 16:02,0x0a7da29599a326568c88ef1ff2fb2f42262090fd,0xe5544a2a5fa9b175da60d8eec67add5582bb31b0,,0,0,0,0.00055336,1.724057037,2959.03,,,Mint
0x3cb44df18b435bdf01829ab35f13ca24df5b42aae033a7f7bcf3e2520d9632ba,22897026,1752250103,11/07/25 16:08,0x0a7da29599a326568c88ef1ff2fb2f42262090fd,0xe5544a2a5fa9b175da60d8eec67add5582bb31b0,,0,0,0,0.000505139,1.573818801,2959.03,,,Mint
0xc5fab467bb3133fc11cc89d9f5407ecd68d6ad8fde39eef4fa3c2bfd7bf5e8c1,22897035,1752250211,11/07/25 16:10,0x0a7da29599a326568c88ef1ff2fb2f42262090fd,0xe5544a2a5fa9b175da60d8eec67add5582bb31b0,,0,0,0,0.000431113,1.343181662,2959.03,,,Mint
0xa0d358b5599aa4c203ece1592a6aeee8823eb2ed851b815b934400f3365f5c7d,22897069,1752250619,11/07/25 16:16,0x0a7da29599a326568c88ef1ff2fb2f42262090fd,0xe5544a2a5fa9b175da60d8eec67add5582bb31b0,,0,0,0,0.000360279,1.122488772,2959.03,,,Mint
0xc0eb7b648c4d2dd77994dbc187fb50fdd28c53ec00b4996fe64533263f7adb6b,22897113,1752251159,11/07/25 16:25,0x0a7da29599a326568c88ef1ff2fb2f42262090fd,0xe5544a2a5fa9b175da60d8eec67add5582bb31b0,,0,0,0,0.00033532,1.044728258,2959.03,,,Mint
0x1d9aca1791db4ad9be0c09d20792d641cd5c4504c067b2b08917c35f2a0a9e18,22897127,1752251327,11/07/25 16:28,0x0a7da29599a326568c88ef1ff2fb2f42262090fd,0xe5544a2a5fa9b175da60d8eec67add5582bb31b0,,0,0,0,0.0003027,0.943095317,2959.03,,,Mint
0x75d7805be93c462c4f04423113d9c15bd21ece0976c0f34fb0c0f5a287d6f604,22897202,1752252227,11/07/25 16:43,0x0a7da29599a326568c88ef1ff2fb2f42262090fd,0xe5544a2a5fa9b175da60d8eec67add5582bb31b0,,0,0,0,0.000212035,0.660620118,2959.03,,,Mint
0xe10d985eff69ab4108817ea59a8aa736a1873b729d7d20c9bab2fb6879d40bc4,22897243,1752252731,11/07/25 16:52,0x0a7da29599a326568c88ef1ff2fb2f42262090fd,0xe5544a2a5fa9b175da60d8eec67add5582bb31b0,,0,0,0,0.000189278,0.589716097,2959.03,,,Mint
0x556889cad521b3626bb0ee77148878b55f65754e0b0b631123f52c574bc129ba,22897297,1752253379,11/07/25 17:02,0x0a7da29599a326568c88ef1ff2fb2f42262090fd,0xe5544a2a5fa9b175da60d8eec67add5582bb31b0,,0,0,0,0.000173679,0.541115544,2959.03,,,Mint
0x108bd59f1f21af1b2fbe317021f4196979a1f352ce2a418a01e67e943bd6a2f6,22897333,1752253811,11/07/25 17:10,0x0a7da29599a326568c88ef1ff2fb2f42262090fd,0xe5544a2a5fa9b175da60d8eec67add5582bb31b0,,0,0,0,0.000183742,0.572468149,2959.03,,,Mint
0x8a0176d0b8e66d9ad1c49db50e8e176ac567c766314e85f8b8344f128fb2bb62,22897344,1752253943,11/07/25 17:12,0x0a7da29599a326568c88ef1ff2fb2f42262090fd,0xe5544a2a5fa9b175da60d8eec67add5582bb31b0,,0,0,0,0.000193741,0.603622136,2959.03,,,Mint
0xa9c744cfa5eb537e375ed6669af43350f91bffc692b7b7efe1ef4d0ad9f5e18b,22897394,1752254567,11/07/25 17:22,0x0a7da29599a326568c88ef1ff2fb2f42262090fd,0xe5544a2a5fa9b175da60d8eec67add5582bb31b0,,0,0,0,0.000190163,0.592473299,2959.03,,,Mint
0xde717104570566081f0385a11f7f5819de9aaefb06cccc4316130a0a8d05c9d4,22897417,1752254843,11/07/25 17:27,0x0a7da29599a326568c88ef1ff2fb2f42262090fd,0xe5544a2a5fa9b175da60d8eec67add5582bb31b0,,0,0,0,0.000152513,0.475170356,2959.03,,,Mint
0x089fd574013695faf106ce34088a2ae22607d215a3534bb4d3e2507915e9bd03,22897439,1752255119,11/07/25 17:31,0x0a7da29599a326568c88ef1ff2fb2f42262090fd,0xe5544a2a5fa9b175da60d8eec67add5582bb31b0,,0,0,0,0.000141074,0.439531883,2959.03,,,Mint
0x1a6dee05cfc7761d8200c14a0e5928968d6e9588a39a268d1c33f44c189f5b35,22897474,1752255551,11/07/25 17:39,0x0a7da29599a326568c88ef1ff2fb2f42262090fd,0xe5544a2a5fa9b175da60d8eec67add5582bb31b0,,0,0,0,0.000164672,0.513055082,2959.03,,,Mint
0xbf4f60b7d25a4e597674e6cfd89e2414f0dbd2da0f527c271f266d57a8fc2966,22897498,1752255839,11/07/25 17:43,0x0a7da29599a326568c88ef1ff2fb2f42262090fd,0xe5544a2a5fa9b175da60d8eec67add5582bb31b0,,0,0,0,0.000150359,0.468460658,2959.03,,,Mint
0x661b073478191ae74f1a8f794e893b9ae3ea695585115a10f6885a85cb63bb44,22897564,1752256631,11/07/25 17:57,0x0a7da29599a326568c88ef1ff2fb2f42262090fd,0xe5544a2a5fa9b175da60d8eec67add5582bb31b0,,0,0,0,0.000123198,0.383837214,2959.03,,,Mint
0xaab07f5041adbd2bfc7f55e38cd4e7791c87489823e3aa43d7b9b01e3db94a0c,22897644,1752257603,11/07/25 18:13,0x0a7da29599a326568c88ef1ff2fb2f42262090fd,0xe5544a2a5fa9b175da60d8eec67add5582bb31b0,,0,0,0,0.00014743,0.459335757,2959.03,,,Mint
0x24be032c4fed0f888862ef35425499d34800d6d8781942e86fbbdd0ab5bb2145,22897655,1752257735,11/07/25 18:15,0x0a7da29599a326568c88ef1ff2fb2f42262090fd,0xe5544a2a5fa9b175da60d8eec67add5582bb31b0,,0,0,0,0.000128963,0.401797705,2959.03,,,Mint
0x8bb47c92daddce5a7f2b1a058ad256b465190066c333b12752a8464fbe11153a,22897682,1752258059,11/07/25 18:20,0x0a7da29599a326568c88ef1ff2fb2f42262090fd,0xe5544a2a5fa9b175da60d8eec67add5582bb31b0,,0,0,0,0.000129915,0.404763605,2959.03,,,Mint
0x4c390ea4f515eff94b640f8f4ec2794dcb0f6c34ddddc12c5dee85133efbf2d1,22897715,1752258455,11/07/25 18:27,0x0a7da29599a326568c88ef1ff2fb2f42262090fd,0xe5544a2a5fa9b175da60d8eec67add5582bb31b0,,0,0,0,0.000129306,0.40286616,2959.03,,,Mint
0x5a01cadf958c7221b7b4eed577a73d90077e10d8b3945c46e9d259e0a7138ad0,22897731,1752258647,11/07/25 18:30,0x0a7da29599a326568c88ef1ff2fb2f42262090fd,0xe5544a2a5fa9b175da60d8eec67add5582bb31b0,,0,0,0,0.000111355,0.346939598,2959.03,,,Mint
0x9dab00b9e1dfe5769aada8667326d4ac76c7e1726297aced9eac22660ae30c7c,22897817,1752259703,11/07/25 18:48,0x0a7da29599a326568c88ef1ff2fb2f42262090fd,0xe5544a2a5fa9b175da60d8eec67add5582bb31b0,,0,0,0,0.000118878,0.370378141,2959.03,,,Mint
0x07ac4dfd1901442f19715b1fe43f01a39466553ebd9bd7a8c5244e6657d22bac,22898007,1752261983,11/07/25 19:26,0x0a7da29599a326568c88ef1ff2fb2f42262090fd,0xe5544a2a5fa9b175da60d8eec67add5582bb31b0,,0,0,0,0.000115169,0.358821765,2959.03,,,Mint
0x82681609e1334e9761f6879f2a03dbdd870514db17dbbc8fd6f030b6edaf012c,22898109,1752263207,11/07/25 19:46,0x0a7da29599a326568c88ef1ff2fb2f42262090fd,0xe5544a2a5fa9b175da60d8eec67add5582bb31b0,,0,0,0,9.96187E-05,0.310373265,2959.03,,,Mint
0x8b8ea258eb8c4b03029da09042bb220bc85aadf5f13e8c9848d5f793d428a33b,22898159,1752263807,11/07/25 19:56,0x0a7da29599a326568c88ef1ff2fb2f42262090fd,0xe5544a2a5fa9b175da60d8eec67add5582bb31b0,,0,0,0,9.77795E-05,0.304643263,2959.03,,,Mint
0x4d0cba692d9b29252b3a32a5d1d06119c114d7904920ecccf0d2541400c5d791,22898199,1752264287,11/07/25 20:04,0x0a7da29599a326568c88ef1ff2fb2f42262090fd,0xe5544a2a5fa9b175da60d8eec67add5582bb31b0,,0,0,0,9.53009E-05,0.296920867,2959.03,,,Mint
0xd0de11bc72c5e5d6637a9e605ffa91ba4bcdebbc95094a3ba22c6bac54be17a7,22898271,1752265151,11/07/25 20:19,0x0a7da29599a326568c88ef1ff2fb2f42262090fd,0xe5544a2a5fa9b175da60d8eec67add5582bb31b0,,0,0,0,0.000101568,0.316446065,2959.03,,,Mint
0xa9a88667f53202855cf0eb0c152fc1a58d067ab774f9354a8be3d4561c598c35,22898391,1752266603,11/07/25 20:43,0x0a7da29599a326568c88ef1ff2fb2f42262090fd,0xe5544a2a5fa9b175da60d8eec67add5582bb31b0,,0,0,0,0.000121461,0.378425025,2959.03,,,Mint
0x700b55dd1a5bcca3d9daa33d850517f6ee7449b3292ff4f4941d9ae75f175ba4,22898402,1752266735,11/07/25 20:45,0x0a7da29599a326568c88ef1ff2fb2f42262090fd,0xe5544a2a5fa9b175da60d8eec67add5582bb31b0,,0,0,0,0.000128882,0.401547441,2959.03,,,Mint
0x1a8fc1b8817363363db30d0b772ff87f4964e077d3710394879676b581d94002,22898658,1752269819,11/07/25 21:36,0x0a7da29599a326568c88ef1ff2fb2f42262090fd,0xe5544a2a5fa9b175da60d8eec67add5582bb31b0,,0,0,0,8.82806E-05,0.275048183,2959.03,,,Mint
0xe75b4326a873a7eff94ba70c6fb97c7bd954484846f0c2e2f699e1a8d70014d0,22898671,1752269975,11/07/25 21:39,0x0a7da29599a326568c88ef1ff2fb2f42262090fd,0xe5544a2a5fa9b175da60d8eec67add5582bb31b0,,0,0,0,0.000111809,0.348354232,2959.03,,,Mint
0x573c9df91f76fabfbcd7f868142ac6792dc2e69fcf74044a64c5545ece223dd5,22898825,1752271823,11/07/25 22:10,0x0a7da29599a326568c88ef1ff2fb2f42262090fd,0xe5544a2a5fa9b175da60d8eec67add5582bb31b0,,0,0,0,6.72768E-05,0.20960853,2959.03,,,Mint
0xaa096850f73b2db3d65d0da1eaf60a2db9ef13a8299e7561d2e1220a698b449d,22898871,1752272375,11/07/25 22:19,0x0a7da29599a326568c88ef1ff2fb2f42262090fd,0xe5544a2a5fa9b175da60d8eec67add5582bb31b0,,0,0,0,8.62825E-05,0.268822892,2959.03,,,Mint
0x1664846d63daf54ea22ec0e5fd738fb0dc23e12b46fc317ede82f5445cbf87ac,22898910,1752272843,11/07/25 22:27,0x0a7da29599a326568c88ef1ff2fb2f42262090fd,0xe5544a2a5fa9b175da60d8eec67add5582bb31b0,,0,0,0,0.000131983,0.41120718,2959.03,,,Mint
0x658877ac3e2336bfae1ee00886754909bd8a3d9e3c4d400c675759a6e0b4ac2d,22898980,1752273683,11/07/25 22:41,0x0a7da29599a326568c88ef1ff2fb2f42262090fd,0xe5544a2a5fa9b175da60d8eec67add5582bb31b0,,0,0,0,0.000130814,0.407565588,2959.03,,,Mint
0xc023d8fc1fad8b55646f966e8afc1e1da59192f37ba4eb6861bf36b73277d377,22899085,1752274967,11/07/25 23:02,0x0a7da29599a326568c88ef1ff2fb2f42262090fd,0xe5544a2a5fa9b175da60d8eec67add5582bb31b0,,0,0,0,7.22253E-05,0.225026038,2959.03,,,Mint
0x802db1e2fe023326fdc6d210afb9c58a758d5be04a3ecbc18fd9aa7c03f3bc95,22899101,1752275159,11/07/25 23:05,0x0a7da29599a326568c88ef1ff2fb2f42262090fd,0xe5544a2a5fa9b175da60d8eec67add5582bb31b0,,0,0,0,6.48534E-05,0.202057996,2959.03,,,Mint
0x632f607dbd66d138b4cc60ef8c2b6dc746e14128c12a1e72ba1ed58771c48a82,22899125,1752275447,11/07/25 23:10,0x0a7da29599a326568c88ef1ff2fb2f42262090fd,0xe5544a2a5fa9b175da60d8eec67add5582bb31b0,,0,0,0,6.83599E-05,0.212983099,2959.03,,,Mint
0x74c814bdad8dd02f17a44cc531e932dede88f4da7cc7ebed74a78931df8a8340,22899157,1752275831,11/07/25 23:17,0x0a7da29599a326568c88ef1ff2fb2f42262090fd,0xe5544a2a5fa9b175da60d8eec67add5582bb31b0,,0,0,0,6.94629E-05,0.216419672,2959.03,,,Mint
0xe888c811a858ba1a65cbe58ef99afc08558f410b24f68c2ce5ddb6011abc79d5,22899227,1752276671,11/07/25 23:31,0x0a7da29599a326568c88ef1ff2fb2f42262090fd,0xe5544a2a5fa9b175da60d8eec67add5582bb31b0,,0,0,0,6.07952E-05,0.18941428,2959.03,,,Mint
0x5a3eb46b1eee1b7bdf74c54f5ce093df5b19683db96f1fc3665b8391e68a110a,22899377,1752278483,12/07/25 00:01,0x0a7da29599a326568c88ef1ff2fb2f42262090fd,0xe5544a2a5fa9b175da60d8eec67add5582bb31b0,,0,0,0,5.01581E-05,0.156273233,2944.27,,,Mint
0xe68f8924bf0f9144f3218347d6f8577a07da125984adebbdf6940516c60db36c,22899423,1752279047,12/07/25 00:10,0x0a7da29599a326568c88ef1ff2fb2f42262090fd,0xe5544a2a5fa9b175da60d8eec67add5582bb31b0,,0,0,0,4.35407E-05,0.135655941,2944.27,,,Mint
0xc71e957e18508f3082196c3acfc990e9fa36caa48ba1dc38414bb6984c9bba3e,22899502,1752280007,12/07/25 00:26,0x0a7da29599a326568c88ef1ff2fb2f42262090fd,0xe5544a2a5fa9b175da60d8eec67add5582bb31b0,,0,0,0,4.79371E-05,0.149353482,2944.27,,,Mint
0x270e7c1723cdc66dd3c8fc10a1e8d3c336ed9e0a70e58fe3337afdd60542f5d3,22899510,1752280103,12/07/25 00:28,0x0a7da29599a326568c88ef1ff2fb2f42262090fd,0xe5544a2a5fa9b175da60d8eec67add5582bb31b0,,0,0,0,4.37901E-05,0.136432981,2944.27,,,Mint
0xb5cc003d15b10d584cfe4e4270e02e0798a0cc86c479da862cddb428fa7fb33c,22899539,1752280451,12/07/25 00:34,0x0a7da29599a326568c88ef1ff2fb2f42262090fd,0xe5544a2a5fa9b175da60d8eec67add5582bb31b0,,0,0,0,4.30485E-05,0.134122426,2944.27,,,Mint
0x3c095cce0b9f80551fe43dede2fcd28ef0d38acc639978e74c0ac676e576cb6f,22899642,1752281687,12/07/25 00:54,0x0a7da29599a326568c88ef1ff2fb2f42262090fd,0xe5544a2a5fa9b175da60d8eec67add5582bb31b0,,0,0,0,4.36428E-05,0.135973977,2944.27,,,Mint
0x5061ae62a09c561087e27a2ef0fba84eec632dd907332d05a3dde1f1af90874b,22899700,1752282395,12/07/25 01:06,0x0a7da29599a326568c88ef1ff2fb2f42262090fd,0xe5544a2a5fa9b175da60d8eec67add5582bb31b0,,0,0,0,5.10766E-05,0.15913493,2944.27,,,Mint
0x79aeda0707812d367ab11db31a62a5b8be81492e5acc8c2c00c48fa7e376afad,22899729,1752282743,12/07/25 01:12,0x0a7da29599a326568c88ef1ff2fb2f42262090fd,0xe5544a2a5fa9b175da60d8eec67add5582bb31b0,,0,0,0,5.45256E-05,0.169880731,2944.27,,,Mint
0x9e3bacbacb444f1e824052d0dd50b6afc1bbfbafba6822bdae45b77f43ac4258,22900084,1752287039,12/07/25 02:23,0x0a7da29599a326568c88ef1ff2fb2f42262090fd,0xe5544a2a5fa9b175da60d8eec67add5582bb31b0,,0,0,0,3.90549E-05,0.121679847,2944.27,,,Mint
0x2eb5cd46fd218b3665bbce75d115bc3e224c6349e24f04ae8607ad6b6960946c,22900100,1752287231,12/07/25 02:27,0x0a7da29599a326568c88ef1ff2fb2f42262090fd,0xe5544a2a5fa9b175da60d8eec67add5582bb31b0,,0,0,0,4.16526E-05,0.129773471,2944.27,,,Mint
0xfe35cde67a96324694e2c992c6c9c25c8a9febb8416407044f41e3c8f97eeafd,22900231,1752288851,12/07/25 02:54,0x0a7da29599a326568c88ef1ff2fb2f42262090fd,0xe5544a2a5fa9b175da60d8eec67add5582bb31b0,,0,0,0,3.29741E-05,0.102734666,2944.27,,,Mint
0x201f16d5cc02075cbc1dc167c493c75e59904e895f15d44f3b86372afdd5de3b,22900249,1752289067,12/07/25 02:57,0x0a7da29599a326568c88ef1ff2fb2f42262090fd,0xe5544a2a5fa9b175da60d8eec67add5582bb31b0,,0,0,0,3.03647E-05,0.09460452,2944.27,,,Mint
0x0b23907184da961fa8a56bd729d1bb169df21bea9e402f3f17080ad8362fe163,22900277,1752289403,12/07/25 03:03,0x0a7da29599a326568c88ef1ff2fb2f42262090fd,0xe5544a2a5fa9b175da60d8eec67add5582bb31b0,,0,0,0,3.30731E-05,0.103043048,2944.27,,,Mint
0x0204b8e5eb1d6fcab7e3d738463a620847074b04b3ac7f365a29bb42eef21727,22900317,1752289895,12/07/25 03:11,0x0a7da29599a326568c88ef1ff2fb2f42262090fd,0xe5544a2a5fa9b175da60d8eec67add5582bb31b0,,0,0,0,2.9797E-05,0.092836008,2944.27,,,Mint
0xcede5ca43aa20f152517a7dc525cfcede96fdc364584e0578a2846945807c408,22900321,1752289943,12/07/25 03:12,0x0a7da29599a326568c88ef1ff2fb2f42262090fd,0xe5544a2a5fa9b175da60d8eec67add5582bb31b0,,0,0,0,3.07383E-05,0.095768729,2944.27,,,Mint
0x22c8d2ffb211d256d2283cb3eb354c9b2cbebb50818b79ecbaaf9403f7c1825e,22900435,1752291311,12/07/25 03:35,0x0a7da29599a326568c88ef1ff2fb2f42262090fd,0xe5544a2a5fa9b175da60d8eec67add5582bb31b0,,0,0,0,2.86026E-05,0.089114703,2944.27,,,Mint
0x5ef909cd95d075f2725145683eab613f267394bbc55afb23bc850a339e172739,22900662,1752294059,12/07/25 04:20,0x0a7da29599a326568c88ef1ff2fb2f42262090fd,0xe5544a2a5fa9b175da60d8eec67add5582bb31b0,,0,0,0,2.77465E-05,0.086447297,2944.27,,,Mint
0x51932af2eaaacfad7385e45e6f95060825d58304add6eb8c640aef2cf53f88d0,22900877,1752296663,12/07/25 05:04,0x0a7da29599a326568c88ef1ff2fb2f42262090fd,0xe5544a2a5fa9b175da60d8eec67add5582bb31b0,,0,0,0,3.01646E-05,0.093981168,2944.27,,,Mint
0x7be5becec0755dba431dce7bc409867cb6d45d0829b07265a7b0ef86b04e15a9,22900978,1752297875,12/07/25 05:24,0x0a7da29599a326568c88ef1ff2fb2f42262090fd,0xe5544a2a5fa9b175da60d8eec67add5582bb31b0,,0,0,0,2.22853E-05,0.06943242,2944.27,,,Mint
0x42720b17d4ecdc28913e3b07d538ac24a6ab5445e30f9666cfa50d82d8ab4998,22901011,1752298271,12/07/25 05:31,0x0a7da29599a326568c88ef1ff2fb2f42262090fd,0xe5544a2a5fa9b175da60d8eec67add5582bb31b0,,0,0,0,2.22278E-05,0.069253385,2944.27,,,Mint
0xeed67fd4f7e4e69d8cd32b671d8b9d2136d9cb66888e4fac5c4f6b28002887f4,22901132,1752299723,12/07/25 05:55,0x0a7da29599a326568c88ef1ff2fb2f42262090fd,0xe5544a2a5fa9b175da60d8eec67add5582bb31b0,,0,0,0,2.01633E-05,0.062821153,2944.27,,,Mint
0xb35789da286c2c17ddbf04d299254e89bb8f7eb1d688d882ca992f8e2ed81768,22901166,1752300131,12/07/25 06:02,0x0a7da29599a326568c88ef1ff2fb2f42262090fd,0xe5544a2a5fa9b175da60d8eec67add5582bb31b0,,0,0,0,2.6347E-05,0.082087069,2944.27,,,Mint
0xf6326c0fe654ee9f7d139ee0f724a6b27f05e8a50b8b0106618ee6d2e72d7188,22901221,1752300791,12/07/25 06:13,0x0a7da29599a326568c88ef1ff2fb2f42262090fd,0xe5544a2a5fa9b175da60d8eec67add5582bb31b0,,0,0,0,2.47169E-05,0.077008421,2944.27,,,Mint
0x5345006622cc50f8a71af5696bd49075a7293f65c66da969e028d0951bb4b230,22901398,1752302939,12/07/25 06:48,0x0a7da29599a326568c88ef1ff2fb2f42262090fd,0xe5544a2a5fa9b175da60d8eec67add5582bb31b0,,0,0,0,2.28616E-05,0.071227772,2944.27,,,Mint
0x47324e583c29f9bad2990e15f97f88a42e85ad130ebe87ec3e73cd8f7d2f3209,22901495,1752304103,12/07/25 07:08,0x0a7da29599a326568c88ef1ff2fb2f42262090fd,0xe5544a2a5fa9b175da60d8eec67add5582bb31b0,,0,0,0,2.10259E-05,0.065508665,2944.27,,,Mint
0x08cfe6aadf2ac28bb75eb6df6e325f4d28b60c22af6b1c1314e432b93dd3a164,22901564,1752304931,12/07/25 07:22,0x0a7da29599a326568c88ef1ff2fb2f42262090fd,0xe5544a2a5fa9b175da60d8eec67add5582bb31b0,,0,0,0,2.3218E-05,0.072338181,2944.27,,,Mint
0x278d92246a874119927263b10c94bcde3220bbce2a5a465dcade84f838808a23,22901721,1752306839,12/07/25 07:53,0x0a7da29599a326568c88ef1ff2fb2f42262090fd,0xe5544a2a5fa9b175da60d8eec67add5582bb31b0,,0,0,0,2.29535E-05,0.071514087,2944.27,,,Mint
0x1d7211f916541b421bce7c83df43259d16e935cec36b98361da2400fae95c95d,22901745,1752307127,12/07/25 07:58,0x0a7da29599a326568c88ef1ff2fb2f42262090fd,0xe5544a2a5fa9b175da60d8eec67add5582bb31b0,,0,0,0,2.06837E-05,0.064442414,2944.27,,,Mint
0x783aaa8b09c80af622e5f02f3a32bff065186a47f0c15c9e702d882642ca18f4,22901910,1752309131,12/07/25 08:32,0x0a7da29599a326568c88ef1ff2fb2f42262090fd,0xe5544a2a5fa9b175da60d8eec67add5582bb31b0,,0,0,0,2.3046E-05,0.071802292,2944.27,,,Mint
0xa705f9aeee6f6e262820d8f4c130d9cf1f5128b159f42426e4977733a1e3d2c7,22902039,1752310679,12/07/25 08:57,0x0a7da29599a326568c88ef1ff2fb2f42262090fd,0xe5544a2a5fa9b175da60d8eec67add5582bb31b0,,0,0,0,3.38086E-05,0.10533452,2944.27,,,Mint
0x96bdd57f89d9a06a74a556afc07e6a7375cf8755e5e951533a6d2b6f98dc26e7,22902116,1752311603,12/07/25 09:13,0x0a7da29599a326568c88ef1ff2fb2f42262090fd,0xe5544a2a5fa9b175da60d8eec67add5582bb31b0,,0,0,0,4.95969E-05,0.154524853,2944.27,,,Mint
0x20e04d11c3b46e275665d656b1822e48eb7dc5fded473e74418d27f24958cd7d,22902169,1752312239,12/07/25 09:23,0x0a7da29599a326568c88ef1ff2fb2f42262090fd,0xe5544a2a5fa9b175da60d8eec67add5582bb31b0,,0,0,0,3.73197E-05,0.116273877,2944.27,,,Mint
0xb44601212be02074bf07b917c91adb38fd641c90a7a751970da17ad013c6c3ff,22902209,1752312719,12/07/25 09:31,0x0a7da29599a326568c88ef1ff2fb2f42262090fd,0xe5544a2a5fa9b175da60d8eec67add5582bb31b0,,0,0,0,3.51999E-05,0.109669221,2944.27,,,Mint
0xa54c41f87d342469751411d86968253ff140c98a108cea80aa7f4621fe5fe126,22902277,1752313535,12/07/25 09:45,0x0a7da29599a326568c88ef1ff2fb2f42262090fd,0xe5544a2a5fa9b175da60d8eec67add5582bb31b0,,0,0,0,2.97975E-05,0.092837619,2944.27,,,Mint
0xd6052ca13e11107957b40bfb7f803d8b722e0e42eef4833c0c9a25c74748fa4d,22902358,1752314507,12/07/25 10:01,0x0a7da29599a326568c88ef1ff2fb2f42262090fd,0xe5544a2a5fa9b175da60d8eec67add5582bb31b0,,0,0,0,2.57679E-05,0.080282837,2944.27,,,Mint
0x2ade8b51fe4821afe09d7d92e441e4d5137bcddf423270f41435bf69f23ffe15,22902378,1752314747,12/07/25 10:05,0x0a7da29599a326568c88ef1ff2fb2f42262090fd,0xe5544a2a5fa9b175da60d8eec67add5582bb31b0,,0,0,0,2.41009E-05,0.075089048,2944.27,,,Mint
0x1a530a513dc4a6fc665d4a7dde512124098b880a5319fa5b09bce7ea9d7824e5,22902599,1752317411,12/07/25 10:50,0x0a7da29599a326568c88ef1ff2fb2f42262090fd,0xe5544a2a5fa9b175da60d8eec67add5582bb31b0,,0,0,0,2.07973E-05,0.064796263,2944.27,,,Mint
0x24c40e0c194c4dd11f4f7f625e6ce82a745946857bdeb7f81930e37c774572b1,22902699,1752318623,12/07/25 11:10,0x0a7da29599a326568c88ef1ff2fb2f42262090fd,0xe5544a2a5fa9b175da60d8eec67add5582bb31b0,,0,0,0,2.30759E-05,0.071895683,2944.27,,,Mint
0x52578da06e13266e9a38e727b1222ff2af973a662b9e15c5f013d43e6154cb6b,22902724,1752318923,12/07/25 11:15,0x0a7da29599a326568c88ef1ff2fb2f42262090fd,0xe5544a2a5fa9b175da60d8eec67add5582bb31b0,,0,0,0,2.28354E-05,0.07114638,2944.27,,,Mint
0x3e4456dcc6e00e459a0632e75fd1404e71212b1bf264672da59f028b562bc20a,22902773,1752319523,12/07/25 11:25,0x0a7da29599a326568c88ef1ff2fb2f42262090fd,0xe5544a2a5fa9b175da60d8eec67add5582bb31b0,,0,0,0,2.32724E-05,0.072507743,2944.27,,,Mint
0xb1d28a3241109b669dfcc195988341e74f3c831275a08c00f1722677ed71795c,22902794,1752319775,12/07/25 11:29,0x0a7da29599a326568c88ef1ff2fb2f42262090fd,0xe5544a2a5fa9b175da60d8eec67add5582bb31b0,,0,0,0,2.35986E-05,0.073524155,2944.27,,,Mint
0x3d4eab034cb78bcabf8eb3deda8a4381d8d8f1274f9e0beb2a15c07c90123263,22902972,1752321923,12/07/25 12:05,0x0a7da29599a326568c88ef1ff2fb2f42262090fd,0xe5544a2a5fa9b175da60d8eec67add5582bb31b0,,0,0,0,2.86568E-05,0.089283517,2944.27,,,Mint
0xc7ff1e5cefb5a410c68122f17770e738a635c7671b88f2737c8d8fc513b7fcfd,22903026,1752322583,12/07/25 12:16,0x0a7da29599a326568c88ef1ff2fb2f42262090fd,0xe5544a2a5fa9b175da60d8eec67add5582bb31b0,,0,0,0,2.94108E-05,0.091632736,2944.27,,,Mint
0x6323596aa31e41e4f04169d588e422f003f7f9c74845e37af631284906644008,22903071,1752323123,12/07/25 12:25,0x0a7da29599a326568c88ef1ff2fb2f42262090fd,0xe5544a2a5fa9b175da60d8eec67add5582bb31b0,,0,0,0,3.79004E-05,0.118083002,2944.27,,,Mint
0xf81421b3678fb38b88bb7c0fc4bd7fe53d67c9acf88c0aa7735a14d81e365aa6,22903096,1752323435,12/07/25 12:30,0x0a7da29599a326568c88ef1ff2fb2f42262090fd,0xe5544a2a5fa9b175da60d8eec67add5582bb31b0,,0,0,0,3.86672E-05,0.12047194,2944.27,,,Mint
0x4906637f69e4c1c5977207ac247d85a638fa1c1b1c1aefe3531cf84488a15c2d,22903142,1752323987,12/07/25 12:39,0x0a7da29599a326568c88ef1ff2fb2f42262090fd,0xe5544a2a5fa9b175da60d8eec67add5582bb31b0,,0,0,0,4.51816E-05,0.140768299,2944.27,,,Mint
0xcaff0f8bb199f69b397b544d9a361405fdc70e1135957950be7e19dd8e0cf79d,22903184,1752324491,12/07/25 12:48,0x0a7da29599a326568c88ef1ff2fb2f42262090fd,0xe5544a2a5fa9b175da60d8eec67add5582bb31b0,,0,0,0,8.03237E-05,0.250257736,2944.27,,,Mint
0x17cd8ce300dcccf4a2d8f1703773bad76234bd8da77f4059166dbcbd3529077c,22903286,1752325715,12/07/25 13:08,0x0a7da29599a326568c88ef1ff2fb2f42262090fd,0xe5544a2a5fa9b175da60d8eec67add5582bb31b0,,0,0,0,6.49563E-05,0.202378785,2944.27,,,Mint
0x4083f01f294b796742efae443afe46ba1aaaddf42653152f6dcc5701ef24b707,22903347,1752326447,12/07/25 13:20,0x0a7da29599a326568c88ef1ff2fb2f42262090fd,0xe5544a2a5fa9b175da60d8eec67add5582bb31b0,,0,0,0,5.86114E-05,0.182610421,2944.27,,,Mint
0xc31109ac57a7716c6e9fa5547498056737454eb35c9f73ae26c6135418566148,22903538,1752328751,12/07/25 13:59,0x0a7da29599a326568c88ef1ff2fb2f42262090fd,0xe5544a2a5fa9b175da60d8eec67add5582bb31b0,,0,0,0,5.25884E-05,0.163845053,2944.27,,,Mint
0x60e173468728dc0015b6e016f4068a0d89ff0cdf376c18f755c6f4151201d502,22903560,1752329027,12/07/25 14:03,0x0a7da29599a326568c88ef1ff2fb2f42262090fd,0xe5544a2a5fa9b175da60d8eec67add5582bb31b0,,0,0,0,5.5727E-05,0.173623802,2944.27,,,Mint
0x067b8cd6a14fd66870032f60f1f853353db00846b850c304b3a3303be5590194,22903624,1752329795,12/07/25 14:16,0x0a7da29599a326568c88ef1ff2fb2f42262090fd,0xe5544a2a5fa9b175da60d8eec67add5582bb31b0,,0,0,0,5.96642E-05,0.185890666,2944.27,,,Mint
0x5b3742e444bc4b2d08f3c61e8d35b71a22571add464506fa44a6a564b1a46d9d,22903668,1752330323,12/07/25 14:25,0x0a7da29599a326568c88ef1ff2fb2f42262090fd,0xe5544a2a5fa9b175da60d8eec67add5582bb31b0,,0,0,0,4.44368E-05,0.138447827,2944.27,,,Mint
0xc21f5f0282d66e1fffcc378f87390f80cf4cf8e123baa3d213145880b5789619,22903740,1752331199,12/07/25 14:39,0x0a7da29599a326568c88ef1ff2fb2f42262090fd,0xe5544a2a5fa9b175da60d8eec67add5582bb31b0,,0,0,0,4.91186E-05,0.153034725,2944.27,,,Mint
0x5023891601eedc4903ff2d992cb52a7aa36a7f01dcdab391dd54492db01ae8c3,22903918,1752333335,12/07/25 15:15,0x0a7da29599a326568c88ef1ff2fb2f42262090fd,0xe5544a2a5fa9b175da60d8eec67add5582bb31b0,,0,0,0,6.63175E-05,0.206619622,2944.27,,,Mint
0xff4d1091b3ba990d771d09efa415dbd3b860ab749e826de430aa7c7d51457dfe,22904033,1752334715,12/07/25 15:38,0x0a7da29599a326568c88ef1ff2fb2f42262090fd,0xe5544a2a5fa9b175da60d8eec67add5582bb31b0,,0,0,0,6.78897E-05,0.211518166,2944.27,,,Mint
0xf34209c3f607740016106db9c5a2bd2bb5bec94a70bac4ba594a545974a0fa58,22904108,1752335615,12/07/25 15:53,0x0a7da29599a326568c88ef1ff2fb2f42262090fd,0xe5544a2a5fa9b175da60d8eec67add5582bb31b0,,0,0,0,7.34964E-05,0.228986377,2944.27,,,Mint
0x50314fa292f651cbe1913571b85cef74923f76502b2304c2667fb104d314de2b,22904175,1752336419,12/07/25 16:06,0x0a7da29599a326568c88ef1ff2fb2f42262090fd,0xe5544a2a5fa9b175da60d8eec67add5582bb31b0,,0,0,0,5.68477E-05,0.177115579,2944.27,,,Mint
0xbc35e24999bd1280d42a4c23104c1d7fc29bcbfcf2d323f2a1a60ced3371395e,22904229,1752337067,12/07/25 16:17,0x0a7da29599a326568c88ef1ff2fb2f42262090fd,0xe5544a2a5fa9b175da60d8eec67add5582bb31b0,,0,0,0,4.67602E-05,0.145686597,2944.27,,,Mint
0x9cdbb0daa7d0216a9446c2a4034b4acc3c642a11d2406f533d7a892630b965a9,22904313,1752338075,12/07/25 16:34,0x0a7da29599a326568c88ef1ff2fb2f42262090fd,0xe5544a2a5fa9b175da60d8eec67add5582bb31b0,,0,0,0,6.22989E-05,0.194099391,2944.27,,,Mint
0xfd15cde74d4cce04de38f34eacd7684d609bdd208987a8a9f1aa194a09e47587,22904470,1752339959,12/07/25 17:05,0x0a7da29599a326568c88ef1ff2fb2f42262090fd,0xe5544a2a5fa9b175da60d8eec67add5582bb31b0,,0,0,0,3.55684E-05,0.110817504,2944.27,,,Mint
0xb3a82ee3f8cca85a85abe723ee562b47679cffe4e5ed40707a101e91c30efa5f,22904557,1752341015,12/07/25 17:23,0x0a7da29599a326568c88ef1ff2fb2f42262090fd,0xe5544a2a5fa9b175da60d8eec67add5582bb31b0,,0,0,0,2.20704E-05,0.068762878,2944.27,,,Mint
0x1c19aefdb4213f4fb4153534cfb81389a3a1bec81c8432157a7c1d610b46ab65,22904562,1752341075,12/07/25 17:24,0x0a7da29599a326568c88ef1ff2fb2f42262090fd,0xe5544a2a5fa9b175da60d8eec67add5582bb31b0,,0,0,0,2.12339E-05,0.066156662,2944.27,,,Mint
0x01fdabb1bab3f096fc629b570b504cfab3ca930af8e12d7c81fe4f6218537c33,22904608,1752341627,12/07/25 17:33,0x0a7da29599a326568c88ef1ff2fb2f42262090fd,0xe5544a2a5fa9b175da60d8eec67add5582bb31b0,,0,0,0,2.05396E-05,0.063993345,2944.27,,,Mint
0xf5a5d782579ec44257a14c9c85d421911e2f9bd6fc0491ea121faa442bc3d6ad,22904626,1752341843,12/07/25 17:37,0x0a7da29599a326568c88ef1ff2fb2f42262090fd,0xe5544a2a5fa9b175da60d8eec67add5582bb31b0,,0,0,0,2.08701E-05,0.065023234,2944.27,,,Mint
0x7a59e1ccd08605e15efadf0c8b3d0a5e977ec804c00ba02c7397769b947adac3,22904651,1752342143,12/07/25 17:42,0x0a7da29599a326568c88ef1ff2fb2f42262090fd,0xe5544a2a5fa9b175da60d8eec67add5582bb31b0,,0,0,0,2.30518E-05,0.07182038,2944.27,,,Mint
0xe64dbee42d2b9b1814415c37ceff4cdacf44cdd6968b5101c62ff36929df31fc,22904680,1752342491,12/07/25 17:48,0x0a7da29599a326568c88ef1ff2fb2f42262090fd,0xe5544a2a5fa9b175da60d8eec67add5582bb31b0,,0,0,0,1.92892E-05,0.060097679,2944.27,,,Mint
0xb82cad5f5e3997634b6d8aac536dbf29041010b896b3550e67a4e0d8e8006bee,22904814,1752344111,12/07/25 18:15,0x0a7da29599a326568c88ef1ff2fb2f42262090fd,0xe5544a2a5fa9b175da60d8eec67add5582bb31b0,,0,0,0,2.08326E-05,0.064906194,2944.27,,,Mint
0x4abf1a5d7b981de81cfc86a8e7e9e70e50739cda3e0765c919bed89c530d4647,22904850,1752344543,12/07/25 18:22,0x0a7da29599a326568c88ef1ff2fb2f42262090fd,0xe5544a2a5fa9b175da60d8eec67add5582bb31b0,,0,0,0,2.17444E-05,0.067747197,2944.27,,,Mint
0x2d6b91a989504af59d3724affe8075a0eea456e4db19b85e3790f6836987d880,22904867,1752344747,12/07/25 18:25,0x0a7da29599a326568c88ef1ff2fb2f42262090fd,0xe5544a2a5fa9b175da60d8eec67add5582bb31b0,,0,0,0,1.96045E-05,0.06107991,2944.27,,,Mint
0x3d183de092d41915d73ebdedb7ef209dd781abcd5105270c55b0ac3f00c8b15e,22904923,1752345419,12/07/25 18:36,0x0a7da29599a326568c88ef1ff2fb2f42262090fd,0xe5544a2a5fa9b175da60d8eec67add5582bb31b0,,0,0,0,2.64941E-05,0.082545427,2944.27,,,Mint
0x2c1cc8300d54cfd49e3ee0b4bffd9967c30f3ba467e1b65348f0cb4403f4e55d,22904930,1752345503,12/07/25 18:38,0x0a7da29599a326568c88ef1ff2fb2f42262090fd,0xe5544a2a5fa9b175da60d8eec67add5582bb31b0,,0,0,0,2.67174E-05,0.083241016,2944.27,,,Mint
0xc52f7801ed9dc8bee387f60b8639ebd5ca6724bc21e1f8192f5941b66087c121,22904961,1752345875,12/07/25 18:44,0x0a7da29599a326568c88ef1ff2fb2f42262090fd,0xe5544a2a5fa9b175da60d8eec67add5582bb31b0,,0,0,0,2.32736E-05,0.072511496,2944.27,,,Mint
0x636bd333a444fd7adafe954c78fb5a1d17ddb20f992b1fcfeba699f92e9fb53e,22904987,1752346187,12/07/25 18:49,0x0a7da29599a326568c88ef1ff2fb2f42262090fd,0xe5544a2a5fa9b175da60d8eec67add5582bb31b0,,0,0,0,2.85395E-05,0.088918058,2944.27,,,Mint
0x08fd7c8d667e7b26cb05f6a2ad55cfbec7b95a55bfdebd6be708d30d5422a7bb,22905006,1752346415,12/07/25 18:53,0x0a7da29599a326568c88ef1ff2fb2f42262090fd,0xe5544a2a5fa9b175da60d8eec67add5582bb31b0,,0,0,0,2.63456E-05,0.082082616,2944.27,,,Mint
0xbd5a77b350fbaaec713045fdf145c4bc4dca3b979eacf6ed5ad06fef1d44c2f8,22905040,1752346823,12/07/25 19:00,0x0a7da29599a326568c88ef1ff2fb2f42262090fd,0xe5544a2a5fa9b175da60d8eec67add5582bb31b0,,0,0,0,2.0697E-05,0.064483749,2944.27,,,Mint
0x2c832c8b7bff3f626a02bbef52693a1d7737fbd07d6168736cc72356800f5942,22905058,1752347039,12/07/25 19:03,0x0a7da29599a326568c88ef1ff2fb2f42262090fd,0xe5544a2a5fa9b175da60d8eec67add5582bb31b0,,0,0,0,1.96169E-05,0.061118823,2944.27,,,Mint
0xe54025f3d80c495d537b8846888806840c1e02acfb0f83be9d6d312924d0e77f,22905114,1752347711,12/07/25 19:15,0x0a7da29599a326568c88ef1ff2fb2f42262090fd,0xe5544a2a5fa9b175da60d8eec67add5582bb31b0,,0,0,0,1.78193E-05,0.055518028,2944.27,,,Mint
0x1ff66ed932372d90e0d4ef4e412945c93d895f4e323bc89cd3c8d6b343f1f485,22905119,1752347771,12/07/25 19:16,0x0a7da29599a326568c88ef1ff2fb2f42262090fd,0xe5544a2a5fa9b175da60d8eec67add5582bb31b0,,0,0,0,2.20388E-05,0.068664424,2944.27,,,Mint
0x3bbc986afd522a068c585d1e28e81c2bd213774cc7301cb9a34a6c909b49e760,22905139,1752348011,12/07/25 19:20,0x0a7da29599a326568c88ef1ff2fb2f42262090fd,0xe5544a2a5fa9b175da60d8eec67add5582bb31b0,,0,0,0,2.0368E-05,0.06345897,2944.27,,,Mint
0x1f4c48c1f9317f7022e82542fb2de0a2bf82fd6577dfc979b80e15356ad70bba,22905152,1752348167,12/07/25 19:22,0x0a7da29599a326568c88ef1ff2fb2f42262090fd,0xe5544a2a5fa9b175da60d8eec67add5582bb31b0,,0,0,0,2.27257E-05,0.070804522,2944.27,,,Mint
0x6639d7b33e12ab9f2309d2cc8e06d8b5f23fcdb0fee724966957bda059bf543b,22905178,1752348479,12/07/25 19:27,0x0a7da29599a326568c88ef1ff2fb2f42262090fd,0xe5544a2a5fa9b175da60d8eec67add5582bb31b0,,0,0,0,1.9708E-05,0.061402658,2944.27,,,Mint
0x01f642a383dbef970783c1454d44bd0e8f116eca6e1865fc445edff61c7f3c6a,22905233,1752349139,12/07/25 19:38,0x0a7da29599a326568c88ef1ff2fb2f42262090fd,0xe5544a2a5fa9b175da60d8eec67add5582bb31b0,,0,0,0,2.46168E-05,0.076696351,2944.27,,,Mint
0xededa00f7a1382f786e83625646bf29781860866431b147e60810fc2802e193b,22905265,1752349523,12/07/25 19:45,0x0a7da29599a326568c88ef1ff2fb2f42262090fd,0xe5544a2a5fa9b175da60d8eec67add5582bb31b0,,0,0,0,1.99508E-05,0.062158998,2944.27,,,Mint
0xd305b6b327025eeb77a915f1fae757a883090a018cde2493e2fc129522ea4318,22905323,1752350231,12/07/25 19:57,0x0a7da29599a326568c88ef1ff2fb2f42262090fd,0xe5544a2a5fa9b175da60d8eec67add5582bb31b0,,0,0,0,2.12429E-05,0.066184703,2944.27,,,Mint
0x0a30ffa4d0c0b02ab4d7870ece2e5dea2cc8f739a4e382b838bf9f634c7e88f7,22905347,1752350519,12/07/25 20:01,0x0a7da29599a326568c88ef1ff2fb2f42262090fd,0xe5544a2a5fa9b175da60d8eec67add5582bb31b0,,0,0,0,2.07679E-05,0.064704806,2944.27,,,Mint
0x3481a742f9e6f1c90338435b0b891c3e8c196fb18a9497ae842a1df0f872615f,22905371,1752350807,12/07/25 20:06,0x0a7da29599a326568c88ef1ff2fb2f42262090fd,0xe5544a2a5fa9b175da60d8eec67add5582bb31b0,,0,0,0,3.07748E-05,0.095882289,2944.27,,,Mint
0x27eda5ff0fdfc0becd4d6e46f3f1ac984676143a213673cb1c9e76a7100aac69,22905380,1752350915,12/07/25 20:08,0x0a7da29599a326568c88ef1ff2fb2f42262090fd,0xe5544a2a5fa9b175da60d8eec67add5582bb31b0,,0,0,0,2.18318E-05,0.068019457,2944.27,,,Mint
0xa55229682805a0b6472bd3eed746e73967b0f36097e7136a154fabd80285080a,22905388,1752351011,12/07/25 20:10,0x0a7da29599a326568c88ef1ff2fb2f42262090fd,0xe5544a2a5fa9b175da60d8eec67add5582bb31b0,,0,0,0,1.98834E-05,0.06194907,2944.27,,,Mint
0xcd34a6dd80cbc45898133bdb4f99ccc05528049651749bdda4c191808b649d2d,22905415,1752351335,12/07/25 20:15,0x0a7da29599a326568c88ef1ff2fb2f42262090fd,0xe5544a2a5fa9b175da60d8eec67add5582bb31b0,,0,0,0,2.17159E-05,0.067658427,2944.27,,,Mint
0x69b5d9c4ef117a2ba691a4a31dde3afdaf706d5dc2b24041a1ad9b37730df06a,22905454,1752351803,12/07/25 20:23,0x0a7da29599a326568c88ef1ff2fb2f42262090fd,0xe5544a2a5fa9b175da60d8eec67add5582bb31b0,,0,0,0,1.99027E-05,0.06200899,2944.27,,,Mint
0x087a4c1d915dfb208bdc8a6176d96f3e94830c8e79095c5193e1360fb9c096f6,22905459,1752351863,12/07/25 20:24,0x0a7da29599a326568c88ef1ff2fb2f42262090fd,0xe5544a2a5fa9b175da60d8eec67add5582bb31b0,,0,0,0,2.15904E-05,0.067267353,2944.27,,,Mint
0x8fb804939567c7b32a2f066025a6a2660c0fdbd9e19a799d1540e9cd202bb8a2,22905545,1752352907,12/07/25 20:41,0x0a7da29599a326568c88ef1ff2fb2f42262090fd,0xe5544a2a5fa9b175da60d8eec67add5582bb31b0,,0,0,0,2.27458E-05,0.070867201,2944.27,,,Mint
0x6dc67e49ba3d93045974d13b6bd43464983b7297ef484ef1607ab4578f6ca957,22905558,1752353063,12/07/25 20:44,0x0a7da29599a326568c88ef1ff2fb2f42262090fd,0xe5544a2a5fa9b175da60d8eec67add5582bb31b0,,0,0,0,2.09763E-05,0.065354051,2944.27,,,Mint
0x5e3b76b9742f73657dfa612e24ccfd5b75e18856a15f7a471c62cce78dc51eb3,22905575,1752353267,12/07/25 20:47,0x0a7da29599a326568c88ef1ff2fb2f42262090fd,0xe5544a2a5fa9b175da60d8eec67add5582bb31b0,,0,0,0,2.11721E-05,0.065963961,2944.27,,,Mint
0x55c37842e4aec7c857cad4cf8ac4e1642a8e2d5734696fc8826b27312e327341,22905613,1752353723,12/07/25 20:55,0x0a7da29599a326568c88ef1ff2fb2f42262090fd,0xe5544a2a5fa9b175da60d8eec67add5582bb31b0,,0,0,0,1.78339E-05,0.055563496,2944.27,,,Mint
0x5a5a35d74b3cac597500caf48fd954876ef44dd52d2f1cf09350a7ff3964fff3,22905638,1752354023,12/07/25 21:00,0x0a7da29599a326568c88ef1ff2fb2f42262090fd,0xe5544a2a5fa9b175da60d8eec67add5582bb31b0,,0,0,0,1.61365E-05,0.05027524,2944.27,,,Mint
0xea2fae75d6802b1a94201e805ea71a524efd633f525f84d0d34055a238f50666,22905644,1752354095,12/07/25 21:01,0x0a7da29599a326568c88ef1ff2fb2f42262090fd,0xe5544a2a5fa9b175da60d8eec67add5582bb31b0,,0,0,0,1.90383E-05,0.059316034,2944.27,,,Mint
0x05e3cca37326d1b22ee7d742e3ed6c0254ea7688ec84d90a0b47bb77ad457d84,22905706,1752354839,12/07/25 21:13,0x0a7da29599a326568c88ef1ff2fb2f42262090fd,0xe5544a2a5fa9b175da60d8eec67add5582bb31b0,,0,0,0,1.49538E-05,0.046590392,2944.27,,,Mint
0x3825d8ad9b9d298c7219d3bad3b05e4ceaaa038fa3f5a60a64a3fec2dc5f0f46,22905806,1752356039,12/07/25 21:33,0x0a7da29599a326568c88ef1ff2fb2f42262090fd,0xe5544a2a5fa9b175da60d8eec67add5582bb31b0,,0,0,0,1.37375E-05,0.04280063,2944.27,,,Mint
0xddcda427538d51d65dfe251cbf1ed0c0ef680d9e0e09a5a6efc6f05760e1efec,22905871,1752356819,12/07/25 21:46,0x0a7da29599a326568c88ef1ff2fb2f42262090fd,0xe5544a2a5fa9b175da60d8eec67add5582bb31b0,,0,0,0,1.49927E-05,0.046711363,2944.27,,,Mint
0xbabc37a1ee3cc23f128b833d619519f54b87679c798494c73cb8d5f396c5624f,22905946,1752357719,12/07/25 22:01,0x0a7da29599a326568c88ef1ff2fb2f42262090fd,0xe5544a2a5fa9b175da60d8eec67add5582bb31b0,,0,0,0,1.73482E-05,0.05405023,2944.27,,,Mint
0xf19c123f5e086cba3b3a80e32d93bcb629a2a9ed224973527e3406635fee1aec,22906022,1752358631,12/07/25 22:17,0x0a7da29599a326568c88ef1ff2fb2f42262090fd,0xe5544a2a5fa9b175da60d8eec67add5582bb31b0,,0,0,0,1.14144E-05,0.03556276,2944.27,,,Mint
0xc4ed9628e941e0eac3476e3ca7a43cf0b10dab32123d66406dd1bcb60d7b6ae9,22906032,1752358751,12/07/25 22:19,0x0a7da29599a326568c88ef1ff2fb2f42262090fd,0xe5544a2a5fa9b175da60d8eec67add5582bb31b0,,0,0,0,1.23557E-05,0.038495541,2944.27,,,Mint
0xf62919fdd139e36c52dad758b1f28471fc73c5d58e18d3522ee2ceef71055473,22906132,1752359951,12/07/25 22:39,0x0a7da29599a326568c88ef1ff2fb2f42262090fd,0xe5544a2a5fa9b175da60d8eec67add5582bb31b0,,0,0,0,1.6413E-05,0.051136611,2944.27,,,Mint
0xb59cff54d0b01890e2821381ee4371dd9acef23b8223524b885c06d616a49101,22906152,1752360191,12/07/25 22:43,0x0a7da29599a326568c88ef1ff2fb2f42262090fd,0xe5544a2a5fa9b175da60d8eec67add5582bb31b0,,0,0,0,1.57162E-05,0.048965513,2944.27,,,Mint
0xc5d06e688b7688ffcfc97188799cf32bd4991e036aa8b6f1a10adc60c5a0dbab,22906185,1752360587,12/07/25 22:49,0x0a7da29599a326568c88ef1ff2fb2f42262090fd,0xe5544a2a5fa9b175da60d8eec67add5582bb31b0,,0,0,0,2.08194E-05,0.064865073,2944.27,,,Mint
0xf8c6139ef358112628252efda1851cf573ff16e50b555396b92775e060179897,22906208,1752360863,12/07/25 22:54,0x0a7da29599a326568c88ef1ff2fb2f42262090fd,0xe5544a2a5fa9b175da60d8eec67add5582bb31b0,,0,0,0,1.86124E-05,0.057989127,2944.27,,,Mint
0x670cf8ea1dd8470eb2efb3ac8fdf443c88f70077a61e54d41ba28b2bfc648bd9,22906234,1752361175,12/07/25 22:59,0x0a7da29599a326568c88ef1ff2fb2f42262090fd,0xe5544a2a5fa9b175da60d8eec67add5582bb31b0,,0,0,0,1.61202E-05,0.050224224,2944.27,,,Mint
0x278ff61eba9b87044e386bb2d19ed68eaced65bf6ff8bd2e5592c8dae561ec2d,22906241,1752361259,12/07/25 23:00,0x0a7da29599a326568c88ef1ff2fb2f42262090fd,0xe5544a2a5fa9b175da60d8eec67add5582bb31b0,,0,0,0,1.84531E-05,0.057492774,2944.27,,,Mint
0x2ba72ea06d13f339b2fbf40e90cf00aabb19cd278194fddad2dbe645b307675a,22906348,1752362543,12/07/25 23:22,0x0a7da29599a326568c88ef1ff2fb2f42262090fd,0xe5544a2a5fa9b175da60d8eec67add5582bb31b0,,0,0,0,1.50368E-05,0.046848897,2944.27,,,Mint
0x63205943ec1d085e42d9438bbb4f5494672a47eec460821ab4009416f6165998,22906380,1752362927,12/07/25 23:28,0x0a7da29599a326568c88ef1ff2fb2f42262090fd,0xe5544a2a5fa9b175da60d8eec67add5582bb31b0,,0,0,0,1.28863E-05,0.040148614,2944.27,,,Mint
0x836f1c83e4a76acb11e10412d01bb9e78cae53f4b558e7d170745acc78e8358c,22906397,1752363131,12/07/25 23:32,0x0a7da29599a326568c88ef1ff2fb2f42262090fd,0xe5544a2a5fa9b175da60d8eec67add5582bb31b0,,0,0,0,1.07118E-05,0.033373793,2944.27,,,Mint
0xdff6ab5119a0a1f013bb7448bc5949eec8f6a3a6f34174c33d1309f25b31e989,22906482,1752364163,12/07/25 23:49,0x0a7da29599a326568c88ef1ff2fb2f42262090fd,0xe5544a2a5fa9b175da60d8eec67add5582bb31b0,,0,0,0,1.41105E-05,0.043962777,2944.27,,,Mint
0x6012dbb622d3a916dde8605a1be7d2ced6e5861c5b8ec1407aa636c86f8bccdf,22906493,1752364319,12/07/25 23:51,0x0a7da29599a326568c88ef1ff2fb2f42262090fd,0xe5544a2a5fa9b175da60d8eec67add5582bb31b0,,0,0,0,1.6353E-05,0.050949746,2944.27,,,Mint
0x24b21074257de3af8dbad6b9ede3188560c02f9073339d2d22ccbfb37d7423a6,22906543,1752364919,13/07/25 00:01,0x0a7da29599a326568c88ef1ff2fb2f42262090fd,0xe5544a2a5fa9b175da60d8eec67add5582bb31b0,,0,0,0,1.50205E-05,0.046797943,2973.01,,,Mint
0x5a8fc5dfbd6dbc4161fd980c95586df398d93c9a9c978ccf14b66d7fd7be1355,22906650,1752366203,13/07/25 00:23,0x0a7da29599a326568c88ef1ff2fb2f42262090fd,0xe5544a2a5fa9b175da60d8eec67add5582bb31b0,,0,0,0,1.51201E-05,0.047108391,2973.01,,,Mint
0xf7097d3cd29ae52cd1cef883af2503bcdec84971e04d8a51c9b075948f898822,22906777,1752367727,13/07/25 00:48,0x0a7da29599a326568c88ef1ff2fb2f42262090fd,0xe5544a2a5fa9b175da60d8eec67add5582bb31b0,,0,0,0,1.48082E-05,0.046136568,2973.01,,,Mint
0xe8c0df27fadbbb8891d6e6b8c1439a0f2475cbdd20092c5d921c7adf8f7dc36c,22906817,1752368207,13/07/25 00:56,0x0a7da29599a326568c88ef1ff2fb2f42262090fd,0xe5544a2a5fa9b175da60d8eec67add5582bb31b0,,0,0,0,1.46394E-05,0.045610724,2973.01,,,Mint
0x11066918b4c7b1639ba647e46ca6dec03a1742bc77dfd6c1765aeb4ee9bb4866,22906898,1752369191,13/07/25 01:13,0x0a7da29599a326568c88ef1ff2fb2f42262090fd,0xe5544a2a5fa9b175da60d8eec67add5582bb31b0,,0,0,0,1.59401E-05,0.049663261,2973.01,,,Mint
0x5cb17a8a0cfce26fa5968c66863568c27ca0c6136aa2b38979113cd40e069589,22906943,1752369743,13/07/25 01:22,0x0a7da29599a326568c88ef1ff2fb2f42262090fd,0xe5544a2a5fa9b175da60d8eec67add5582bb31b0,,0,0,0,1.78197E-05,0.055519268,2973.01,,,Mint
0x9caf62a312cc94928c3e9fd1441a100707992e972d85c94652ced7dab4078cca,22906982,1752370211,13/07/25 01:30,0x0a7da29599a326568c88ef1ff2fb2f42262090fd,0xe5544a2a5fa9b175da60d8eec67add5582bb31b0,,0,0,0,2.05319E-05,0.063969595,2973.01,,,Mint
0x23995f64597f780094e38b44fb439c3423cdeb1c675757c8004ab326441da12e,22907092,1752371531,13/07/25 01:52,0x0a7da29599a326568c88ef1ff2fb2f42262090fd,0xe5544a2a5fa9b175da60d8eec67add5582bb31b0,,0,0,0,1.74984E-05,0.054518323,2973.01,,,Mint
0x3cc219268245843cc4a5ac7e2b86dcba2ef5cf131fdcde331afda438e4241302,22907174,1752372515,13/07/25 02:08,0x0a7da29599a326568c88ef1ff2fb2f42262090fd,0xe5544a2a5fa9b175da60d8eec67add5582bb31b0,,0,0,0,1.76736E-05,0.055063975,2973.01,,,Mint
0x5c155664153def0e5246abdd3680c5ce53b531bf44272c2c87c53fbf431c30d4,22907185,1752372647,13/07/25 02:10,0x0a7da29599a326568c88ef1ff2fb2f42262090fd,0xe5544a2a5fa9b175da60d8eec67add5582bb31b0,,0,0,0,1.62885E-05,0.050748701,2973.01,,,Mint
0x7904fc342574021ea40fbc4b41642be4a9164cfa4d1e9245d6c973e8dfa4c1bc,22907227,1752373163,13/07/25 02:19,0x0a7da29599a326568c88ef1ff2fb2f42262090fd,0xe5544a2a5fa9b175da60d8eec67add5582bb31b0,,0,0,0,1.80276E-05,0.056167003,2973.01,,,Mint
0x4565ac74118d44765a336bfdfbbd76768f40f351d20584f3bb43817ba1a1e80d,22907344,1752374567,13/07/25 02:42,0x0a7da29599a326568c88ef1ff2fb2f42262090fd,0xe5544a2a5fa9b175da60d8eec67add5582bb31b0,,0,0,0,1.69794E-05,0.0529014,2973.01,,,Mint
0xa98d650fc2880e7c41793e1893af6b856e300e024fd35133db9930a40b3336dc,22907419,1752375479,13/07/25 02:57,0x0a7da29599a326568c88ef1ff2fb2f42262090fd,0xe5544a2a5fa9b175da60d8eec67add5582bb31b0,,0,0,0,1.87639E-05,0.058461067,2973.01,,,Mint
0x68377f2ad60e015429fec7a6552ab79c7aaaff8b31262ab0bbf076688bdaa230,22907447,1752375827,13/07/25 03:03,0x0a7da29599a326568c88ef1ff2fb2f42262090fd,0xe5544a2a5fa9b175da60d8eec67add5582bb31b0,,0,0,0,1.57474E-05,0.049062673,2973.01,,,Mint
0x2c646820a6abdf90d7b6aacd75347cbbac1359be768208345f8bedd8e5878584,22907499,1752376451,13/07/25 03:14,0x0a7da29599a326568c88ef1ff2fb2f42262090fd,0xe5544a2a5fa9b175da60d8eec67add5582bb31b0,,0,0,0,1.55563E-05,0.048467362,2973.01,,,Mint
0x3528ad8a15477c541f1049c4db9cddad28ad2c3b18df7a3cf0c66f1a0c9dc908,22907561,1752377195,13/07/25 03:26,0x0a7da29599a326568c88ef1ff2fb2f42262090fd,0xe5544a2a5fa9b175da60d8eec67add5582bb31b0,,0,0,0,2.19722E-05,0.068456776,2973.01,,,Mint
0x3aad717dce8285681985785920fb3024292d310e060907834e17bd0c2076c6b8,22907730,1752379223,13/07/25 04:00,0x0a7da29599a326568c88ef1ff2fb2f42262090fd,0xe5544a2a5fa9b175da60d8eec67add5582bb31b0,,0,0,0,1.74207E-05,0.054276178,2973.01,,,Mint
0x943db1d36b4f004b5b6367f52aeccccfda51e2ae7a753c1621327d724f198e4a,22907771,1752379715,13/07/25 04:08,0x0a7da29599a326568c88ef1ff2fb2f42262090fd,0xe5544a2a5fa9b175da60d8eec67add5582bb31b0,,0,0,0,2.05355E-05,0.063980747,2973.01,,,Mint
0xe6d8acc428ca95384f7859fd4bca4a5a82b2b0e115d4196174d28aa315c4b0de,22907795,1752380003,13/07/25 04:13,0x0a7da29599a326568c88ef1ff2fb2f42262090fd,0xe5544a2a5fa9b175da60d8eec67add5582bb31b0,,0,0,0,2.00547E-05,0.062482618,2973.01,,,Mint
0x79eb8d0016dd399b031fa67132a3545fa8d5ebe941e67229a6f595e4ef16514d,22907812,1752380207,13/07/25 04:16,0x0a7da29599a326568c88ef1ff2fb2f42262090fd,0xe5544a2a5fa9b175da60d8eec67add5582bb31b0,,0,0,0,2.05096E-05,0.06389995,2973.01,,,Mint
0x4fa31a7f4c501287fe068bc2b673e4e47847a852e1aa2353867a6189dd6fe5a6,22907943,1752381779,13/07/25 04:42,0x0a7da29599a326568c88ef1ff2fb2f42262090fd,0xe5544a2a5fa9b175da60d8eec67add5582bb31b0,,0,0,0,2.28531E-05,0.071201313,2973.01,,,Mint
0x30eaf30e9af11a1b1762b75e72899d5ca17cc299404e64a86bf8c6fa2f3360a7,22907958,1752381959,13/07/25 04:45,0x0a7da29599a326568c88ef1ff2fb2f42262090fd,0xe5544a2a5fa9b175da60d8eec67add5582bb31b0,,0,0,0,2.00867E-05,0.062582355,2973.01,,,Mint
0x6d9e70b40665a6fee8caa5ec0418f0c1ddc65873a08cc87da4a8f74fdab95e8b,22908235,1752385283,13/07/25 05:41,0x0a7da29599a326568c88ef1ff2fb2f42262090fd,0xe5544a2a5fa9b175da60d8eec67add5582bb31b0,,0,0,0,1.47226E-05,0.04586978,2973.01,,,Mint
0x043b5b38411a67e7f359ad50fa581ce037da4590c8fecf29adf3236ddaa760ff,22908277,1752385787,13/07/25 05:49,0x0a7da29599a326568c88ef1ff2fb2f42262090fd,0xe5544a2a5fa9b175da60d8eec67add5582bb31b0,,0,0,0,1.36076E-05,0.042395957,2973.01,,,Mint
0x970c1ea265cbe1a3fc0aac32a424b7548843302f1f7f816a7e0605bb2dfe4e0d,22908310,1752386183,13/07/25 05:56,0x0a7da29599a326568c88ef1ff2fb2f42262090fd,0xe5544a2a5fa9b175da60d8eec67add5582bb31b0,,0,0,0,1.23688E-05,0.038536386,2973.01,,,Mint
0xe189d7467836393a741158e1507b146840f709189db77798c6d202de35a10936,22908345,1752386603,13/07/25 06:03,0x0a7da29599a326568c88ef1ff2fb2f42262090fd,0xe5544a2a5fa9b175da60d8eec67add5582bb31b0,,0,0,0,1.20396E-05,0.037510795,2973.01,,,Mint
0x00bea6a8455876e1fc9a12e2f134863492ff6744a72c58eace12f31e610a82e7,22908373,1752386939,13/07/25 06:08,0x0a7da29599a326568c88ef1ff2fb2f42262090fd,0xe5544a2a5fa9b175da60d8eec67add5582bb31b0,,0,0,0,1.22968E-05,0.038311935,2973.01,,,Mint
0xda649cbcc177be62234dc46f1e2e2567584200921644fb0add5925ac87de28a6,22908739,1752391343,13/07/25 07:22,0x0a7da29599a326568c88ef1ff2fb2f42262090fd,0xe5544a2a5fa9b175da60d8eec67add5582bb31b0,,0,0,0,1.2648E-05,0.039406271,2973.01,,,Mint
0x81290350c36beb80c376d442b0a8abab2ed61610e25aa86f54c075eb442710dd,22908856,1752392783,13/07/25 07:46,0x0a7da29599a326568c88ef1ff2fb2f42262090fd,0xe5544a2a5fa9b175da60d8eec67add5582bb31b0,,0,0,0,1.48779E-05,0.046353923,2973.01,,,Mint
0x99ecb76c49b84ddd562ed9c17aebec26adbce7fa74150fc00085e3dd09dd6a04,22909066,1752395327,13/07/25 08:28,0x0a7da29599a326568c88ef1ff2fb2f42262090fd,0xe5544a2a5fa9b175da60d8eec67add5582bb31b0,,0,0,0,1.36681E-05,0.042584467,2973.01,,,Mint
0x42fcf896974b8807723b27ab3f80f44fa5768ba18cc6d5c3060632608cd8591e,22909071,1752395399,13/07/25 08:29,0x0a7da29599a326568c88ef1ff2fb2f42262090fd,0xe5544a2a5fa9b175da60d8eec67add5582bb31b0,,0,0,0,1.49361E-05,0.046535237,2973.01,,,Mint
0x83261b1fc515bb177ff0f91ae93f5310e72fb1f5ac574d708b598006a10afed5,22909101,1752395759,13/07/25 08:35,0x0a7da29599a326568c88ef1ff2fb2f42262090fd,0xe5544a2a5fa9b175da60d8eec67add5582bb31b0,,0,0,0,1.20861E-05,0.037655647,2973.01,,,Mint
0x23fbb716b1cb4aaea9ae28e67016412f24bea9cbd69d934c6dec1564501b4f49,22909111,1752395879,13/07/25 08:37,0x0a7da29599a326568c88ef1ff2fb2f42262090fd,0xe5544a2a5fa9b175da60d8eec67add5582bb31b0,,0,0,0,1.19895E-05,0.037354734,2973.01,,,Mint
0xaf88434dc68069712e30d1b5775163b44b929192473fd0f10bd2d34657e6fe6a,22909156,1752396431,13/07/25 08:47,0x0a7da29599a326568c88ef1ff2fb2f42262090fd,0xe5544a2a5fa9b175da60d8eec67add5582bb31b0,,0,0,0,1.37612E-05,0.042874515,2973.01,,,Mint
0xeb78962f2b1884c813e32a5bdc98e2687d976e38e71f17948432068184bda429,22909162,1752396503,13/07/25 08:48,0x0a7da29599a326568c88ef1ff2fb2f42262090fd,0xe5544a2a5fa9b175da60d8eec67add5582bb31b0,,0,0,0,1.4978E-05,0.04666557,2973.01,,,Mint
0xd8f977cf3cce93dbaf37632a8636c9ffba1cfae1eb9c2ab2d794d8c0c7f26e1d,22909242,1752397463,13/07/25 09:04,0x0a7da29599a326568c88ef1ff2fb2f42262090fd,0xe5544a2a5fa9b175da60d8eec67add5582bb31b0,,0,0,0,1.21555E-05,0.037871856,2973.01,,,Mint
0xd9ad7733a578295bfac7673f6502d4b814cd8591244a9b072bffbd50fb8a6f52,22909247,1752397523,13/07/25 09:05,0x0a7da29599a326568c88ef1ff2fb2f42262090fd,0xe5544a2a5fa9b175da60d8eec67add5582bb31b0,,0,0,0,1.37028E-05,0.042692652,2973.01,,,Mint
0xdc1692f5641b389752264581dd09768ea76275cb1a0b08786e38a80208919ede,22909263,1752397715,13/07/25 09:08,0x0a7da29599a326568c88ef1ff2fb2f42262090fd,0xe5544a2a5fa9b175da60d8eec67add5582bb31b0,,0,0,0,1.24482E-05,0.038783811,2973.01,,,Mint
0x1ca6c9e45e1deb1020684ffbb216f48ab874a6ea144f568c07dda4500ad7d2de,22909268,1752397775,13/07/25 09:09,0x0a7da29599a326568c88ef1ff2fb2f42262090fd,0xe5544a2a5fa9b175da60d8eec67add5582bb31b0,,0,0,0,1.21984E-05,0.038005502,2973.01,,,Mint
0x612ba34334d05f0b1a4060e570d29ab5bbec773a243ecf371f48bebc5863bc3f,22909303,1752398195,13/07/25 09:16,0x0a7da29599a326568c88ef1ff2fb2f42262090fd,0xe5544a2a5fa9b175da60d8eec67add5582bb31b0,,0,0,0,1.18247E-05,0.036841221,2973.01,,,Mint
0x7777be453aa1a30dedb9175cc1893c437d9c5d06e0f3d72d91e756abfe3c34a3,22909309,1752398267,13/07/25 09:17,0x0a7da29599a326568c88ef1ff2fb2f42262090fd,0xe5544a2a5fa9b175da60d8eec67add5582bb31b0,,0,0,0,1.13264E-05,0.035288821,2973.01,,,Mint
0x4003760dfe054acaad1f1cf87e0574355fc2fa2777329bb0d745fc7b90c721b7,22909316,1752398351,13/07/25 09:19,0x0a7da29599a326568c88ef1ff2fb2f42262090fd,0xe5544a2a5fa9b175da60d8eec67add5582bb31b0,,0,0,0,1.29187E-05,0.040249735,2973.01,,,Mint
0x9c0d9e79c19a7c7ce75d574c99e1a51bcf542b78dbc2e118eea52365db7b4120,22909327,1752398483,13/07/25 09:21,0x0a7da29599a326568c88ef1ff2fb2f42262090fd,0xe5544a2a5fa9b175da60d8eec67add5582bb31b0,,0,0,0,1.41584E-05,0.044112074,2973.01,,,Mint
0xb8ef45dc16d82444bb5e0c7ffa5c58558ff8989c0708b1138765dfcba18381ac,22909357,1752398843,13/07/25 09:27,0x0a7da29599a326568c88ef1ff2fb2f42262090fd,0xe5544a2a5fa9b175da60d8eec67add5582bb31b0,,0,0,0,1.2212E-05,0.038047758,2973.01,,,Mint
0x8fcfc4e75ee3c18b6fdc336d44a0ded7094d8b55d61761adb081149367ee8b48,22909361,1752398891,13/07/25 09:28,0x0a7da29599a326568c88ef1ff2fb2f42262090fd,0xe5544a2a5fa9b175da60d8eec67add5582bb31b0,,0,0,0,1.39171E-05,0.043360169,2973.01,,,Mint
0x26fb81b0edb11775dd5700f4975d4ba597fa1fe490d2da296e45a851f9341872,22909394,1752399287,13/07/25 09:34,0x0a7da29599a326568c88ef1ff2fb2f42262090fd,0xe5544a2a5fa9b175da60d8eec67add5582bb31b0,,0,0,0,1.98325E-05,0.061790389,2973.01,,,Mint
0x3db3e2f16c9e873b2f7621911f2b3aacac946e2a46f8556ccd68d5bd0b610771,22909402,1752399383,13/07/25 09:36,0x0a7da29599a326568c88ef1ff2fb2f42262090fd,0xe5544a2a5fa9b175da60d8eec67add5582bb31b0,,0,0,0,2.14133E-05,0.066715607,2973.01,,,Mint
0x34d55eb68133393f841f1f11f48acca54f578702b804aa10648cbb749286c1f5,22909427,1752399683,13/07/25 09:41,0x0a7da29599a326568c88ef1ff2fb2f42262090fd,0xe5544a2a5fa9b175da60d8eec67add5582bb31b0,,0,0,0,2.09195E-05,0.065177188,2973.01,,,Mint
0xba67b6f7907a7d9005bc0add48c50201fb39cc6c4af2924e5fa488677eebb227,22909432,1752399743,13/07/25 09:42,0x0a7da29599a326568c88ef1ff2fb2f42262090fd,0xe5544a2a5fa9b175da60d8eec67add5582bb31b0,,0,0,0,2.11491E-05,0.065892419,2973.01,,,Mint
0xfb0b985a47f26331b0ffaf45d13e656cfe64e9ca85b2d076fb41156f8920dd7a,22909437,1752399803,13/07/25 09:43,0x0a7da29599a326568c88ef1ff2fb2f42262090fd,0xe5544a2a5fa9b175da60d8eec67add5582bb31b0,,0,0,0,2.28521E-05,0.071198285,2973.01,,,Mint
0x1a6f7ce81408076774f0e12746366bd9cceb206271da8fbd021ea055be4f624c,22909453,1752399995,13/07/25 09:46,0x0a7da29599a326568c88ef1ff2fb2f42262090fd,0xe5544a2a5fa9b175da60d8eec67add5582bb31b0,,0,0,0,2.19567E-05,0.068408631,2973.01,,,Mint
0x95021a0106d360f6b739100903cb1d477134535e8e7a1ac3215b514977986ea5,22909483,1752400355,13/07/25 09:52,0x0a7da29599a326568c88ef1ff2fb2f42262090fd,0xe5544a2a5fa9b175da60d8eec67add5582bb31b0,,0,0,0,2.42651E-05,0.075600815,2973.01,,,Mint
0xb4a2e0efc5fade51ab7dad2b59ae010ddf5f31ac37b8be75e9db68d4296c6a0f,22909498,1752400535,13/07/25 09:55,0x0a7da29599a326568c88ef1ff2fb2f42262090fd,0xe5544a2a5fa9b175da60d8eec67add5582bb31b0,,0,0,0,2.09913E-05,0.06540093,2973.01,,,Mint
0x472be930080a42b2efa55d077b91d61510e024d78747c4eb904c42e67477382a,22909527,1752400883,13/07/25 10:01,0x0a7da29599a326568c88ef1ff2fb2f42262090fd,0xe5544a2a5fa9b175da60d8eec67add5582bb31b0,,0,0,0,2.35209E-05,0.073282113,2973.01,,,Mint
0x603be1941545f05a0f6ad57762b38954d85390130dc8eba22955935e32a8fd3d,22909552,1752401183,13/07/25 10:06,0x0a7da29599a326568c88ef1ff2fb2f42262090fd,0xe5544a2a5fa9b175da60d8eec67add5582bb31b0,,0,0,0,2.20964E-05,0.068843748,2973.01,,,Mint
0xc49456bfd3ee9997a35e405c865f70fdb250f8d27e1c8f3f1871a0548e588c39,22909566,1752401351,13/07/25 10:09,0x0a7da29599a326568c88ef1ff2fb2f42262090fd,0xe5544a2a5fa9b175da60d8eec67add5582bb31b0,,0,0,0,2.55298E-05,0.079540839,2973.01,,,Mint
0x461b7acbdd735268308266d4b6131587a3993225000f30a25fddc09cba0b879a,22909577,1752401483,13/07/25 10:11,0x0a7da29599a326568c88ef1ff2fb2f42262090fd,0xe5544a2a5fa9b175da60d8eec67add5582bb31b0,,0,0,0,2.88223E-05,0.089799118,2973.01,,,Mint
0xba8f5873febf50ea3770eb15a9314734717c97371df38b559aeeaef9a43ddda7,22909582,1752401543,13/07/25 10:12,0x0a7da29599a326568c88ef1ff2fb2f42262090fd,0xe5544a2a5fa9b175da60d8eec67add5582bb31b0,,0,0,0,2.73999E-05,0.085367424,2973.01,,,Mint
0x6eeabbf1d25020176c9f7c1ccd7a467de52223a5795880bc98b751aa19dd1b2a,22909596,1752401711,13/07/25 10:15,0x0a7da29599a326568c88ef1ff2fb2f42262090fd,0xe5544a2a5fa9b175da60d8eec67add5582bb31b0,,0,0,0,2.50382E-05,0.078009316,2973.01,,,Mint
0x2eaa90b7de26e22386980d5d8abefd9de93e98315b032bedced7e4e2cb46fb63,22909600,1752401759,13/07/25 10:15,0x0a7da29599a326568c88ef1ff2fb2f42262090fd,0xe5544a2a5fa9b175da60d8eec67add5582bb31b0,,0,0,0,2.61115E-05,0.081353399,2973.01,,,Mint
0xd8df3419854a42cd548fad5d2c82ed531d192f81c9f12bd0ff8a6cd0f9ea6421,22909626,1752402071,13/07/25 10:21,0x0a7da29599a326568c88ef1ff2fb2f42262090fd,0xe5544a2a5fa9b175da60d8eec67add5582bb31b0,,0,0,0,1.67725E-05,0.052256486,2973.01,,,Mint
0x64a25916a267ec38289f577384a4c2c1e6dd45ac57d1409bac3181ffcee878d2,22909633,1752402155,13/07/25 10:22,0x0a7da29599a326568c88ef1ff2fb2f42262090fd,0xe5544a2a5fa9b175da60d8eec67add5582bb31b0,,0,0,0,1.81624E-05,0.056586872,2973.01,,,Mint
0x0dde6f0c81506cbeb69f854364672fea57a9541ebc47daae1f3035584b316f84,22909647,1752402323,13/07/25 10:25,0x0a7da29599a326568c88ef1ff2fb2f42262090fd,0xe5544a2a5fa9b175da60d8eec67add5582bb31b0,,0,0,0,1.80887E-05,0.056357382,2973.01,,,Mint
0x8498907b7e85519a5bb136c4bbffc355834d23d45469984f5d10e945071b3d4f,22909692,1752402863,13/07/25 10:34,0x0a7da29599a326568c88ef1ff2fb2f42262090fd,0xe5544a2a5fa9b175da60d8eec67add5582bb31b0,,0,0,0,1.92365E-05,0.059933441,2973.01,,,Mint
0x9df2eba4735b1c0c9104cc37af6c529e628bbec1e865be17ac0025c602a02033,22909705,1752403019,13/07/25 10:36,0x0a7da29599a326568c88ef1ff2fb2f42262090fd,0xe5544a2a5fa9b175da60d8eec67add5582bb31b0,,0,0,0,1.5139E-05,0.047167299,2973.01,,,Mint
0x3081705c2e4caf94b8cabd7036f59a150caefb7895c05a3d8e9f47143be01cff,22909709,1752403067,13/07/25 10:37,0x0a7da29599a326568c88ef1ff2fb2f42262090fd,0xe5544a2a5fa9b175da60d8eec67add5582bb31b0,,0,0,0,1.53955E-05,0.047966581,2973.01,,,Mint
0xc3b0997f921aac30b63472c8a15afe143e7c1a02e7609762b0a1d103c36915ab,22909728,1752403295,13/07/25 10:41,0x0a7da29599a326568c88ef1ff2fb2f42262090fd,0xe5544a2a5fa9b175da60d8eec67add5582bb31b0,,0,0,0,1.19834E-05,0.037335489,2973.01,,,Mint
0x4c90108191f5740c5376eef3aeff46cfa78bb7c12f7a4555f5d7c16b95556d77,22909744,1752403499,13/07/25 10:44,0x0a7da29599a326568c88ef1ff2fb2f42262090fd,0xe5544a2a5fa9b175da60d8eec67add5582bb31b0,,0,0,0,1.22845E-05,0.038273662,2973.01,,,Mint
0x00af4db5c6181a9ba7e7517d73f414b2f8f9a2ba37781b5ab5761bc08dfa9cf9,22909766,1752403763,13/07/25 10:49,0x0a7da29599a326568c88ef1ff2fb2f42262090fd,0xe5544a2a5fa9b175da60d8eec67add5582bb31b0,,0,0,0,1.33106E-05,0.041470635,2973.01,,,Mint
0xff13097f56a6bdb6630955bd431444683cb3604d54c07fb353e6ea1c95155f1c,22909791,1752404063,13/07/25 10:54,0x0a7da29599a326568c88ef1ff2fb2f42262090fd,0xe5544a2a5fa9b175da60d8eec67add5582bb31b0,,0,0,0,1.14721E-05,0.035742737,2973.01,,,Mint
0x7b456638080fda5161725bf0a19327cd567e71c39a75e93256c95699132966ea,22909802,1752404195,13/07/25 10:56,0x0a7da29599a326568c88ef1ff2fb2f42262090fd,0xe5544a2a5fa9b175da60d8eec67add5582bb31b0,,0,0,0,1.1794E-05,0.036745672,2973.01,,,Mint
0x09fa8e755646c3b89f186149487a051a03385e6bd73d7559eca9b10a66360091,22909818,1752404387,13/07/25 10:59,0x0a7da29599a326568c88ef1ff2fb2f42262090fd,0xe5544a2a5fa9b175da60d8eec67add5582bb31b0,,0,0,0,1.12688E-05,0.035109354,2973.01,,,Mint
0xa1e20abb544db823a97bfe58b6c0bbe49fa34b5ed373fef6eca2e8b19d9c3a68,22909826,1752404483,13/07/25 11:01,0x0a7da29599a326568c88ef1ff2fb2f42262090fd,0xe5544a2a5fa9b175da60d8eec67add5582bb31b0,,0,0,0,1.25302E-05,0.039039273,2973.01,,,Mint
0xc4caddb6623a46ac18983fb7e30eecb8730c228e47b8204c4c1d5181d17ade04,22909855,1752404843,13/07/25 11:07,0x0a7da29599a326568c88ef1ff2fb2f42262090fd,0xe5544a2a5fa9b175da60d8eec67add5582bb31b0,,0,0,0,1.12967E-05,0.035196266,2973.01,,,Mint
0x6a96bd107077271dde87d7546798b30c94f1bf4e2bbb6c61d6188b744b52fd81,22909892,1752405287,13/07/25 11:14,0x0a7da29599a326568c88ef1ff2fb2f42262090fd,0xe5544a2a5fa9b175da60d8eec67add5582bb31b0,,0,0,0,1.27423E-05,0.03970018,2973.01,,,Mint
0x09abce12c9622791b5edc423cf9161aede507060354ec73958fb4a5f9fb3c366,22909897,1752405347,13/07/25 11:15,0x0a7da29599a326568c88ef1ff2fb2f42262090fd,0xe5544a2a5fa9b175da60d8eec67add5582bb31b0,,0,0,0,1.4178E-05,0.044173249,2973.01,,,Mint
0x63127c5c052eaff602e8082ca089ee38b9634b3f998a7ff9adaaae33469e775a,22909909,1752405491,13/07/25 11:18,0x0a7da29599a326568c88ef1ff2fb2f42262090fd,0xe5544a2a5fa9b175da60d8eec67add5582bb31b0,,0,0,0,1.47188E-05,0.045858132,2973.01,,,Mint
0x8b80b89367eb1b84fb296f712ea44818c13e700d8b44da428db2761363bf4f06,22910089,1752407663,13/07/25 11:54,0x0a7da29599a326568c88ef1ff2fb2f42262090fd,0xe5544a2a5fa9b175da60d8eec67add5582bb31b0,,0,0,0,1.36538E-05,0.042540105,2973.01,,,Mint
0xc47ea58d84ee24af47d703edc2ecf88931230cdf3ec58e2df6e057bbf6a2e687,22910106,1752407867,13/07/25 11:57,0x0a7da29599a326568c88ef1ff2fb2f42262090fd,0xe5544a2a5fa9b175da60d8eec67add5582bb31b0,,0,0,0,1.14262E-05,0.035599603,2973.01,,,Mint
0xfc77b48260b1cab29d062c0b1086388ffb292cc00b47513cabf0fe605040f61a,22910120,1752408035,13/07/25 12:00,0x0a7da29599a326568c88ef1ff2fb2f42262090fd,0xe5544a2a5fa9b175da60d8eec67add5582bb31b0,,0,0,0,1.44743E-05,0.045096432,2973.01,,,Mint
0x34edbcde9f20592aff25ea4fc9223829f415018389d4d74c595a250dd2b2383d,22910268,1752409823,13/07/25 12:30,0x0a7da29599a326568c88ef1ff2fb2f42262090fd,0xe5544a2a5fa9b175da60d8eec67add5582bb31b0,,0,0,0,1.30941E-05,0.040796152,2973.01,,,Mint
0x454dd90f436615384e540c1579e0ea3c2e4a8fc7ceae45550f6403fc2bdd2b61,22910282,1752409991,13/07/25 12:33,0x0a7da29599a326568c88ef1ff2fb2f42262090fd,0xe5544a2a5fa9b175da60d8eec67add5582bb31b0,,0,0,0,1.31686E-05,0.04102826,2973.01,,,Mint
0xe3c414778749cb337a1b412309ce0ef5c70659dfde3dea91a6a97207c2fb16f8,22910287,1752410051,13/07/25 12:34,0x0a7da29599a326568c88ef1ff2fb2f42262090fd,0xe5544a2a5fa9b175da60d8eec67add5582bb31b0,,0,0,0,1.40153E-05,0.043666263,2973.01,,,Mint
0x636de67067fb83ea3849127340ec21d49b13d75e24022aa8c80801f26079aec6,22910308,1752410303,13/07/25 12:38,0x0a7da29599a326568c88ef1ff2fb2f42262090fd,0xe5544a2a5fa9b175da60d8eec67add5582bb31b0,,0,0,0,1.71301E-05,0.053370641,2973.01,,,Mint
0x31253839032ca61e8b63ab307d85c18ccdb1802a4afaa26be868916f1e7f34f2,22910319,1752410435,13/07/25 12:40,0x0a7da29599a326568c88ef1ff2fb2f42262090fd,0xe5544a2a5fa9b175da60d8eec67add5582bb31b0,,0,0,0,1.57943E-05,0.049208831,2973.01,,,Mint
0x14f3617caf64011e6343462bf98b3a9a9db33e600af979122fd29a03083a2eb7,22910326,1752410519,13/07/25 12:41,0x0a7da29599a326568c88ef1ff2fb2f42262090fd,0xe5544a2a5fa9b175da60d8eec67add5582bb31b0,,0,0,0,1.50586E-05,0.046916792,2973.01,,,Mint
0x8751d2325022eec996a67cda867fa3f9c18c8aae783c2cf82ad32f591aa62de5,22910332,1752410591,13/07/25 12:43,0x0a7da29599a326568c88ef1ff2fb2f42262090fd,0xe5544a2a5fa9b175da60d8eec67add5582bb31b0,,0,0,0,1.34829E-05,0.042007384,2973.01,,,Mint
0xce7f2847ed25487b4bfea2276a6e16be0660ea23a64099c4338eee1ac274a25e,22910353,1752410843,13/07/25 12:47,0x0a7da29599a326568c88ef1ff2fb2f42262090fd,0xe5544a2a5fa9b175da60d8eec67add5582bb31b0,,0,0,0,1.28377E-05,0.039997442,2973.01,,,Mint
0x020e2f157c0c6f940c2de45f89fde44539a5718e29d4b11c2fb492a258f62677,22910395,1752411347,13/07/25 12:55,0x0a7da29599a326568c88ef1ff2fb2f42262090fd,0xe5544a2a5fa9b175da60d8eec67add5582bb31b0,,0,0,0,2.41162E-05,0.075136755,2973.01,,,Mint
0xadf6a965f06403f680bc4b7ff95abd9d774ae415b3e289a8e41b04035e86b658,22910409,1752411515,13/07/25 12:58,0x0a7da29599a326568c88ef1ff2fb2f42262090fd,0xe5544a2a5fa9b175da60d8eec67add5582bb31b0,,0,0,0,2.0258E-05,0.063116102,2973.01,,,Mint
0xd359061fcc2285d62bf26f77b8f4e7416af7e9389281ed80f266753f7353515f,22910436,1752411851,13/07/25 13:04,0x0a7da29599a326568c88ef1ff2fb2f42262090fd,0xe5544a2a5fa9b175da60d8eec67add5582bb31b0,,0,0,0,2.76802E-05,0.086240841,2973.01,,,Mint
0xdb085d41af78b770c47411a8643af2aa56f0d1948a0030c6dbf718cd55b449d2,22910446,1752411971,13/07/25 13:06,0x0a7da29599a326568c88ef1ff2fb2f42262090fd,0xe5544a2a5fa9b175da60d8eec67add5582bb31b0,,0,0,0,2.91651E-05,0.090867026,2973.01,,,Mint
0xbf2f368f7de23eec29564abe167ed8b55b7c030813870aedf2a21e6c775e8ff9,22910471,1752412271,13/07/25 13:11,0x0a7da29599a326568c88ef1ff2fb2f42262090fd,0xe5544a2a5fa9b175da60d8eec67add5582bb31b0,,0,0,0,2.97043E-05,0.09254701,2973.01,,,Mint
0xc3b949b8ce1abde8de4340e0f19e570c536940edf3afd4243cb586a4a83b5deb,22910487,1752412463,13/07/25 13:14,0x0a7da29599a326568c88ef1ff2fb2f42262090fd,0xe5544a2a5fa9b175da60d8eec67add5582bb31b0,,0,0,0,3.2235E-05,0.100431793,2973.01,,,Mint
0xe0bfffeb01bf052b19a83ee2f729e7fec840c0b8f32f863f2cb227ba11c0e58e,22910502,1752412655,13/07/25 13:17,0x0a7da29599a326568c88ef1ff2fb2f42262090fd,0xe5544a2a5fa9b175da60d8eec67add5582bb31b0,,0,0,0,3.25342E-05,0.101364051,2973.01,,,Mint
0xf661cc5862bf13c974795f7cb618a10014c2a23283c1b290c566d914fca0e5fb,22910508,1752412727,13/07/25 13:18,0x0a7da29599a326568c88ef1ff2fb2f42262090fd,0xe5544a2a5fa9b175da60d8eec67add5582bb31b0,,0,0,0,3.33006E-05,0.10375186,2973.01,,,Mint
0x1358dd7558dcec17516dbc61d0f1ac145576eac416b82ebf39bcfb66227ef6cc,22910519,1752412859,13/07/25 13:20,0x0a7da29599a326568c88ef1ff2fb2f42262090fd,0xe5544a2a5fa9b175da60d8eec67add5582bb31b0,,0,0,0,3.31767E-05,0.103365884,2973.01,,,Mint
0x22e0c89cbbc35be76af6f82c5aa0f798027f886b66049283b373750ec2140796,22910550,1752413231,13/07/25 13:27,0x0a7da29599a326568c88ef1ff2fb2f42262090fd,0xe5544a2a5fa9b175da60d8eec67add5582bb31b0,,0,0,0,3.91263E-05,0.121902327,2973.01,,,Mint
0x8e45a5bab08248923d64d859af590d25877562ffe538ca93d52adc8d2cd835c5,22910578,1752413579,13/07/25 13:32,0x0a7da29599a326568c88ef1ff2fb2f42262090fd,0xe5544a2a5fa9b175da60d8eec67add5582bb31b0,,0,0,0,4.3505E-05,0.135544866,2973.01,,,Mint
0xc6116863662bbc27a2c4c65ba16146e8bc13987d327c42a70c4e4d608707f33e,22910591,1752413747,13/07/25 13:35,0x0a7da29599a326568c88ef1ff2fb2f42262090fd,0xe5544a2a5fa9b175da60d8eec67add5582bb31b0,,0,0,0,5.14683E-05,0.160355462,2973.01,,,Mint
0xb9384251ee61c3fb5a78e0a0bfada2d49e005c57501cfbfb5150dfce7d21be27,22910598,1752413831,13/07/25 13:37,0x0a7da29599a326568c88ef1ff2fb2f42262090fd,0xe5544a2a5fa9b175da60d8eec67add5582bb31b0,,0,0,0,5.1343E-05,0.159964862,2973.01,,,Mint
0x6f785ca1d28c22f5ee33008d8ad21f81d64e8e36a9604f75d0e7d7fd2d502b7c,22910610,1752413975,13/07/25 13:39,0x0a7da29599a326568c88ef1ff2fb2f42262090fd,0xe5544a2a5fa9b175da60d8eec67add5582bb31b0,,0,0,0,4.73998E-05,0.147679536,2973.01,,,Mint
0xf41aa8919b4eca0076e696ea678ae6064a959a33fcda3ac2ad20ef174cc1f5a9,22910645,1752414407,13/07/25 13:46,0x0a7da29599a326568c88ef1ff2fb2f42262090fd,0xe5544a2a5fa9b175da60d8eec67add5582bb31b0,,0,0,0,4.23016E-05,0.131795403,2973.01,,,Mint
0x740c71c301218f78c5420f3e57108f245b846db97075350aceac4f9a983d4e82,22910745,1752415619,13/07/25 14:06,0x0a7da29599a326568c88ef1ff2fb2f42262090fd,0xe5544a2a5fa9b175da60d8eec67add5582bb31b0,,0,0,0,3.78749E-05,0.118003433,2973.01,,,Mint
0xe6036e686c8c00e7f5259fcbae27c0c56955c8a26681b121e8aaf57201b4a1b6,22910762,1752415823,13/07/25 14:10,0x0a7da29599a326568c88ef1ff2fb2f42262090fd,0xe5544a2a5fa9b175da60d8eec67add5582bb31b0,,0,0,0,4.70695E-05,0.14665027,2973.01,,,Mint
0x98a22e77afc69825604a4ad963fe29b043264241a8b0ec6b62530a7d73e3684d,22910793,1752416207,13/07/25 14:16,0x0a7da29599a326568c88ef1ff2fb2f42262090fd,0xe5544a2a5fa9b175da60d8eec67add5582bb31b0,,0,0,0,6.43398E-05,0.200457929,2973.01,,,Mint
0xaed399e56096f422f5fdd29e0baff3e0d098f86d4a165cc8eb2ea0d7f9632a2b,22910820,1752416555,13/07/25 14:22,0x0a7da29599a326568c88ef1ff2fb2f42262090fd,0xe5544a2a5fa9b175da60d8eec67add5582bb31b0,,0,0,0,0.000123847,0.385858063,2973.01,,,Mint
0x68bdd88077eead17161acfee3d18924dc08281e54f8e97ad9261e1fbb6f23bb9,22910855,1752416975,13/07/25 14:29,0x0a7da29599a326568c88ef1ff2fb2f42262090fd,0xe5544a2a5fa9b175da60d8eec67add5582bb31b0,,0,0,0,0.000113721,0.35430941,2973.01,,,Mint
0xf90db7c583c0d30efe889a9cd6bcb3f1391f49078f72a85e183f0156182ec9cf,22910928,1752417851,13/07/25 14:44,0x0a7da29599a326568c88ef1ff2fb2f42262090fd,0xe5544a2a5fa9b175da60d8eec67add5582bb31b0,,0,0,0,0.000183234,0.570887545,2973.01,,,Mint
0x7b355ac2df156eb88cc9647e60c416268cf3df27ce4d237c665f0f949a045330,22910935,1752417935,13/07/25 14:45,0x0a7da29599a326568c88ef1ff2fb2f42262090fd,0xe5544a2a5fa9b175da60d8eec67add5582bb31b0,,0,0,0,0.000172524,0.537517932,2973.01,,,Mint
0xf1f6a560ca623af284239a649d46e54c5b5af4cb12ee3c7e2a37bfdad2dc833b,22910963,1752418271,13/07/25 14:51,0x0a7da29599a326568c88ef1ff2fb2f42262090fd,0xe5544a2a5fa9b175da60d8eec67add5582bb31b0,,0,0,0,0.000164165,0.511475436,2973.01,,,Mint
0x917a83928329086e9c156d9d24da849ab0f92e849b1df1832e3c33f4d72c2597,22910982,1752418499,13/07/25 14:54,0x0a7da29599a326568c88ef1ff2fb2f42262090fd,0xe5544a2a5fa9b175da60d8eec67add5582bb31b0,,0,0,0,0.00018907,0.58906964,2973.01,,,Mint
0xb77e83f772dc06712971737ac0cd3a0ccc9a85e13718a58ac730fe0491c2f0e8,22910988,1752418571,13/07/25 14:56,0x0a7da29599a326568c88ef1ff2fb2f42262090fd,0xe5544a2a5fa9b175da60d8eec67add5582bb31b0,,0,0,0,0.000178696,0.556747321,2973.01,,,Mint
0x0398d79d28a43d82730160f810be8c3b8060963ab2af5672598c02d4194677c1,22910995,1752418655,13/07/25 14:57,0x0a7da29599a326568c88ef1ff2fb2f42262090fd,0xe5544a2a5fa9b175da60d8eec67add5582bb31b0,,0,0,0,0.000173928,0.541893607,2973.01,,,Mint
0x30b02ecc1c8eedca272e0a20ba7350c744ee0e91566a8a067ae3f2ed5b3ed4fe,22911018,1752418931,13/07/25 15:02,0x0a7da29599a326568c88ef1ff2fb2f42262090fd,0xe5544a2a5fa9b175da60d8eec67add5582bb31b0,,0,0,0,0.000173157,0.539491256,2973.01,,,Mint
0xbe397559160eb50e65fa7f31af8125133cb5cedb9003e18a57ccd2eadaf38159,22911072,1752419579,13/07/25 15:12,0x0a7da29599a326568c88ef1ff2fb2f42262090fd,0xe5544a2a5fa9b175da60d8eec67add5582bb31b0,,0,0,0,0.000112187,0.34953101,2973.01,,,Mint
0x92cbade5dfcccb5b28c2294727a5f49c188ac377550a35b2e4d51abb96f06f9e,22911159,1752420623,13/07/25 15:30,0x0a7da29599a326568c88ef1ff2fb2f42262090fd,0xe5544a2a5fa9b175da60d8eec67add5582bb31b0,,0,0,0,8.78895E-05,0.273829556,2973.01,,,Mint
0xeee3e9169859fe486fe40f69e3d131d4ef9cc81f0072f8db8eaf293aff5f3534,22911189,1752420983,13/07/25 15:36,0x0a7da29599a326568c88ef1ff2fb2f42262090fd,0xe5544a2a5fa9b175da60d8eec67add5582bb31b0,,0,0,0,8.48385E-05,0.264324079,2973.01,,,Mint
0x336630562086cf7f7c5e05a242486611fd2d32c47a9c45e29cc108c1cd9417e2,22911199,1752421103,13/07/25 15:38,0x0a7da29599a326568c88ef1ff2fb2f42262090fd,0xe5544a2a5fa9b175da60d8eec67add5582bb31b0,,0,0,0,9.18505E-05,0.286170785,2973.01,,,Mint
0x9fc79fa8f4904b3e2b1cd58c11b1d23e2e4c2dde008d128b83a4f31b38f8dbbf,22911224,1752421403,13/07/25 15:43,0x0a7da29599a326568c88ef1ff2fb2f42262090fd,0xe5544a2a5fa9b175da60d8eec67add5582bb31b0,,0,0,0,8.69806E-05,0.270998071,2973.01,,,Mint
0x562179d7948c7dd215a971b23e0a03915fb647f50e1a56e19d53f456384c5e03,22911253,1752421751,13/07/25 15:49,0x0a7da29599a326568c88ef1ff2fb2f42262090fd,0xe5544a2a5fa9b175da60d8eec67add5582bb31b0,,0,0,0,7.58667E-05,0.236371386,2973.01,,,Mint
0x8830dd857d1edb9d29a445eba49898599b151bae5076f5a68e0d0db226c0a562,22911277,1752422039,13/07/25 15:53,0x0a7da29599a326568c88ef1ff2fb2f42262090fd,0xe5544a2a5fa9b175da60d8eec67add5582bb31b0,,0,0,0,6.6445E-05,0.207017026,2973.01,,,Mint
0x4799aba7e961c3d46118d59b78686b9420bfab73df5fe4cbea72d6c457e57172,22911303,1752422351,13/07/25 15:59,0x0a7da29599a326568c88ef1ff2fb2f42262090fd,0xe5544a2a5fa9b175da60d8eec67add5582bb31b0,,0,0,0,5.67643E-05,0.176855679,2973.01,,,Mint
0x967322a08273a00759f290fcef52dee74ac9958b72b7f905f627941790a3ff9b,22911310,1752422435,13/07/25 16:00,0x0a7da29599a326568c88ef1ff2fb2f42262090fd,0xe5544a2a5fa9b175da60d8eec67add5582bb31b0,,0,0,0,6.18766E-05,0.192783499,2973.01,,,Mint
0x16aa6574de8e50e0fd2ba84fb2edfafc453681b912f851c829edacec54626adc,22911353,1752422951,13/07/25 16:09,0x0a7da29599a326568c88ef1ff2fb2f42262090fd,0xe5544a2a5fa9b175da60d8eec67add5582bb31b0,,0,0,0,6.20385E-05,0.193287852,2973.01,,,Mint
0x3516a3a86689245dcf769af98873e01a274d0afb1d572e19d9c35694a01439f7,22911376,1752423227,13/07/25 16:13,0x0a7da29599a326568c88ef1ff2fb2f42262090fd,0xe5544a2a5fa9b175da60d8eec67add5582bb31b0,,0,0,0,7.14553E-05,0.222627016,2973.01,,,Mint
0x8d849e960df4f016593e390aa058e3e24871f9dcc33f270d0e92488e9a467485,22911381,1752423287,13/07/25 16:14,0x0a7da29599a326568c88ef1ff2fb2f42262090fd,0xe5544a2a5fa9b175da60d8eec67add5582bb31b0,,0,0,0,6.34054E-05,0.197546856,2973.01,,,Mint
0x18f853cf537af024404fde471e9123b3a26b9f7d7e1e350c726f6d4fdad0da2d,22911868,1752429131,13/07/25 17:52,0x0a7da29599a326568c88ef1ff2fb2f42262090fd,0xe5544a2a5fa9b175da60d8eec67add5582bb31b0,,0,0,0,4.99742E-05,0.155700352,2973.01,,,Mint
0x095b2464f745ae1e6f96427a77cfdc39984dbf069ded1e943ec56cd9c6fe004f,22911912,1752429671,13/07/25 18:01,0x0a7da29599a326568c88ef1ff2fb2f42262090fd,0xe5544a2a5fa9b175da60d8eec67add5582bb31b0,,0,0,0,5.59734E-05,0.174391566,2973.01,,,Mint
0xdf81d220cb9d69888734702fedcac4a3aa145fe0c0738e8d4c53f8380a3529ad,22911966,1752430319,13/07/25 18:11,0x0a7da29599a326568c88ef1ff2fb2f42262090fd,0xe5544a2a5fa9b175da60d8eec67add5582bb31b0,,0,0,0,5.27185E-05,0.164250314,2973.01,,,Mint
0xbae94a7f16ef2fd164c5327f59ade963d147556b072ea30e51f60085f81f4fe8,22911976,1752430451,13/07/25 18:14,0x0a7da29599a326568c88ef1ff2fb2f42262090fd,0xe5544a2a5fa9b175da60d8eec67add5582bb31b0,,0,0,0,5.50809E-05,0.171610664,2973.01,,,Mint
0x62d4bdc53739e3648d74358a647da0585b7e948fa859d2810879d52a2b83dbba,22912044,1752431279,13/07/25 18:27,0x0a7da29599a326568c88ef1ff2fb2f42262090fd,0xe5544a2a5fa9b175da60d8eec67add5582bb31b0,,0,0,0,7.98347E-05,0.248733983,2973.01,,,Mint
0x434c09386a0a47295f5f62293a21dfaf291f3824cb072590fab5be3046480a47,22912093,1752431867,13/07/25 18:37,0x0a7da29599a326568c88ef1ff2fb2f42262090fd,0xe5544a2a5fa9b175da60d8eec67add5582bb31b0,,0,0,0,5.766E-05,0.179646258,2973.01,,,Mint
0x1bc61d42d85f5b6d4326a728bace4e39f8061487a57355c85c476bcca28ca0ed,22912108,1752432047,13/07/25 18:40,0x0a7da29599a326568c88ef1ff2fb2f42262090fd,0xe5544a2a5fa9b175da60d8eec67add5582bb31b0,,0,0,0,6.22704E-05,0.194010548,2973.01,,,Mint
0xe45a87a2eea90c058afac7feb169036fbcaefd20e706d289e9a001fd63b020f6,22912139,1752432419,13/07/25 18:46,0x0a7da29599a326568c88ef1ff2fb2f42262090fd,0xe5544a2a5fa9b175da60d8eec67add5582bb31b0,,0,0,0,4.74591E-05,0.147864076,2973.01,,,Mint
0x5c9156558984ddbe6898657c580fa2f6afdcf7200c7468adec9f6eedd7acf208,22912205,1752433223,13/07/25 19:00,0x0a7da29599a326568c88ef1ff2fb2f42262090fd,0xe5544a2a5fa9b175da60d8eec67add5582bb31b0,,0,0,0,5.13506E-05,0.159988658,2973.01,,,Mint
0xd59e6e49b2e292972c3fe9ebe66fc5f20da869163f074301c49d7a982ac487a1,22912263,1752433919,13/07/25 19:11,0x0a7da29599a326568c88ef1ff2fb2f42262090fd,0xe5544a2a5fa9b175da60d8eec67add5582bb31b0,,0,0,0,4.38424E-05,0.136595869,2973.01,,,Mint
0x2ec0d8ee1f18f7215dcb13601261c50de6139eff85e45131c98629d1e9c46133,22912286,1752434195,13/07/25 19:16,0x0a7da29599a326568c88ef1ff2fb2f42262090fd,0xe5544a2a5fa9b175da60d8eec67add5582bb31b0,,0,0,0,4.14879E-05,0.129260391,2973.01,,,Mint
0x262707d114f5f923e7cdc625147fd402bc0147dde64c74a87dab22d46cf461d4,22912341,1752434855,13/07/25 19:27,0x0a7da29599a326568c88ef1ff2fb2f42262090fd,0xe5544a2a5fa9b175da60d8eec67add5582bb31b0,,0,0,0,5.60714E-05,0.174696683,2973.01,,,Mint
0xd0f5544327190f3fcec8619514595f440ee6c9342a8d95ece26b81e33ecfa9dc,22912358,1752435059,13/07/25 19:30,0x0a7da29599a326568c88ef1ff2fb2f42262090fd,0xe5544a2a5fa9b175da60d8eec67add5582bb31b0,,0,0,0,5.90964E-05,0.184121657,2973.01,,,Mint
0xefab00bd3e8ada1d61402e2ea522c70f91107d3a3c6fd5175bfc165a25da242a,22912375,1752435263,13/07/25 19:34,0x0a7da29599a326568c88ef1ff2fb2f42262090fd,0xe5544a2a5fa9b175da60d8eec67add5582bb31b0,,0,0,0,6.66733E-05,0.207728322,2973.01,,,Mint
0xff940e0d832af1438b6ab0d0ac100a8cf1abc1c4c238f45a37d49a014896408c,22912379,1752435311,13/07/25 19:35,0x0a7da29599a326568c88ef1ff2fb2f42262090fd,0xe5544a2a5fa9b175da60d8eec67add5582bb31b0,,0,0,0,6.28791E-05,0.195906879,2973.01,,,Mint
0x645fb809353f9b573650ba2cfee606e442cb2c2071e5fc4693d1eeac8eb25aeb,22912403,1752435599,13/07/25 19:39,0x0a7da29599a326568c88ef1ff2fb2f42262090fd,0xe5544a2a5fa9b175da60d8eec67add5582bb31b0,,0,0,0,5.99781E-05,0.186868556,2973.01,,,Mint
0x7503dda13b4774448b4afb77e06e4e474a87f58ddb0d59a4ed1a7528fcfbb451,22912449,1752436151,13/07/25 19:49,0x0a7da29599a326568c88ef1ff2fb2f42262090fd,0xe5544a2a5fa9b175da60d8eec67add5582bb31b0,,0,0,0,5.45975E-05,0.170104804,2973.01,,,Mint
0x715f6f7437cb983568a720ca9c628c016d0a67e80ef62366020dd30a0cd346ff,22912461,1752436295,13/07/25 19:51,0x0a7da29599a326568c88ef1ff2fb2f42262090fd,0xe5544a2a5fa9b175da60d8eec67add5582bb31b0,,0,0,0,5.8656E-05,0.182749362,2973.01,,,Mint
0xfd474aba5e5ec0a001720bc70a856c2858c312891574f78220d9fd45d550c61e,22912472,1752436427,13/07/25 19:53,0x0a7da29599a326568c88ef1ff2fb2f42262090fd,0xe5544a2a5fa9b175da60d8eec67add5582bb31b0,,0,0,0,5.47627E-05,0.170619533,2973.01,,,Mint
0x735f2330ddbbc5af3d519f8ac7510eaacada535cde0f328fb0674299fc356c02,22912481,1752436535,13/07/25 19:55,0x0a7da29599a326568c88ef1ff2fb2f42262090fd,0xe5544a2a5fa9b175da60d8eec67add5582bb31b0,,0,0,0,4.82169E-05,0.150225282,2973.01,,,Mint
0x42ee264177568f5d9d868eedef85e2de330a1099ccb54447ef8ac253a08a7a6e,22912494,1752436691,13/07/25 19:58,0x0a7da29599a326568c88ef1ff2fb2f42262090fd,0xe5544a2a5fa9b175da60d8eec67add5582bb31b0,,0,0,0,4.3383E-05,0.135164719,2973.01,,,Mint
0x9a5f93bbc27b3985e91ff1dd9106a1234a2d66908391ddf72cf077eb5293a628,22912505,1752436823,13/07/25 20:00,0x0a7da29599a326568c88ef1ff2fb2f42262090fd,0xe5544a2a5fa9b175da60d8eec67add5582bb31b0,,0,0,0,4.5811E-05,0.142729281,2973.01,,,Mint
0x6ad4c2dbe2d8172a868cfed64d10af56a4abdbf7489f47439740d59f0c6cbd33,22912578,1752437699,13/07/25 20:14,0x0a7da29599a326568c88ef1ff2fb2f42262090fd,0xe5544a2a5fa9b175da60d8eec67add5582bb31b0,,0,0,0,5.51948E-05,0.171965576,2973.01,,,Mint
0xcdd005488e1df1ba722055f8e5a118e98e981ee617cb3db2eaf34f92ced6e729,22912626,1752438299,13/07/25 20:24,0x0a7da29599a326568c88ef1ff2fb2f42262090fd,0xe5544a2a5fa9b175da60d8eec67add5582bb31b0,,0,0,0,5.65279E-05,0.176119163,2973.01,,,Mint
0x8e27beb5010f0e4831bf6fbdb29448de2ad8f257b01e96408c0075c3f22b1ac5,22912668,1752438803,13/07/25 20:33,0x0a7da29599a326568c88ef1ff2fb2f42262090fd,0xe5544a2a5fa9b175da60d8eec67add5582bb31b0,,0,0,0,4.36779E-05,0.136083309,2973.01,,,Mint
0xd76ed631019f61222f8ef3a2e51441996603207e9dd61166777988308499137f,22912837,1752440831,13/07/25 21:07,0x0a7da29599a326568c88ef1ff2fb2f42262090fd,0xe5544a2a5fa9b175da60d8eec67add5582bb31b0,,0,0,0,3.48115E-05,0.108459281,2973.01,,,Mint
0x4b30368aeea3254be896517f8cd29168f33b8db7412690fc25de4e3df88c23f9,22912914,1752441779,13/07/25 21:22,0x0a7da29599a326568c88ef1ff2fb2f42262090fd,0xe5544a2a5fa9b175da60d8eec67add5582bb31b0,,0,0,0,4.07878E-05,0.127078943,2973.01,,,Mint
0x1dd06e3a2ebf6ecd06dca3cb2b68503f49d020061a69c5a393515a8346ca33d1,22912948,1752442199,13/07/25 21:29,0x0a7da29599a326568c88ef1ff2fb2f42262090fd,0xe5544a2a5fa9b175da60d8eec67add5582bb31b0,,0,0,0,3.66038E-05,0.114043378,2973.01,,,Mint
0x8886d796b8eca566197e97f9324cd87f729c605e49585ed14b76e61b3f8294a3,22912975,1752442523,13/07/25 21:35,0x0a7da29599a326568c88ef1ff2fb2f42262090fd,0xe5544a2a5fa9b175da60d8eec67add5582bb31b0,,0,0,0,3.54933E-05,0.110583441,2973.01,,,Mint
0x90fbb9872c5c03753d079fe6f7ae7f26c33916db9c6a921d65bdfd2c88761fe6,22912980,1752442583,13/07/25 21:36,0x0a7da29599a326568c88ef1ff2fb2f42262090fd,0xe5544a2a5fa9b175da60d8eec67add5582bb31b0,,0,0,0,3.96377E-05,0.123495738,2973.01,,,Mint
0x5b6a4e522fda319e9c0442ed45696ec4d094f74b944bcda4567121dc35344937,22913002,1752442847,13/07/25 21:40,0x0a7da29599a326568c88ef1ff2fb2f42262090fd,0xe5544a2a5fa9b175da60d8eec67add5582bb31b0,,0,0,0,6.93737E-05,0.216141775,2973.01,,,Mint
0xd45ba29ea7fcbd95f32df3917ffb1f9640f4d593230e3b9ff29ece080c34633c,22913026,1752443135,13/07/25 21:45,0x0a7da29599a326568c88ef1ff2fb2f42262090fd,0xe5544a2a5fa9b175da60d8eec67add5582bb31b0,,0,0,0,8.47438E-05,0.26402894,2973.01,,,Mint
0xf5959588bb428eb423be0ddae3256ba9992fadd477f286eb1a75d983b915f835,22913058,1752443519,13/07/25 21:51,0x0a7da29599a326568c88ef1ff2fb2f42262090fd,0xe5544a2a5fa9b175da60d8eec67add5582bb31b0,,0,0,0,7.3829E-05,0.230022581,2973.01,,,Mint
0xbd1e7fbd86f8c277f537d442539283b780c8e23b69ad8dd190e9d07b9b3df596,22913081,1752443795,13/07/25 21:56,0x0a7da29599a326568c88ef1ff2fb2f42262090fd,0xe5544a2a5fa9b175da60d8eec67add5582bb31b0,,0,0,0,5.3925E-05,0.168009458,2973.01,,,Mint
0x247a0328a607113c4c0da4685556d8e87c31c6e88aab8fca26f14e03ed7d44d7,22913134,1752444431,13/07/25 22:07,0x0a7da29599a326568c88ef1ff2fb2f42262090fd,0xe5544a2a5fa9b175da60d8eec67add5582bb31b0,,0,0,0,4.38752E-05,0.136698221,2973.01,,,Mint
0x6d0974d8bb1435d403ee3152f188f190d0cbeb96241f2efb3cd05e9b08594848,22913267,1752446051,13/07/25 22:34,0x0a7da29599a326568c88ef1ff2fb2f42262090fd,0xe5544a2a5fa9b175da60d8eec67add5582bb31b0,,0,0,0,3.5113E-05,0.109398409,2973.01,,,Mint
0xea7ab9f06033b2ca1252b111d906a767442504cd40aa51380aebd730be2f4085,22913319,1752446675,13/07/25 22:44,0x0a7da29599a326568c88ef1ff2fb2f42262090fd,0xe5544a2a5fa9b175da60d8eec67add5582bb31b0,,0,0,0,3.20646E-05,0.099900936,2973.01,,,Mint
0xeb2c9227d7556f210a40419197fde4dad1602227400b1f820461a1e98b2c4904,22913363,1752447203,13/07/25 22:53,0x0a7da29599a326568c88ef1ff2fb2f42262090fd,0xe5544a2a5fa9b175da60d8eec67add5582bb31b0,,0,0,0,2.31639E-05,0.072169634,2973.01,,,Mint
0xd6f09960c6ba14355c9629a12c3eef0a9f9a2c3b08a53f7746420ec7f325cfd5,22913373,1752447323,13/07/25 22:55,0x0a7da29599a326568c88ef1ff2fb2f42262090fd,0xe5544a2a5fa9b175da60d8eec67add5582bb31b0,,0,0,0,2.74487E-05,0.085519524,2973.01,,,Mint
0xfc79d79fecef600378465fd18172d2cd768822bb3bd41556cc4a2854d73ab9eb,22913395,1752447587,13/07/25 22:59,0x0a7da29599a326568c88ef1ff2fb2f42262090fd,0xe5544a2a5fa9b175da60d8eec67add5582bb31b0,,0,0,0,2.57255E-05,0.080150783,2973.01,,,Mint
0xaa2c54ce64d0e23acbbc06438ad00ad120cd44b93109b8931045c0d335c399e7,22913457,1752448331,13/07/25 23:12,0x0a7da29599a326568c88ef1ff2fb2f42262090fd,0xe5544a2a5fa9b175da60d8eec67add5582bb31b0,,0,0,0,2.34773E-05,0.073146237,2973.01,,,Mint
0x1a5c2cbcd18f15971df6bdfb9b4a180102725c5c8c7d7b866d4b3d2d6e58a4de,22913486,1752448679,13/07/25 23:17,0x0a7da29599a326568c88ef1ff2fb2f42262090fd,0xe5544a2a5fa9b175da60d8eec67add5582bb31b0,,0,0,0,2.22736E-05,0.069396077,2973.01,,,Mint
0xcb788cc565e855a93483a9837c553f5cd3a9817ac0780162f72a84d4b9dd37b8,22913501,1752448859,13/07/25 23:20,0x0a7da29599a326568c88ef1ff2fb2f42262090fd,0xe5544a2a5fa9b175da60d8eec67add5582bb31b0,,0,0,0,2.4401E-05,0.076023969,2973.01,,,Mint
0x6d177a4f0bf09d06527c7daed01248374aa25bcf08f7f7d5b93c6f7c36c58704,22913518,1752449063,13/07/25 23:24,0x0a7da29599a326568c88ef1ff2fb2f42262090fd,0xe5544a2a5fa9b175da60d8eec67add5582bb31b0,,0,0,0,2.28799E-05,0.071284836,2973.01,,,Mint
0xc87bfe3c365189c3f74a81ee91bcabe991e331826bde002ddfed32183a9860aa,22913530,1752449219,13/07/25 23:26,0x0a7da29599a326568c88ef1ff2fb2f42262090fd,0xe5544a2a5fa9b175da60d8eec67add5582bb31b0,,0,0,0,2.30847E-05,0.071923094,2973.01,,,Mint
0xf66af2bdf3a7c4076a859e0e22c2261a026d20343fc192e1fdc7714105ee10df,22913579,1752449819,13/07/25 23:36,0x0a7da29599a326568c88ef1ff2fb2f42262090fd,0xe5544a2a5fa9b175da60d8eec67add5582bb31b0,,0,0,0,2.263E-05,0.070506448,2973.01,,,Mint
0x3cefcc55f35cfbbcba838fdaa6385f3c4bdd040c61623284b29cc919c9932b37,22913589,1752449939,13/07/25 23:38,0x0a7da29599a326568c88ef1ff2fb2f42262090fd,0xe5544a2a5fa9b175da60d8eec67add5582bb31b0,,0,0,0,2.37234E-05,0.073912838,2973.01,,,Mint
0x3f285a32ad7fd72d443db624afc54a58861807cfcaeeecd2c1d5aa06f13b44f2,22913674,1752450959,13/07/25 23:55,0x0a7da29599a326568c88ef1ff2fb2f42262090fd,0xe5544a2a5fa9b175da60d8eec67add5582bb31b0,,0,0,0,1.76593E-05,0.055019667,2973.01,,,Mint
0x21e84cfafa52b2201c742669997c6989d5b0ae9a356912a5ecfd91ca90e88c0c,22913786,1752452315,14/07/25 00:18,0x0a7da29599a326568c88ef1ff2fb2f42262090fd,0xe5544a2a5fa9b175da60d8eec67add5582bb31b0,,0,0,0,1.94972E-05,0.06074563,3014.66,,,Mint
0xf7997faec00a6ed393a475da1d02b7bde22818bcaa23ae9b4e33f66de96fd818,22913993,1752454811,14/07/25 01:00,0x0a7da29599a326568c88ef1ff2fb2f42262090fd,0xe5544a2a5fa9b175da60d8eec67add5582bb31b0,,0,0,0,1.55658E-05,0.048497057,3014.66,,,Mint
0xda6f7e0a39832f1977ec56c458e167d8718ae1e5bac8524043984f96694c496a,22914023,1752455183,14/07/25 01:06,0x0a7da29599a326568c88ef1ff2fb2f42262090fd,0xe5544a2a5fa9b175da60d8eec67add5582bb31b0,,0,0,0,1.82907E-05,0.056986732,3014.66,,,Mint
0x5408a7aa946c796ad394502331ae6ec420b8dc8aeed2977d31051921b8338dc4,22914145,1752456647,14/07/25 01:30,0x0a7da29599a326568c88ef1ff2fb2f42262090fd,0xe5544a2a5fa9b175da60d8eec67add5582bb31b0,,0,0,0,1.37015E-05,0.042688699,3014.66,,,Mint
0x534c5888c7798afa49f8ad7c7d86844d4d7c7abeac3e1f3f8c40a1c563ba89b0,22914297,1752458483,14/07/25 02:01,0x0a7da29599a326568c88ef1ff2fb2f42262090fd,0xe5544a2a5fa9b175da60d8eec67add5582bb31b0,,0,0,0,2.61187E-05,0.081375816,3014.66,,,Mint
0x4ef1d401d5cbb33e5284acad6978e0fc233c6ef16098a6f7b954aec12059b320,22914328,1752458855,14/07/25 02:07,0x0a7da29599a326568c88ef1ff2fb2f42262090fd,0xe5544a2a5fa9b175da60d8eec67add5582bb31b0,,0,0,0,2.41731E-05,0.075313898,3014.66,,,Mint
0x53b4a03d8ebad7ce4608a69e876776c12ba70080bd7e79828199b2241327609f,22914375,1752459419,14/07/25 02:16,0x0a7da29599a326568c88ef1ff2fb2f42262090fd,0xe5544a2a5fa9b175da60d8eec67add5582bb31b0,,0,0,0,1.82298E-05,0.056797157,3014.66,,,Mint
0x928193c806e8e5ea4ce28ad31b1865b5858553833104753a00c540753da9ee1e,22914427,1752460043,14/07/25 02:27,0x0a7da29599a326568c88ef1ff2fb2f42262090fd,0xe5544a2a5fa9b175da60d8eec67add5582bb31b0,,0,0,0,3.49992E-05,0.109043839,3014.66,,,Mint
0xd85d26627a8d28dfb37307ff30fd7adfc9406f794c31885e6a61b48962464116,22914451,1752460331,14/07/25 02:32,0x0a7da29599a326568c88ef1ff2fb2f42262090fd,0xe5544a2a5fa9b175da60d8eec67add5582bb31b0,,0,0,0,3.99206E-05,0.124377065,3014.66,,,Mint
0xb4381e99d2d2ec9ad140773fe129677c096af2fc0fafdae70836dfeae179e0ed,22914638,1752462575,14/07/25 03:09,0x0a7da29599a326568c88ef1ff2fb2f42262090fd,0xe5544a2a5fa9b175da60d8eec67add5582bb31b0,,0,0,0,2.96594E-05,0.092407229,3014.66,,,Mint
0x85a4379a462315b417375c6f68c875273ed6f7049586b76d97878eaa1400c0cc,22914665,1752462899,14/07/25 03:14,0x0a7da29599a326568c88ef1ff2fb2f42262090fd,0xe5544a2a5fa9b175da60d8eec67add5582bb31b0,,0,0,0,3.71678E-05,0.115800536,3014.66,,,Mint
0x96270629a913c1de64f8ec828b4ea1fb4bcdfd28338101b85d93c85c1f3e70b8,22914671,1752462971,14/07/25 03:16,0x0a7da29599a326568c88ef1ff2fb2f42262090fd,0xe5544a2a5fa9b175da60d8eec67add5582bb31b0,,0,0,0,3.87309E-05,0.120670358,3014.66,,,Mint
0xb0b832270e904dddc60f49979b150b6431f2fb46f2a5d1660ecc0705cdfb54dc,22914709,1752463427,14/07/25 03:23,0x0a7da29599a326568c88ef1ff2fb2f42262090fd,0xe5544a2a5fa9b175da60d8eec67add5582bb31b0,,0,0,0,3.82831E-05,0.119275463,3014.66,,,Mint
0xb8c2fc09a6bd3923ec9495d6e003bc3baa29501f5641eb5a3df069647a69eac8,22914728,1752463655,14/07/25 03:27,0x0a7da29599a326568c88ef1ff2fb2f42262090fd,0xe5544a2a5fa9b175da60d8eec67add5582bb31b0,,0,0,0,5.44414E-05,0.169618496,3014.66,,,Mint
0xa2f0a6edf87fe88fe2b31ba99cc22f44f7df1469dedddae75d5f621e722bc84e,22914799,1752464519,14/07/25 03:41,0x0a7da29599a326568c88ef1ff2fb2f42262090fd,0xe5544a2a5fa9b175da60d8eec67add5582bb31b0,,0,0,0,4.61461E-05,0.143773548,3014.66,,,Mint
0x0c678ecbc7c8c80411cda2a202001b36099c05a82df965b710bf767cf6063f18,22914871,1752465383,14/07/25 03:56,0x0a7da29599a326568c88ef1ff2fb2f42262090fd,0xe5544a2a5fa9b175da60d8eec67add5582bb31b0,,0,0,0,6.01455E-05,0.187390195,3014.66,,,Mint
0x3bf5eacd52a8db28ee757ee1f2eceb94c58a6d167f7845bce8d500bed02ee719,22914884,1752465551,14/07/25 03:59,0x0a7da29599a326568c88ef1ff2fb2f42262090fd,0xe5544a2a5fa9b175da60d8eec67add5582bb31b0,,0,0,0,5.92993E-05,0.184753633,3014.66,,,Mint
0x87e5a8ae6781515109bea65f8f6e7e12b0da05906f44ea215b0485f2b64d40a9,22914903,1752465779,14/07/25 04:02,0x0a7da29599a326568c88ef1ff2fb2f42262090fd,0xe5544a2a5fa9b175da60d8eec67add5582bb31b0,,0,0,0,6.28485E-05,0.195811765,3014.66,,,Mint
0x0e76dad8a28521ccb9351b1b4915de755591967b8a11508023102adffd2ffd77,22914931,1752466127,14/07/25 04:08,0x0a7da29599a326568c88ef1ff2fb2f42262090fd,0xe5544a2a5fa9b175da60d8eec67add5582bb31b0,,0,0,0,6.22402E-05,0.193916403,3014.66,,,Mint
0x84e1efa4117057385a9a15f9ea3232d21ea1fedbd0c809c33211557b6e4bf1bb,22915049,1752467555,14/07/25 04:32,0x0a7da29599a326568c88ef1ff2fb2f42262090fd,0xe5544a2a5fa9b175da60d8eec67add5582bb31b0,,0,0,0,7.02081E-05,0.218741146,3014.66,,,Mint
0x5385707c70906872b53500d90d4463e49908efbd2d0986829787e76ffbfc1649,22915180,1752469139,14/07/25 04:58,0x0a7da29599a326568c88ef1ff2fb2f42262090fd,0xe5544a2a5fa9b175da60d8eec67add5582bb31b0,,0,0,0,6.87073E-05,0.214065277,3014.66,,,Mint
0xafc361f2601e203f860f231f8f070de2ed6bc6c0f0aab916844671f4fbd232d5,22915203,1752469415,14/07/25 05:03,0x0a7da29599a326568c88ef1ff2fb2f42262090fd,0xe5544a2a5fa9b175da60d8eec67add5582bb31b0,,0,0,0,8.86854E-05,0.276309555,3014.66,,,Mint
0x2683e9b504dbe0ae80dcb2366512ad42c9a76ee4b01edaccb1da64e8143999da,22915217,1752469583,14/07/25 05:06,0x0a7da29599a326568c88ef1ff2fb2f42262090fd,0xe5544a2a5fa9b175da60d8eec67add5582bb31b0,,0,0,0,9.34434E-05,0.29113356,3014.66,,,Mint
0x06749318fd3c6a66f9cd5be7f4fe488cd0eb1133214992f9e50a6dca1fbb2b84,22915241,1752469871,14/07/25 05:11,0x0a7da29599a326568c88ef1ff2fb2f42262090fd,0xe5544a2a5fa9b175da60d8eec67add5582bb31b0,,0,0,0,7.12721E-05,0.222056383,3014.66,,,Mint
0xa73e78f0a8145c0240f5fcf1aaf4ff5d7edfdd7c1f747016036d09cf13541089,22915289,1752470447,14/07/25 05:20,0x0a7da29599a326568c88ef1ff2fb2f42262090fd,0xe5544a2a5fa9b175da60d8eec67add5582bb31b0,,0,0,0,4.22427E-05,0.131612007,3014.66,,,Mint
0xd2e2e40cd77e774687135080c84a5f926cb5f8c5692bd969f429f625a319463b,22915320,1752470819,14/07/25 05:26,0x0a7da29599a326568c88ef1ff2fb2f42262090fd,0xe5544a2a5fa9b175da60d8eec67add5582bb31b0,,0,0,0,6.19045E-05,0.192870391,3014.66,,,Mint
0x06cba911b72df0b71f7c45eaca08c57b5eb7d9baf8abf9956a7dc48a0bb0d255,22915508,1752473087,14/07/25 06:04,0x0a7da29599a326568c88ef1ff2fb2f42262090fd,0xe5544a2a5fa9b175da60d8eec67add5582bb31b0,,0,0,0,0.000130472,0.406500894,3014.66,,,Mint
0xc005ac53f75c357faf7397e1f89b3b9322507baeb70adb9608a65bb6eaa29de7,22915514,1752473159,14/07/25 06:05,0x0a7da29599a326568c88ef1ff2fb2f42262090fd,0xe5544a2a5fa9b175da60d8eec67add5582bb31b0,,0,0,0,0.00012604,0.392692104,3014.66,,,Mint
0x1ea9d327287a1e17a332ae5f47ae1066d137fbc1536529ac34347f3922704b3f,22915961,1752478535,14/07/25 07:35,0x0a7da29599a326568c88ef1ff2fb2f42262090fd,0xe5544a2a5fa9b175da60d8eec67add5582bb31b0,,0,0,0,4.76885E-05,0.14857904,3014.66,,,Mint
0x33f143a8487785870ff8029aecfaee3cdaa098bb3ef2d436c869c90cbbac0733,22915982,1752478787,14/07/25 07:39,0x0a7da29599a326568c88ef1ff2fb2f42262090fd,0xe5544a2a5fa9b175da60d8eec67add5582bb31b0,,0,0,0,5.83501E-05,0.181796394,3014.66,,,Mint
0xe591e026a6859b50ece003b95b57079ffe566502125330071afdef835f42d957,22916014,1752479171,14/07/25 07:46,0x0a7da29599a326568c88ef1ff2fb2f42262090fd,0xe5544a2a5fa9b175da60d8eec67add5582bb31b0,,0,0,0,8.76018E-05,0.272933329,3014.66,,,Mint
0xd0ab5017826f5ea1042962ec058b48b140a9544f0b1bc9957f1091a28abf483f,22916018,1752479219,14/07/25 07:46,0x0a7da29599a326568c88ef1ff2fb2f42262090fd,0xe5544a2a5fa9b175da60d8eec67add5582bb31b0,,0,0,0,8.3785E-05,0.261041587,3014.66,,,Mint
0x903422e66b1de466a631401ae58a651812190ff3d5b457bbda0304feaea622bc,22916029,1752479351,14/07/25 07:49,0x0a7da29599a326568c88ef1ff2fb2f42262090fd,0xe5544a2a5fa9b175da60d8eec67add5582bb31b0,,0,0,0,8.52637E-05,0.265648624,3014.66,,,Mint
0x01fde357a3345845ae4d6a5f35e9e054d63e9f7722f67b980bf85d4fbe260a5d,22916275,1752482303,14/07/25 08:38,0x0a7da29599a326568c88ef1ff2fb2f42262090fd,0xe5544a2a5fa9b175da60d8eec67add5582bb31b0,,0,0,0,7.45953E-05,0.232410209,3014.66,,,Mint
0xdceb0a0f13b6d333643f7063ccca2708c608a51f903a19c7991d22d0616af875,22916280,1752482363,14/07/25 08:39,0x0a7da29599a326568c88ef1ff2fb2f42262090fd,0xe5544a2a5fa9b175da60d8eec67add5582bb31b0,,0,0,0,7.96108E-05,0.248036496,3014.66,,,Mint
0xcdf3a376824d66dbba15622bfd09b0065dd2255127c080399c305ec6bf12ea2a,22916407,1752483887,14/07/25 09:04,0x0a7da29599a326568c88ef1ff2fb2f42262090fd,0xe5544a2a5fa9b175da60d8eec67add5582bb31b0,,0,0,0,9.93522E-05,0.309543088,3014.66,,,Mint
0x06e493c131625d53d62d446124767ee278bf41ad29c0060dfd7b1249b5ca1a9f,22916518,1752485243,14/07/25 09:27,0x0a7da29599a326568c88ef1ff2fb2f42262090fd,0xe5544a2a5fa9b175da60d8eec67add5582bb31b0,,0,0,0,9.7416E-05,0.303510736,3014.66,,,Mint
0xae40da38164bc66fba54f2dba22b0927d15456da5f822d9a63be07586637d4c6,22916710,1752487559,14/07/25 10:05,0x0a7da29599a326568c88ef1ff2fb2f42262090fd,0xe5544a2a5fa9b175da60d8eec67add5582bb31b0,,0,0,0,0.000364405,1.135343669,3014.66,,,Mint
0x1422f400ddc8c1277de1ede855e0c01f7bdd8f93aff80797511efd368db5b6ea,22916797,1752488603,14/07/25 10:23,0x0a7da29599a326568c88ef1ff2fb2f42262090fd,0xe5544a2a5fa9b175da60d8eec67add5582bb31b0,,0,0,0,0.0001869,0.582307449,3014.66,,,Mint
0x20d4618c64a4c851000c197fc11447052a55697ec040dea82395fec33b2755d8,22916838,1752489107,14/07/25 10:31,0x0a7da29599a326568c88ef1ff2fb2f42262090fd,0xe5544a2a5fa9b175da60d8eec67add5582bb31b0,,0,0,0,0.000165931,0.516977607,3014.66,,,Mint
0x76e0ea254b2b1497b86c1cc375f8978de1cd9d1dac7d84671792ea16decb1c6e,22916849,1752489239,14/07/25 10:33,0x0a7da29599a326568c88ef1ff2fb2f42262090fd,0xe5544a2a5fa9b175da60d8eec67add5582bb31b0,,0,0,0,0.000159448,0.496779827,3014.66,,,Mint
0x4c63f458bd6604fff91c3abd89ad9c7a281911847a9604e20f195e7236aa1aec,22916893,1752489767,14/07/25 10:42,0x0a7da29599a326568c88ef1ff2fb2f42262090fd,0xe5544a2a5fa9b175da60d8eec67add5582bb31b0,,0,0,0,0.000171463,0.534212595,3014.66,,,Mint
0x75a5a04ce37f99026e9f2553ad3ec69118c9686882125060ad978380606a164c,22917080,1752492035,14/07/25 11:20,0x0a7da29599a326568c88ef1ff2fb2f42262090fd,0xe5544a2a5fa9b175da60d8eec67add5582bb31b0,,0,0,0,0.000132776,0.413677516,3014.66,,,Mint
0x864fbb3169bc84018c3d3b7f3538a4ddcfc344d7390b93998101e6c82161bf4c,22917122,1752492551,14/07/25 11:29,0x0a7da29599a326568c88ef1ff2fb2f42262090fd,0xe5544a2a5fa9b175da60d8eec67add5582bb31b0,,0,0,0,0.000114166,0.355698353,3014.66,,,Mint
0xad93474a5b6fca740bdedd3c420a8f49adb7219c4eca1e277bfa54263e433f2d,22917138,1752492743,14/07/25 11:32,0x0a7da29599a326568c88ef1ff2fb2f42262090fd,0xe5544a2a5fa9b175da60d8eec67add5582bb31b0,,0,0,0,0.000138857,0.432624065,3014.66,,,Mint
0xb73ef34e839c1ee6f3a7147b7288628285f43e7a734efdc5ce3d9a06863b2353,22917213,1752493643,14/07/25 11:47,0x0a7da29599a326568c88ef1ff2fb2f42262090fd,0xe5544a2a5fa9b175da60d8eec67add5582bb31b0,,0,0,0,0.000120293,0.374785957,3014.66,,,Mint
0x2d37c3dd58c2911611baa8af1e65791f66f42836bb7e317fd56ad4017c36cce0,22917263,1752494243,14/07/25 11:57,0x0a7da29599a326568c88ef1ff2fb2f42262090fd,0xe5544a2a5fa9b175da60d8eec67add5582bb31b0,,0,0,0,0.000105827,0.329716587,3014.66,,,Mint
0x0b9bb235f9049d49ffa202117dbced877d40c749b1df3d744ddeb9321700b15a,22917345,1752495227,14/07/25 12:13,0x0a7da29599a326568c88ef1ff2fb2f42262090fd,0xe5544a2a5fa9b175da60d8eec67add5582bb31b0,,0,0,0,0.000176075,0.548581057,3014.66,,,Mint
0x698bd59329ee5343f6325f10e3f082ceb2d26688f4618bd680109cf0712e7bc9,22917434,1752496295,14/07/25 12:31,0x0a7da29599a326568c88ef1ff2fb2f42262090fd,0xe5544a2a5fa9b175da60d8eec67add5582bb31b0,,0,0,0,0.00018426,0.574082557,3014.66,,,Mint
0xebe6ca03e0f986e9653aec1003a1b3a6a2f39b69e7e9608bb59a6782340e7c63,22917554,1752497759,14/07/25 12:55,0x0a7da29599a326568c88ef1ff2fb2f42262090fd,0xe5544a2a5fa9b175da60d8eec67add5582bb31b0,,0,0,0,0.000134652,0.419522205,3014.66,,,Mint
0x948cc34459d131dc6b5f104108458b816bdf453646caad27946d2b70201007c6,22917597,1752498299,14/07/25 13:04,0x0a7da29599a326568c88ef1ff2fb2f42262090fd,0xe5544a2a5fa9b175da60d8eec67add5582bb31b0,,0,0,0,0.000199226,0.620710727,3014.66,,,Mint
0x4e63f38bc02e771b3693ec71d8f2e5994c711737478332006e273b22861b6251,22917715,1752499715,14/07/25 13:28,0x0a7da29599a326568c88ef1ff2fb2f42262090fd,0xe5544a2a5fa9b175da60d8eec67add5582bb31b0,,0,0,0,0.000259698,0.809119194,3014.66,,,Mint
0xd31dfdaaff9f04387dc66639300127a196aed30baa4f18430c0416b10dd91658,22917742,1752500051,14/07/25 13:34,0x0a7da29599a326568c88ef1ff2fb2f42262090fd,0xe5544a2a5fa9b175da60d8eec67add5582bb31b0,,0,0,0,0.000250684,0.781034634,3014.66,,,Mint
0x15c8fba69a51bc656d85a545421de14dcfbbbbfcbb7fc8e816b38eea3715677b,22917761,1752500279,14/07/25 13:37,0x0a7da29599a326568c88ef1ff2fb2f42262090fd,0xe5544a2a5fa9b175da60d8eec67add5582bb31b0,,0,0,0,0.000241964,0.753867791,3014.66,,,Mint
0x5a95412031a3766c3802c9207aa0c8c9ec232154605348dd3dca5613749f4509,22917911,1752502079,14/07/25 14:07,0x0a7da29599a326568c88ef1ff2fb2f42262090fd,0xe5544a2a5fa9b175da60d8eec67add5582bb31b0,,0,0,0,0.000239076,0.744868745,3014.66,,,Mint
0x1d12bad8455f49ee9fa43b41533b0fbd471969406ec3688b09dbedd96049413f,22917922,1752502211,14/07/25 14:10,0x0a7da29599a326568c88ef1ff2fb2f42262090fd,0xe5544a2a5fa9b175da60d8eec67add5582bb31b0,,0,0,0,0.000241899,0.753664367,3014.66,,,Mint
0x48185c53975881dca4cca8b53180c0b8bf226c2d6892209336527f40328dd618,22918001,1752503171,14/07/25 14:26,0x0a7da29599a326568c88ef1ff2fb2f42262090fd,0xe5544a2a5fa9b175da60d8eec67add5582bb31b0,,0,0,0,0.000322314,1.004205728,3014.66,,,Mint
0xd4ed83938383d47bbc53514a115217de6ce750809dc31fa2797fb005d3ca9bc9,22918059,1752503879,14/07/25 14:37,0x0a7da29599a326568c88ef1ff2fb2f42262090fd,0xe5544a2a5fa9b175da60d8eec67add5582bb31b0,,0,0,0,0.000340948,1.062263298,3014.66,,,Mint
0x904f1cdd87bf7b17dd98d33138b50cbf727977dabe666fce2812e1dfcaedd5a7,22918145,1752504923,14/07/25 14:55,0x0a7da29599a326568c88ef1ff2fb2f42262090fd,0xe5544a2a5fa9b175da60d8eec67add5582bb31b0,,0,0,0,0.000349154,1.087828028,3014.66,,,Mint
0x9f1dbef90762cc91fa344a9f18d3ce13da53c8dbfc6d45b592242598d037d09b,22918227,1752505907,14/07/25 15:11,0x0a7da29599a326568c88ef1ff2fb2f42262090fd,0xe5544a2a5fa9b175da60d8eec67add5582bb31b0,,0,0,0,0.000238668,0.743598228,3014.66,,,Mint
0x00214fc9a1bc213f665abaa272b38620220a49677d867a537113adfa232f7e9c,22918232,1752505979,14/07/25 15:12,0x0a7da29599a326568c88ef1ff2fb2f42262090fd,0xe5544a2a5fa9b175da60d8eec67add5582bb31b0,,0,0,0,0.000271078,0.844575347,3014.66,,,Mint
0x898021ca2347b733b6246a57e3a693c70985acbacac8bb986ec042ba415cbb47,22918242,1752506099,14/07/25 15:14,0x0a7da29599a326568c88ef1ff2fb2f42262090fd,0xe5544a2a5fa9b175da60d8eec67add5582bb31b0,,0,0,0,0.000247461,0.770994072,3014.66,,,Mint
0x1519b601aa1c3e84ffe0af9cc74f6b52c56529f299308b027bba5372985d26f6,22918306,1752506879,14/07/25 15:27,0x0a7da29599a326568c88ef1ff2fb2f42262090fd,0xe5544a2a5fa9b175da60d8eec67add5582bb31b0,,0,0,0,0.000245239,0.764069523,3014.66,,,Mint
0x416f1c1fadcf3e2f54c6e3b601f8b62e38696a883c063d2b4e7141cf94bc10cd,22918345,1752507347,14/07/25 15:35,0x0a7da29599a326568c88ef1ff2fb2f42262090fd,0xe5544a2a5fa9b175da60d8eec67add5582bb31b0,,0,0,0,0.00022497,0.700919836,3014.66,,,Mint
0x8c1be91dd9878c36da9b8e6df24bda591b9eb678b91b50912a2dbe5628b14752,22918394,1752507935,14/07/25 15:45,0x0a7da29599a326568c88ef1ff2fb2f42262090fd,0xe5544a2a5fa9b175da60d8eec67add5582bb31b0,,0,0,0,0.000207945,0.647877785,3014.66,,,Mint
0x612b7ed2a42021b57f3ae7942ae75c3b83a9deebdbff671c378a3f95ae6ecf17,22918457,1752508691,14/07/25 15:58,0x0a7da29599a326568c88ef1ff2fb2f42262090fd,0xe5544a2a5fa9b175da60d8eec67add5582bb31b0,,0,0,0,0.000354055,1.103097588,3014.66,,,Mint
0xf7b9b90721191c38cbb53406b8546b58b54d3e4f6f5868284383c93abf9f7097,22918480,1752508979,14/07/25 16:02,0x0a7da29599a326568c88ef1ff2fb2f42262090fd,0xe5544a2a5fa9b175da60d8eec67add5582bb31b0,,0,0,0,0.000375696,1.170523132,3014.66,,,Mint
0x9c562d0b997aaaa194091e667cd38c35dbb478bdd65af0b18ca739c0ce645d6d,22918528,1752509555,14/07/25 16:12,0x0a7da29599a326568c88ef1ff2fb2f42262090fd,0xe5544a2a5fa9b175da60d8eec67add5582bb31b0,,0,0,0,0.000286562,0.892816329,3014.66,,,Mint
0xf0062e01857218ecac2f0b82c6e192eb5608fd9988cf15c72c59719d155a8418,22918594,1752510347,14/07/25 16:25,0x0a7da29599a326568c88ef1ff2fb2f42262090fd,0xe5544a2a5fa9b175da60d8eec67add5582bb31b0,,0,0,0,0.000276996,0.863012387,3014.66,,,Mint
0xa730028f4b259d03bc3e9c3e041736171bcf48334710d7a634720a3c554c5ab1,22918606,1752510491,14/07/25 16:28,0x0a7da29599a326568c88ef1ff2fb2f42262090fd,0xe5544a2a5fa9b175da60d8eec67add5582bb31b0,,0,0,0,0.000254999,0.7944786,3014.66,,,Mint
0xd8fad71a5cd1bb3b9dd935fcc1c695048aad03f7d8f053b4729492651f1e1c83,22918731,1752512015,14/07/25 16:53,0x0a7da29599a326568c88ef1ff2fb2f42262090fd,0xe5544a2a5fa9b175da60d8eec67add5582bb31b0,,0,0,0,0.00024227,0.754818376,3014.66,,,Mint
0x581bcb442235bac777d305fe41d7a3645545af119d50ebd8711be152156078cb,22918764,1752512411,14/07/25 17:00,0x0a7da29599a326568c88ef1ff2fb2f42262090fd,0xe5544a2a5fa9b175da60d8eec67add5582bb31b0,,0,0,0,0.000203046,0.632614296,3014.66,,,Mint
0x35f666e610d1409192af72d553fe0369e3943c58a452d8e918f19fd6c572b7c3,22918797,1752512819,14/07/25 17:06,0x0a7da29599a326568c88ef1ff2fb2f42262090fd,0xe5544a2a5fa9b175da60d8eec67add5582bb31b0,,0,0,0,0.000266835,0.831354534,3014.66,,,Mint
0xd931e1a049048ae16cd72ef6968cece7a7ef12864e69348bfc86b81272c8847d,22918887,1752513899,14/07/25 17:24,0x0a7da29599a326568c88ef1ff2fb2f42262090fd,0xe5544a2a5fa9b175da60d8eec67add5582bb31b0,,0,0,0,0.000158195,0.49287588,3014.66,,,Mint
0xd1bdcd4f3d36397068ddb534c66ba19a7a78b7e0399e13397a60bf39866903f1,22918933,1752514451,14/07/25 17:34,0x0a7da29599a326568c88ef1ff2fb2f42262090fd,0xe5544a2a5fa9b175da60d8eec67add5582bb31b0,,0,0,0,0.000151558,0.472195459,3014.66,,,Mint
0x03f8cc0b7678af048bde0d512a743d7ab41fb2a7da88e49f07f4970396cd1025,22920274,1752530579,14/07/25 22:02,0x0a7da29599a326568c88ef1ff2fb2f42262090fd,0xe5544a2a5fa9b175da60d8eec67add5582bb31b0,,0,0,0,9.31677E-05,0.29027456,3014.66,,,Mint
0xfcd2f4cb94d1215e9aa29ff6b50d5742bfcd4d50bfeff91a2896fdfefad9a4a5,22920343,1752531407,14/07/25 22:16,0x0a7da29599a326568c88ef1ff2fb2f42262090fd,0xe5544a2a5fa9b175da60d8eec67add5582bb31b0,,0,0,0,0.000119181,0.371320758,3014.66,,,Mint
0x87e994e4487ec119abfcdcdb66e56aaef762f0bfbece8d8e1740194a37573b98,22920390,1752531971,14/07/25 22:26,0x0a7da29599a326568c88ef1ff2fb2f42262090fd,0xe5544a2a5fa9b175da60d8eec67add5582bb31b0,,0,0,0,8.67215E-05,0.270190699,3014.66,,,Mint
0x44c581fa6723d430fc773563a16c4b16ff4cb1b278995ab49b9efc52f925c688,22920397,1752532055,14/07/25 22:27,0x0a7da29599a326568c88ef1ff2fb2f42262090fd,0xe5544a2a5fa9b175da60d8eec67add5582bb31b0,,0,0,0,8.41348E-05,0.262131423,3014.66,,,Mint
0x2ea6e25701fce5a9feb7f48f65900a7e831539d767d9078f70521e17673ccb39,22920526,1752533615,14/07/25 22:53,0x0a7da29599a326568c88ef1ff2fb2f42262090fd,0xe5544a2a5fa9b175da60d8eec67add5582bb31b0,,0,0,0,5.35315E-05,0.166783364,3014.66,,,Mint
0xb4a3112cadcd6e6d3880f52822e806835fab660027bef4f5b5f2f166f445cc79,22920666,1752535295,14/07/25 23:21,0x0a7da29599a326568c88ef1ff2fb2f42262090fd,0xe5544a2a5fa9b175da60d8eec67add5582bb31b0,,0,0,0,7.51512E-05,0.234142226,3014.66,,,Mint
0xfd9edc92ab716d6f7e8844af66787f4651941a2a53f08ac6684581ced770a34a,22920885,1752537923,15/07/25 00:05,0x0a7da29599a326568c88ef1ff2fb2f42262090fd,0xe5544a2a5fa9b175da60d8eec67add5582bb31b0,,0,0,0,3.45258E-05,0.107568963,3139.33,,,Mint
0xca88e257f7d4455d771de183418f05be27050349bb8811a79e027b3977a37938,22921005,1752539363,15/07/25 00:29,0x0a7da29599a326568c88ef1ff2fb2f42262090fd,0xe5544a2a5fa9b175da60d8eec67add5582bb31b0,,0,0,0,3.26893E-05,0.101847245,3139.33,,,Mint
0xec2db9c2312e9162350843139bfa5db6e9f9f57d6e41d14cd1e94078fbbd31ed,22921067,1752540107,15/07/25 00:41,0x0a7da29599a326568c88ef1ff2fb2f42262090fd,0xe5544a2a5fa9b175da60d8eec67add5582bb31b0,,0,0,0,2.74705E-05,0.085587451,3139.33,,,Mint
0x949d761068fd26b7b0a93c169e65825804f1fb25ba53032c3fcdfb43a5e665ec,22921112,1752540647,15/07/25 00:50,0x0a7da29599a326568c88ef1ff2fb2f42262090fd,0xe5544a2a5fa9b175da60d8eec67add5582bb31b0,,0,0,0,3.21782E-05,0.100254728,3139.33,,,Mint
0x0199d462e6719fdf50dc5c05714b61c0b63f47413f57e64d74caa05951b19eca,22921202,1752541727,15/07/25 01:08,0x0a7da29599a326568c88ef1ff2fb2f42262090fd,0xe5544a2a5fa9b175da60d8eec67add5582bb31b0,,0,0,0,3.16143E-05,0.098498029,3139.33,,,Mint
0xb5bcf11bd278f9ee3fb989954f0e0155f441e9da5079a1380470e6c636757449,22921285,1752542759,15/07/25 01:25,0x0a7da29599a326568c88ef1ff2fb2f42262090fd,0xe5544a2a5fa9b175da60d8eec67add5582bb31b0,,0,0,0,3.50711E-05,0.109268028,3139.33,,,Mint
0xb083298f6c6ed2d254fd51754659e790cc771194e68da167d3679ecc7eb2c194,22921312,1752543083,15/07/25 01:31,0x0a7da29599a326568c88ef1ff2fb2f42262090fd,0xe5544a2a5fa9b175da60d8eec67add5582bb31b0,,0,0,0,3.4659E-05,0.107983918,3139.33,,,Mint
0x05dd30293e46ba51494376267443c01003a3ae618b62acbf536c2b4981994c11,22921752,1752548375,15/07/25 02:59,0x0a7da29599a326568c88ef1ff2fb2f42262090fd,0xe5544a2a5fa9b175da60d8eec67add5582bb31b0,,0,0,0,2.52608E-05,0.078702942,3139.33,,,Mint
0x1f98539c3261b0c75fb1f53aa52741d69239b45e098a1dbfa5a08628ed568913,22921841,1752549455,15/07/25 03:17,0x0a7da29599a326568c88ef1ff2fb2f42262090fd,0xe5544a2a5fa9b175da60d8eec67add5582bb31b0,,0,0,0,8.91391E-05,0.277722871,3139.33,,,Mint
0xcc5e786716432884e0ccb0dc21c930369473b7dd6d625b4c6f67ed35f42c0420,22922019,1752551603,15/07/25 03:53,0x0a7da29599a326568c88ef1ff2fb2f42262090fd,0xe5544a2a5fa9b175da60d8eec67add5582bb31b0,,0,0,0,2.87423E-05,0.089549824,3139.33,,,Mint
0x48d565c6877f8cae6401554ed1e3ca10a788197eaf2cee3c6789fe207efa08ad,22922038,1752551831,15/07/25 03:57,0x0a7da29599a326568c88ef1ff2fb2f42262090fd,0xe5544a2a5fa9b175da60d8eec67add5582bb31b0,,0,0,0,2.63033E-05,0.081950868,3139.33,,,Mint
0x63379ed8413b82913c0bd80629e8e589d29307d688366494ded70fd38ca9b92d,22922068,1752552191,15/07/25 04:03,0x0a7da29599a326568c88ef1ff2fb2f42262090fd,0xe5544a2a5fa9b175da60d8eec67add5582bb31b0,,0,0,0,2.16535E-05,0.067464018,3139.33,,,Mint
0x4f0b8cf573e66d014e0d1903cac9815c726a4f85eba83ca9c0fc784e184515c7,22922255,1752554447,15/07/25 04:40,0x0a7da29599a326568c88ef1ff2fb2f42262090fd,0xe5544a2a5fa9b175da60d8eec67add5582bb31b0,,0,0,0,3.01908E-05,0.094062925,3139.33,,,Mint
0x97ae84c59dd24a10cf3ed01a9ff6b29e7f8a412eee59fab38b0c311ff28cfccc,22922323,1752555275,15/07/25 04:54,0x0a7da29599a326568c88ef1ff2fb2f42262090fd,0xe5544a2a5fa9b175da60d8eec67add5582bb31b0,,0,0,0,2.44223E-05,0.076090471,3139.33,,,Mint
0xe4d7ed21c111826549cce54768e385db2e25dd351e2e221fbd43b40f9445e8bc,22922390,1752556079,15/07/25 05:07,0x0a7da29599a326568c88ef1ff2fb2f42262090fd,0xe5544a2a5fa9b175da60d8eec67add5582bb31b0,,0,0,0,2.62104E-05,0.081661511,3139.33,,,Mint
0xa46eb9af7ddd87472025cd3a0168127042fc6d0dc7580ac051ed2af95988e316,22922480,1752557159,15/07/25 05:25,0x0a7da29599a326568c88ef1ff2fb2f42262090fd,0xe5544a2a5fa9b175da60d8eec67add5582bb31b0,,0,0,0,2.77837E-05,0.086563158,3139.33,,,Mint
0xeff7142987d5fffe215380ad7440b3e861de56ed697f633fe14755ddc3e44515,22922547,1752557975,15/07/25 05:39,0x0a7da29599a326568c88ef1ff2fb2f42262090fd,0xe5544a2a5fa9b175da60d8eec67add5582bb31b0,,0,0,0,2.71997E-05,0.08474389,3139.33,,,Mint
0xf326ce9b7e44c33a758376ef87e617d41f3c564f27220861a0942a6d022a65e4,22922556,1752558083,15/07/25 05:41,0x0a7da29599a326568c88ef1ff2fb2f42262090fd,0xe5544a2a5fa9b175da60d8eec67add5582bb31b0,,0,0,0,2.76024E-05,0.085998392,3139.33,,,Mint
0x75b8811138023c12d21ce086beb6d2adf16e3b3b2b50772741be06eff693bb81,22922623,1752558887,15/07/25 05:54,0x0a7da29599a326568c88ef1ff2fb2f42262090fd,0xe5544a2a5fa9b175da60d8eec67add5582bb31b0,,0,0,0,2.73162E-05,0.085106564,3139.33,,,Mint
0xa667639cc1e56b028f83bdd5daa4c3e43c8cd4b6ae3e0504ccf69ede93492c9f,22922661,1752559343,15/07/25 06:02,0x0a7da29599a326568c88ef1ff2fb2f42262090fd,0xe5544a2a5fa9b175da60d8eec67add5582bb31b0,,0,0,0,3.90846E-05,0.121772404,3139.33,,,Mint
0x8e40aaf94180660ae7ea01a38daf5ef21150b22da260bf7b873126dbc718c6a6,22922821,1752561275,15/07/25 06:34,0x0a7da29599a326568c88ef1ff2fb2f42262090fd,0xe5544a2a5fa9b175da60d8eec67add5582bb31b0,,0,0,0,3.07941E-05,0.095942478,3139.33,,,Mint
0x4f7b0f922466ffa52bd23c108d9b522c8e2470783fc3cc5f477edbd5ce8db480,22922963,1752563003,15/07/25 07:03,0x0a7da29599a326568c88ef1ff2fb2f42262090fd,0xe5544a2a5fa9b175da60d8eec67add5582bb31b0,,0,0,0,3.13629E-05,0.097714615,3139.33,,,Mint
0x3bf80492043eb059fb644d9592037d241fac5a90d98ae0b75a83230157d8b3e8,22923159,1752565355,15/07/25 07:42,0x0a7da29599a326568c88ef1ff2fb2f42262090fd,0xe5544a2a5fa9b175da60d8eec67add5582bb31b0,,0,0,0,2.96762E-05,0.092459639,3139.33,,,Mint
0x2c97538419ce4d833ffc5372af11d4876d95c3d22bdea1eeecc24a25f9b4f71c,22923270,1752566687,15/07/25 08:04,0x0a7da29599a326568c88ef1ff2fb2f42262090fd,0xe5544a2a5fa9b175da60d8eec67add5582bb31b0,,0,0,0,4.77687E-05,0.148828818,3139.33,,,Mint
0xfa7e19dd7ad4853aea64e6f6680b32bf17f77a76b757e0ca6dfecc88ea8f2e60,22923323,1752567323,15/07/25 08:15,0x0a7da29599a326568c88ef1ff2fb2f42262090fd,0xe5544a2a5fa9b175da60d8eec67add5582bb31b0,,0,0,0,2.90118E-05,0.090389451,3139.33,,,Mint
0x7e0226c653f6bc6caab037b242d8043721ac09298a0a9bd4ec7664387bf664ea,22923705,1752571931,15/07/25 09:32,0x0a7da29599a326568c88ef1ff2fb2f42262090fd,0xe5544a2a5fa9b175da60d8eec67add5582bb31b0,,0,0,0,4.60179E-05,0.143373855,3139.33,,,Mint
0xd03897db17aeba8a29f5bfb5fdd444e83550e513057e6808eba6bc1e422ee92b,22923807,1752573155,15/07/25 09:52,0x0a7da29599a326568c88ef1ff2fb2f42262090fd,0xe5544a2a5fa9b175da60d8eec67add5582bb31b0,,0,0,0,4.2994E-05,0.133952535,3139.33,,,Mint
0x60c5483da40dadd05a5b60af2b609559db74ec830cc3037a90818738d142c555,22923934,1752574691,15/07/25 10:18,0x0a7da29599a326568c88ef1ff2fb2f42262090fd,0xe5544a2a5fa9b175da60d8eec67add5582bb31b0,,0,0,0,5.00675E-05,0.155990978,3139.33,,,Mint
0xff88a321aff3539c0ee0e157bbf1effc509ae4567e9391d8f7c381e2a18c9744,22924079,1752576443,15/07/25 10:47,0x0a7da29599a326568c88ef1ff2fb2f42262090fd,0xe5544a2a5fa9b175da60d8eec67add5582bb31b0,,0,0,0,6.09892E-05,0.1900188,3139.33,,,Mint
0xb46102a1bb024084cfb04f8b994ebb7eb44282b059b8ce057477d059f48339d3,22924294,1752579035,15/07/25 11:30,0x0a7da29599a326568c88ef1ff2fb2f42262090fd,0xe5544a2a5fa9b175da60d8eec67add5582bb31b0,,0,0,0,4.75072E-05,0.148014062,3139.33,,,Mint
0x18d642d7e36285a731c0b295f03ddb25aabfb79f3046d1fa75815e1ed3d953c3,22924462,1752581051,15/07/25 12:04,0x0a7da29599a326568c88ef1ff2fb2f42262090fd,0xe5544a2a5fa9b175da60d8eec67add5582bb31b0,,0,0,0,5.32523E-05,0.165913614,3139.33,,,Mint
0x20512e3994ad1193522a1358a80ba243877c8f1513455ec87f843431b374cb61,22924475,1752581207,15/07/25 12:06,0x0a7da29599a326568c88ef1ff2fb2f42262090fd,0xe5544a2a5fa9b175da60d8eec67add5582bb31b0,,0,0,0,4.9877E-05,0.15539759,3139.33,,,Mint
0xa3c132bf1b052ad5e192598bbb80473211005edba763dfeafc6a2002b36696db,22924652,1752583355,15/07/25 12:42,0x0a7da29599a326568c88ef1ff2fb2f42262090fd,0xe5544a2a5fa9b175da60d8eec67add5582bb31b0,,0,0,0,0.000110738,0.345016206,3139.33,,,Mint
0xd016c0f5ee2651bcae0242ff2b9686499518adcd3ef98f1f4ecbbbe55deb7f3b,22924757,1752584615,15/07/25 13:03,0x0a7da29599a326568c88ef1ff2fb2f42262090fd,0xe5544a2a5fa9b175da60d8eec67add5582bb31b0,,0,0,0,0.000107098,0.333676864,3139.33,,,Mint
0x13bbe2c9290bd0814ea79294d3c9776d59d8fc1966356385c2cd2bddd4a498fd,22924963,1752587099,15/07/25 13:44,0x0a7da29599a326568c88ef1ff2fb2f42262090fd,0xe5544a2a5fa9b175da60d8eec67add5582bb31b0,,0,0,0,0.000158337,0.493316459,3139.33,,,Mint
0xcab6f243825d327f9b6a3a0a3717b5db43852ab03581a09530e0cd03913f142b,22925106,1752588839,15/07/25 14:13,0x0a7da29599a326568c88ef1ff2fb2f42262090fd,0xe5544a2a5fa9b175da60d8eec67add5582bb31b0,,0,0,0,0.000134963,0.420493759,3139.33,,,Mint
0x275a6521c229853ce802dbc40df0081c37ef2a6a6026d3c20d5f74eb95a3bdb9,22925175,1752589667,15/07/25 14:27,0x0a7da29599a326568c88ef1ff2fb2f42262090fd,0xe5544a2a5fa9b175da60d8eec67add5582bb31b0,,0,0,0,0.000193215,0.601983933,3139.33,,,Mint
0xee060714637e08e020552b39f2824be490a65031c9f6a7a8b700476985410660,22925335,1752591599,15/07/25 14:59,0x0a7da29599a326568c88ef1ff2fb2f42262090fd,0xe5544a2a5fa9b175da60d8eec67add5582bb31b0,,0,0,0,0.000532023,1.657578048,3139.33,,,Mint
0xa85da6b7c61212ce9f6a55aff4b3a206a6e934b19b7cb5accef1d85c0eb7d76a,22925395,1752592319,15/07/25 15:11,0x0a7da29599a326568c88ef1ff2fb2f42262090fd,0xe5544a2a5fa9b175da60d8eec67add5582bb31b0,,0,0,0,0.000297005,0.925352739,3139.33,,,Mint
0x452fdf9670bc26e6658daa0f29fbd6b37fdecfa9ec49b74f649cce47c1f2ba6c,22925655,1752595451,15/07/25 16:04,0x0a7da29599a326568c88ef1ff2fb2f42262090fd,0xe5544a2a5fa9b175da60d8eec67add5582bb31b0,,0,0,0,0.000183112,0.570506694,3139.33,,,Mint
0x8bc0c35a00ae7b8c4198fc381e63db5f8952b30e5658ddfd78490f90ff40ff1f,22925687,1752595835,15/07/25 16:10,0x0a7da29599a326568c88ef1ff2fb2f42262090fd,0xe5544a2a5fa9b175da60d8eec67add5582bb31b0,,0,0,0,0.000212514,0.662111031,3139.33,,,Mint
0x8bce0d19ecb59456e01122c1ac96647e13c51f8bb1877e9e6c41c9fbb3dbd2c3,22925807,1752597287,15/07/25 16:34,0x0a7da29599a326568c88ef1ff2fb2f42262090fd,0xe5544a2a5fa9b175da60d8eec67add5582bb31b0,,0,0,0,0.000187802,0.58511932,3139.33,,,Mint
0xb62b9c8646f5b1154d24d3b9906b6994c99b37f97a4b8fc0a5c2b67c096fb26b,22926459,1752605135,15/07/25 18:45,0x0a7da29599a326568c88ef1ff2fb2f42262090fd,0xe5544a2a5fa9b175da60d8eec67add5582bb31b0,,0,0,0,0.000290373,0.904689321,3139.33,,,Mint
0xb14e9fa735c467ab683b12af5c9c71758ce016725e9a344d51491a0bd724963a,22926605,1752606887,15/07/25 19:14,0x0a7da29599a326568c88ef1ff2fb2f42262090fd,0xe5544a2a5fa9b175da60d8eec67add5582bb31b0,,0,0,0,0.000232865,0.725517962,3139.33,,,Mint
0xc54025367167296b64a0f5e9da12b8b733ac44064e7c2e965f33dba59918ff9a,22926865,1752610007,15/07/25 20:06,0x0a7da29599a326568c88ef1ff2fb2f42262090fd,0xe5544a2a5fa9b175da60d8eec67add5582bb31b0,,0,0,0,0.000129645,0.403922966,3139.33,,,Mint
0x7185681507b0b53abdc57963a71e0ea717f8afe84710d1248b71ec3f08ad9836,22926903,1752610463,15/07/25 20:14,0x0a7da29599a326568c88ef1ff2fb2f42262090fd,0xe5544a2a5fa9b175da60d8eec67add5582bb31b0,,0,0,0,9.60527E-05,0.299263071,3139.33,,,Mint
0x291920a3874a6cd80e0db9caf9c904b9db9cb294888221d352d8d18a90ba443b,22927115,1752613031,15/07/25 20:57,0x0a7da29599a326568c88ef1ff2fb2f42262090fd,0xe5544a2a5fa9b175da60d8eec67add5582bb31b0,,0,0,0,5.71935E-05,0.178192877,3139.33,,,Mint
0x286b29a202b17cae007c3f6d003ea7b74e6f159e37c4f9b798736b100cbfa48a,22927134,1752613259,15/07/25 21:00,0x0a7da29599a326568c88ef1ff2fb2f42262090fd,0xe5544a2a5fa9b175da60d8eec67add5582bb31b0,,0,0,0,5.85404E-05,0.182389151,3139.33,,,Mint
0x03a9a8211ea20f524aeae4debf85d6187f2b1f1085671c4e7c3af44b9f8fac3d,22927164,1752613631,15/07/25 21:07,0x0a7da29599a326568c88ef1ff2fb2f42262090fd,0xe5544a2a5fa9b175da60d8eec67add5582bb31b0,,0,0,0,7.8228E-05,0.243728098,3139.33,,,Mint
0x1dc8c1a6b543c657f3e9106f5ca83889df8c96c25b2296e049e16cc694b0a84c,22927182,1752613847,15/07/25 21:10,0x0a7da29599a326568c88ef1ff2fb2f42262090fd,0xe5544a2a5fa9b175da60d8eec67add5582bb31b0,,0,0,0,7.08128E-05,0.220625392,3139.33,,,Mint
0x0a7deb0b51ea4ab24341f19d21d4db20f01fc1e29e9596cf94ffff911c40d2bf,22927509,1752617783,15/07/25 22:16,0x0a7da29599a326568c88ef1ff2fb2f42262090fd,0xe5544a2a5fa9b175da60d8eec67add5582bb31b0,,0,0,0,5.18238E-05,0.161462936,3139.33,,,Mint
0x53203886047c08bde76db6a93ec11426e89623334aa74ff34a610b6d6c551037,22927539,1752618143,15/07/25 22:22,0x0a7da29599a326568c88ef1ff2fb2f42262090fd,0xe5544a2a5fa9b175da60d8eec67add5582bb31b0,,0,0,0,4.51111E-05,0.140548811,3139.33,,,Mint
0xa003a87384ec5b43f23bb93d19e010f04cfa142b7e3cc877389caab4f22726c7,22927563,1752618431,15/07/25 22:27,0x0a7da29599a326568c88ef1ff2fb2f42262090fd,0xe5544a2a5fa9b175da60d8eec67add5582bb31b0,,0,0,0,4.56078E-05,0.142096122,3139.33,,,Mint
0xaee3e51a7231d62ddcdfdccaf927f4c22f322df5a7d6049bbc161bb9970ba5a5,22927633,1752619271,15/07/25 22:41,0x0a7da29599a326568c88ef1ff2fb2f42262090fd,0xe5544a2a5fa9b175da60d8eec67add5582bb31b0,,0,0,0,4.18693E-05,0.130448565,3139.33,,,Mint
0x473e790c54f5e565e7ebdb727311d925672f8ad054099fbc089d36bb7ef3f8a2,22927772,1752620939,15/07/25 23:08,0x0a7da29599a326568c88ef1ff2fb2f42262090fd,0xe5544a2a5fa9b175da60d8eec67add5582bb31b0,,0,0,0,0.000109362,0.340728421,3139.33,,,Mint
0x9467390d3ec0ef9ca34b146784fae40bd25cec2e7d3552c5f3229838845c8fd6,22927837,1752621719,15/07/25 23:21,0x0a7da29599a326568c88ef1ff2fb2f42262090fd,0xe5544a2a5fa9b175da60d8eec67add5582bb31b0,,0,0,0,8.93979E-05,0.278529188,3139.33,,,Mint
0x218f0908d201d35eb85ab1469c9d8897bd2005b4de1075ea4bfb1616351ec770,22928243,1752626603,16/07/25 00:43,0x0a7da29599a326568c88ef1ff2fb2f42262090fd,0xe5544a2a5fa9b175da60d8eec67add5582bb31b0,,0,0,0,4.79886E-05,0.149514008,,,,Mint
0x5b7e9bd6f3635153c95e8f2ca3fe4e310aee71f9d638f597876d969b25bc592e,22928428,1752628847,16/07/25 01:20,0x0a7da29599a326568c88ef1ff2fb2f42262090fd,0xe5544a2a5fa9b175da60d8eec67add5582bb31b0,,0,0,0,6.18935E-05,0.192836367,,,,Mint
